datetime,temperature_c,humidity_pct,wind_speed_kmh,month,day_of_week,hour,is_weekend,is_holiday,energy_consumption_kwh
2022-01-01 00:00:00,1.3,80.3,18.6,1,5,0,1,1,208.77
2022-01-01 01:00:00,0.2,85.7,4.8,1,5,1,1,1,213.78
2022-01-01 02:00:00,2.3,72.0,5.4,1,5,2,1,1,157.44
2022-01-01 03:00:00,4.8,91.1,5.1,1,5,3,1,1,157.64
2022-01-01 04:00:00,2.4,62.4,3.8,1,5,4,1,1,171.35
2022-01-01 05:00:00,3.6,89.9,6.6,1,5,5,1,1,190.24
2022-01-01 06:00:00,8.5,75.4,6.5,1,5,6,1,1,129.04
2022-01-01 07:00:00,8.2,83.9,6.2,1,5,7,1,1,174.32
2022-01-01 08:00:00,6.9,79.5,21.8,1,5,8,1,1,181.8
2022-01-01 09:00:00,10.0,77.8,5.3,1,5,9,1,1,142.6
2022-01-01 10:00:00,8.7,80.1,2.2,1,5,10,1,1,173.55
2022-01-01 11:00:00,9.2,81.9,3.6,1,5,11,1,1,169.24
2022-01-01 12:00:00,10.8,72.0,12.2,1,5,12,1,1,160.04
2022-01-01 13:00:00,6.3,,9.1,1,5,13,1,1,161.83
2022-01-01 14:00:00,6.2,68.2,26.2,1,5,14,1,1,157.27
2022-01-01 15:00:00,7.7,76.1,11.5,1,5,15,1,1,167.46
2022-01-01 16:00:00,5.8,83.8,3.7,1,5,16,1,1,178.34
2022-01-01 17:00:00,7.3,84.3,3.0,1,5,17,1,1,143.33
2022-01-01 18:00:00,3.5,81.9,7.9,1,5,18,1,1,202.9
2022-01-01 19:00:00,1.2,76.2,10.8,1,5,19,1,1,254.38
2022-01-01 20:00:00,5.8,84.3,3.4,1,5,20,1,1,221.16
2022-01-01 21:00:00,1.3,74.0,9.4,1,5,21,1,1,205.72
2022-01-01 22:00:00,1.1,93.4,18.0,1,5,22,1,1,235.11
2022-01-01 23:00:00,-2.3,80.5,12.4,1,5,23,1,1,273.32
2022-01-02 00:00:00,-0.7,68.0,10.7,1,6,0,1,0,255.46
2022-01-02 01:00:00,0.8,70.1,14.5,1,6,1,1,0,234.02
2022-01-02 02:00:00,-1.2,81.0,2.9,1,6,2,1,0,281.21
2022-01-02 03:00:00,2.6,79.8,3.8,1,6,3,1,0,205.49
2022-01-02 04:00:00,1.7,94.9,2.3,1,6,4,1,0,227.73
2022-01-02 05:00:00,3.5,69.9,3.3,1,6,5,1,0,189.91
2022-01-02 06:00:00,4.2,78.2,21.6,1,6,6,1,0,190.08
2022-01-02 07:00:00,10.4,66.3,4.0,1,6,7,1,0,163.66
2022-01-02 08:00:00,7.9,72.1,10.7,1,6,8,1,0,206.34
2022-01-02 09:00:00,6.8,90.1,11.4,1,6,9,1,0,204.05
2022-01-02 10:00:00,11.4,65.2,10.3,1,6,10,1,0,201.18
2022-01-02 11:00:00,7.8,80.8,8.5,1,6,11,1,0,190.66
2022-01-02 12:00:00,10.8,77.7,7.3,1,6,12,1,0,188.79
2022-01-02 13:00:00,6.3,76.7,6.4,1,6,13,1,0,209.56
2022-01-02 14:00:00,7.1,80.6,21.9,1,6,14,1,0,187.39
2022-01-02 15:00:00,9.3,66.1,2.1,1,6,15,1,0,186.84
2022-01-02 16:00:00,9.4,88.6,2.4,1,6,16,1,0,169.87
2022-01-02 17:00:00,7.0,91.9,7.4,1,6,17,1,0,195.97
2022-01-02 18:00:00,5.2,77.8,5.2,1,6,18,1,0,211.48
2022-01-02 19:00:00,,97.6,6.2,1,6,19,1,0,257.26
2022-01-02 20:00:00,-0.1,76.8,50.0,1,6,20,1,0,268.01
2022-01-02 21:00:00,0.4,83.0,13.9,1,6,21,1,0,292.57
2022-01-02 22:00:00,0.1,91.4,18.8,1,6,22,1,0,277.58
2022-01-02 23:00:00,2.7,75.0,5.7,1,6,23,1,0,246.37
2022-01-03 00:00:00,1.1,68.4,4.2,1,0,0,0,0,252.79
2022-01-03 01:00:00,-2.9,68.6,13.7,1,0,1,0,0,297.77
2022-01-03 02:00:00,1.8,95.6,15.2,1,0,2,0,0,267.98
2022-01-03 03:00:00,1.1,75.2,8.4,1,0,3,0,0,222.0
2022-01-03 04:00:00,1.6,77.7,20.1,1,0,4,0,0,207.45
2022-01-03 05:00:00,5.4,68.4,29.4,1,0,5,0,0,208.65
2022-01-03 06:00:00,7.5,83.8,7.1,1,0,6,0,0,193.92
2022-01-03 07:00:00,8.6,69.4,4.0,1,0,7,0,0,184.98
2022-01-03 08:00:00,6.3,72.9,7.8,1,0,8,0,0,240.15
2022-01-03 09:00:00,8.4,78.2,38.5,1,0,9,0,0,196.88
2022-01-03 10:00:00,10.4,66.3,4.8,1,0,10,0,0,238.93
2022-01-03 11:00:00,12.2,72.5,9.7,1,0,11,0,0,204.57
2022-01-03 12:00:00,9.5,86.5,11.5,1,0,12,0,0,209.5
2022-01-03 13:00:00,9.9,78.5,3.9,1,0,13,0,0,190.64
2022-01-03 14:00:00,7.6,77.3,9.1,1,0,14,0,0,213.44
2022-01-03 15:00:00,6.6,78.4,5.0,1,0,15,0,0,194.58
2022-01-03 16:00:00,9.6,72.1,17.4,1,0,16,0,0,155.25
2022-01-03 17:00:00,9.5,91.2,12.0,1,0,17,0,0,185.43
2022-01-03 18:00:00,5.3,70.9,16.0,1,0,18,0,0,259.26
2022-01-03 19:00:00,6.2,78.6,3.8,1,0,19,0,0,240.84
2022-01-03 20:00:00,3.7,79.1,2.3,1,0,20,0,0,260.04
2022-01-03 21:00:00,,87.8,17.2,1,0,21,0,0,300.93
2022-01-03 22:00:00,1.8,87.9,5.9,1,0,22,0,0,317.64
2022-01-03 23:00:00,3.7,77.9,3.6,1,0,23,0,0,269.7
2022-01-04 00:00:00,0.4,82.1,2.8,1,1,0,0,0,255.93
2022-01-04 01:00:00,3.8,80.7,7.8,1,1,1,0,0,213.59
2022-01-04 02:00:00,-4.1,63.9,3.3,1,1,2,0,0,292.65
2022-01-04 03:00:00,3.6,65.5,8.7,1,1,3,0,0,201.15
2022-01-04 04:00:00,3.2,73.6,12.4,1,1,4,0,0,230.19
2022-01-04 05:00:00,3.6,73.7,8.1,1,1,5,0,0,221.63
2022-01-04 06:00:00,5.7,67.6,20.7,1,1,6,0,0,192.22
2022-01-04 07:00:00,2.8,84.6,3.4,1,1,7,0,0,237.53
2022-01-04 08:00:00,7.6,76.2,7.4,1,1,8,0,0,258.0
2022-01-04 09:00:00,9.8,73.4,3.4,1,1,9,0,0,230.07
2022-01-04 10:00:00,12.8,63.6,18.7,1,1,10,0,0,182.99
2022-01-04 11:00:00,9.3,75.0,23.5,1,1,11,0,0,230.66
2022-01-04 12:00:00,8.9,54.5,6.1,1,1,12,0,0,192.16
2022-01-04 13:00:00,9.3,74.0,4.9,1,1,13,0,0,202.59
2022-01-04 14:00:00,11.7,74.7,4.6,1,1,14,0,0,182.55
2022-01-04 15:00:00,9.7,77.1,17.7,1,1,15,0,0,192.86
2022-01-04 16:00:00,7.0,64.0,11.2,1,1,16,0,0,196.82
2022-01-04 17:00:00,7.8,77.9,19.0,1,1,17,0,0,214.01
2022-01-04 18:00:00,5.7,68.8,3.0,1,1,18,0,0,218.55
2022-01-04 19:00:00,6.2,70.4,7.2,1,1,19,0,0,244.94
2022-01-04 20:00:00,1.6,84.9,11.0,1,1,20,0,0,318.94
2022-01-04 21:00:00,1.3,95.5,20.2,1,1,21,0,0,311.1
2022-01-04 22:00:00,0.4,80.2,5.9,1,1,22,0,0,286.6
2022-01-04 23:00:00,-2.2,74.6,5.0,1,1,23,0,0,291.9
2022-01-05 00:00:00,1.2,80.9,21.5,1,2,0,0,0,217.69
2022-01-05 01:00:00,1.3,86.9,2.4,1,2,1,0,0,264.38
2022-01-05 02:00:00,1.3,84.3,7.2,1,2,2,0,0,250.73
2022-01-05 03:00:00,1.6,100.0,6.9,1,2,3,0,0,251.66
2022-01-05 04:00:00,0.3,74.2,3.3,1,2,4,0,0,281.9
2022-01-05 05:00:00,3.4,80.3,6.0,1,2,5,0,0,233.61
2022-01-05 06:00:00,4.9,89.9,12.3,1,2,6,0,0,229.96
2022-01-05 07:00:00,5.3,89.3,5.7,1,2,7,0,0,214.97
2022-01-05 08:00:00,7.8,60.5,5.0,1,2,8,0,0,243.04
2022-01-05 09:00:00,9.9,75.0,14.2,1,2,9,0,0,210.65
2022-01-05 10:00:00,13.7,85.0,37.9,1,2,10,0,0,176.56
2022-01-05 11:00:00,10.8,97.7,14.1,1,2,11,0,0,218.44
2022-01-05 12:00:00,11.1,80.1,17.0,1,2,12,0,0,228.46
2022-01-05 13:00:00,10.3,71.9,24.4,1,2,13,0,0,220.65
2022-01-05 14:00:00,6.1,68.9,14.9,1,2,14,0,0,201.54
2022-01-05 15:00:00,9.1,93.2,33.4,1,2,15,0,0,208.78
2022-01-05 16:00:00,8.2,81.7,13.0,1,2,16,0,0,211.38
2022-01-05 17:00:00,11.8,67.3,10.7,1,2,17,0,0,203.72
2022-01-05 18:00:00,5.2,75.8,11.5,1,2,18,0,0,251.0
2022-01-05 19:00:00,4.9,80.0,20.4,1,2,19,0,0,266.49
2022-01-05 20:00:00,3.0,82.8,11.2,1,2,20,0,0,304.2
2022-01-05 21:00:00,-0.3,72.9,13.5,1,2,21,0,0,283.43
2022-01-05 22:00:00,3.5,73.3,3.9,1,2,22,0,0,269.89
2022-01-05 23:00:00,2.3,65.6,21.5,1,2,23,0,0,236.83
2022-01-06 00:00:00,2.2,87.2,6.7,1,3,0,0,0,241.97
2022-01-06 01:00:00,-1.0,77.8,3.4,1,3,1,0,0,276.67
2022-01-06 02:00:00,4.1,81.7,14.9,1,3,2,0,0,199.13
2022-01-06 03:00:00,-0.7,91.7,5.5,1,3,3,0,0,259.72
2022-01-06 04:00:00,4.3,79.6,3.6,1,3,4,0,0,196.79
2022-01-06 05:00:00,8.7,74.7,4.4,1,3,5,0,0,179.46
2022-01-06 06:00:00,3.7,79.7,2.3,1,3,6,0,0,246.96
2022-01-06 07:00:00,5.8,77.6,2.8,1,3,7,0,0,242.38
2022-01-06 08:00:00,8.4,85.8,9.2,1,3,8,0,0,208.46
2022-01-06 09:00:00,8.2,78.4,18.1,1,3,9,0,0,243.35
2022-01-06 10:00:00,6.9,72.2,6.8,1,3,10,0,0,249.01
2022-01-06 11:00:00,10.6,83.1,9.9,1,3,11,0,0,235.32
2022-01-06 12:00:00,8.5,85.6,15.3,1,3,12,0,0,190.03
2022-01-06 13:00:00,11.4,63.6,5.5,1,3,13,0,0,193.72
2022-01-06 14:00:00,8.1,88.2,10.5,1,3,14,0,0,217.85
2022-01-06 15:00:00,12.3,76.8,5.5,1,3,15,0,0,156.17
2022-01-06 16:00:00,6.6,79.0,10.2,1,3,16,0,0,254.9
2022-01-06 17:00:00,6.3,84.9,4.0,1,3,17,0,0,223.56
2022-01-06 18:00:00,7.3,71.8,32.5,1,3,18,0,0,226.88
2022-01-06 19:00:00,1.9,86.7,2.6,1,3,19,0,0,309.89
2022-01-06 20:00:00,3.6,75.2,7.6,1,3,20,0,0,279.79
2022-01-06 21:00:00,4.7,65.8,4.7,1,3,21,0,0,283.01
2022-01-06 22:00:00,-1.9,73.0,9.3,1,3,22,0,0,349.07
2022-01-06 23:00:00,1.2,83.9,6.5,1,3,23,0,0,261.49
2022-01-07 00:00:00,1.3,71.8,4.9,1,4,0,0,0,256.93
2022-01-07 01:00:00,2.5,91.6,4.3,1,4,1,0,0,257.32
2022-01-07 02:00:00,-1.1,90.0,3.6,1,4,2,0,0,251.13
2022-01-07 03:00:00,-0.4,90.9,14.2,1,4,3,0,0,277.1
2022-01-07 04:00:00,4.3,78.9,4.0,1,4,4,0,0,243.45
2022-01-07 05:00:00,5.0,79.5,13.9,1,4,5,0,0,232.33
2022-01-07 06:00:00,6.2,67.3,7.3,1,4,6,0,0,217.82
2022-01-07 07:00:00,7.7,84.1,2.6,1,4,7,0,0,240.03
2022-01-07 08:00:00,6.9,79.6,3.4,1,4,8,0,0,237.03
2022-01-07 09:00:00,9.7,79.7,19.9,1,4,9,0,0,193.04
2022-01-07 10:00:00,10.7,88.2,9.4,1,4,10,0,0,211.09
2022-01-07 11:00:00,9.1,70.6,3.6,1,4,11,0,0,218.37
2022-01-07 12:00:00,14.5,71.8,11.7,1,4,12,0,0,182.1
2022-01-07 13:00:00,11.5,76.9,15.9,1,4,13,0,0,186.04
2022-01-07 14:00:00,7.7,68.7,5.2,1,4,14,0,0,203.68
2022-01-07 15:00:00,10.6,73.2,8.5,1,4,15,0,0,191.66
2022-01-07 16:00:00,6.3,80.8,4.8,1,4,16,0,0,246.9
2022-01-07 17:00:00,8.6,73.1,2.7,1,4,17,0,0,216.73
2022-01-07 18:00:00,8.1,86.4,6.1,1,4,18,0,0,240.24
2022-01-07 19:00:00,2.8,66.5,13.1,1,4,19,0,0,242.95
2022-01-07 20:00:00,,86.4,6.9,1,4,20,0,0,270.24
2022-01-07 21:00:00,3.0,83.8,6.2,1,4,21,0,0,298.68
2022-01-07 22:00:00,3.0,73.9,5.6,1,4,22,0,0,287.11
2022-01-07 23:00:00,4.7,70.3,6.9,1,4,23,0,0,257.62
2022-01-08 00:00:00,0.3,63.2,5.1,1,5,0,1,0,241.93
2022-01-08 01:00:00,-0.5,73.9,9.6,1,5,1,1,0,248.26
2022-01-08 02:00:00,-0.3,88.5,2.5,1,5,2,1,0,231.81
2022-01-08 03:00:00,0.6,79.2,15.2,1,5,3,1,0,232.89
2022-01-08 04:00:00,3.2,87.7,3.5,1,5,4,1,0,195.95
2022-01-08 05:00:00,5.2,,10.0,1,5,5,1,0,196.64
2022-01-08 06:00:00,6.4,82.5,6.8,1,5,6,1,0,190.62
2022-01-08 07:00:00,8.8,69.9,13.9,1,5,7,1,0,175.07
2022-01-08 08:00:00,8.3,68.1,16.0,1,5,8,1,0,201.4
2022-01-08 09:00:00,12.3,73.0,3.8,1,5,9,1,0,188.38
2022-01-08 10:00:00,9.6,69.9,11.0,1,5,10,1,0,197.97
2022-01-08 11:00:00,16.1,59.6,3.7,1,5,11,1,0,153.79
2022-01-08 12:00:00,12.1,72.5,3.1,1,5,12,1,0,197.13
2022-01-08 13:00:00,8.9,76.4,23.3,1,5,13,1,0,178.78
2022-01-08 14:00:00,8.0,86.1,3.4,1,5,14,1,0,198.81
2022-01-08 15:00:00,10.3,82.3,4.1,1,5,15,1,0,171.08
2022-01-08 16:00:00,7.9,85.8,3.1,1,5,16,1,0,179.45
2022-01-08 17:00:00,8.5,81.5,7.1,1,5,17,1,0,194.59
2022-01-08 18:00:00,6.8,79.3,22.2,1,5,18,1,0,196.08
2022-01-08 19:00:00,4.4,68.0,4.5,1,5,19,1,0,247.68
2022-01-08 20:00:00,,80.4,8.2,1,5,20,1,0,224.83
2022-01-08 21:00:00,-0.7,85.1,6.2,1,5,21,1,0,291.09
2022-01-08 22:00:00,0.6,91.4,5.3,1,5,22,1,0,273.38
2022-01-08 23:00:00,2.7,84.1,8.8,1,5,23,1,0,222.65
2022-01-09 00:00:00,1.3,89.3,8.5,1,6,0,1,0,238.28
2022-01-09 01:00:00,-1.4,72.5,5.6,1,6,1,1,0,247.6
2022-01-09 02:00:00,1.9,76.4,17.2,1,6,2,1,0,207.41
2022-01-09 03:00:00,3.1,81.9,2.4,1,6,3,1,0,194.08
2022-01-09 04:00:00,1.6,88.5,2.7,1,6,4,1,0,236.14
2022-01-09 05:00:00,4.9,76.4,39.5,1,6,5,1,0,183.52
2022-01-09 06:00:00,6.0,76.3,13.0,1,6,6,1,0,192.28
2022-01-09 07:00:00,4.9,83.0,15.0,1,6,7,1,0,208.37
2022-01-09 08:00:00,9.1,66.4,9.4,1,6,8,1,0,222.0
2022-01-09 09:00:00,10.6,87.6,6.4,1,6,9,1,0,189.71
2022-01-09 10:00:00,12.4,66.8,9.9,1,6,10,1,0,167.61
2022-01-09 11:00:00,12.8,58.2,2.8,1,6,11,1,0,155.93
2022-01-09 12:00:00,8.1,76.0,13.3,1,6,12,1,0,205.9
2022-01-09 13:00:00,8.9,89.2,8.2,1,6,13,1,0,210.12
2022-01-09 14:00:00,11.3,79.1,27.1,1,6,14,1,0,140.76
2022-01-09 15:00:00,10.5,80.8,10.1,1,6,15,1,0,161.24
2022-01-09 16:00:00,9.4,75.6,3.3,1,6,16,1,0,170.87
2022-01-09 17:00:00,14.9,71.3,7.2,1,6,17,1,0,151.59
2022-01-09 18:00:00,7.0,64.1,2.5,1,6,18,1,0,181.67
2022-01-09 19:00:00,6.9,58.5,12.9,1,6,19,1,0,225.63
2022-01-09 20:00:00,5.3,78.9,7.6,1,6,20,1,0,257.38
2022-01-09 21:00:00,3.7,88.7,5.7,1,6,21,1,0,224.49
2022-01-09 22:00:00,0.9,82.3,29.7,1,6,22,1,0,281.34
2022-01-09 23:00:00,2.6,83.7,24.6,1,6,23,1,0,254.25
2022-01-10 00:00:00,-0.6,92.9,26.4,1,0,0,0,0,224.29
2022-01-10 01:00:00,0.7,82.3,4.0,1,0,1,0,0,226.5
2022-01-10 02:00:00,0.7,78.7,12.4,1,0,2,0,0,246.26
2022-01-10 03:00:00,2.6,72.1,25.3,1,0,3,0,0,237.71
2022-01-10 04:00:00,8.1,92.1,8.8,1,0,4,0,0,193.43
2022-01-10 05:00:00,1.0,83.7,3.9,1,0,5,0,0,258.29
2022-01-10 06:00:00,7.4,68.8,15.6,1,0,6,0,0,207.54
2022-01-10 07:00:00,4.1,68.6,19.0,1,0,7,0,0,221.46
2022-01-10 08:00:00,7.5,86.3,11.7,1,0,8,0,0,243.7
2022-01-10 09:00:00,11.7,65.8,4.8,1,0,9,0,0,203.55
2022-01-10 10:00:00,10.5,89.6,3.7,1,0,10,0,0,198.84
2022-01-10 11:00:00,8.7,53.6,9.8,1,0,11,0,0,205.15
2022-01-10 12:00:00,9.6,86.6,7.3,1,0,12,0,0,219.76
2022-01-10 13:00:00,12.2,77.8,10.8,1,0,13,0,0,182.51
2022-01-10 14:00:00,8.9,76.5,2.9,1,0,14,0,0,198.24
2022-01-10 15:00:00,10.0,73.6,3.2,1,0,15,0,0,197.86
2022-01-10 16:00:00,8.6,90.8,5.6,1,0,16,0,0,215.57
2022-01-10 17:00:00,6.0,82.7,4.4,1,0,17,0,0,216.33
2022-01-10 18:00:00,10.3,67.6,9.7,1,0,18,0,0,227.39
2022-01-10 19:00:00,6.0,63.3,5.7,1,0,19,0,0,248.75
2022-01-10 20:00:00,-0.6,81.7,11.2,1,0,20,0,0,327.41
2022-01-10 21:00:00,2.8,78.6,13.7,1,0,21,0,0,280.35
2022-01-10 22:00:00,0.3,67.7,3.7,1,0,22,0,0,288.88
2022-01-10 23:00:00,2.9,78.1,22.2,1,0,23,0,0,265.51
2022-01-11 00:00:00,-0.5,75.7,14.4,1,1,0,0,0,271.77
2022-01-11 01:00:00,1.0,79.6,9.9,1,1,1,0,0,252.85
2022-01-11 02:00:00,2.8,84.4,21.2,1,1,2,0,0,187.25
2022-01-11 03:00:00,4.3,89.8,4.5,1,1,3,0,0,230.54
2022-01-11 04:00:00,1.2,86.7,6.4,1,1,4,0,0,246.24
2022-01-11 05:00:00,4.1,72.2,2.7,1,1,5,0,0,235.69
2022-01-11 06:00:00,5.1,80.4,6.9,1,1,6,0,0,249.01
2022-01-11 07:00:00,6.1,77.5,7.6,1,1,7,0,0,237.21
2022-01-11 08:00:00,12.1,63.3,9.7,1,1,8,0,0,191.7
2022-01-11 09:00:00,10.4,78.0,2.5,1,1,9,0,0,212.54
2022-01-11 10:00:00,7.9,90.9,2.3,1,1,10,0,0,278.72
2022-01-11 11:00:00,12.8,73.9,6.4,1,1,11,0,0,209.09
2022-01-11 12:00:00,15.3,59.6,3.7,1,1,12,0,0,183.51
2022-01-11 13:00:00,13.0,73.8,13.4,1,1,13,0,0,177.85
2022-01-11 14:00:00,7.4,66.6,10.8,1,1,14,0,0,194.07
2022-01-11 15:00:00,8.7,82.6,5.2,1,1,15,0,0,175.54
2022-01-11 16:00:00,11.1,78.6,2.4,1,1,16,0,0,215.56
2022-01-11 17:00:00,6.0,75.6,3.6,1,1,17,0,0,221.53
2022-01-11 18:00:00,7.0,73.9,11.4,1,1,18,0,0,229.31
2022-01-11 19:00:00,6.3,75.1,39.0,1,1,19,0,0,233.06
2022-01-11 20:00:00,1.7,79.2,5.2,1,1,20,0,0,320.36
2022-01-11 21:00:00,2.4,72.6,15.0,1,1,21,0,0,268.83
2022-01-11 22:00:00,-4.7,71.3,18.1,1,1,22,0,0,353.99
2022-01-11 23:00:00,-0.8,89.5,2.4,1,1,23,0,0,311.19
2022-01-12 00:00:00,0.7,76.6,21.8,1,2,0,0,0,233.43
2022-01-12 01:00:00,-1.1,81.9,7.0,1,2,1,0,0,255.62
2022-01-12 02:00:00,5.1,79.7,28.6,1,2,2,0,0,187.46
2022-01-12 03:00:00,-0.2,82.7,8.2,1,2,3,0,0,262.76
2022-01-12 04:00:00,2.8,69.2,4.1,1,2,4,0,0,230.23
2022-01-12 05:00:00,5.2,64.0,31.4,1,2,5,0,0,196.86
2022-01-12 06:00:00,9.1,70.8,4.2,1,2,6,0,0,203.27
2022-01-12 07:00:00,4.6,80.9,19.1,1,2,7,0,0,219.5
2022-01-12 08:00:00,11.0,68.7,3.5,1,2,8,0,0,198.79
2022-01-12 09:00:00,9.7,72.3,11.0,1,2,9,0,0,213.31
2022-01-12 10:00:00,8.6,92.7,6.2,1,2,10,0,0,222.42
2022-01-12 11:00:00,11.9,59.3,30.6,1,2,11,0,0,223.78
2022-01-12 12:00:00,11.6,68.2,3.6,1,2,12,0,0,166.56
2022-01-12 13:00:00,9.8,90.3,6.2,1,2,13,0,0,224.54
2022-01-12 14:00:00,10.7,74.3,10.2,1,2,14,0,0,200.89
2022-01-12 15:00:00,9.0,69.9,32.4,1,2,15,0,0,197.54
2022-01-12 16:00:00,8.9,84.9,4.9,1,2,16,0,0,208.02
2022-01-12 17:00:00,8.8,76.0,6.0,1,2,17,0,0,231.38
2022-01-12 18:00:00,9.4,72.5,7.0,1,2,18,0,0,210.79
2022-01-12 19:00:00,2.4,80.3,4.3,1,2,19,0,0,294.01
2022-01-12 20:00:00,8.0,70.8,15.6,1,2,20,0,0,238.87
2022-01-12 21:00:00,-1.3,72.5,2.8,1,2,21,0,0,322.37
2022-01-12 22:00:00,1.6,78.3,11.8,1,2,22,0,0,283.24
2022-01-12 23:00:00,2.5,70.6,8.1,1,2,23,0,0,245.64
2022-01-13 00:00:00,1.9,79.2,4.2,1,3,0,0,0,241.69
2022-01-13 01:00:00,0.2,82.7,7.4,1,3,1,0,0,286.35
2022-01-13 02:00:00,1.5,86.1,16.2,1,3,2,0,0,282.95
2022-01-13 03:00:00,1.8,88.1,6.7,1,3,3,0,0,248.3
2022-01-13 04:00:00,2.6,75.4,3.0,1,3,4,0,0,245.3
2022-01-13 05:00:00,6.7,80.6,2.3,1,3,5,0,0,209.57
2022-01-13 06:00:00,7.0,80.4,14.0,1,3,6,0,0,212.74
2022-01-13 07:00:00,6.2,79.5,5.2,1,3,7,0,0,233.88
2022-01-13 08:00:00,10.6,70.9,23.4,1,3,8,0,0,209.96
2022-01-13 09:00:00,10.4,66.6,9.7,1,3,9,0,0,232.85
2022-01-13 10:00:00,12.2,77.9,6.6,1,3,10,0,0,195.56
2022-01-13 11:00:00,12.4,60.2,8.6,1,3,11,0,0,240.76
2022-01-13 12:00:00,9.6,73.0,6.9,1,3,12,0,0,212.01
2022-01-13 13:00:00,10.0,54.6,20.9,1,3,13,0,0,188.84
2022-01-13 14:00:00,12.1,63.3,6.9,1,3,14,0,0,173.28
2022-01-13 15:00:00,11.0,67.5,2.9,1,3,15,0,0,180.74
2022-01-13 16:00:00,8.7,84.4,9.3,1,3,16,0,0,214.59
2022-01-13 17:00:00,7.8,81.6,9.8,1,3,17,0,0,227.48
2022-01-13 18:00:00,8.8,71.1,13.6,1,3,18,0,0,225.57
2022-01-13 19:00:00,3.8,83.9,23.7,1,3,19,0,0,259.54
2022-01-13 20:00:00,4.9,84.7,6.7,1,3,20,0,0,229.79
2022-01-13 21:00:00,2.3,77.5,5.5,1,3,21,0,0,260.44
2022-01-13 22:00:00,1.5,68.2,7.4,1,3,22,0,0,281.04
2022-01-13 23:00:00,3.7,76.5,20.4,1,3,23,0,0,249.88
2022-01-14 00:00:00,3.0,77.7,33.3,1,4,0,0,0,218.69
2022-01-14 01:00:00,3.2,68.5,30.4,1,4,1,0,0,206.28
2022-01-14 02:00:00,4.7,80.6,4.1,1,4,2,0,0,218.98
2022-01-14 03:00:00,2.9,80.8,7.5,1,4,3,0,0,225.13
2022-01-14 04:00:00,5.3,80.9,4.4,1,4,4,0,0,202.68
2022-01-14 05:00:00,4.5,80.0,5.7,1,4,5,0,0,197.85
2022-01-14 06:00:00,7.0,82.3,2.3,1,4,6,0,0,199.4
2022-01-14 07:00:00,7.4,74.9,3.4,1,4,7,0,0,229.86
2022-01-14 08:00:00,9.1,77.1,6.0,1,4,8,0,0,199.65
2022-01-14 09:00:00,11.1,71.3,5.6,1,4,9,0,0,219.36
2022-01-14 10:00:00,9.1,70.8,4.6,1,4,10,0,0,246.36
2022-01-14 11:00:00,15.4,83.0,4.1,1,4,11,0,0,183.32
2022-01-14 12:00:00,9.4,59.0,13.1,1,4,12,0,0,197.5
2022-01-14 13:00:00,8.8,82.6,4.8,1,4,13,0,0,225.61
2022-01-14 14:00:00,13.0,68.5,11.8,1,4,14,0,0,192.71
2022-01-14 15:00:00,11.5,68.2,5.7,1,4,15,0,0,173.53
2022-01-14 16:00:00,,77.0,15.0,1,4,16,0,0,167.2
2022-01-14 17:00:00,8.9,63.6,3.5,1,4,17,0,0,226.83
2022-01-14 18:00:00,6.4,70.3,3.4,1,4,18,0,0,248.5
2022-01-14 19:00:00,3.3,71.6,11.1,1,4,19,0,0,279.59
2022-01-14 20:00:00,4.0,76.2,21.7,1,4,20,0,0,281.32
2022-01-14 21:00:00,1.5,72.8,3.2,1,4,21,0,0,277.76
2022-01-14 22:00:00,4.0,90.8,2.6,1,4,22,0,0,271.93
2022-01-14 23:00:00,1.3,93.7,23.8,1,4,23,0,0,267.34
2022-01-15 00:00:00,-0.1,63.9,3.0,1,5,0,1,0,252.82
2022-01-15 01:00:00,1.0,83.8,4.3,1,5,1,1,0,242.76
2022-01-15 02:00:00,3.0,85.4,23.2,1,5,2,1,0,211.25
2022-01-15 03:00:00,1.8,83.4,15.0,1,5,3,1,0,218.15
2022-01-15 04:00:00,2.4,73.6,5.4,1,5,4,1,0,212.25
2022-01-15 05:00:00,5.7,75.2,26.7,1,5,5,1,0,179.08
2022-01-15 06:00:00,7.0,70.5,8.7,1,5,6,1,0,186.15
2022-01-15 07:00:00,6.8,73.2,2.6,1,5,7,1,0,186.21
2022-01-15 08:00:00,8.1,66.3,11.7,1,5,8,1,0,184.35
2022-01-15 09:00:00,10.5,73.8,8.2,1,5,9,1,0,193.39
2022-01-15 10:00:00,7.9,64.0,8.8,1,5,10,1,0,213.94
2022-01-15 11:00:00,8.5,74.1,43.1,1,5,11,1,0,172.84
2022-01-15 12:00:00,10.1,65.0,3.3,1,5,12,1,0,165.48
2022-01-15 13:00:00,10.9,76.2,10.6,1,5,13,1,0,143.04
2022-01-15 14:00:00,11.5,68.8,6.9,1,5,14,1,0,140.57
2022-01-15 15:00:00,13.0,75.8,4.5,1,5,15,1,0,145.75
2022-01-15 16:00:00,10.7,83.3,11.5,1,5,16,1,0,160.11
2022-01-15 17:00:00,7.5,89.0,10.8,1,5,17,1,0,192.8
2022-01-15 18:00:00,6.5,56.5,17.5,1,5,18,1,0,184.71
2022-01-15 19:00:00,3.2,71.7,18.9,1,5,19,1,0,218.49
2022-01-15 20:00:00,4.0,75.6,8.6,1,5,20,1,0,251.56
2022-01-15 21:00:00,2.4,82.5,5.2,1,5,21,1,0,265.49
2022-01-15 22:00:00,2.8,65.4,8.0,1,5,22,1,0,251.14
2022-01-15 23:00:00,0.0,72.1,5.6,1,5,23,1,0,274.84
2022-01-16 00:00:00,2.7,79.7,4.6,1,6,0,1,0,224.53
2022-01-16 01:00:00,4.9,78.3,8.4,1,6,1,1,0,192.34
2022-01-16 02:00:00,2.1,82.0,10.6,1,6,2,1,0,224.08
2022-01-16 03:00:00,3.9,81.6,9.1,1,6,3,1,0,213.35
2022-01-16 04:00:00,5.5,80.0,26.7,1,6,4,1,0,161.23
2022-01-16 05:00:00,4.5,79.3,4.8,1,6,5,1,0,208.46
2022-01-16 06:00:00,7.1,76.9,5.7,1,6,6,1,0,174.15
2022-01-16 07:00:00,7.9,81.3,10.8,1,6,7,1,0,188.74
2022-01-16 08:00:00,9.3,57.4,9.3,1,6,8,1,0,196.14
2022-01-16 09:00:00,8.6,88.0,2.0,1,6,9,1,0,202.38
2022-01-16 10:00:00,11.0,56.9,5.0,1,6,10,1,0,170.49
2022-01-16 11:00:00,12.4,65.1,4.3,1,6,11,1,0,169.77
2022-01-16 12:00:00,14.5,70.9,16.7,1,6,12,1,0,140.84
2022-01-16 13:00:00,13.4,78.7,18.1,1,6,13,1,0,136.9
2022-01-16 14:00:00,15.3,48.4,4.7,1,6,14,1,0,156.16
2022-01-16 15:00:00,8.6,75.5,2.9,1,6,15,1,0,187.02
2022-01-16 16:00:00,10.9,80.9,3.8,1,6,16,1,0,158.3
2022-01-16 17:00:00,8.3,83.8,3.6,1,6,17,1,0,178.71
2022-01-16 18:00:00,11.0,68.9,4.2,1,6,18,1,0,169.38
2022-01-16 19:00:00,,75.7,4.1,1,6,19,1,0,238.79
2022-01-16 20:00:00,2.4,73.9,7.2,1,6,20,1,0,281.47
2022-01-16 21:00:00,1.9,75.9,5.1,1,6,21,1,0,265.03
2022-01-16 22:00:00,,72.7,8.6,1,6,22,1,0,327.26
2022-01-16 23:00:00,0.7,72.5,5.4,1,6,23,1,0,254.46
2022-01-17 00:00:00,0.2,83.4,15.5,1,0,0,0,0,255.72
2022-01-17 01:00:00,2.2,79.9,26.1,1,0,1,0,0,245.63
2022-01-17 02:00:00,3.1,82.4,6.1,1,0,2,0,0,203.33
2022-01-17 03:00:00,7.0,78.2,2.4,1,0,3,0,0,196.74
2022-01-17 04:00:00,6.1,82.6,4.2,1,0,4,0,0,185.06
2022-01-17 05:00:00,4.3,84.9,2.9,1,0,5,0,0,193.89
2022-01-17 06:00:00,4.9,63.6,5.4,1,0,6,0,0,219.93
2022-01-17 07:00:00,9.0,68.7,10.3,1,0,7,0,0,212.15
2022-01-17 08:00:00,6.6,74.8,7.9,1,0,8,0,0,233.36
2022-01-17 09:00:00,13.9,72.8,4.2,1,0,9,0,0,198.65
2022-01-17 10:00:00,13.4,67.9,13.7,1,0,10,0,0,157.89
2022-01-17 11:00:00,10.6,82.0,3.1,1,0,11,0,0,214.49
2022-01-17 12:00:00,8.3,91.7,4.1,1,0,12,0,0,223.33
2022-01-17 13:00:00,14.3,74.4,11.0,1,0,13,0,0,185.86
2022-01-17 14:00:00,10.8,75.3,3.8,1,0,14,0,0,175.47
2022-01-17 15:00:00,12.8,80.4,11.1,1,0,15,0,0,190.49
2022-01-17 16:00:00,6.1,62.0,32.2,1,0,16,0,0,199.24
2022-01-17 17:00:00,6.8,76.8,16.2,1,0,17,0,0,215.98
2022-01-17 18:00:00,6.7,84.5,3.4,1,0,18,0,0,248.97
2022-01-17 19:00:00,5.5,72.1,7.9,1,0,19,0,0,237.89
2022-01-17 20:00:00,3.3,68.5,6.4,1,0,20,0,0,291.78
2022-01-17 21:00:00,4.4,76.3,40.3,1,0,21,0,0,229.72
2022-01-17 22:00:00,0.3,79.4,28.7,1,0,22,0,0,296.57
2022-01-17 23:00:00,1.6,71.9,3.1,1,0,23,0,0,268.28
2022-01-18 00:00:00,2.1,95.7,21.2,1,1,0,0,0,243.32
2022-01-18 01:00:00,3.1,74.6,3.7,1,1,1,0,0,187.1
2022-01-18 02:00:00,4.0,68.8,5.1,1,1,2,0,0,208.01
2022-01-18 03:00:00,1.1,78.7,5.5,1,1,3,0,0,242.23
2022-01-18 04:00:00,1.3,86.6,4.7,1,1,4,0,0,271.74
2022-01-18 05:00:00,8.1,76.1,17.4,1,1,5,0,0,185.94
2022-01-18 06:00:00,7.5,80.1,5.2,1,1,6,0,0,196.58
2022-01-18 07:00:00,6.7,69.7,15.6,1,1,7,0,0,226.5
2022-01-18 08:00:00,12.5,85.7,43.4,1,1,8,0,0,171.45
2022-01-18 09:00:00,10.6,79.2,16.7,1,1,9,0,0,224.47
2022-01-18 10:00:00,13.6,81.6,5.4,1,1,10,0,0,208.51
2022-01-18 11:00:00,11.8,77.0,11.9,1,1,11,0,0,190.99
2022-01-18 12:00:00,16.0,78.6,8.1,1,1,12,0,0,195.86
2022-01-18 13:00:00,15.2,65.4,14.4,1,1,13,0,0,177.84
2022-01-18 14:00:00,10.7,70.7,3.3,1,1,14,0,0,204.45
2022-01-18 15:00:00,12.3,84.6,10.1,1,1,15,0,0,178.99
2022-01-18 16:00:00,10.7,87.2,13.9,1,1,16,0,0,201.16
2022-01-18 17:00:00,10.9,65.4,13.5,1,1,17,0,0,220.58
2022-01-18 18:00:00,4.9,79.5,28.5,1,1,18,0,0,244.28
2022-01-18 19:00:00,6.9,73.1,2.5,1,1,19,0,0,241.71
2022-01-18 20:00:00,6.5,71.2,5.4,1,1,20,0,0,277.05
2022-01-18 21:00:00,-0.2,82.4,7.2,1,1,21,0,0,324.54
2022-01-18 22:00:00,0.2,89.0,5.0,1,1,22,0,0,295.93
2022-01-18 23:00:00,-2.0,84.6,5.0,1,1,23,0,0,341.48
2022-01-19 00:00:00,1.4,76.7,3.5,1,2,0,0,0,237.28
2022-01-19 01:00:00,3.6,82.3,15.4,1,2,1,0,0,232.5
2022-01-19 02:00:00,5.7,74.3,21.1,1,2,2,0,0,213.02
2022-01-19 03:00:00,3.6,81.5,2.7,1,2,3,0,0,238.88
2022-01-19 04:00:00,7.7,87.3,3.3,1,2,4,0,0,179.5
2022-01-19 05:00:00,2.9,61.9,4.1,1,2,5,0,0,213.0
2022-01-19 06:00:00,3.6,84.6,7.7,1,2,6,0,0,242.35
2022-01-19 07:00:00,8.2,63.6,14.5,1,2,7,0,0,212.23
2022-01-19 08:00:00,10.3,84.7,2.6,1,2,8,0,0,194.74
2022-01-19 09:00:00,10.5,69.7,10.1,1,2,9,0,0,214.93
2022-01-19 10:00:00,7.2,66.7,3.3,1,2,10,0,0,216.33
2022-01-19 11:00:00,11.6,79.7,30.5,1,2,11,0,0,212.91
2022-01-19 12:00:00,9.4,78.2,20.3,1,2,12,0,0,197.77
2022-01-19 13:00:00,13.2,65.4,25.9,1,2,13,0,0,168.59
2022-01-19 14:00:00,12.1,64.0,2.9,1,2,14,0,0,194.95
2022-01-19 15:00:00,8.6,74.2,7.4,1,2,15,0,0,212.82
2022-01-19 16:00:00,8.5,66.1,3.4,1,2,16,0,0,211.8
2022-01-19 17:00:00,6.2,68.4,9.3,1,2,17,0,0,242.05
2022-01-19 18:00:00,6.9,77.5,4.1,1,2,18,0,0,243.88
2022-01-19 19:00:00,7.6,68.5,13.8,1,2,19,0,0,257.47
2022-01-19 20:00:00,2.5,82.2,10.3,1,2,20,0,0,263.75
2022-01-19 21:00:00,4.5,89.7,8.8,1,2,21,0,0,268.83
2022-01-19 22:00:00,1.6,78.0,16.0,1,2,22,0,0,277.22
2022-01-19 23:00:00,0.6,80.8,7.5,1,2,23,0,0,279.93
2022-01-20 00:00:00,1.9,95.2,4.5,1,3,0,0,0,263.23
2022-01-20 01:00:00,0.2,70.4,9.8,1,3,1,0,0,260.93
2022-01-20 02:00:00,1.7,88.7,27.2,1,3,2,0,0,245.96
2022-01-20 03:00:00,1.2,88.0,9.4,1,3,3,0,0,227.32
2022-01-20 04:00:00,8.5,82.6,9.9,1,3,4,0,0,217.1
2022-01-20 05:00:00,5.9,87.4,23.8,1,3,5,0,0,197.46
2022-01-20 06:00:00,5.7,79.4,7.8,1,3,6,0,0,223.05
2022-01-20 07:00:00,8.8,70.9,46.9,1,3,7,0,0,180.05
2022-01-20 08:00:00,9.4,84.1,3.4,1,3,8,0,0,216.78
2022-01-20 09:00:00,10.2,84.0,8.2,1,3,9,0,0,209.07
2022-01-20 10:00:00,12.7,82.5,3.9,1,3,10,0,0,212.57
2022-01-20 11:00:00,13.5,73.6,6.8,1,3,11,0,0,207.06
2022-01-20 12:00:00,11.1,68.7,3.5,1,3,12,0,0,165.99
2022-01-20 13:00:00,10.8,76.1,4.0,1,3,13,0,0,192.11
2022-01-20 14:00:00,10.9,82.1,3.9,1,3,14,0,0,187.5
2022-01-20 15:00:00,6.1,85.2,5.1,1,3,15,0,0,259.5
2022-01-20 16:00:00,6.6,73.3,3.2,1,3,16,0,0,233.43
2022-01-20 17:00:00,11.1,76.9,15.3,1,3,17,0,0,215.46
2022-01-20 18:00:00,10.4,64.3,4.0,1,3,18,0,0,218.53
2022-01-20 19:00:00,5.3,85.2,6.3,1,3,19,0,0,263.45
2022-01-20 20:00:00,5.8,70.8,2.1,1,3,20,0,0,266.49
2022-01-20 21:00:00,4.2,84.2,2.9,1,3,21,0,0,290.12
2022-01-20 22:00:00,8.9,66.3,20.1,1,3,22,0,0,237.95
2022-01-20 23:00:00,4.5,86.0,16.5,1,3,23,0,0,246.37
2022-01-21 00:00:00,2.0,81.6,16.7,1,4,0,0,0,235.31
2022-01-21 01:00:00,0.5,73.5,6.2,1,4,1,0,0,271.1
2022-01-21 02:00:00,-0.3,85.7,3.2,1,4,2,0,0,252.87
2022-01-21 03:00:00,4.1,73.2,2.9,1,4,3,0,0,221.32
2022-01-21 04:00:00,3.2,84.4,9.4,1,4,4,0,0,236.48
2022-01-21 05:00:00,3.1,76.3,16.1,1,4,5,0,0,226.56
2022-01-21 06:00:00,6.0,63.3,20.4,1,4,6,0,0,192.08
2022-01-21 07:00:00,6.4,68.9,4.7,1,4,7,0,0,214.5
2022-01-21 08:00:00,13.1,70.0,5.1,1,4,8,0,0,185.7
2022-01-21 09:00:00,12.6,84.7,2.9,1,4,9,0,0,191.74
2022-01-21 10:00:00,11.6,81.4,13.9,1,4,10,0,0,203.85
2022-01-21 11:00:00,15.0,85.5,4.6,1,4,11,0,0,175.14
2022-01-21 12:00:00,12.4,87.0,7.2,1,4,12,0,0,207.56
2022-01-21 13:00:00,10.4,70.5,23.1,1,4,13,0,0,193.29
2022-01-21 14:00:00,14.6,71.2,13.2,1,4,14,0,0,171.84
2022-01-21 15:00:00,11.9,70.8,2.4,1,4,15,0,0,177.98
2022-01-21 16:00:00,7.7,70.8,2.1,1,4,16,0,0,208.45
2022-01-21 17:00:00,8.2,61.2,14.4,1,4,17,0,0,194.62
2022-01-21 18:00:00,5.5,77.1,8.4,1,4,18,0,0,253.82
2022-01-21 19:00:00,3.2,68.1,12.2,1,4,19,0,0,252.7
2022-01-21 20:00:00,6.6,76.4,3.4,1,4,20,0,0,256.75
2022-01-21 21:00:00,7.5,93.2,18.4,1,4,21,0,0,231.82
2022-01-21 22:00:00,0.1,75.9,13.9,1,4,22,0,0,321.07
2022-01-21 23:00:00,3.5,79.8,19.7,1,4,23,0,0,255.07
2022-01-22 00:00:00,1.1,86.7,5.3,1,5,0,1,0,236.16
2022-01-22 01:00:00,1.6,81.4,4.6,1,5,1,1,0,207.6
2022-01-22 02:00:00,1.9,81.4,3.3,1,5,2,1,0,195.92
2022-01-22 03:00:00,2.1,76.0,23.3,1,5,3,1,0,207.4
2022-01-22 04:00:00,5.0,75.7,3.6,1,5,4,1,0,212.94
2022-01-22 05:00:00,4.4,70.1,3.0,1,5,5,1,0,201.98
2022-01-22 06:00:00,7.9,82.8,3.7,1,5,6,1,0,182.66
2022-01-22 07:00:00,8.6,61.8,13.8,1,5,7,1,0,176.5
2022-01-22 08:00:00,9.4,83.1,19.6,1,5,8,1,0,183.58
2022-01-22 09:00:00,9.1,64.2,15.3,1,5,9,1,0,192.44
2022-01-22 10:00:00,10.6,82.4,8.6,1,5,10,1,0,182.77
2022-01-22 11:00:00,13.7,70.3,42.8,1,5,11,1,0,138.66
2022-01-22 12:00:00,13.4,63.4,2.6,1,5,12,1,0,166.12
2022-01-22 13:00:00,10.3,79.5,18.2,1,5,13,1,0,191.43
2022-01-22 14:00:00,11.9,81.5,6.5,1,5,14,1,0,172.77
2022-01-22 15:00:00,12.4,70.3,6.9,1,5,15,1,0,135.13
2022-01-22 16:00:00,6.6,82.5,3.1,1,5,16,1,0,194.78
2022-01-22 17:00:00,9.8,56.8,2.3,1,5,17,1,0,187.28
2022-01-22 18:00:00,6.1,66.4,5.0,1,5,18,1,0,237.9
2022-01-22 19:00:00,7.2,86.7,3.5,1,5,19,1,0,250.9
2022-01-22 20:00:00,3.4,76.5,7.3,1,5,20,1,0,252.98
2022-01-22 21:00:00,0.2,65.0,3.3,1,5,21,1,0,293.84
2022-01-22 22:00:00,-0.2,74.5,3.2,1,5,22,1,0,281.91
2022-01-22 23:00:00,2.7,71.3,18.8,1,5,23,1,0,226.73
2022-01-23 00:00:00,3.1,77.1,22.3,1,6,0,1,0,206.18
2022-01-23 01:00:00,0.9,76.6,28.6,1,6,1,1,0,219.01
2022-01-23 02:00:00,4.5,79.2,11.1,1,6,2,1,0,204.92
2022-01-23 03:00:00,0.7,79.1,13.8,1,6,3,1,0,199.54
2022-01-23 04:00:00,4.9,88.4,16.5,1,6,4,1,0,191.11
2022-01-23 05:00:00,3.8,81.5,10.6,1,6,5,1,0,224.08
2022-01-23 06:00:00,6.2,80.5,5.2,1,6,6,1,0,212.79
2022-01-23 07:00:00,8.9,84.9,3.4,1,6,7,1,0,192.11
2022-01-23 08:00:00,8.3,72.7,4.2,1,6,8,1,0,182.54
2022-01-23 09:00:00,10.3,64.8,16.7,1,6,9,1,0,193.22
2022-01-23 10:00:00,13.9,82.7,11.5,1,6,10,1,0,195.39
2022-01-23 11:00:00,11.2,75.5,6.9,1,6,11,1,0,177.07
2022-01-23 12:00:00,14.2,74.0,2.2,1,6,12,1,0,169.85
2022-01-23 13:00:00,10.1,69.9,4.5,1,6,13,1,0,170.86
2022-01-23 14:00:00,12.9,68.6,12.4,1,6,14,1,0,140.26
2022-01-23 15:00:00,14.0,79.8,7.7,1,6,15,1,0,144.61
2022-01-23 16:00:00,5.1,85.3,6.6,1,6,16,1,0,211.48
2022-01-23 17:00:00,7.2,82.7,5.0,1,6,17,1,0,186.09
2022-01-23 18:00:00,8.7,82.0,9.5,1,6,18,1,0,182.22
2022-01-23 19:00:00,5.8,81.6,29.1,1,6,19,1,0,207.23
2022-01-23 20:00:00,5.8,78.2,20.5,1,6,20,1,0,233.93
2022-01-23 21:00:00,2.8,77.2,2.2,1,6,21,1,0,237.62
2022-01-23 22:00:00,3.4,88.0,7.2,1,6,22,1,0,210.5
2022-01-23 23:00:00,2.4,75.8,5.2,1,6,23,1,0,259.84
2022-01-24 00:00:00,5.0,80.5,7.7,1,0,0,0,0,205.72
2022-01-24 01:00:00,3.4,71.9,9.5,1,0,1,0,0,223.69
2022-01-24 02:00:00,4.0,72.7,3.8,1,0,2,0,0,231.91
2022-01-24 03:00:00,3.3,76.5,14.2,1,0,3,0,0,196.59
2022-01-24 04:00:00,4.2,71.5,7.2,1,0,4,0,0,193.14
2022-01-24 05:00:00,5.5,83.6,40.6,1,0,5,0,0,187.38
2022-01-24 06:00:00,8.5,65.0,2.2,1,0,6,0,0,211.17
2022-01-24 07:00:00,8.1,76.7,3.7,1,0,7,0,0,210.98
2022-01-24 08:00:00,10.8,75.7,11.4,1,0,8,0,0,200.82
2022-01-24 09:00:00,15.4,57.8,11.5,1,0,9,0,0,179.43
2022-01-24 10:00:00,13.8,69.6,9.0,1,0,10,0,0,206.79
2022-01-24 11:00:00,11.9,76.1,30.6,1,0,11,0,0,216.21
2022-01-24 12:00:00,15.1,75.9,6.3,1,0,12,0,0,229.56
2022-01-24 13:00:00,11.7,72.5,6.3,1,0,13,0,0,187.77
2022-01-24 14:00:00,7.9,81.4,21.3,1,0,14,0,0,225.65
2022-01-24 15:00:00,9.2,74.5,8.2,1,0,15,0,0,212.31
2022-01-24 16:00:00,6.4,76.9,5.5,1,0,16,0,0,225.63
2022-01-24 17:00:00,8.3,77.9,12.2,1,0,17,0,0,179.32
2022-01-24 18:00:00,7.7,83.6,9.7,1,0,18,0,0,224.82
2022-01-24 19:00:00,9.7,69.7,4.9,1,0,19,0,0,221.28
2022-01-24 20:00:00,5.8,73.2,4.8,1,0,20,0,0,265.28
2022-01-24 21:00:00,3.7,72.8,6.0,1,0,21,0,0,269.85
2022-01-24 22:00:00,5.0,74.8,2.6,1,0,22,0,0,244.16
2022-01-24 23:00:00,-1.6,92.2,24.9,1,0,23,0,0,332.6
2022-01-25 00:00:00,3.3,82.9,3.6,1,1,0,0,0,258.64
2022-01-25 01:00:00,4.5,68.7,3.7,1,1,1,0,0,187.49
2022-01-25 02:00:00,0.5,74.9,10.3,1,1,2,0,0,245.59
2022-01-25 03:00:00,6.6,79.7,12.3,1,1,3,0,0,201.74
2022-01-25 04:00:00,6.0,69.7,12.7,1,1,4,0,0,216.2
2022-01-25 05:00:00,5.7,71.3,5.8,1,1,5,0,0,202.82
2022-01-25 06:00:00,9.1,86.2,18.5,1,1,6,0,0,187.59
2022-01-25 07:00:00,13.7,68.3,8.3,1,1,7,0,0,177.17
2022-01-25 08:00:00,10.7,82.3,6.6,1,1,8,0,0,215.6
2022-01-25 09:00:00,11.9,84.1,15.3,1,1,9,0,0,181.51
2022-01-25 10:00:00,11.2,68.5,4.2,1,1,10,0,0,182.12
2022-01-25 11:00:00,11.0,67.4,17.7,1,1,11,0,0,222.13
2022-01-25 12:00:00,14.5,70.5,8.2,1,1,12,0,0,169.53
2022-01-25 13:00:00,10.9,65.8,20.4,1,1,13,0,0,216.76
2022-01-25 14:00:00,12.3,74.8,3.8,1,1,14,0,0,170.62
2022-01-25 15:00:00,10.4,73.2,24.0,1,1,15,0,0,178.85
2022-01-25 16:00:00,11.3,77.2,11.3,1,1,16,0,0,192.49
2022-01-25 17:00:00,9.8,86.3,9.7,1,1,17,0,0,174.39
2022-01-25 18:00:00,9.9,81.6,6.4,1,1,18,0,0,260.11
2022-01-25 19:00:00,5.5,81.2,27.0,1,1,19,0,0,243.16
2022-01-25 20:00:00,4.8,61.9,6.7,1,1,20,0,0,251.71
2022-01-25 21:00:00,2.3,82.4,7.5,1,1,21,0,0,270.45
2022-01-25 22:00:00,2.6,92.5,14.2,1,1,22,0,0,279.36
2022-01-25 23:00:00,3.8,54.0,4.7,1,1,23,0,0,249.47
2022-01-26 00:00:00,4.5,83.3,4.8,1,2,0,0,1,180.74
2022-01-26 01:00:00,1.3,78.1,13.9,1,2,1,0,1,195.81
2022-01-26 02:00:00,5.4,70.5,3.1,1,2,2,0,1,191.77
2022-01-26 03:00:00,7.2,82.8,15.9,1,2,3,0,1,147.24
2022-01-26 04:00:00,6.3,90.5,9.9,1,2,4,0,1,145.67
2022-01-26 05:00:00,10.4,81.0,8.2,1,2,5,0,1,145.58
2022-01-26 06:00:00,6.4,73.8,4.1,1,2,6,0,1,177.24
2022-01-26 07:00:00,6.8,69.1,14.3,1,2,7,0,1,212.71
2022-01-26 08:00:00,6.9,77.7,15.1,1,2,8,0,1,187.09
2022-01-26 09:00:00,14.5,79.7,7.3,1,2,9,0,1,160.95
2022-01-26 10:00:00,13.6,70.1,5.9,1,2,10,0,1,173.87
2022-01-26 11:00:00,12.7,71.3,4.3,1,2,11,0,1,163.81
2022-01-26 12:00:00,13.5,95.8,13.2,1,2,12,0,1,169.85
2022-01-26 13:00:00,10.6,83.4,10.2,1,2,13,0,1,152.23
2022-01-26 14:00:00,17.2,80.6,3.9,1,2,14,0,1,133.93
2022-01-26 15:00:00,11.8,62.4,14.7,1,2,15,0,1,151.72
2022-01-26 16:00:00,10.7,69.0,19.1,1,2,16,0,1,170.89
2022-01-26 17:00:00,10.7,75.2,2.5,1,2,17,0,1,162.37
2022-01-26 18:00:00,8.9,67.5,13.8,1,2,18,0,1,176.26
2022-01-26 19:00:00,7.1,89.2,17.3,1,2,19,0,1,236.78
2022-01-26 20:00:00,3.9,89.3,40.1,1,2,20,0,1,225.36
2022-01-26 21:00:00,5.4,73.0,4.2,1,2,21,0,1,228.27
2022-01-26 22:00:00,7.4,90.6,5.7,1,2,22,0,1,232.46
2022-01-26 23:00:00,5.8,77.0,29.1,1,2,23,0,1,192.84
2022-01-27 00:00:00,6.3,97.6,2.8,1,3,0,0,0,214.11
2022-01-27 01:00:00,2.3,80.0,7.9,1,3,1,0,0,237.49
2022-01-27 02:00:00,1.8,83.7,7.7,1,3,2,0,0,229.28
2022-01-27 03:00:00,4.3,89.0,9.5,1,3,3,0,0,221.7
2022-01-27 04:00:00,5.7,87.3,5.2,1,3,4,0,0,193.46
2022-01-27 05:00:00,9.0,79.6,22.8,1,3,5,0,0,190.38
2022-01-27 06:00:00,4.8,76.5,4.5,1,3,6,0,0,227.87
2022-01-27 07:00:00,12.5,77.9,10.4,1,3,7,0,0,186.34
2022-01-27 08:00:00,10.3,68.3,7.5,1,3,8,0,0,229.12
2022-01-27 09:00:00,10.8,75.8,4.5,1,3,9,0,0,191.28
2022-01-27 10:00:00,10.4,65.9,3.7,1,3,10,0,0,216.66
2022-01-27 11:00:00,9.7,60.9,27.1,1,3,11,0,0,213.87
2022-01-27 12:00:00,14.8,73.0,8.6,1,3,12,0,0,174.6
2022-01-27 13:00:00,13.1,83.5,9.4,1,3,13,0,0,199.2
2022-01-27 14:00:00,9.9,82.5,14.2,1,3,14,0,0,185.65
2022-01-27 15:00:00,9.1,74.8,2.7,1,3,15,0,0,205.28
2022-01-27 16:00:00,10.0,89.0,12.0,1,3,16,0,0,195.8
2022-01-27 17:00:00,12.8,69.1,3.4,1,3,17,0,0,190.78
2022-01-27 18:00:00,7.6,60.8,12.8,1,3,18,0,0,223.96
2022-01-27 19:00:00,3.8,60.6,3.2,1,3,19,0,0,268.89
2022-01-27 20:00:00,5.1,68.0,16.3,1,3,20,0,0,251.17
2022-01-27 21:00:00,4.1,84.5,11.1,1,3,21,0,0,260.62
2022-01-27 22:00:00,-1.6,75.7,5.9,1,3,22,0,0,322.86
2022-01-27 23:00:00,3.2,82.1,5.6,1,3,23,0,0,259.01
2022-01-28 00:00:00,2.8,91.8,3.3,1,4,0,0,0,235.84
2022-01-28 01:00:00,4.9,68.8,20.8,1,4,1,0,0,211.74
2022-01-28 02:00:00,7.7,80.0,3.0,1,4,2,0,0,184.3
2022-01-28 03:00:00,7.0,80.8,7.1,1,4,3,0,0,215.23
2022-01-28 04:00:00,5.3,70.5,4.2,1,4,4,0,0,244.16
2022-01-28 05:00:00,4.8,,46.9,1,4,5,0,0,222.19
2022-01-28 06:00:00,13.4,71.0,9.1,1,4,6,0,0,187.64
2022-01-28 07:00:00,9.7,72.1,3.3,1,4,7,0,0,211.99
2022-01-28 08:00:00,10.8,91.5,10.8,1,4,8,0,0,202.44
2022-01-28 09:00:00,11.8,78.3,40.2,1,4,9,0,0,162.23
2022-01-28 10:00:00,13.0,80.9,9.4,1,4,10,0,0,189.28
2022-01-28 11:00:00,12.8,84.4,6.9,1,4,11,0,0,194.19
2022-01-28 12:00:00,12.1,68.7,4.8,1,4,12,0,0,213.82
2022-01-28 13:00:00,12.0,84.0,2.8,1,4,13,0,0,197.32
2022-01-28 14:00:00,12.6,69.7,4.1,1,4,14,0,0,170.76
2022-01-28 15:00:00,10.7,70.3,8.5,1,4,15,0,0,158.93
2022-01-28 16:00:00,9.4,73.1,13.2,1,4,16,0,0,230.73
2022-01-28 17:00:00,9.8,70.1,18.8,1,4,17,0,0,204.87
2022-01-28 18:00:00,7.8,82.7,14.6,1,4,18,0,0,240.9
2022-01-28 19:00:00,10.0,77.1,3.1,1,4,19,0,0,219.81
2022-01-28 20:00:00,0.5,75.8,13.9,1,4,20,0,0,304.36
2022-01-28 21:00:00,6.9,81.9,9.0,1,4,21,0,0,241.91
2022-01-28 22:00:00,6.5,74.6,7.1,1,4,22,0,0,239.46
2022-01-28 23:00:00,-0.7,77.7,8.8,1,4,23,0,0,323.19
2022-01-29 00:00:00,2.8,79.0,2.1,1,5,0,1,0,200.53
2022-01-29 01:00:00,2.9,82.3,2.6,1,5,1,1,0,211.98
2022-01-29 02:00:00,1.3,82.5,8.0,1,5,2,1,0,225.51
2022-01-29 03:00:00,3.4,75.4,3.5,1,5,3,1,0,195.97
2022-01-29 04:00:00,3.7,84.9,8.3,1,5,4,1,0,212.31
2022-01-29 05:00:00,10.7,72.9,5.5,1,5,5,1,0,124.37
2022-01-29 06:00:00,10.3,69.6,21.0,1,5,6,1,0,180.23
2022-01-29 07:00:00,12.3,62.1,25.9,1,5,7,1,0,125.69
2022-01-29 08:00:00,12.4,81.7,33.2,1,5,8,1,0,141.29
2022-01-29 09:00:00,9.7,75.2,20.3,1,5,9,1,0,179.51
2022-01-29 10:00:00,11.7,75.8,36.1,1,5,10,1,0,161.26
2022-01-29 11:00:00,14.3,81.2,11.8,1,5,11,1,0,176.26
2022-01-29 12:00:00,11.0,70.7,27.9,1,5,12,1,0,170.28
2022-01-29 13:00:00,14.7,61.6,10.2,1,5,13,1,0,148.19
2022-01-29 14:00:00,12.3,74.4,15.3,1,5,14,1,0,131.41
2022-01-29 15:00:00,11.2,76.8,3.1,1,5,15,1,0,161.39
2022-01-29 16:00:00,12.4,71.7,11.2,1,5,16,1,0,155.1
2022-01-29 17:00:00,10.6,86.5,23.4,1,5,17,1,0,188.03
2022-01-29 18:00:00,7.7,56.2,8.2,1,5,18,1,0,200.89
2022-01-29 19:00:00,9.5,84.2,3.7,1,5,19,1,0,213.65
2022-01-29 20:00:00,3.8,84.4,8.0,1,5,20,1,0,283.61
2022-01-29 21:00:00,6.2,80.6,11.8,1,5,21,1,0,208.93
2022-01-29 22:00:00,5.3,50.7,13.8,1,5,22,1,0,206.36
2022-01-29 23:00:00,3.0,,7.9,1,5,23,1,0,218.77
2022-01-30 00:00:00,4.3,69.6,4.0,1,6,0,1,0,225.04
2022-01-30 01:00:00,1.3,75.3,22.9,1,6,1,1,0,241.32
2022-01-30 02:00:00,6.1,75.6,13.9,1,6,2,1,0,193.87
2022-01-30 03:00:00,4.7,80.9,4.5,1,6,3,1,0,194.93
2022-01-30 04:00:00,,82.6,15.4,1,6,4,1,0,187.05
2022-01-30 05:00:00,9.4,82.4,5.4,1,6,5,1,0,153.84
2022-01-30 06:00:00,7.2,82.9,5.0,1,6,6,1,0,196.12
2022-01-30 07:00:00,7.1,78.5,17.9,1,6,7,1,0,167.88
2022-01-30 08:00:00,8.0,79.3,18.5,1,6,8,1,0,171.5
2022-01-30 09:00:00,13.4,64.6,6.1,1,6,9,1,0,164.9
2022-01-30 10:00:00,10.4,68.8,2.1,1,6,10,1,0,221.53
2022-01-30 11:00:00,17.0,78.7,3.7,1,6,11,1,0,156.89
2022-01-30 12:00:00,9.5,82.0,21.2,1,6,12,1,0,175.83
2022-01-30 13:00:00,16.8,77.4,20.3,1,6,13,1,0,143.83
2022-01-30 14:00:00,13.4,69.2,6.8,1,6,14,1,0,163.91
2022-01-30 15:00:00,12.0,81.3,4.9,1,6,15,1,0,178.96
2022-01-30 16:00:00,10.0,65.7,4.9,1,6,16,1,0,151.99
2022-01-30 17:00:00,10.7,83.3,20.2,1,6,17,1,0,168.3
2022-01-30 18:00:00,8.6,73.6,5.1,1,6,18,1,0,202.38
2022-01-30 19:00:00,9.5,88.7,7.7,1,6,19,1,0,211.74
2022-01-30 20:00:00,6.4,64.7,12.5,1,6,20,1,0,237.33
2022-01-30 21:00:00,5.4,91.4,3.9,1,6,21,1,0,252.05
2022-01-30 22:00:00,3.6,75.3,4.3,1,6,22,1,0,240.0
2022-01-30 23:00:00,3.7,75.1,5.5,1,6,23,1,0,243.92
2022-01-31 00:00:00,4.4,79.4,10.5,1,0,0,0,0,238.94
2022-01-31 01:00:00,0.5,74.2,15.6,1,0,1,0,0,265.71
2022-01-31 02:00:00,1.8,78.5,8.3,1,0,2,0,0,231.15
2022-01-31 03:00:00,6.7,70.7,3.1,1,0,3,0,0,203.57
2022-01-31 04:00:00,6.6,71.1,6.7,1,0,4,0,0,212.7
2022-01-31 05:00:00,7.1,80.3,3.1,1,0,5,0,0,194.29
2022-01-31 06:00:00,8.8,68.4,2.7,1,0,6,0,0,197.03
2022-01-31 07:00:00,10.8,68.5,9.1,1,0,7,0,0,212.93
2022-01-31 08:00:00,10.2,63.9,27.0,1,0,8,0,0,198.64
2022-01-31 09:00:00,10.8,70.6,16.5,1,0,9,0,0,204.34
2022-01-31 10:00:00,13.5,83.7,13.9,1,0,10,0,0,223.03
2022-01-31 11:00:00,11.7,67.4,12.4,1,0,11,0,0,195.12
2022-01-31 12:00:00,14.6,66.8,20.2,1,0,12,0,0,151.37
2022-01-31 13:00:00,10.2,76.4,13.2,1,0,13,0,0,184.17
2022-01-31 14:00:00,15.2,69.4,9.9,1,0,14,0,0,184.05
2022-01-31 15:00:00,13.3,91.2,5.6,1,0,15,0,0,189.45
2022-01-31 16:00:00,11.8,72.8,2.9,1,0,16,0,0,188.15
2022-01-31 17:00:00,12.1,76.7,6.9,1,0,17,0,0,208.22
2022-01-31 18:00:00,12.1,81.5,22.7,1,0,18,0,0,199.24
2022-01-31 19:00:00,9.5,82.6,9.0,1,0,19,0,0,226.13
2022-01-31 20:00:00,2.6,80.6,3.6,1,0,20,0,0,303.84
2022-01-31 21:00:00,2.7,,10.4,1,0,21,0,0,275.7
2022-01-31 22:00:00,3.2,94.6,7.0,1,0,22,0,0,279.7
2022-01-31 23:00:00,4.0,77.2,23.4,1,0,23,0,0,228.34
2022-02-01 00:00:00,5.0,74.0,3.4,2,1,0,0,0,205.39
2022-02-01 01:00:00,2.7,73.5,12.0,2,1,1,0,0,219.19
2022-02-01 02:00:00,5.0,63.7,11.2,2,1,2,0,0,202.64
2022-02-01 03:00:00,3.9,84.6,34.9,2,1,3,0,0,195.0
2022-02-01 04:00:00,5.2,58.6,8.7,2,1,4,0,0,191.81
2022-02-01 05:00:00,4.9,77.5,18.4,2,1,5,0,0,209.37
2022-02-01 06:00:00,7.1,74.8,2.2,2,1,6,0,0,208.16
2022-02-01 07:00:00,7.6,94.1,3.0,2,1,7,0,0,197.62
2022-02-01 08:00:00,9.5,60.6,5.4,2,1,8,0,0,168.92
2022-02-01 09:00:00,14.6,65.5,9.7,2,1,9,0,0,195.68
2022-02-01 10:00:00,11.4,73.2,6.8,2,1,10,0,0,213.71
2022-02-01 11:00:00,,68.9,3.8,2,1,11,0,0,161.83
2022-02-01 12:00:00,15.0,68.1,9.1,2,1,12,0,0,188.04
2022-02-01 13:00:00,14.2,72.3,8.7,2,1,13,0,0,184.01
2022-02-01 14:00:00,11.6,64.1,7.9,2,1,14,0,0,177.37
2022-02-01 15:00:00,13.9,75.9,2.8,2,1,15,0,0,205.24
2022-02-01 16:00:00,10.3,56.3,22.9,2,1,16,0,0,199.32
2022-02-01 17:00:00,10.5,74.5,9.2,2,1,17,0,0,192.86
2022-02-01 18:00:00,14.1,68.2,4.5,2,1,18,0,0,187.43
2022-02-01 19:00:00,7.5,84.4,11.3,2,1,19,0,0,220.79
2022-02-01 20:00:00,8.8,89.7,5.1,2,1,20,0,0,261.51
2022-02-01 21:00:00,4.0,75.3,7.6,2,1,21,0,0,273.54
2022-02-01 22:00:00,4.6,88.8,5.3,2,1,22,0,0,271.55
2022-02-01 23:00:00,7.7,73.6,19.0,2,1,23,0,0,179.83
2022-02-02 00:00:00,2.9,70.8,42.9,2,2,0,0,0,231.25
2022-02-02 01:00:00,7.9,90.0,3.4,2,2,1,0,0,189.94
2022-02-02 02:00:00,6.2,81.1,2.2,2,2,2,0,0,211.51
2022-02-02 03:00:00,4.5,77.8,4.0,2,2,3,0,0,220.93
2022-02-02 04:00:00,7.9,81.5,9.1,2,2,4,0,0,186.9
2022-02-02 05:00:00,9.8,77.3,3.5,2,2,5,0,0,172.38
2022-02-02 06:00:00,10.4,74.3,15.3,2,2,6,0,0,186.86
2022-02-02 07:00:00,7.3,65.7,6.2,2,2,7,0,0,200.14
2022-02-02 08:00:00,10.2,72.7,9.5,2,2,8,0,0,219.99
2022-02-02 09:00:00,12.2,78.9,6.9,2,2,9,0,0,194.74
2022-02-02 10:00:00,13.3,72.4,20.7,2,2,10,0,0,195.47
2022-02-02 11:00:00,15.2,79.6,2.3,2,2,11,0,0,184.53
2022-02-02 12:00:00,14.5,75.8,12.5,2,2,12,0,0,186.17
2022-02-02 13:00:00,11.3,67.3,10.4,2,2,13,0,0,172.92
2022-02-02 14:00:00,14.2,62.3,10.4,2,2,14,0,0,155.94
2022-02-02 15:00:00,13.9,71.8,6.3,2,2,15,0,0,207.29
2022-02-02 16:00:00,12.8,69.4,2.1,2,2,16,0,0,194.5
2022-02-02 17:00:00,12.6,76.4,11.3,2,2,17,0,0,192.92
2022-02-02 18:00:00,10.8,68.8,16.2,2,2,18,0,0,210.85
2022-02-02 19:00:00,8.8,70.7,2.7,2,2,19,0,0,238.5
2022-02-02 20:00:00,6.5,85.2,6.7,2,2,20,0,0,255.91
2022-02-02 21:00:00,2.3,80.0,3.4,2,2,21,0,0,301.1
2022-02-02 22:00:00,5.7,71.5,9.6,2,2,22,0,0,230.17
2022-02-02 23:00:00,4.7,77.8,14.3,2,2,23,0,0,262.65
2022-02-03 00:00:00,4.9,88.6,10.8,2,3,0,0,0,224.87
2022-02-03 01:00:00,1.9,81.4,5.1,2,3,1,0,0,257.36
2022-02-03 02:00:00,2.8,83.3,3.2,2,3,2,0,0,256.2
2022-02-03 03:00:00,7.9,70.0,14.6,2,3,3,0,0,185.85
2022-02-03 04:00:00,6.7,84.8,5.1,2,3,4,0,0,186.58
2022-02-03 05:00:00,9.4,93.8,2.2,2,3,5,0,0,209.27
2022-02-03 06:00:00,9.4,69.0,8.8,2,3,6,0,0,214.12
2022-02-03 07:00:00,10.7,65.2,4.3,2,3,7,0,0,162.31
2022-02-03 08:00:00,13.7,74.6,16.7,2,3,8,0,0,182.01
2022-02-03 09:00:00,11.8,81.1,3.2,2,3,9,0,0,214.2
2022-02-03 10:00:00,13.8,72.3,6.6,2,3,10,0,0,196.03
2022-02-03 11:00:00,13.2,65.0,4.3,2,3,11,0,0,179.33
2022-02-03 12:00:00,13.5,72.4,11.4,2,3,12,0,0,174.25
2022-02-03 13:00:00,13.5,78.0,8.4,2,3,13,0,0,154.22
2022-02-03 14:00:00,14.1,69.7,14.5,2,3,14,0,0,183.08
2022-02-03 15:00:00,11.9,78.9,6.9,2,3,15,0,0,204.38
2022-02-03 16:00:00,14.3,82.1,2.0,2,3,16,0,0,199.45
2022-02-03 17:00:00,8.8,77.5,3.9,2,3,17,0,0,212.25
2022-02-03 18:00:00,9.0,75.3,50.0,2,3,18,0,0,203.51
2022-02-03 19:00:00,7.2,83.1,6.2,2,3,19,0,0,263.31
2022-02-03 20:00:00,9.7,68.3,9.7,2,3,20,0,0,224.83
2022-02-03 21:00:00,6.2,69.3,20.8,2,3,21,0,0,228.98
2022-02-03 22:00:00,7.1,74.3,2.2,2,3,22,0,0,227.73
2022-02-03 23:00:00,1.5,75.3,10.6,2,3,23,0,0,272.71
2022-02-04 00:00:00,5.0,71.1,4.7,2,4,0,0,0,208.65
2022-02-04 01:00:00,6.5,91.4,4.6,2,4,1,0,0,215.47
2022-02-04 02:00:00,5.3,94.7,4.0,2,4,2,0,0,192.79
2022-02-04 03:00:00,8.1,73.1,15.8,2,4,3,0,0,173.72
2022-02-04 04:00:00,6.0,77.7,5.7,2,4,4,0,0,208.44
2022-02-04 05:00:00,11.0,73.0,2.6,2,4,5,0,0,176.86
2022-02-04 06:00:00,14.1,81.8,2.8,2,4,6,0,0,160.25
2022-02-04 07:00:00,10.1,85.4,3.3,2,4,7,0,0,212.58
2022-02-04 08:00:00,11.1,60.2,20.3,2,4,8,0,0,193.76
2022-02-04 09:00:00,16.0,75.8,6.5,2,4,9,0,0,158.59
2022-02-04 10:00:00,17.0,61.0,21.8,2,4,10,0,0,185.45
2022-02-04 11:00:00,13.3,87.4,15.6,2,4,11,0,0,192.52
2022-02-04 12:00:00,13.7,76.7,16.6,2,4,12,0,0,177.42
2022-02-04 13:00:00,13.8,66.5,4.7,2,4,13,0,0,166.9
2022-02-04 14:00:00,11.1,72.5,4.5,2,4,14,0,0,173.38
2022-02-04 15:00:00,11.2,72.1,8.6,2,4,15,0,0,187.64
2022-02-04 16:00:00,10.0,79.2,6.3,2,4,16,0,0,205.53
2022-02-04 17:00:00,9.3,83.7,7.7,2,4,17,0,0,212.15
2022-02-04 18:00:00,9.4,66.1,2.4,2,4,18,0,0,231.57
2022-02-04 19:00:00,8.7,90.4,30.5,2,4,19,0,0,235.23
2022-02-04 20:00:00,10.1,87.8,2.5,2,4,20,0,0,205.34
2022-02-04 21:00:00,4.0,71.0,3.6,2,4,21,0,0,257.28
2022-02-04 22:00:00,7.1,77.0,11.1,2,4,22,0,0,249.81
2022-02-04 23:00:00,4.3,91.6,3.4,2,4,23,0,0,233.5
2022-02-05 00:00:00,4.6,87.6,2.9,2,5,0,1,0,163.03
2022-02-05 01:00:00,6.2,74.2,3.3,2,5,1,1,0,208.23
2022-02-05 02:00:00,3.1,85.0,2.5,2,5,2,1,0,210.17
2022-02-05 03:00:00,6.9,100.0,4.3,2,5,3,1,0,164.49
2022-02-05 04:00:00,7.5,77.1,4.5,2,5,4,1,0,153.18
2022-02-05 05:00:00,9.4,70.2,7.5,2,5,5,1,0,165.73
2022-02-05 06:00:00,10.3,76.2,6.6,2,5,6,1,0,168.68
2022-02-05 07:00:00,15.9,74.0,7.1,2,5,7,1,0,149.89
2022-02-05 08:00:00,10.9,70.3,9.7,2,5,8,1,0,171.46
2022-02-05 09:00:00,12.2,77.4,4.1,2,5,9,1,0,162.4
2022-02-05 10:00:00,12.8,63.6,3.2,2,5,10,1,0,178.17
2022-02-05 11:00:00,13.4,68.0,18.9,2,5,11,1,0,181.83
2022-02-05 12:00:00,13.4,79.4,10.0,2,5,12,1,0,157.27
2022-02-05 13:00:00,16.9,57.5,2.5,2,5,13,1,0,151.34
2022-02-05 14:00:00,16.9,78.8,28.0,2,5,14,1,0,124.68
2022-02-05 15:00:00,12.1,57.9,11.4,2,5,15,1,0,161.29
2022-02-05 16:00:00,10.5,60.9,3.3,2,5,16,1,0,150.55
2022-02-05 17:00:00,11.9,70.0,29.8,2,5,17,1,0,154.7
2022-02-05 18:00:00,8.6,78.0,5.6,2,5,18,1,0,206.66
2022-02-05 19:00:00,9.7,85.8,35.3,2,5,19,1,0,181.26
2022-02-05 20:00:00,7.6,76.7,2.9,2,5,20,1,0,228.84
2022-02-05 21:00:00,3.1,76.5,3.4,2,5,21,1,0,255.14
2022-02-05 22:00:00,8.5,80.4,10.6,2,5,22,1,0,198.28
2022-02-05 23:00:00,8.5,68.8,2.2,2,5,23,1,0,178.23
2022-02-06 00:00:00,3.7,79.3,2.2,2,6,0,1,0,225.29
2022-02-06 01:00:00,4.3,68.3,14.6,2,6,1,1,0,175.41
2022-02-06 02:00:00,6.1,77.6,3.5,2,6,2,1,0,181.11
2022-02-06 03:00:00,7.0,75.5,22.1,2,6,3,1,0,145.05
2022-02-06 04:00:00,8.7,69.2,6.4,2,6,4,1,0,153.46
2022-02-06 05:00:00,12.6,75.0,18.5,2,6,5,1,0,144.1
2022-02-06 06:00:00,9.5,76.5,6.3,2,6,6,1,0,161.9
2022-02-06 07:00:00,9.6,84.6,8.0,2,6,7,1,0,130.81
2022-02-06 08:00:00,9.6,62.3,5.0,2,6,8,1,0,161.61
2022-02-06 09:00:00,12.0,73.4,10.6,2,6,9,1,0,145.83
2022-02-06 10:00:00,14.1,66.8,5.1,2,6,10,1,0,173.91
2022-02-06 11:00:00,,77.8,4.0,2,6,11,1,0,161.15
2022-02-06 12:00:00,13.8,79.1,2.7,2,6,12,1,0,161.96
2022-02-06 13:00:00,15.2,76.5,2.5,2,6,13,1,0,143.83
2022-02-06 14:00:00,14.2,67.3,4.9,2,6,14,1,0,150.83
2022-02-06 15:00:00,15.8,79.2,12.7,2,6,15,1,0,118.41
2022-02-06 16:00:00,17.4,59.0,3.8,2,6,16,1,0,151.08
2022-02-06 17:00:00,10.1,61.1,4.8,2,6,17,1,0,175.38
2022-02-06 18:00:00,8.9,65.3,20.8,2,6,18,1,0,172.15
2022-02-06 19:00:00,10.7,74.4,10.2,2,6,19,1,0,188.31
2022-02-06 20:00:00,8.7,81.0,22.2,2,6,20,1,0,205.16
2022-02-06 21:00:00,10.0,51.2,21.4,2,6,21,1,0,165.01
2022-02-06 22:00:00,6.7,87.2,2.5,2,6,22,1,0,227.59
2022-02-06 23:00:00,4.3,78.9,26.8,2,6,23,1,0,225.74
2022-02-07 00:00:00,6.3,64.3,2.4,2,0,0,0,0,210.32
2022-02-07 01:00:00,7.5,77.1,22.8,2,0,1,0,0,201.54
2022-02-07 02:00:00,7.4,85.0,8.3,2,0,2,0,0,231.85
2022-02-07 03:00:00,7.6,81.0,8.1,2,0,3,0,0,159.32
2022-02-07 04:00:00,9.7,83.9,12.0,2,0,4,0,0,175.41
2022-02-07 05:00:00,11.1,63.5,18.9,2,0,5,0,0,143.23
2022-02-07 06:00:00,12.8,70.3,9.7,2,0,6,0,0,193.2
2022-02-07 07:00:00,12.7,66.3,6.4,2,0,7,0,0,184.17
2022-02-07 08:00:00,12.2,87.6,2.9,2,0,8,0,0,190.47
2022-02-07 09:00:00,13.9,78.2,14.5,2,0,9,0,0,189.95
2022-02-07 10:00:00,16.8,94.4,3.1,2,0,10,0,0,218.47
2022-02-07 11:00:00,13.3,69.6,12.4,2,0,11,0,0,202.01
2022-02-07 12:00:00,15.8,66.3,8.0,2,0,12,0,0,187.35
2022-02-07 13:00:00,14.1,71.8,5.9,2,0,13,0,0,201.27
2022-02-07 14:00:00,14.5,83.8,9.6,2,0,14,0,0,188.36
2022-02-07 15:00:00,16.2,69.0,13.8,2,0,15,0,0,177.22
2022-02-07 16:00:00,13.0,74.5,24.7,2,0,16,0,0,169.32
2022-02-07 17:00:00,11.5,75.0,4.5,2,0,17,0,0,162.29
2022-02-07 18:00:00,7.4,76.6,25.5,2,0,18,0,0,224.67
2022-02-07 19:00:00,10.3,,27.9,2,0,19,0,0,201.63
2022-02-07 20:00:00,8.9,74.5,15.4,2,0,20,0,0,244.57
2022-02-07 21:00:00,10.9,73.1,19.1,2,0,21,0,0,187.14
2022-02-07 22:00:00,5.1,77.4,11.4,2,0,22,0,0,260.33
2022-02-07 23:00:00,5.7,84.7,2.3,2,0,23,0,0,241.62
2022-02-08 00:00:00,5.8,91.2,8.8,2,1,0,0,0,222.61
2022-02-08 01:00:00,8.6,,13.0,2,1,1,0,0,191.26
2022-02-08 02:00:00,5.7,74.0,24.7,2,1,2,0,0,192.78
2022-02-08 03:00:00,7.3,69.8,8.8,2,1,3,0,0,180.69
2022-02-08 04:00:00,9.0,77.0,14.6,2,1,4,0,0,192.82
2022-02-08 05:00:00,9.3,71.0,11.8,2,1,5,0,0,188.51
2022-02-08 06:00:00,9.4,77.2,4.6,2,1,6,0,0,203.58
2022-02-08 07:00:00,12.0,82.9,3.3,2,1,7,0,0,189.21
2022-02-08 08:00:00,14.9,52.3,13.1,2,1,8,0,0,175.64
2022-02-08 09:00:00,11.8,78.1,4.1,2,1,9,0,0,208.66
2022-02-08 10:00:00,14.9,68.9,4.2,2,1,10,0,0,170.06
2022-02-08 11:00:00,13.7,76.8,10.3,2,1,11,0,0,175.89
2022-02-08 12:00:00,17.7,64.0,14.4,2,1,12,0,0,168.04
2022-02-08 13:00:00,12.1,83.5,9.0,2,1,13,0,0,161.97
2022-02-08 14:00:00,13.5,80.6,19.3,2,1,14,0,0,170.51
2022-02-08 15:00:00,14.6,77.3,3.9,2,1,15,0,0,159.73
2022-02-08 16:00:00,15.9,78.4,4.3,2,1,16,0,0,170.26
2022-02-08 17:00:00,11.4,68.3,10.1,2,1,17,0,0,193.96
2022-02-08 18:00:00,9.2,70.5,16.1,2,1,18,0,0,185.68
2022-02-08 19:00:00,12.7,79.7,8.2,2,1,19,0,0,216.41
2022-02-08 20:00:00,4.9,71.4,2.1,2,1,20,0,0,261.96
2022-02-08 21:00:00,2.3,90.4,11.0,2,1,21,0,0,253.71
2022-02-08 22:00:00,6.8,74.0,15.4,2,1,22,0,0,224.43
2022-02-08 23:00:00,4.4,81.8,4.6,2,1,23,0,0,253.04
2022-02-09 00:00:00,3.4,95.1,2.4,2,2,0,0,0,235.97
2022-02-09 01:00:00,7.1,70.8,7.8,2,2,1,0,0,189.03
2022-02-09 02:00:00,6.6,77.2,2.3,2,2,2,0,0,200.76
2022-02-09 03:00:00,5.8,85.5,6.3,2,2,3,0,0,195.96
2022-02-09 04:00:00,5.4,84.9,2.1,2,2,4,0,0,206.9
2022-02-09 05:00:00,10.9,71.9,4.0,2,2,5,0,0,154.54
2022-02-09 06:00:00,11.8,70.0,5.9,2,2,6,0,0,168.99
2022-02-09 07:00:00,11.6,72.4,2.9,2,2,7,0,0,217.75
2022-02-09 08:00:00,16.7,83.3,3.0,2,2,8,0,0,185.61
2022-02-09 09:00:00,11.9,71.8,16.0,2,2,9,0,0,204.51
2022-02-09 10:00:00,11.7,74.8,2.3,2,2,10,0,0,202.85
2022-02-09 11:00:00,13.9,69.6,11.3,2,2,11,0,0,187.11
2022-02-09 12:00:00,15.4,78.0,15.5,2,2,12,0,0,176.39
2022-02-09 13:00:00,15.8,73.4,3.1,2,2,13,0,0,188.04
2022-02-09 14:00:00,14.3,64.8,3.7,2,2,14,0,0,189.82
2022-02-09 15:00:00,14.7,64.9,10.2,2,2,15,0,0,158.92
2022-02-09 16:00:00,10.5,58.8,5.0,2,2,16,0,0,188.77
2022-02-09 17:00:00,14.7,66.0,7.2,2,2,17,0,0,174.25
2022-02-09 18:00:00,10.3,81.2,16.5,2,2,18,0,0,221.03
2022-02-09 19:00:00,11.4,84.9,3.2,2,2,19,0,0,229.24
2022-02-09 20:00:00,8.7,81.2,9.7,2,2,20,0,0,237.66
2022-02-09 21:00:00,7.8,80.5,24.8,2,2,21,0,0,247.26
2022-02-09 22:00:00,7.3,75.3,2.5,2,2,22,0,0,242.59
2022-02-09 23:00:00,6.5,82.9,2.5,2,2,23,0,0,219.85
2022-02-10 00:00:00,7.0,78.8,8.5,2,3,0,0,0,204.63
2022-02-10 01:00:00,8.5,90.2,27.8,2,3,1,0,0,178.97
2022-02-10 02:00:00,6.7,75.8,4.0,2,3,2,0,0,181.58
2022-02-10 03:00:00,8.6,86.5,5.2,2,3,3,0,0,180.23
2022-02-10 04:00:00,8.0,83.0,2.8,2,3,4,0,0,207.32
2022-02-10 05:00:00,12.3,79.8,5.6,2,3,5,0,0,185.48
2022-02-10 06:00:00,9.3,59.2,2.4,2,3,6,0,0,203.08
2022-02-10 07:00:00,15.6,79.7,5.9,2,3,7,0,0,185.0
2022-02-10 08:00:00,13.1,72.4,8.5,2,3,8,0,0,192.78
2022-02-10 09:00:00,11.3,70.8,31.5,2,3,9,0,0,186.1
2022-02-10 10:00:00,15.3,60.5,15.6,2,3,10,0,0,195.11
2022-02-10 11:00:00,14.1,72.9,15.8,2,3,11,0,0,166.19
2022-02-10 12:00:00,17.4,71.6,4.1,2,3,12,0,0,167.98
2022-02-10 13:00:00,14.2,,2.7,2,3,13,0,0,194.01
2022-02-10 14:00:00,14.1,61.2,9.4,2,3,14,0,0,161.35
2022-02-10 15:00:00,10.4,78.7,7.9,2,3,15,0,0,200.82
2022-02-10 16:00:00,12.3,80.8,7.8,2,3,16,0,0,179.34
2022-02-10 17:00:00,7.1,78.0,2.9,2,3,17,0,0,233.62
2022-02-10 18:00:00,7.5,85.5,7.4,2,3,18,0,0,210.63
2022-02-10 19:00:00,10.9,73.9,3.3,2,3,19,0,0,240.71
2022-02-10 20:00:00,9.7,74.7,6.4,2,3,20,0,0,215.05
2022-02-10 21:00:00,8.0,68.7,2.5,2,3,21,0,0,218.32
2022-02-10 22:00:00,4.4,65.3,17.6,2,3,22,0,0,265.74
2022-02-10 23:00:00,5.7,92.0,2.1,2,3,23,0,0,240.54
2022-02-11 00:00:00,5.9,86.1,24.4,2,4,0,0,0,202.62
2022-02-11 01:00:00,3.7,67.0,17.9,2,4,1,0,0,241.02
2022-02-11 02:00:00,9.5,76.5,13.2,2,4,2,0,0,183.43
2022-02-11 03:00:00,9.1,74.7,34.4,2,4,3,0,0,155.18
2022-02-11 04:00:00,7.9,73.8,2.4,2,4,4,0,0,186.08
2022-02-11 05:00:00,9.6,71.9,10.2,2,4,5,0,0,195.0
2022-02-11 06:00:00,11.3,77.4,17.1,2,4,6,0,0,161.44
2022-02-11 07:00:00,8.1,82.5,3.1,2,4,7,0,0,235.31
2022-02-11 08:00:00,12.9,76.8,9.0,2,4,8,0,0,184.99
2022-02-11 09:00:00,13.0,72.5,6.0,2,4,9,0,0,186.98
2022-02-11 10:00:00,13.2,72.1,6.6,2,4,10,0,0,218.97
2022-02-11 11:00:00,15.1,79.9,21.5,2,4,11,0,0,197.48
2022-02-11 12:00:00,19.5,74.0,8.2,2,4,12,0,0,146.26
2022-02-11 13:00:00,17.0,72.1,2.8,2,4,13,0,0,169.75
2022-02-11 14:00:00,14.1,72.7,24.1,2,4,14,0,0,148.42
2022-02-11 15:00:00,15.6,75.0,3.6,2,4,15,0,0,181.12
2022-02-11 16:00:00,16.2,68.2,19.9,2,4,16,0,0,185.56
2022-02-11 17:00:00,14.0,79.6,30.3,2,4,17,0,0,180.77
2022-02-11 18:00:00,11.0,65.9,18.8,2,4,18,0,0,188.53
2022-02-11 19:00:00,8.3,72.6,11.0,2,4,19,0,0,246.92
2022-02-11 20:00:00,9.8,80.0,12.9,2,4,20,0,0,229.2
2022-02-11 21:00:00,8.1,66.9,11.6,2,4,21,0,0,231.58
2022-02-11 22:00:00,8.3,63.2,6.9,2,4,22,0,0,214.18
2022-02-11 23:00:00,7.3,76.8,4.6,2,4,23,0,0,224.25
2022-02-12 00:00:00,8.2,62.3,4.7,2,5,0,1,0,166.56
2022-02-12 01:00:00,5.2,67.0,12.5,2,5,1,1,0,146.4
2022-02-12 02:00:00,9.4,81.4,9.9,2,5,2,1,0,152.01
2022-02-12 03:00:00,7.9,74.4,9.0,2,5,3,1,0,155.23
2022-02-12 04:00:00,12.7,83.9,10.5,2,5,4,1,0,139.32
2022-02-12 05:00:00,8.4,66.2,13.9,2,5,5,1,0,128.17
2022-02-12 06:00:00,14.6,72.0,13.0,2,5,6,1,0,144.19
2022-02-12 07:00:00,12.8,76.8,2.9,2,5,7,1,0,160.36
2022-02-12 08:00:00,12.3,64.5,5.6,2,5,8,1,0,174.93
2022-02-12 09:00:00,13.6,81.4,4.5,2,5,9,1,0,151.46
2022-02-12 10:00:00,14.8,76.7,8.2,2,5,10,1,0,153.43
2022-02-12 11:00:00,16.8,58.7,2.5,2,5,11,1,0,131.59
2022-02-12 12:00:00,17.1,71.1,13.5,2,5,12,1,0,150.94
2022-02-12 13:00:00,14.8,75.7,2.9,2,5,13,1,0,149.01
2022-02-12 14:00:00,15.4,67.6,4.5,2,5,14,1,0,141.38
2022-02-12 15:00:00,18.9,58.7,14.2,2,5,15,1,0,105.1
2022-02-12 16:00:00,17.0,73.7,2.4,2,5,16,1,0,124.67
2022-02-12 17:00:00,13.2,91.1,10.6,2,5,17,1,0,126.77
2022-02-12 18:00:00,11.2,71.3,22.7,2,5,18,1,0,153.56
2022-02-12 19:00:00,10.0,87.5,9.7,2,5,19,1,0,192.82
2022-02-12 20:00:00,9.8,69.1,12.0,2,5,20,1,0,192.93
2022-02-12 21:00:00,5.5,79.0,14.6,2,5,21,1,0,228.77
2022-02-12 22:00:00,6.2,83.1,4.0,2,5,22,1,0,230.74
2022-02-12 23:00:00,2.9,78.5,9.0,2,5,23,1,0,222.8
2022-02-13 00:00:00,7.1,74.1,5.0,2,6,0,1,0,186.19
2022-02-13 01:00:00,7.8,81.9,4.3,2,6,1,1,0,182.72
2022-02-13 02:00:00,6.0,92.1,3.7,2,6,2,1,0,199.46
2022-02-13 03:00:00,10.9,77.0,9.0,2,6,3,1,0,146.78
2022-02-13 04:00:00,6.3,72.7,14.7,2,6,4,1,0,169.6
2022-02-13 05:00:00,7.1,74.9,18.7,2,6,5,1,0,151.89
2022-02-13 06:00:00,11.7,94.3,6.5,2,6,6,1,0,163.04
2022-02-13 07:00:00,14.7,73.7,5.7,2,6,7,1,0,144.05
2022-02-13 08:00:00,17.2,66.7,11.3,2,6,8,1,0,168.18
2022-02-13 09:00:00,13.9,63.9,14.1,2,6,9,1,0,166.1
2022-02-13 10:00:00,17.8,56.5,4.3,2,6,10,1,0,156.8
2022-02-13 11:00:00,16.0,74.9,4.8,2,6,11,1,0,186.64
2022-02-13 12:00:00,15.9,77.3,8.1,2,6,12,1,0,149.28
2022-02-13 13:00:00,17.9,67.9,6.7,2,6,13,1,0,141.03
2022-02-13 14:00:00,16.9,71.4,11.8,2,6,14,1,0,166.62
2022-02-13 15:00:00,11.7,64.8,7.6,2,6,15,1,0,159.37
2022-02-13 16:00:00,16.7,72.7,2.9,2,6,16,1,0,159.87
2022-02-13 17:00:00,15.3,76.2,3.5,2,6,17,1,0,177.82
2022-02-13 18:00:00,10.0,70.7,20.6,2,6,18,1,0,172.7
2022-02-13 19:00:00,10.8,88.1,4.1,2,6,19,1,0,214.78
2022-02-13 20:00:00,9.8,68.4,2.4,2,6,20,1,0,201.68
2022-02-13 21:00:00,8.3,78.1,12.5,2,6,21,1,0,240.18
2022-02-13 22:00:00,5.9,83.9,11.2,2,6,22,1,0,240.61
2022-02-13 23:00:00,5.1,76.8,9.3,2,6,23,1,0,223.79
2022-02-14 00:00:00,6.4,75.3,7.6,2,0,0,0,0,223.43
2022-02-14 01:00:00,9.0,64.1,29.9,2,0,1,0,0,158.84
2022-02-14 02:00:00,8.3,86.7,3.0,2,0,2,0,0,214.85
2022-02-14 03:00:00,7.2,75.0,7.7,2,0,3,0,0,174.75
2022-02-14 04:00:00,10.5,79.0,8.6,2,0,4,0,0,175.99
2022-02-14 05:00:00,4.5,83.1,2.2,2,0,5,0,0,213.82
2022-02-14 06:00:00,13.8,68.1,6.2,2,0,6,0,0,179.59
2022-02-14 07:00:00,9.3,73.8,14.2,2,0,7,0,0,223.46
2022-02-14 08:00:00,13.3,84.0,7.1,2,0,8,0,0,199.79
2022-02-14 09:00:00,12.8,64.7,18.7,2,0,9,0,0,197.23
2022-02-14 10:00:00,13.2,90.4,10.3,2,0,10,0,0,204.42
2022-02-14 11:00:00,18.7,64.7,13.6,2,0,11,0,0,178.38
2022-02-14 12:00:00,15.6,62.8,15.1,2,0,12,0,0,169.83
2022-02-14 13:00:00,17.0,72.5,11.4,2,0,13,0,0,191.61
2022-02-14 14:00:00,15.7,89.8,13.1,2,0,14,0,0,181.63
2022-02-14 15:00:00,16.0,56.7,11.5,2,0,15,0,0,153.16
2022-02-14 16:00:00,14.2,71.8,8.4,2,0,16,0,0,174.39
2022-02-14 17:00:00,10.2,78.7,8.7,2,0,17,0,0,245.7
2022-02-14 18:00:00,13.5,73.5,3.7,2,0,18,0,0,201.66
2022-02-14 19:00:00,9.2,78.4,16.1,2,0,19,0,0,248.45
2022-02-14 20:00:00,5.9,71.3,5.0,2,0,20,0,0,250.16
2022-02-14 21:00:00,7.1,71.6,8.1,2,0,21,0,0,250.27
2022-02-14 22:00:00,10.2,73.7,4.3,2,0,22,0,0,204.85
2022-02-14 23:00:00,8.4,66.8,11.5,2,0,23,0,0,200.67
2022-02-15 00:00:00,6.0,76.6,31.6,2,1,0,0,0,211.49
2022-02-15 01:00:00,6.2,73.8,15.0,2,1,1,0,0,186.63
2022-02-15 02:00:00,,72.9,9.7,2,1,2,0,0,174.7
2022-02-15 03:00:00,12.3,76.4,8.7,2,1,3,0,0,167.28
2022-02-15 04:00:00,10.0,60.4,7.4,2,1,4,0,0,160.94
2022-02-15 05:00:00,11.3,72.5,3.8,2,1,5,0,0,168.56
2022-02-15 06:00:00,13.8,91.7,5.4,2,1,6,0,0,147.25
2022-02-15 07:00:00,13.5,64.6,6.2,2,1,7,0,0,157.4
2022-02-15 08:00:00,13.7,83.4,25.1,2,1,8,0,0,185.33
2022-02-15 09:00:00,14.9,73.0,6.4,2,1,9,0,0,189.19
2022-02-15 10:00:00,15.9,67.2,9.1,2,1,10,0,0,203.53
2022-02-15 11:00:00,16.5,61.2,22.5,2,1,11,0,0,162.76
2022-02-15 12:00:00,18.2,72.0,7.8,2,1,12,0,0,172.07
2022-02-15 13:00:00,16.6,83.3,4.3,2,1,13,0,0,175.52
2022-02-15 14:00:00,17.5,68.1,5.8,2,1,14,0,0,159.01
2022-02-15 15:00:00,15.1,71.8,5.8,2,1,15,0,0,177.64
2022-02-15 16:00:00,14.4,80.9,12.0,2,1,16,0,0,157.26
2022-02-15 17:00:00,,78.2,4.8,2,1,17,0,0,218.98
2022-02-15 18:00:00,13.5,60.6,12.5,2,1,18,0,0,206.18
2022-02-15 19:00:00,11.1,75.2,19.6,2,1,19,0,0,200.36
2022-02-15 20:00:00,11.2,86.5,5.3,2,1,20,0,0,233.43
2022-02-15 21:00:00,2.4,78.5,3.2,2,1,21,0,0,293.82
2022-02-15 22:00:00,11.6,52.3,10.1,2,1,22,0,0,205.96
2022-02-15 23:00:00,6.6,79.8,5.6,2,1,23,0,0,228.41
2022-02-16 00:00:00,9.1,73.8,8.1,2,2,0,0,0,209.18
2022-02-16 01:00:00,5.0,62.9,10.0,2,2,1,0,0,240.44
2022-02-16 02:00:00,8.8,62.2,6.2,2,2,2,0,0,185.68
2022-02-16 03:00:00,6.3,84.7,22.7,2,2,3,0,0,195.55
2022-02-16 04:00:00,8.2,70.0,6.1,2,2,4,0,0,183.6
2022-02-16 05:00:00,14.5,65.5,4.9,2,2,5,0,0,135.87
2022-02-16 06:00:00,11.5,73.9,19.3,2,2,6,0,0,150.97
2022-02-16 07:00:00,13.7,68.0,3.2,2,2,7,0,0,160.94
2022-02-16 08:00:00,16.2,72.7,3.1,2,2,8,0,0,185.08
2022-02-16 09:00:00,16.5,70.1,24.0,2,2,9,0,0,175.11
2022-02-16 10:00:00,16.6,62.1,3.9,2,2,10,0,0,211.96
2022-02-16 11:00:00,17.5,67.2,3.3,2,2,11,0,0,147.49
2022-02-16 12:00:00,21.7,72.7,8.1,2,2,12,0,0,171.57
2022-02-16 13:00:00,16.6,72.0,2.4,2,2,13,0,0,178.91
2022-02-16 14:00:00,16.7,71.0,9.7,2,2,14,0,0,176.53
2022-02-16 15:00:00,17.6,86.7,6.8,2,2,15,0,0,167.74
2022-02-16 16:00:00,16.6,77.5,10.2,2,2,16,0,0,171.57
2022-02-16 17:00:00,15.6,79.0,4.7,2,2,17,0,0,182.31
2022-02-16 18:00:00,13.2,72.1,20.9,2,2,18,0,0,196.38
2022-02-16 19:00:00,8.3,77.6,4.5,2,2,19,0,0,237.61
2022-02-16 20:00:00,12.7,70.2,10.1,2,2,20,0,0,244.38
2022-02-16 21:00:00,6.1,83.2,25.2,2,2,21,0,0,254.5
2022-02-16 22:00:00,8.2,75.0,6.1,2,2,22,0,0,229.25
2022-02-16 23:00:00,5.6,79.0,3.4,2,2,23,0,0,226.21
2022-02-17 00:00:00,7.0,77.8,2.6,2,3,0,0,0,201.52
2022-02-17 01:00:00,8.0,75.9,28.4,2,3,1,0,0,203.26
2022-02-17 02:00:00,8.5,99.3,13.5,2,3,2,0,0,148.92
2022-02-17 03:00:00,9.5,69.9,22.1,2,3,3,0,0,165.18
2022-02-17 04:00:00,12.9,68.2,11.6,2,3,4,0,0,152.77
2022-02-17 05:00:00,11.8,79.7,5.4,2,3,5,0,0,179.12
2022-02-17 06:00:00,11.7,69.4,3.1,2,3,6,0,0,182.57
2022-02-17 07:00:00,15.4,70.0,23.2,2,3,7,0,0,185.15
2022-02-17 08:00:00,17.0,62.8,7.4,2,3,8,0,0,175.12
2022-02-17 09:00:00,13.2,77.3,6.0,2,3,9,0,0,199.7
2022-02-17 10:00:00,17.7,75.2,8.9,2,3,10,0,0,202.02
2022-02-17 11:00:00,18.4,68.3,2.9,2,3,11,0,0,206.77
2022-02-17 12:00:00,16.6,77.4,5.0,2,3,12,0,0,191.68
2022-02-17 13:00:00,19.7,55.3,10.1,2,3,13,0,0,172.81
2022-02-17 14:00:00,16.2,66.3,2.8,2,3,14,0,0,163.17
2022-02-17 15:00:00,15.9,70.7,3.2,2,3,15,0,0,168.77
2022-02-17 16:00:00,14.3,63.5,7.7,2,3,16,0,0,193.03
2022-02-17 17:00:00,13.5,59.3,9.8,2,3,17,0,0,187.0
2022-02-17 18:00:00,10.0,72.6,3.7,2,3,18,0,0,211.84
2022-02-17 19:00:00,8.0,81.6,2.3,2,3,19,0,0,243.3
2022-02-17 20:00:00,12.8,83.8,27.4,2,3,20,0,0,222.98
2022-02-17 21:00:00,6.9,72.2,2.2,2,3,21,0,0,264.59
2022-02-17 22:00:00,5.8,82.9,2.0,2,3,22,0,0,235.83
2022-02-17 23:00:00,3.0,83.6,5.1,2,3,23,0,0,266.07
2022-02-18 00:00:00,6.1,86.7,4.0,2,4,0,0,0,215.66
2022-02-18 01:00:00,4.9,74.8,8.8,2,4,1,0,0,213.06
2022-02-18 02:00:00,11.3,60.0,20.0,2,4,2,0,0,173.81
2022-02-18 03:00:00,10.9,75.1,7.2,2,4,3,0,0,161.48
2022-02-18 04:00:00,8.5,67.6,13.9,2,4,4,0,0,168.01
2022-02-18 05:00:00,15.6,66.4,21.2,2,4,5,0,0,131.59
2022-02-18 06:00:00,14.3,70.4,3.7,2,4,6,0,0,163.93
2022-02-18 07:00:00,13.0,70.8,7.4,2,4,7,0,0,168.74
2022-02-18 08:00:00,9.9,76.2,10.2,2,4,8,0,0,193.87
2022-02-18 09:00:00,20.5,75.4,5.2,2,4,9,0,0,168.48
2022-02-18 10:00:00,13.9,70.1,12.8,2,4,10,0,0,183.46
2022-02-18 11:00:00,13.9,76.2,11.8,2,4,11,0,0,183.4
2022-02-18 12:00:00,19.4,70.4,6.4,2,4,12,0,0,178.8
2022-02-18 13:00:00,22.1,76.4,2.7,2,4,13,0,0,136.99
2022-02-18 14:00:00,19.5,68.8,2.1,2,4,14,0,0,150.16
2022-02-18 15:00:00,,70.9,5.7,2,4,15,0,0,161.15
2022-02-18 16:00:00,16.1,69.0,2.7,2,4,16,0,0,186.15
2022-02-18 17:00:00,15.4,71.0,14.2,2,4,17,0,0,169.57
2022-02-18 18:00:00,13.9,66.8,5.3,2,4,18,0,0,190.83
2022-02-18 19:00:00,11.6,67.1,10.8,2,4,19,0,0,210.57
2022-02-18 20:00:00,10.1,81.2,5.4,2,4,20,0,0,204.83
2022-02-18 21:00:00,8.7,67.0,14.7,2,4,21,0,0,237.08
2022-02-18 22:00:00,6.5,74.2,19.5,2,4,22,0,0,240.82
2022-02-18 23:00:00,7.0,84.6,16.5,2,4,23,0,0,233.73
2022-02-19 00:00:00,4.2,75.1,7.3,2,5,0,1,0,239.11
2022-02-19 01:00:00,7.6,82.8,2.7,2,5,1,1,0,153.97
2022-02-19 02:00:00,6.3,72.1,5.7,2,5,2,1,0,150.55
2022-02-19 03:00:00,6.9,68.2,6.4,2,5,3,1,0,175.27
2022-02-19 04:00:00,10.5,62.0,27.8,2,5,4,1,0,125.66
2022-02-19 05:00:00,14.1,83.5,8.7,2,5,5,1,0,120.78
2022-02-19 06:00:00,14.4,63.7,10.2,2,5,6,1,0,131.67
2022-02-19 07:00:00,10.7,80.6,14.2,2,5,7,1,0,156.51
2022-02-19 08:00:00,13.1,65.4,8.7,2,5,8,1,0,188.2
2022-02-19 09:00:00,18.0,81.5,9.3,2,5,9,1,0,193.97
2022-02-19 10:00:00,15.0,90.2,4.3,2,5,10,1,0,152.75
2022-02-19 11:00:00,17.0,58.0,2.5,2,5,11,1,0,136.8
2022-02-19 12:00:00,18.7,62.0,12.2,2,5,12,1,0,132.03
2022-02-19 13:00:00,15.5,78.4,17.1,2,5,13,1,0,135.07
2022-02-19 14:00:00,17.1,,6.2,2,5,14,1,0,128.33
2022-02-19 15:00:00,13.5,79.5,8.4,2,5,15,1,0,148.05
2022-02-19 16:00:00,13.9,68.5,4.9,2,5,16,1,0,143.56
2022-02-19 17:00:00,14.5,88.6,6.8,2,5,17,1,0,139.91
2022-02-19 18:00:00,9.4,76.2,3.9,2,5,18,1,0,179.45
2022-02-19 19:00:00,12.2,64.2,13.4,2,5,19,1,0,205.15
2022-02-19 20:00:00,10.1,72.9,7.4,2,5,20,1,0,198.49
2022-02-19 21:00:00,10.2,65.3,8.3,2,5,21,1,0,189.62
2022-02-19 22:00:00,8.7,88.4,2.3,2,5,22,1,0,180.96
2022-02-19 23:00:00,10.5,69.5,9.8,2,5,23,1,0,165.09
2022-02-20 00:00:00,8.1,79.9,3.8,2,6,0,1,0,188.5
2022-02-20 01:00:00,7.1,72.7,5.9,2,6,1,1,0,180.95
2022-02-20 02:00:00,8.7,70.7,6.3,2,6,2,1,0,166.61
2022-02-20 03:00:00,10.4,59.5,6.8,2,6,3,1,0,120.3
2022-02-20 04:00:00,10.4,79.6,4.1,2,6,4,1,0,129.77
2022-02-20 05:00:00,11.6,84.6,17.2,2,6,5,1,0,159.98
2022-02-20 06:00:00,11.4,67.0,6.5,2,6,6,1,0,164.83
2022-02-20 07:00:00,12.8,61.2,9.6,2,6,7,1,0,147.96
2022-02-20 08:00:00,12.5,80.2,9.6,2,6,8,1,0,181.85
2022-02-20 09:00:00,19.9,56.9,9.5,2,6,9,1,0,131.69
2022-02-20 10:00:00,14.7,82.4,8.6,2,6,10,1,0,155.2
2022-02-20 11:00:00,16.3,64.6,15.8,2,6,11,1,0,131.91
2022-02-20 12:00:00,16.4,63.0,15.4,2,6,12,1,0,152.72
2022-02-20 13:00:00,19.4,72.3,6.3,2,6,13,1,0,143.24
2022-02-20 14:00:00,16.6,63.4,10.1,2,6,14,1,0,128.05
2022-02-20 15:00:00,18.9,64.9,2.9,2,6,15,1,0,121.89
2022-02-20 16:00:00,14.0,75.8,2.8,2,6,16,1,0,189.45
2022-02-20 17:00:00,14.7,53.2,7.2,2,6,17,1,0,144.95
2022-02-20 18:00:00,11.1,87.6,20.4,2,6,18,1,0,200.58
2022-02-20 19:00:00,15.8,72.4,10.4,2,6,19,1,0,169.2
2022-02-20 20:00:00,7.9,65.7,10.9,2,6,20,1,0,206.16
2022-02-20 21:00:00,9.9,66.9,3.4,2,6,21,1,0,221.52
2022-02-20 22:00:00,9.8,83.1,6.8,2,6,22,1,0,205.09
2022-02-20 23:00:00,8.8,80.4,6.1,2,6,23,1,0,187.14
2022-02-21 00:00:00,7.7,87.3,14.2,2,0,0,0,0,215.87
2022-02-21 01:00:00,8.0,70.6,3.2,2,0,1,0,0,229.55
2022-02-21 02:00:00,8.8,78.0,8.2,2,0,2,0,0,169.2
2022-02-21 03:00:00,9.2,78.8,21.4,2,0,3,0,0,175.94
2022-02-21 04:00:00,12.5,79.3,19.8,2,0,4,0,0,148.11
2022-02-21 05:00:00,16.2,80.9,17.3,2,0,5,0,0,134.28
2022-02-21 06:00:00,11.9,68.3,5.8,2,0,6,0,0,161.08
2022-02-21 07:00:00,11.6,73.3,24.7,2,0,7,0,0,202.61
2022-02-21 08:00:00,15.4,67.4,15.1,2,0,8,0,0,148.62
2022-02-21 09:00:00,21.7,68.7,17.2,2,0,9,0,0,180.88
2022-02-21 10:00:00,15.8,77.7,23.5,2,0,10,0,0,173.82
2022-02-21 11:00:00,21.2,56.2,24.1,2,0,11,0,0,193.03
2022-02-21 12:00:00,21.4,78.2,4.2,2,0,12,0,0,170.56
2022-02-21 13:00:00,16.8,62.5,3.1,2,0,13,0,0,163.41
2022-02-21 14:00:00,18.5,68.3,11.4,2,0,14,0,0,180.87
2022-02-21 15:00:00,19.8,80.0,8.6,2,0,15,0,0,172.09
2022-02-21 16:00:00,14.8,75.2,5.2,2,0,16,0,0,182.04
2022-02-21 17:00:00,13.9,75.7,11.2,2,0,17,0,0,193.52
2022-02-21 18:00:00,11.9,64.6,2.5,2,0,18,0,0,186.74
2022-02-21 19:00:00,9.7,66.8,2.4,2,0,19,0,0,237.95
2022-02-21 20:00:00,9.2,82.9,5.5,2,0,20,0,0,234.79
2022-02-21 21:00:00,7.1,71.8,3.7,2,0,21,0,0,251.15
2022-02-21 22:00:00,8.8,71.6,12.1,2,0,22,0,0,225.61
2022-02-21 23:00:00,6.7,84.4,25.7,2,0,23,0,0,202.51
2022-02-22 00:00:00,8.7,67.2,10.7,2,1,0,0,0,196.18
2022-02-22 01:00:00,5.3,79.5,10.5,2,1,1,0,0,208.1
2022-02-22 02:00:00,9.6,75.5,2.1,2,1,2,0,0,158.79
2022-02-22 03:00:00,11.4,74.3,7.7,2,1,3,0,0,159.32
2022-02-22 04:00:00,6.8,72.5,15.6,2,1,4,0,0,189.77
2022-02-22 05:00:00,12.7,69.0,10.5,2,1,5,0,0,170.02
2022-02-22 06:00:00,15.7,63.5,4.1,2,1,6,0,0,123.58
2022-02-22 07:00:00,12.2,77.8,17.1,2,1,7,0,0,186.89
2022-02-22 08:00:00,19.1,65.1,28.7,2,1,8,0,0,151.9
2022-02-22 09:00:00,17.7,78.9,4.6,2,1,9,0,0,199.5
2022-02-22 10:00:00,16.2,70.1,3.9,2,1,10,0,0,192.45
2022-02-22 11:00:00,18.0,62.5,5.3,2,1,11,0,0,176.59
2022-02-22 12:00:00,19.4,68.4,2.5,2,1,12,0,0,171.5
2022-02-22 13:00:00,18.3,67.6,18.5,2,1,13,0,0,164.34
2022-02-22 14:00:00,18.7,78.7,23.2,2,1,14,0,0,167.89
2022-02-22 15:00:00,15.0,69.6,10.0,2,1,15,0,0,152.92
2022-02-22 16:00:00,16.1,69.7,13.6,2,1,16,0,0,158.39
2022-02-22 17:00:00,11.7,85.4,10.8,2,1,17,0,0,216.6
2022-02-22 18:00:00,13.1,77.5,5.8,2,1,18,0,0,194.23
2022-02-22 19:00:00,10.2,88.2,10.0,2,1,19,0,0,232.23
2022-02-22 20:00:00,9.3,85.4,16.5,2,1,20,0,0,214.16
2022-02-22 21:00:00,12.2,66.8,15.3,2,1,21,0,0,180.93
2022-02-22 22:00:00,11.1,82.4,2.7,2,1,22,0,0,196.57
2022-02-22 23:00:00,9.7,87.4,7.0,2,1,23,0,0,198.4
2022-02-23 00:00:00,6.3,89.1,6.1,2,2,0,0,0,229.25
2022-02-23 01:00:00,8.0,83.9,13.2,2,2,1,0,0,207.38
2022-02-23 02:00:00,11.6,81.9,7.6,2,2,2,0,0,136.3
2022-02-23 03:00:00,10.3,72.5,5.4,2,2,3,0,0,160.44
2022-02-23 04:00:00,15.6,65.5,11.8,2,2,4,0,0,151.98
2022-02-23 05:00:00,13.0,70.7,7.1,2,2,5,0,0,160.49
2022-02-23 06:00:00,13.9,59.7,4.4,2,2,6,0,0,187.3
2022-02-23 07:00:00,14.2,83.7,19.7,2,2,7,0,0,182.66
2022-02-23 08:00:00,16.3,69.6,3.0,2,2,8,0,0,175.89
2022-02-23 09:00:00,16.7,82.0,2.1,2,2,9,0,0,189.01
2022-02-23 10:00:00,19.3,60.5,3.2,2,2,10,0,0,182.52
2022-02-23 11:00:00,20.3,78.5,3.4,2,2,11,0,0,171.39
2022-02-23 12:00:00,16.9,67.6,8.2,2,2,12,0,0,189.89
2022-02-23 13:00:00,15.7,61.9,9.8,2,2,13,0,0,179.61
2022-02-23 14:00:00,14.2,85.9,6.8,2,2,14,0,0,184.06
2022-02-23 15:00:00,18.1,79.8,3.8,2,2,15,0,0,167.63
2022-02-23 16:00:00,13.8,74.8,3.1,2,2,16,0,0,163.15
2022-02-23 17:00:00,10.5,75.0,7.4,2,2,17,0,0,207.49
2022-02-23 18:00:00,14.3,76.4,8.7,2,2,18,0,0,194.66
2022-02-23 19:00:00,17.2,73.0,4.9,2,2,19,0,0,225.53
2022-02-23 20:00:00,11.0,68.2,4.0,2,2,20,0,0,204.32
2022-02-23 21:00:00,11.6,70.9,2.7,2,2,21,0,0,206.16
2022-02-23 22:00:00,9.3,91.0,2.2,2,2,22,0,0,201.72
2022-02-23 23:00:00,8.5,97.1,2.9,2,2,23,0,0,218.1
2022-02-24 00:00:00,10.6,87.2,12.8,2,3,0,0,0,154.74
2022-02-24 01:00:00,8.3,79.7,5.4,2,3,1,0,0,208.57
2022-02-24 02:00:00,,72.3,2.2,2,3,2,0,0,190.65
2022-02-24 03:00:00,10.8,68.2,7.7,2,3,3,0,0,160.37
2022-02-24 04:00:00,9.9,69.2,8.1,2,3,4,0,0,155.73
2022-02-24 05:00:00,14.4,68.4,6.5,2,3,5,0,0,132.91
2022-02-24 06:00:00,13.4,90.5,2.9,2,3,6,0,0,166.22
2022-02-24 07:00:00,13.5,87.7,13.3,2,3,7,0,0,189.05
2022-02-24 08:00:00,17.3,77.3,11.3,2,3,8,0,0,163.52
2022-02-24 09:00:00,15.5,64.6,6.0,2,3,9,0,0,216.87
2022-02-24 10:00:00,18.1,78.1,5.8,2,3,10,0,0,211.57
2022-02-24 11:00:00,18.6,68.8,3.4,2,3,11,0,0,183.42
2022-02-24 12:00:00,20.9,52.3,13.2,2,3,12,0,0,155.67
2022-02-24 13:00:00,19.5,72.5,9.3,2,3,13,0,0,154.93
2022-02-24 14:00:00,18.0,64.3,2.7,2,3,14,0,0,185.35
2022-02-24 15:00:00,18.9,64.1,5.8,2,3,15,0,0,146.93
2022-02-24 16:00:00,19.0,68.5,20.7,2,3,16,0,0,167.17
2022-02-24 17:00:00,16.2,67.9,6.8,2,3,17,0,0,173.9
2022-02-24 18:00:00,13.8,72.8,5.1,2,3,18,0,0,206.22
2022-02-24 19:00:00,9.8,74.4,10.3,2,3,19,0,0,212.26
2022-02-24 20:00:00,9.1,60.4,3.8,2,3,20,0,0,227.76
2022-02-24 21:00:00,9.6,87.4,7.9,2,3,21,0,0,230.64
2022-02-24 22:00:00,8.2,68.0,10.9,2,3,22,0,0,212.43
2022-02-24 23:00:00,8.5,68.1,17.4,2,3,23,0,0,223.74
2022-02-25 00:00:00,9.1,72.8,11.4,2,4,0,0,0,174.83
2022-02-25 01:00:00,10.2,74.0,5.9,2,4,1,0,0,168.25
2022-02-25 02:00:00,9.5,86.9,13.7,2,4,2,0,0,196.0
2022-02-25 03:00:00,11.4,76.4,20.3,2,4,3,0,0,173.34
2022-02-25 04:00:00,11.6,78.7,7.2,2,4,4,0,0,188.53
2022-02-25 05:00:00,8.7,77.8,2.0,2,4,5,0,0,161.9
2022-02-25 06:00:00,12.1,75.8,19.0,2,4,6,0,0,173.31
2022-02-25 07:00:00,15.0,75.0,3.4,2,4,7,0,0,176.47
2022-02-25 08:00:00,14.1,57.5,3.1,2,4,8,0,0,175.37
2022-02-25 09:00:00,18.7,68.6,4.9,2,4,9,0,0,186.94
2022-02-25 10:00:00,21.4,78.6,5.8,2,4,10,0,0,180.91
2022-02-25 11:00:00,21.2,100.0,14.9,2,4,11,0,0,186.62
2022-02-25 12:00:00,18.6,61.1,5.9,2,4,12,0,0,222.57
2022-02-25 13:00:00,21.8,72.5,2.4,2,4,13,0,0,170.14
2022-02-25 14:00:00,18.6,66.1,10.1,2,4,14,0,0,162.57
2022-02-25 15:00:00,16.8,88.0,10.9,2,4,15,0,0,177.99
2022-02-25 16:00:00,15.3,61.5,15.5,2,4,16,0,0,165.57
2022-02-25 17:00:00,,77.7,6.1,2,4,17,0,0,165.29
2022-02-25 18:00:00,13.2,62.1,2.7,2,4,18,0,0,171.21
2022-02-25 19:00:00,13.0,70.9,8.4,2,4,19,0,0,207.06
2022-02-25 20:00:00,11.8,73.8,3.0,2,4,20,0,0,217.61
2022-02-25 21:00:00,10.4,83.3,2.1,2,4,21,0,0,198.14
2022-02-25 22:00:00,10.5,66.1,14.1,2,4,22,0,0,229.45
2022-02-25 23:00:00,11.5,79.5,6.1,2,4,23,0,0,197.8
2022-02-26 00:00:00,11.1,74.6,8.0,2,5,0,1,0,173.12
2022-02-26 01:00:00,6.4,79.0,10.7,2,5,1,1,0,143.45
2022-02-26 02:00:00,4.8,85.3,6.1,2,5,2,1,0,210.93
2022-02-26 03:00:00,12.5,63.5,2.4,2,5,3,1,0,122.95
2022-02-26 04:00:00,9.0,82.0,4.3,2,5,4,1,0,176.38
2022-02-26 05:00:00,12.5,69.2,3.7,2,5,5,1,0,144.01
2022-02-26 06:00:00,11.9,82.8,32.3,2,5,6,1,0,148.69
2022-02-26 07:00:00,11.9,76.7,12.8,2,5,7,1,0,165.96
2022-02-26 08:00:00,,69.4,6.8,2,5,8,1,0,142.78
2022-02-26 09:00:00,19.3,65.6,2.5,2,5,9,1,0,146.85
2022-02-26 10:00:00,17.4,77.9,3.0,2,5,10,1,0,161.72
2022-02-26 11:00:00,13.9,83.2,15.4,2,5,11,1,0,148.19
2022-02-26 12:00:00,18.1,66.7,25.3,2,5,12,1,0,132.12
2022-02-26 13:00:00,19.8,61.0,2.3,2,5,13,1,0,127.73
2022-02-26 14:00:00,15.6,77.8,21.3,2,5,14,1,0,115.02
2022-02-26 15:00:00,18.1,59.4,5.8,2,5,15,1,0,138.61
2022-02-26 16:00:00,16.7,61.2,3.9,2,5,16,1,0,139.33
2022-02-26 17:00:00,16.7,63.2,2.9,2,5,17,1,0,151.37
2022-02-26 18:00:00,14.5,69.4,13.8,2,5,18,1,0,172.89
2022-02-26 19:00:00,11.0,63.8,7.1,2,5,19,1,0,187.74
2022-02-26 20:00:00,14.1,57.4,16.3,2,5,20,1,0,160.57
2022-02-26 21:00:00,10.4,65.7,4.1,2,5,21,1,0,201.41
2022-02-26 22:00:00,9.8,80.2,11.1,2,5,22,1,0,145.98
2022-02-26 23:00:00,7.5,66.1,3.0,2,5,23,1,0,192.11
2022-02-27 00:00:00,8.6,73.0,2.8,2,6,0,1,0,180.61
2022-02-27 01:00:00,7.9,91.6,3.1,2,6,1,1,0,189.52
2022-02-27 02:00:00,9.8,74.7,15.2,2,6,2,1,0,136.56
2022-02-27 03:00:00,14.3,75.6,10.5,2,6,3,1,0,88.51
2022-02-27 04:00:00,,67.8,3.5,2,6,4,1,0,112.7
2022-02-27 05:00:00,9.9,92.3,5.9,2,6,5,1,0,169.92
2022-02-27 06:00:00,17.4,67.0,13.5,2,6,6,1,0,120.88
2022-02-27 07:00:00,15.3,70.5,4.7,2,6,7,1,0,177.22
2022-02-27 08:00:00,15.6,82.7,22.3,2,6,8,1,0,129.99
2022-02-27 09:00:00,20.1,68.5,21.7,2,6,9,1,0,152.03
2022-02-27 10:00:00,17.6,71.6,8.4,2,6,10,1,0,187.05
2022-02-27 11:00:00,22.9,66.3,10.0,2,6,11,1,0,154.67
2022-02-27 12:00:00,20.8,67.4,10.5,2,6,12,1,0,119.67
2022-02-27 13:00:00,18.3,73.8,4.4,2,6,13,1,0,184.77
2022-02-27 14:00:00,23.1,72.9,5.6,2,6,14,1,0,157.56
2022-02-27 15:00:00,16.8,66.5,3.2,2,6,15,1,0,134.84
2022-02-27 16:00:00,18.4,64.7,22.7,2,6,16,1,0,139.24
2022-02-27 17:00:00,16.3,67.0,12.3,2,6,17,1,0,157.43
2022-02-27 18:00:00,17.1,60.3,2.4,2,6,18,1,0,166.89
2022-02-27 19:00:00,16.3,59.1,8.4,2,6,19,1,0,146.3
2022-02-27 20:00:00,12.0,76.4,5.4,2,6,20,1,0,200.0
2022-02-27 21:00:00,9.4,82.8,15.5,2,6,21,1,0,223.91
2022-02-27 22:00:00,11.0,81.4,5.4,2,6,22,1,0,193.59
2022-02-27 23:00:00,8.3,56.8,10.3,2,6,23,1,0,187.99
2022-02-28 00:00:00,13.7,71.2,3.4,2,0,0,0,0,157.22
2022-02-28 01:00:00,10.1,66.1,8.5,2,0,1,0,0,160.05
2022-02-28 02:00:00,9.6,76.3,4.8,2,0,2,0,0,152.51
2022-02-28 03:00:00,11.5,70.9,3.4,2,0,3,0,0,173.39
2022-02-28 04:00:00,9.5,80.0,9.7,2,0,4,0,0,172.56
2022-02-28 05:00:00,11.5,74.1,10.1,2,0,5,0,0,149.02
2022-02-28 06:00:00,17.1,56.3,34.8,2,0,6,0,0,152.73
2022-02-28 07:00:00,14.7,64.9,10.8,2,0,7,0,0,160.7
2022-02-28 08:00:00,15.1,72.5,7.8,2,0,8,0,0,169.2
2022-02-28 09:00:00,19.3,71.1,21.5,2,0,9,0,0,166.2
2022-02-28 10:00:00,21.4,58.1,16.1,2,0,10,0,0,171.52
2022-02-28 11:00:00,21.0,57.2,8.4,2,0,11,0,0,181.59
2022-02-28 12:00:00,21.7,69.6,7.7,2,0,12,0,0,157.12
2022-02-28 13:00:00,18.0,59.8,24.8,2,0,13,0,0,169.5
2022-02-28 14:00:00,16.2,58.6,9.7,2,0,14,0,0,167.96
2022-02-28 15:00:00,21.2,65.8,12.0,2,0,15,0,0,144.25
2022-02-28 16:00:00,16.5,67.8,2.7,2,0,16,0,0,164.76
2022-02-28 17:00:00,15.5,65.2,12.1,2,0,17,0,0,165.82
2022-02-28 18:00:00,17.4,65.7,4.5,2,0,18,0,0,183.14
2022-02-28 19:00:00,14.5,72.9,3.0,2,0,19,0,0,227.48
2022-02-28 20:00:00,13.1,67.7,17.2,2,0,20,0,0,200.01
2022-02-28 21:00:00,15.5,72.8,11.4,2,0,21,0,0,199.89
2022-02-28 22:00:00,9.1,72.4,6.2,2,0,22,0,0,209.16
2022-02-28 23:00:00,11.7,75.5,6.5,2,0,23,0,0,201.77
2022-03-01 00:00:00,10.1,82.0,3.8,3,1,0,0,0,191.07
2022-03-01 01:00:00,10.6,81.4,2.1,3,1,1,0,0,198.43
2022-03-01 02:00:00,13.7,83.5,5.4,3,1,2,0,0,144.62
2022-03-01 03:00:00,12.4,80.5,3.3,3,1,3,0,0,170.89
2022-03-01 04:00:00,13.5,,6.4,3,1,4,0,0,174.0
2022-03-01 05:00:00,15.8,68.6,16.4,3,1,5,0,0,139.68
2022-03-01 06:00:00,14.2,69.8,3.0,3,1,6,0,0,165.3
2022-03-01 07:00:00,14.6,65.7,2.8,3,1,7,0,0,177.08
2022-03-01 08:00:00,15.3,72.4,20.6,3,1,8,0,0,171.25
2022-03-01 09:00:00,14.5,78.3,12.9,3,1,9,0,0,194.85
2022-03-01 10:00:00,23.4,62.5,2.4,3,1,10,0,0,193.07
2022-03-01 11:00:00,17.6,,2.7,3,1,11,0,0,184.63
2022-03-01 12:00:00,19.5,64.8,11.2,3,1,12,0,0,166.78
2022-03-01 13:00:00,19.2,72.1,5.7,3,1,13,0,0,169.54
2022-03-01 14:00:00,19.9,65.7,12.3,3,1,14,0,0,148.19
2022-03-01 15:00:00,20.1,64.0,6.1,3,1,15,0,0,149.86
2022-03-01 16:00:00,19.2,65.0,29.5,3,1,16,0,0,134.04
2022-03-01 17:00:00,15.1,76.5,11.5,3,1,17,0,0,176.65
2022-03-01 18:00:00,14.6,71.9,2.4,3,1,18,0,0,200.05
2022-03-01 19:00:00,14.2,69.5,5.2,3,1,19,0,0,199.68
2022-03-01 20:00:00,11.9,76.1,8.6,3,1,20,0,0,207.22
2022-03-01 21:00:00,14.6,69.4,3.2,3,1,21,0,0,201.69
2022-03-01 22:00:00,11.6,83.2,2.0,3,1,22,0,0,216.27
2022-03-01 23:00:00,11.6,66.4,2.7,3,1,23,0,0,195.66
2022-03-02 00:00:00,11.5,72.8,7.9,3,2,0,0,0,207.33
2022-03-02 01:00:00,12.7,62.4,10.0,3,2,1,0,0,148.38
2022-03-02 02:00:00,11.2,71.6,2.8,3,2,2,0,0,164.29
2022-03-02 03:00:00,9.1,62.0,10.8,3,2,3,0,0,181.9
2022-03-02 04:00:00,13.5,79.2,9.7,3,2,4,0,0,144.34
2022-03-02 05:00:00,12.6,79.8,24.5,3,2,5,0,0,186.98
2022-03-02 06:00:00,14.1,79.2,16.7,3,2,6,0,0,163.56
2022-03-02 07:00:00,17.6,71.4,25.0,3,2,7,0,0,164.13
2022-03-02 08:00:00,20.2,62.9,29.1,3,2,8,0,0,157.78
2022-03-02 09:00:00,18.8,64.2,6.7,3,2,9,0,0,195.1
2022-03-02 10:00:00,20.1,82.2,7.4,3,2,10,0,0,170.87
2022-03-02 11:00:00,23.4,79.8,4.6,3,2,11,0,0,207.16
2022-03-02 12:00:00,20.7,70.6,7.7,3,2,12,0,0,174.49
2022-03-02 13:00:00,25.2,63.3,3.3,3,2,13,0,0,174.61
2022-03-02 14:00:00,20.6,80.6,10.9,3,2,14,0,0,147.63
2022-03-02 15:00:00,15.2,66.8,2.2,3,2,15,0,0,173.66
2022-03-02 16:00:00,19.2,72.2,4.1,3,2,16,0,0,147.8
2022-03-02 17:00:00,17.2,82.2,3.9,3,2,17,0,0,194.08
2022-03-02 18:00:00,17.8,64.4,24.2,3,2,18,0,0,151.63
2022-03-02 19:00:00,15.2,79.0,3.3,3,2,19,0,0,206.14
2022-03-02 20:00:00,12.4,78.0,19.7,3,2,20,0,0,205.73
2022-03-02 21:00:00,9.2,75.1,3.1,3,2,21,0,0,208.84
2022-03-02 22:00:00,10.4,66.8,10.4,3,2,22,0,0,193.52
2022-03-02 23:00:00,8.7,69.9,5.1,3,2,23,0,0,217.71
2022-03-03 00:00:00,9.3,77.7,5.0,3,3,0,0,0,176.39
2022-03-03 01:00:00,11.8,62.7,50.0,3,3,1,0,0,132.8
2022-03-03 02:00:00,14.4,73.8,4.0,3,3,2,0,0,157.39
2022-03-03 03:00:00,12.7,78.0,3.8,3,3,3,0,0,172.0
2022-03-03 04:00:00,10.5,82.6,9.1,3,3,4,0,0,180.68
2022-03-03 05:00:00,15.0,61.3,12.8,3,3,5,0,0,147.66
2022-03-03 06:00:00,17.8,81.6,34.4,3,3,6,0,0,147.5
2022-03-03 07:00:00,15.5,85.8,11.7,3,3,7,0,0,174.28
2022-03-03 08:00:00,17.7,74.5,8.6,3,3,8,0,0,159.52
2022-03-03 09:00:00,19.0,,6.2,3,3,9,0,0,183.26
2022-03-03 10:00:00,18.2,68.3,9.2,3,3,10,0,0,168.78
2022-03-03 11:00:00,21.6,68.8,9.3,3,3,11,0,0,186.71
2022-03-03 12:00:00,20.2,72.1,4.0,3,3,12,0,0,175.7
2022-03-03 13:00:00,21.1,69.6,10.9,3,3,13,0,0,128.01
2022-03-03 14:00:00,18.0,73.3,3.8,3,3,14,0,0,178.29
2022-03-03 15:00:00,18.1,70.2,7.4,3,3,15,0,0,151.45
2022-03-03 16:00:00,19.4,72.4,4.4,3,3,16,0,0,152.93
2022-03-03 17:00:00,16.0,68.3,5.0,3,3,17,0,0,189.46
2022-03-03 18:00:00,18.9,67.9,9.6,3,3,18,0,0,174.81
2022-03-03 19:00:00,13.3,68.7,2.5,3,3,19,0,0,217.39
2022-03-03 20:00:00,13.4,88.7,2.1,3,3,20,0,0,209.34
2022-03-03 21:00:00,13.8,84.8,3.1,3,3,21,0,0,223.24
2022-03-03 22:00:00,8.3,80.3,3.5,3,3,22,0,0,231.78
2022-03-03 23:00:00,7.1,87.1,3.8,3,3,23,0,0,233.99
2022-03-04 00:00:00,7.6,82.6,13.9,3,4,0,0,0,195.34
2022-03-04 01:00:00,13.4,74.8,6.7,3,4,1,0,0,185.0
2022-03-04 02:00:00,10.2,62.8,7.1,3,4,2,0,0,195.31
2022-03-04 03:00:00,17.3,69.3,10.3,3,4,3,0,0,103.29
2022-03-04 04:00:00,12.0,71.3,12.4,3,4,4,0,0,171.52
2022-03-04 05:00:00,14.7,63.6,2.0,3,4,5,0,0,139.19
2022-03-04 06:00:00,18.8,58.7,17.5,3,4,6,0,0,151.69
2022-03-04 07:00:00,21.0,73.5,37.7,3,4,7,0,0,118.82
2022-03-04 08:00:00,22.3,71.4,3.0,3,4,8,0,0,178.3
2022-03-04 09:00:00,21.6,59.8,10.4,3,4,9,0,0,161.49
2022-03-04 10:00:00,22.1,63.0,2.0,3,4,10,0,0,175.97
2022-03-04 11:00:00,21.7,78.4,2.4,3,4,11,0,0,177.35
2022-03-04 12:00:00,22.2,61.9,4.7,3,4,12,0,0,158.42
2022-03-04 13:00:00,19.4,71.7,17.0,3,4,13,0,0,148.91
2022-03-04 14:00:00,18.4,69.3,10.5,3,4,14,0,0,152.4
2022-03-04 15:00:00,19.2,74.5,6.7,3,4,15,0,0,156.7
2022-03-04 16:00:00,17.8,64.2,6.6,3,4,16,0,0,165.9
2022-03-04 17:00:00,16.1,72.7,7.0,3,4,17,0,0,203.08
2022-03-04 18:00:00,17.1,72.8,5.0,3,4,18,0,0,170.51
2022-03-04 19:00:00,16.3,73.7,18.8,3,4,19,0,0,193.06
2022-03-04 20:00:00,13.3,74.0,8.7,3,4,20,0,0,223.13
2022-03-04 21:00:00,15.1,75.2,7.3,3,4,21,0,0,190.51
2022-03-04 22:00:00,9.1,93.0,7.0,3,4,22,0,0,191.67
2022-03-04 23:00:00,10.5,95.3,24.0,3,4,23,0,0,169.26
2022-03-05 00:00:00,9.5,70.1,12.3,3,5,0,1,0,124.24
2022-03-05 01:00:00,7.4,57.8,3.3,3,5,1,1,0,190.28
2022-03-05 02:00:00,11.4,79.1,6.6,3,5,2,1,0,149.95
2022-03-05 03:00:00,12.1,75.4,4.7,3,5,3,1,0,145.97
2022-03-05 04:00:00,16.4,80.3,36.7,3,5,4,1,0,120.86
2022-03-05 05:00:00,15.9,74.3,6.3,3,5,5,1,0,119.05
2022-03-05 06:00:00,13.9,73.5,2.6,3,5,6,1,0,179.41
2022-03-05 07:00:00,20.9,78.6,6.2,3,5,7,1,0,142.81
2022-03-05 08:00:00,20.9,79.7,5.1,3,5,8,1,0,147.91
2022-03-05 09:00:00,20.6,58.6,9.3,3,5,9,1,0,166.3
2022-03-05 10:00:00,19.8,63.6,4.1,3,5,10,1,0,168.22
2022-03-05 11:00:00,18.8,69.7,2.3,3,5,11,1,0,178.78
2022-03-05 12:00:00,20.2,70.7,2.8,3,5,12,1,0,169.75
2022-03-05 13:00:00,22.9,66.7,4.7,3,5,13,1,0,132.43
2022-03-05 14:00:00,24.0,71.5,5.4,3,5,14,1,0,137.06
2022-03-05 15:00:00,22.5,76.7,16.4,3,5,15,1,0,114.33
2022-03-05 16:00:00,17.4,85.1,4.5,3,5,16,1,0,119.77
2022-03-05 17:00:00,15.0,77.1,2.3,3,5,17,1,0,169.95
2022-03-05 18:00:00,16.2,65.1,14.1,3,5,18,1,0,169.48
2022-03-05 19:00:00,11.1,73.3,18.3,3,5,19,1,0,158.18
2022-03-05 20:00:00,14.1,72.4,7.4,3,5,20,1,0,172.97
2022-03-05 21:00:00,12.1,78.1,4.7,3,5,21,1,0,191.77
2022-03-05 22:00:00,10.7,77.8,13.8,3,5,22,1,0,185.11
2022-03-05 23:00:00,7.9,92.5,2.1,3,5,23,1,0,230.05
2022-03-06 00:00:00,12.2,70.2,22.6,3,6,0,1,0,127.88
2022-03-06 01:00:00,10.3,77.9,18.1,3,6,1,1,0,144.03
2022-03-06 02:00:00,9.5,94.1,8.3,3,6,2,1,0,165.25
2022-03-06 03:00:00,6.9,71.9,4.6,3,6,3,1,0,161.15
2022-03-06 04:00:00,13.6,74.4,2.3,3,6,4,1,0,123.86
2022-03-06 05:00:00,18.4,63.2,50.0,3,6,5,1,0,87.55
2022-03-06 06:00:00,19.5,70.9,13.5,3,6,6,1,0,127.16
2022-03-06 07:00:00,16.5,65.5,5.3,3,6,7,1,0,138.82
2022-03-06 08:00:00,17.5,79.6,2.2,3,6,8,1,0,165.51
2022-03-06 09:00:00,20.6,70.9,10.2,3,6,9,1,0,158.25
2022-03-06 10:00:00,18.5,63.3,36.7,3,6,10,1,0,99.92
2022-03-06 11:00:00,21.6,75.9,11.8,3,6,11,1,0,127.1
2022-03-06 12:00:00,22.7,70.1,2.7,3,6,12,1,0,140.5
2022-03-06 13:00:00,23.5,75.9,6.1,3,6,13,1,0,154.77
2022-03-06 14:00:00,20.3,60.7,2.9,3,6,14,1,0,122.19
2022-03-06 15:00:00,19.3,73.3,21.5,3,6,15,1,0,131.78
2022-03-06 16:00:00,16.9,77.7,5.2,3,6,16,1,0,151.91
2022-03-06 17:00:00,15.8,68.7,12.6,3,6,17,1,0,155.06
2022-03-06 18:00:00,15.7,62.1,2.7,3,6,18,1,0,153.2
2022-03-06 19:00:00,15.6,71.9,3.1,3,6,19,1,0,158.3
2022-03-06 20:00:00,15.5,82.1,11.1,3,6,20,1,0,159.96
2022-03-06 21:00:00,11.0,83.5,16.8,3,6,21,1,0,236.59
2022-03-06 22:00:00,14.8,69.2,3.8,3,6,22,1,0,172.81
2022-03-06 23:00:00,10.8,64.3,6.3,3,6,23,1,0,198.1
2022-03-07 00:00:00,11.4,70.9,9.7,3,0,0,0,0,160.62
2022-03-07 01:00:00,10.1,71.2,14.7,3,0,1,0,0,191.02
2022-03-07 02:00:00,7.2,80.0,9.9,3,0,2,0,0,183.69
2022-03-07 03:00:00,14.7,71.8,2.8,3,0,3,0,0,148.28
2022-03-07 04:00:00,15.4,66.3,8.3,3,0,4,0,0,140.05
2022-03-07 05:00:00,14.6,81.6,19.3,3,0,5,0,0,139.65
2022-03-07 06:00:00,16.6,72.8,18.2,3,0,6,0,0,139.77
2022-03-07 07:00:00,18.7,74.1,9.0,3,0,7,0,0,161.81
2022-03-07 08:00:00,15.8,58.3,45.6,3,0,8,0,0,147.83
2022-03-07 09:00:00,18.9,51.2,2.9,3,0,9,0,0,179.46
2022-03-07 10:00:00,22.3,57.3,7.2,3,0,10,0,0,166.01
2022-03-07 11:00:00,18.7,66.8,13.9,3,0,11,0,0,187.8
2022-03-07 12:00:00,22.0,73.6,3.2,3,0,12,0,0,166.78
2022-03-07 13:00:00,18.5,52.0,30.8,3,0,13,0,0,172.57
2022-03-07 14:00:00,21.7,81.9,5.5,3,0,14,0,0,160.59
2022-03-07 15:00:00,19.9,71.4,5.4,3,0,15,0,0,156.36
2022-03-07 16:00:00,15.7,83.0,3.9,3,0,16,0,0,197.71
2022-03-07 17:00:00,20.0,62.9,4.7,3,0,17,0,0,158.09
2022-03-07 18:00:00,15.0,76.6,8.9,3,0,18,0,0,184.11
2022-03-07 19:00:00,13.5,73.9,6.5,3,0,19,0,0,196.76
2022-03-07 20:00:00,14.3,79.4,3.7,3,0,20,0,0,214.76
2022-03-07 21:00:00,15.2,70.5,15.2,3,0,21,0,0,184.43
2022-03-07 22:00:00,10.1,78.8,2.5,3,0,22,0,0,228.93
2022-03-07 23:00:00,11.7,83.0,16.4,3,0,23,0,0,190.43
2022-03-08 00:00:00,12.5,68.5,4.6,3,1,0,0,1,151.79
2022-03-08 01:00:00,13.2,75.3,7.5,3,1,1,0,1,141.86
2022-03-08 02:00:00,12.7,58.6,5.8,3,1,2,0,1,115.97
2022-03-08 03:00:00,12.4,79.4,8.8,3,1,3,0,1,116.49
2022-03-08 04:00:00,12.5,89.4,14.7,3,1,4,0,1,124.7
2022-03-08 05:00:00,15.5,62.3,38.3,3,1,5,0,1,104.25
2022-03-08 06:00:00,14.5,72.0,4.9,3,1,6,0,1,140.68
2022-03-08 07:00:00,12.1,81.0,8.5,3,1,7,0,1,163.17
2022-03-08 08:00:00,20.0,70.2,7.0,3,1,8,0,1,140.35
2022-03-08 09:00:00,22.0,70.3,50.0,3,1,9,0,1,117.13
2022-03-08 10:00:00,16.3,68.7,15.2,3,1,10,0,1,147.35
2022-03-08 11:00:00,19.5,66.8,6.0,3,1,11,0,1,157.86
2022-03-08 12:00:00,22.9,67.9,7.2,3,1,12,0,1,130.43
2022-03-08 13:00:00,25.6,67.5,4.3,3,1,13,0,1,144.63
2022-03-08 14:00:00,21.0,60.0,13.3,3,1,14,0,1,130.01
2022-03-08 15:00:00,18.8,70.1,16.9,3,1,15,0,1,146.29
2022-03-08 16:00:00,18.8,83.1,28.8,3,1,16,0,1,116.62
2022-03-08 17:00:00,20.7,66.3,8.7,3,1,17,0,1,129.14
2022-03-08 18:00:00,15.4,62.4,10.9,3,1,18,0,1,118.82
2022-03-08 19:00:00,13.8,71.9,6.7,3,1,19,0,1,161.26
2022-03-08 20:00:00,13.2,67.7,9.5,3,1,20,0,1,165.54
2022-03-08 21:00:00,11.2,63.7,5.4,3,1,21,0,1,193.28
2022-03-08 22:00:00,12.6,74.8,12.7,3,1,22,0,1,194.62
2022-03-08 23:00:00,15.1,66.8,2.2,3,1,23,0,1,157.57
2022-03-09 00:00:00,12.6,68.7,2.2,3,2,0,0,0,185.1
2022-03-09 01:00:00,11.6,75.4,12.1,3,2,1,0,0,155.89
2022-03-09 02:00:00,12.0,61.7,23.4,3,2,2,0,0,131.18
2022-03-09 03:00:00,10.3,60.9,10.0,3,2,3,0,0,159.16
2022-03-09 04:00:00,16.2,77.3,12.4,3,2,4,0,0,133.76
2022-03-09 05:00:00,15.5,56.8,15.9,3,2,5,0,0,131.02
2022-03-09 06:00:00,16.6,63.9,5.6,3,2,6,0,0,159.61
2022-03-09 07:00:00,24.6,53.3,2.9,3,2,7,0,0,140.47
2022-03-09 08:00:00,20.0,66.1,23.6,3,2,8,0,0,173.71
2022-03-09 09:00:00,19.0,73.9,24.3,3,2,9,0,0,167.6
2022-03-09 10:00:00,20.4,70.7,6.7,3,2,10,0,0,182.79
2022-03-09 11:00:00,24.0,87.1,4.0,3,2,11,0,0,188.17
2022-03-09 12:00:00,22.1,77.6,19.8,3,2,12,0,0,159.58
2022-03-09 13:00:00,18.9,63.1,11.9,3,2,13,0,0,179.25
2022-03-09 14:00:00,23.1,58.9,2.1,3,2,14,0,0,132.35
2022-03-09 15:00:00,19.1,92.1,2.9,3,2,15,0,0,185.57
2022-03-09 16:00:00,23.2,76.9,34.7,3,2,16,0,0,141.61
2022-03-09 17:00:00,20.4,74.5,2.3,3,2,17,0,0,183.72
2022-03-09 18:00:00,16.0,72.6,4.7,3,2,18,0,0,190.65
2022-03-09 19:00:00,18.2,73.1,8.4,3,2,19,0,0,204.43
2022-03-09 20:00:00,14.6,60.9,3.6,3,2,20,0,0,203.51
2022-03-09 21:00:00,15.1,73.7,4.1,3,2,21,0,0,205.86
2022-03-09 22:00:00,13.6,73.8,5.5,3,2,22,0,0,212.92
2022-03-09 23:00:00,10.4,67.6,4.5,3,2,23,0,0,201.07
2022-03-10 00:00:00,10.9,70.2,15.0,3,3,0,0,0,192.89
2022-03-10 01:00:00,14.4,84.9,7.5,3,3,1,0,0,164.27
2022-03-10 02:00:00,12.2,72.9,4.6,3,3,2,0,0,150.06
2022-03-10 03:00:00,12.8,90.2,5.0,3,3,3,0,0,155.29
2022-03-10 04:00:00,12.8,59.7,2.3,3,3,4,0,0,169.06
2022-03-10 05:00:00,16.7,67.5,2.4,3,3,5,0,0,131.57
2022-03-10 06:00:00,21.3,57.0,12.1,3,3,6,0,0,155.61
2022-03-10 07:00:00,16.3,62.2,3.0,3,3,7,0,0,161.74
2022-03-10 08:00:00,19.7,63.5,7.2,3,3,8,0,0,149.74
2022-03-10 09:00:00,23.5,70.8,16.8,3,3,9,0,0,177.79
2022-03-10 10:00:00,21.3,71.5,5.7,3,3,10,0,0,173.16
2022-03-10 11:00:00,22.9,63.1,5.4,3,3,11,0,0,169.34
2022-03-10 12:00:00,20.1,52.2,18.5,3,3,12,0,0,151.16
2022-03-10 13:00:00,22.9,80.4,18.0,3,3,13,0,0,161.85
2022-03-10 14:00:00,21.1,67.1,19.0,3,3,14,0,0,144.5
2022-03-10 15:00:00,22.7,59.7,8.8,3,3,15,0,0,157.58
2022-03-10 16:00:00,22.1,71.2,26.3,3,3,16,0,0,164.11
2022-03-10 17:00:00,23.6,69.8,15.7,3,3,17,0,0,169.96
2022-03-10 18:00:00,18.3,68.3,6.3,3,3,18,0,0,207.03
2022-03-10 19:00:00,16.5,72.9,9.9,3,3,19,0,0,225.44
2022-03-10 20:00:00,15.1,63.2,3.0,3,3,20,0,0,200.12
2022-03-10 21:00:00,12.9,79.6,8.4,3,3,21,0,0,193.23
2022-03-10 22:00:00,13.5,65.3,4.4,3,3,22,0,0,190.24
2022-03-10 23:00:00,11.8,69.3,4.7,3,3,23,0,0,194.44
2022-03-11 00:00:00,12.8,78.8,3.1,3,4,0,0,0,205.31
2022-03-11 01:00:00,15.2,82.0,5.5,3,4,1,0,0,150.52
2022-03-11 02:00:00,11.1,87.1,7.3,3,4,2,0,0,173.82
2022-03-11 03:00:00,16.2,80.4,9.3,3,4,3,0,0,132.77
2022-03-11 04:00:00,17.6,68.6,4.9,3,4,4,0,0,135.53
2022-03-11 05:00:00,15.9,59.7,14.6,3,4,5,0,0,125.9
2022-03-11 06:00:00,13.2,84.6,7.9,3,4,6,0,0,151.49
2022-03-11 07:00:00,17.5,82.2,10.1,3,4,7,0,0,187.09
2022-03-11 08:00:00,22.5,63.4,4.6,3,4,8,0,0,185.08
2022-03-11 09:00:00,20.9,76.9,15.5,3,4,9,0,0,171.34
2022-03-11 10:00:00,19.8,67.5,9.8,3,4,10,0,0,197.48
2022-03-11 11:00:00,21.3,81.4,17.9,3,4,11,0,0,157.49
2022-03-11 12:00:00,24.1,63.8,3.4,3,4,12,0,0,169.17
2022-03-11 13:00:00,,84.2,5.8,3,4,13,0,0,170.23
2022-03-11 14:00:00,21.3,75.6,3.0,3,4,14,0,0,179.84
2022-03-11 15:00:00,20.2,84.3,3.9,3,4,15,0,0,165.13
2022-03-11 16:00:00,19.1,66.7,6.0,3,4,16,0,0,167.96
2022-03-11 17:00:00,16.9,74.8,20.0,3,4,17,0,0,160.0
2022-03-11 18:00:00,20.7,61.9,8.5,3,4,18,0,0,178.0
2022-03-11 19:00:00,15.5,79.0,5.2,3,4,19,0,0,220.95
2022-03-11 20:00:00,17.4,78.5,13.0,3,4,20,0,0,173.18
2022-03-11 21:00:00,16.9,90.7,2.2,3,4,21,0,0,219.88
2022-03-11 22:00:00,15.1,76.3,5.7,3,4,22,0,0,188.07
2022-03-11 23:00:00,11.7,79.9,9.3,3,4,23,0,0,172.53
2022-03-12 00:00:00,13.5,69.5,9.0,3,5,0,1,0,133.94
2022-03-12 01:00:00,12.8,77.9,9.5,3,5,1,1,0,156.98
2022-03-12 02:00:00,11.5,71.2,3.9,3,5,2,1,0,131.84
2022-03-12 03:00:00,14.8,73.5,5.3,3,5,3,1,0,126.93
2022-03-12 04:00:00,12.8,75.0,23.5,3,5,4,1,0,100.29
2022-03-12 05:00:00,18.8,67.8,31.2,3,5,5,1,0,79.16
2022-03-12 06:00:00,16.8,72.1,5.0,3,5,6,1,0,117.43
2022-03-12 07:00:00,19.4,67.3,10.3,3,5,7,1,0,148.99
2022-03-12 08:00:00,20.8,66.6,4.2,3,5,8,1,0,144.82
2022-03-12 09:00:00,20.7,78.3,5.7,3,5,9,1,0,173.81
2022-03-12 10:00:00,23.2,69.8,14.6,3,5,10,1,0,171.34
2022-03-12 11:00:00,21.6,72.0,7.6,3,5,11,1,0,142.96
2022-03-12 12:00:00,24.4,56.1,17.2,3,5,12,1,0,161.45
2022-03-12 13:00:00,19.8,73.5,9.9,3,5,13,1,0,129.93
2022-03-12 14:00:00,22.3,73.1,9.9,3,5,14,1,0,146.5
2022-03-12 15:00:00,25.1,64.3,2.3,3,5,15,1,0,148.01
2022-03-12 16:00:00,18.2,87.6,13.1,3,5,16,1,0,140.1
2022-03-12 17:00:00,17.6,52.9,32.5,3,5,17,1,0,128.46
2022-03-12 18:00:00,18.7,76.9,7.1,3,5,18,1,0,161.29
2022-03-12 19:00:00,16.8,77.3,3.4,3,5,19,1,0,175.43
2022-03-12 20:00:00,15.9,76.4,32.2,3,5,20,1,0,160.32
2022-03-12 21:00:00,15.1,73.8,4.7,3,5,21,1,0,169.75
2022-03-12 22:00:00,14.6,77.1,6.2,3,5,22,1,0,162.15
2022-03-12 23:00:00,15.1,79.4,2.6,3,5,23,1,0,175.75
2022-03-13 00:00:00,13.8,67.3,2.9,3,6,0,1,0,115.38
2022-03-13 01:00:00,12.6,76.1,4.0,3,6,1,1,0,133.22
2022-03-13 02:00:00,15.0,71.1,8.4,3,6,2,1,0,117.01
2022-03-13 03:00:00,18.2,62.1,8.5,3,6,3,1,0,104.62
2022-03-13 04:00:00,15.2,78.1,9.5,3,6,4,1,0,127.5
2022-03-13 05:00:00,14.7,68.1,9.0,3,6,5,1,0,108.23
2022-03-13 06:00:00,20.2,57.9,7.5,3,6,6,1,0,137.45
2022-03-13 07:00:00,19.0,66.2,15.0,3,6,7,1,0,144.97
2022-03-13 08:00:00,16.1,65.6,23.7,3,6,8,1,0,153.95
2022-03-13 09:00:00,23.2,76.6,4.5,3,6,9,1,0,154.22
2022-03-13 10:00:00,21.2,70.6,3.1,3,6,10,1,0,148.67
2022-03-13 11:00:00,22.6,79.8,6.4,3,6,11,1,0,152.39
2022-03-13 12:00:00,,62.9,2.2,3,6,12,1,0,147.52
2022-03-13 13:00:00,23.2,75.4,19.2,3,6,13,1,0,143.18
2022-03-13 14:00:00,23.7,90.9,4.2,3,6,14,1,0,139.16
2022-03-13 15:00:00,20.6,72.5,8.4,3,6,15,1,0,136.54
2022-03-13 16:00:00,21.5,76.2,3.0,3,6,16,1,0,130.67
2022-03-13 17:00:00,18.7,76.2,8.4,3,6,17,1,0,148.68
2022-03-13 18:00:00,19.4,58.9,2.3,3,6,18,1,0,148.71
2022-03-13 19:00:00,17.9,75.7,13.7,3,6,19,1,0,169.44
2022-03-13 20:00:00,13.6,75.7,26.9,3,6,20,1,0,150.52
2022-03-13 21:00:00,16.6,69.6,4.9,3,6,21,1,0,178.38
2022-03-13 22:00:00,12.5,66.7,4.4,3,6,22,1,0,182.54
2022-03-13 23:00:00,14.7,78.2,6.8,3,6,23,1,0,164.22
2022-03-14 00:00:00,13.9,65.3,9.7,3,0,0,0,0,144.68
2022-03-14 01:00:00,17.0,88.5,3.7,3,0,1,0,0,143.09
2022-03-14 02:00:00,13.4,74.2,15.0,3,0,2,0,0,137.49
2022-03-14 03:00:00,14.0,63.2,3.8,3,0,3,0,0,153.25
2022-03-14 04:00:00,15.7,68.1,2.0,3,0,4,0,0,157.01
2022-03-14 05:00:00,16.3,69.6,7.9,3,0,5,0,0,138.79
2022-03-14 06:00:00,19.8,89.4,3.0,3,0,6,0,0,178.85
2022-03-14 07:00:00,16.3,64.8,11.6,3,0,7,0,0,183.46
2022-03-14 08:00:00,18.6,69.8,3.5,3,0,8,0,0,176.49
2022-03-14 09:00:00,19.6,65.9,15.6,3,0,9,0,0,180.23
2022-03-14 10:00:00,24.4,71.8,7.1,3,0,10,0,0,159.23
2022-03-14 11:00:00,26.4,62.6,8.7,3,0,11,0,0,172.92
2022-03-14 12:00:00,23.0,59.4,3.7,3,0,12,0,0,150.66
2022-03-14 13:00:00,22.7,67.1,3.3,3,0,13,0,0,149.79
2022-03-14 14:00:00,22.7,66.3,10.0,3,0,14,0,0,162.22
2022-03-14 15:00:00,24.1,63.2,4.4,3,0,15,0,0,167.26
2022-03-14 16:00:00,18.8,66.3,5.9,3,0,16,0,0,172.14
2022-03-14 17:00:00,20.0,79.5,7.2,3,0,17,0,0,172.95
2022-03-14 18:00:00,20.1,,4.1,3,0,18,0,0,186.15
2022-03-14 19:00:00,17.9,62.0,14.7,3,0,19,0,0,161.9
2022-03-14 20:00:00,16.1,68.3,24.4,3,0,20,0,0,172.69
2022-03-14 21:00:00,16.7,72.1,6.5,3,0,21,0,0,192.65
2022-03-14 22:00:00,8.5,65.1,22.0,3,0,22,0,0,222.6
2022-03-14 23:00:00,14.7,85.6,19.1,3,0,23,0,0,170.64
2022-03-15 00:00:00,12.1,80.9,3.5,3,1,0,0,0,154.91
2022-03-15 01:00:00,10.0,86.5,3.5,3,1,1,0,0,172.9
2022-03-15 02:00:00,15.1,75.6,7.2,3,1,2,0,0,134.18
2022-03-15 03:00:00,17.7,54.4,8.0,3,1,3,0,0,106.24
2022-03-15 04:00:00,15.7,84.4,5.3,3,1,4,0,0,183.7
2022-03-15 05:00:00,19.1,63.6,5.0,3,1,5,0,0,161.4
2022-03-15 06:00:00,21.7,62.9,6.5,3,1,6,0,0,118.57
2022-03-15 07:00:00,22.4,70.1,11.4,3,1,7,0,0,128.57
2022-03-15 08:00:00,24.2,78.9,2.7,3,1,8,0,0,163.79
2022-03-15 09:00:00,23.5,76.7,11.9,3,1,9,0,0,156.5
2022-03-15 10:00:00,22.9,75.8,22.9,3,1,10,0,0,212.22
2022-03-15 11:00:00,20.1,67.5,13.5,3,1,11,0,0,163.83
2022-03-15 12:00:00,23.0,65.9,3.7,3,1,12,0,0,176.78
2022-03-15 13:00:00,21.6,72.0,2.7,3,1,13,0,0,157.51
2022-03-15 14:00:00,27.1,65.4,7.4,3,1,14,0,0,144.49
2022-03-15 15:00:00,21.6,76.3,27.1,3,1,15,0,0,163.18
2022-03-15 16:00:00,21.2,76.0,15.7,3,1,16,0,0,165.7
2022-03-15 17:00:00,20.9,74.3,8.6,3,1,17,0,0,165.47
2022-03-15 18:00:00,18.5,50.5,3.2,3,1,18,0,0,211.53
2022-03-15 19:00:00,20.5,70.7,12.0,3,1,19,0,0,189.57
2022-03-15 20:00:00,14.7,71.8,15.4,3,1,20,0,0,195.27
2022-03-15 21:00:00,15.3,73.7,23.9,3,1,21,0,0,220.4
2022-03-15 22:00:00,12.6,67.6,9.6,3,1,22,0,0,202.73
2022-03-15 23:00:00,11.0,63.9,7.8,3,1,23,0,0,218.03
2022-03-16 00:00:00,12.5,77.5,9.7,3,2,0,0,0,168.92
2022-03-16 01:00:00,13.8,70.2,25.0,3,2,1,0,0,103.03
2022-03-16 02:00:00,13.5,77.8,9.9,3,2,2,0,0,130.34
2022-03-16 03:00:00,13.8,67.7,4.4,3,2,3,0,0,166.29
2022-03-16 04:00:00,13.4,84.6,10.1,3,2,4,0,0,147.69
2022-03-16 05:00:00,17.3,79.4,18.9,3,2,5,0,0,147.97
2022-03-16 06:00:00,15.7,74.5,8.7,3,2,6,0,0,177.5
2022-03-16 07:00:00,21.5,67.5,7.6,3,2,7,0,0,161.25
2022-03-16 08:00:00,21.4,76.1,12.6,3,2,8,0,0,156.08
2022-03-16 09:00:00,19.3,73.5,10.7,3,2,9,0,0,179.58
2022-03-16 10:00:00,22.4,70.7,2.5,3,2,10,0,0,186.58
2022-03-16 11:00:00,22.0,77.3,12.3,3,2,11,0,0,172.38
2022-03-16 12:00:00,,79.2,6.2,3,2,12,0,0,154.49
2022-03-16 13:00:00,26.2,56.9,24.6,3,2,13,0,0,148.7
2022-03-16 14:00:00,19.3,62.0,30.3,3,2,14,0,0,143.4
2022-03-16 15:00:00,22.5,62.5,6.8,3,2,15,0,0,131.86
2022-03-16 16:00:00,20.9,57.5,29.7,3,2,16,0,0,129.68
2022-03-16 17:00:00,21.3,68.8,5.0,3,2,17,0,0,155.56
2022-03-16 18:00:00,19.1,75.2,11.2,3,2,18,0,0,150.39
2022-03-16 19:00:00,15.9,71.9,2.6,3,2,19,0,0,201.74
2022-03-16 20:00:00,15.6,67.9,3.3,3,2,20,0,0,207.64
2022-03-16 21:00:00,13.6,82.2,18.0,3,2,21,0,0,195.52
2022-03-16 22:00:00,16.5,72.9,19.9,3,2,22,0,0,158.09
2022-03-16 23:00:00,13.9,75.8,8.1,3,2,23,0,0,189.09
2022-03-17 00:00:00,17.8,80.3,5.3,3,3,0,0,0,162.61
2022-03-17 01:00:00,14.0,72.0,6.8,3,3,1,0,0,158.48
2022-03-17 02:00:00,13.2,89.9,18.3,3,3,2,0,0,155.06
2022-03-17 03:00:00,12.4,70.2,3.9,3,3,3,0,0,166.11
2022-03-17 04:00:00,12.9,89.6,4.8,3,3,4,0,0,161.6
2022-03-17 05:00:00,14.5,64.9,14.3,3,3,5,0,0,136.79
2022-03-17 06:00:00,19.5,74.4,23.9,3,3,6,0,0,143.44
2022-03-17 07:00:00,21.3,64.2,2.8,3,3,7,0,0,154.16
2022-03-17 08:00:00,18.3,79.8,15.0,3,3,8,0,0,171.1
2022-03-17 09:00:00,24.3,64.0,10.3,3,3,9,0,0,189.9
2022-03-17 10:00:00,22.3,71.2,4.1,3,3,10,0,0,166.25
2022-03-17 11:00:00,24.1,62.8,13.3,3,3,11,0,0,177.41
2022-03-17 12:00:00,27.2,73.9,12.4,3,3,12,0,0,157.12
2022-03-17 13:00:00,25.6,62.0,3.2,3,3,13,0,0,151.25
2022-03-17 14:00:00,22.8,82.1,7.6,3,3,14,0,0,184.09
2022-03-17 15:00:00,20.7,61.7,13.4,3,3,15,0,0,157.17
2022-03-17 16:00:00,17.2,60.7,3.7,3,3,16,0,0,165.35
2022-03-17 17:00:00,18.8,78.2,7.0,3,3,17,0,0,145.67
2022-03-17 18:00:00,18.5,66.0,3.0,3,3,18,0,0,177.0
2022-03-17 19:00:00,15.7,72.1,4.9,3,3,19,0,0,168.3
2022-03-17 20:00:00,16.2,69.3,4.0,3,3,20,0,0,202.77
2022-03-17 21:00:00,15.6,61.7,7.6,3,3,21,0,0,176.58
2022-03-17 22:00:00,14.2,72.3,3.2,3,3,22,0,0,202.96
2022-03-17 23:00:00,12.8,83.7,5.9,3,3,23,0,0,193.57
2022-03-18 00:00:00,14.6,80.7,4.6,3,4,0,0,0,146.03
2022-03-18 01:00:00,15.3,74.2,13.0,3,4,1,0,0,155.67
2022-03-18 02:00:00,12.7,82.5,11.6,3,4,2,0,0,189.27
2022-03-18 03:00:00,18.5,62.3,2.8,3,4,3,0,0,132.35
2022-03-18 04:00:00,16.5,69.1,26.5,3,4,4,0,0,145.84
2022-03-18 05:00:00,18.0,74.2,12.9,3,4,5,0,0,112.5
2022-03-18 06:00:00,20.6,68.6,9.7,3,4,6,0,0,155.81
2022-03-18 07:00:00,21.0,67.5,7.2,3,4,7,0,0,150.41
2022-03-18 08:00:00,23.6,58.6,3.6,3,4,8,0,0,164.74
2022-03-18 09:00:00,23.3,51.7,28.2,3,4,9,0,0,172.05
2022-03-18 10:00:00,,75.4,2.1,3,4,10,0,0,182.91
2022-03-18 11:00:00,24.8,69.6,11.4,3,4,11,0,0,154.29
2022-03-18 12:00:00,21.9,76.2,7.7,3,4,12,0,0,195.16
2022-03-18 13:00:00,24.3,64.4,20.6,3,4,13,0,0,133.36
2022-03-18 14:00:00,23.5,62.6,5.8,3,4,14,0,0,143.32
2022-03-18 15:00:00,22.3,68.9,7.8,3,4,15,0,0,156.77
2022-03-18 16:00:00,21.5,76.1,12.8,3,4,16,0,0,159.28
2022-03-18 17:00:00,16.8,69.8,2.4,3,4,17,0,0,181.08
2022-03-18 18:00:00,18.1,77.4,2.4,3,4,18,0,0,187.0
2022-03-18 19:00:00,18.1,62.9,3.9,3,4,19,0,0,208.21
2022-03-18 20:00:00,17.0,70.2,3.3,3,4,20,0,0,207.91
2022-03-18 21:00:00,13.6,72.6,2.1,3,4,21,0,0,190.77
2022-03-18 22:00:00,17.4,81.1,9.8,3,4,22,0,0,144.95
2022-03-18 23:00:00,12.7,75.3,14.7,3,4,23,0,0,187.29
2022-03-19 00:00:00,16.4,85.8,27.2,3,5,0,1,0,145.41
2022-03-19 01:00:00,15.5,61.5,6.7,3,5,1,1,0,104.73
2022-03-19 02:00:00,13.9,74.1,4.6,3,5,2,1,0,113.09
2022-03-19 03:00:00,19.5,71.7,18.0,3,5,3,1,0,109.48
2022-03-19 04:00:00,14.6,77.7,16.9,3,5,4,1,0,128.49
2022-03-19 05:00:00,20.0,63.5,9.8,3,5,5,1,0,131.12
2022-03-19 06:00:00,21.5,82.7,4.6,3,5,6,1,0,154.79
2022-03-19 07:00:00,19.4,70.4,21.1,3,5,7,1,0,132.77
2022-03-19 08:00:00,24.8,58.9,3.6,3,5,8,1,0,131.22
2022-03-19 09:00:00,22.5,68.6,2.4,3,5,9,1,0,142.28
2022-03-19 10:00:00,24.4,65.3,14.7,3,5,10,1,0,145.45
2022-03-19 11:00:00,24.8,89.8,8.6,3,5,11,1,0,176.58
2022-03-19 12:00:00,24.2,76.3,4.3,3,5,12,1,0,142.69
2022-03-19 13:00:00,25.9,67.4,10.9,3,5,13,1,0,152.9
2022-03-19 14:00:00,25.4,66.4,13.6,3,5,14,1,0,107.62
2022-03-19 15:00:00,,77.8,16.9,3,5,15,1,0,133.83
2022-03-19 16:00:00,24.6,75.7,4.7,3,5,16,1,0,126.54
2022-03-19 17:00:00,17.5,48.0,2.2,3,5,17,1,0,149.34
2022-03-19 18:00:00,21.5,74.4,7.7,3,5,18,1,0,148.94
2022-03-19 19:00:00,20.4,70.0,17.5,3,5,19,1,0,170.12
2022-03-19 20:00:00,14.8,62.1,3.9,3,5,20,1,0,173.13
2022-03-19 21:00:00,15.1,79.5,6.4,3,5,21,1,0,177.38
2022-03-19 22:00:00,12.9,91.5,4.4,3,5,22,1,0,192.16
2022-03-19 23:00:00,14.2,77.3,2.1,3,5,23,1,0,158.72
2022-03-20 00:00:00,14.1,81.7,20.3,3,6,0,1,0,134.25
2022-03-20 01:00:00,16.5,86.2,3.2,3,6,1,1,0,141.2
2022-03-20 02:00:00,18.0,64.3,13.6,3,6,2,1,0,107.62
2022-03-20 03:00:00,19.0,55.6,5.4,3,6,3,1,0,82.54
2022-03-20 04:00:00,16.1,77.2,4.6,3,6,4,1,0,113.63
2022-03-20 05:00:00,18.0,69.0,24.6,3,6,5,1,0,82.66
2022-03-20 06:00:00,16.4,60.8,10.6,3,6,6,1,0,124.69
2022-03-20 07:00:00,19.4,69.7,11.3,3,6,7,1,0,141.01
2022-03-20 08:00:00,24.2,73.7,13.4,3,6,8,1,0,145.78
2022-03-20 09:00:00,26.5,65.6,5.3,3,6,9,1,0,179.25
2022-03-20 10:00:00,21.6,62.9,8.6,3,6,10,1,0,173.79
2022-03-20 11:00:00,23.4,66.5,4.5,3,6,11,1,0,158.5
2022-03-20 12:00:00,24.7,67.5,16.4,3,6,12,1,0,106.19
2022-03-20 13:00:00,25.1,52.0,9.3,3,6,13,1,0,143.29
2022-03-20 14:00:00,22.5,67.6,4.2,3,6,14,1,0,121.15
2022-03-20 15:00:00,24.1,57.2,20.4,3,6,15,1,0,134.38
2022-03-20 16:00:00,21.3,74.6,9.0,3,6,16,1,0,138.47
2022-03-20 17:00:00,21.0,57.0,7.5,3,6,17,1,0,146.51
2022-03-20 18:00:00,20.8,77.7,2.3,3,6,18,1,0,164.3
2022-03-20 19:00:00,18.5,67.5,21.2,3,6,19,1,0,193.91
2022-03-20 20:00:00,16.4,67.5,26.3,3,6,20,1,0,172.82
2022-03-20 21:00:00,16.0,74.4,8.6,3,6,21,1,0,153.14
2022-03-20 22:00:00,15.2,65.5,6.7,3,6,22,1,0,178.07
2022-03-20 23:00:00,14.2,75.1,5.6,3,6,23,1,0,151.61
2022-03-21 00:00:00,14.5,66.9,4.5,3,0,0,0,0,180.64
2022-03-21 01:00:00,18.4,66.4,8.8,3,0,1,0,0,164.8
2022-03-21 02:00:00,16.8,74.8,3.1,3,0,2,0,0,154.38
2022-03-21 03:00:00,15.9,63.0,22.1,3,0,3,0,0,113.11
2022-03-21 04:00:00,18.9,60.4,3.5,3,0,4,0,0,129.55
2022-03-21 05:00:00,18.0,73.0,12.9,3,0,5,0,0,163.64
2022-03-21 06:00:00,22.3,68.6,4.9,3,0,6,0,0,180.7
2022-03-21 07:00:00,22.0,70.3,4.1,3,0,7,0,0,162.04
2022-03-21 08:00:00,22.3,71.5,8.5,3,0,8,0,0,165.39
2022-03-21 09:00:00,24.4,68.2,13.6,3,0,9,0,0,158.71
2022-03-21 10:00:00,21.2,74.3,12.4,3,0,10,0,0,163.71
2022-03-21 11:00:00,22.6,69.5,4.1,3,0,11,0,0,183.83
2022-03-21 12:00:00,22.6,52.6,5.2,3,0,12,0,0,177.0
2022-03-21 13:00:00,25.1,53.5,18.3,3,0,13,0,0,131.86
2022-03-21 14:00:00,27.8,81.5,12.3,3,0,14,0,0,178.66
2022-03-21 15:00:00,28.0,66.0,12.0,3,0,15,0,0,181.47
2022-03-21 16:00:00,23.8,75.7,4.5,3,0,16,0,0,171.46
2022-03-21 17:00:00,22.3,66.1,14.6,3,0,17,0,0,185.41
2022-03-21 18:00:00,16.4,71.3,5.6,3,0,18,0,0,191.08
2022-03-21 19:00:00,17.6,67.6,6.1,3,0,19,0,0,197.79
2022-03-21 20:00:00,15.9,91.8,4.7,3,0,20,0,0,214.6
2022-03-21 21:00:00,15.2,74.4,3.0,3,0,21,0,0,222.98
2022-03-21 22:00:00,15.3,68.1,6.4,3,0,22,0,0,195.67
2022-03-21 23:00:00,14.2,59.7,2.1,3,0,23,0,0,171.98
2022-03-22 00:00:00,11.3,90.1,6.9,3,1,0,0,0,187.09
2022-03-22 01:00:00,16.9,70.2,12.3,3,1,1,0,0,150.72
2022-03-22 02:00:00,13.8,79.1,27.9,3,1,2,0,0,140.82
2022-03-22 03:00:00,17.2,78.2,2.7,3,1,3,0,0,158.31
2022-03-22 04:00:00,21.9,65.3,4.6,3,1,4,0,0,136.34
2022-03-22 05:00:00,17.1,76.8,7.5,3,1,5,0,0,160.03
2022-03-22 06:00:00,15.2,,3.5,3,1,6,0,0,170.3
2022-03-22 07:00:00,21.0,61.6,3.0,3,1,7,0,0,148.39
2022-03-22 08:00:00,25.0,76.8,6.8,3,1,8,0,0,159.46
2022-03-22 09:00:00,27.7,64.9,9.0,3,1,9,0,0,173.66
2022-03-22 10:00:00,22.1,73.1,15.7,3,1,10,0,0,177.8
2022-03-22 11:00:00,26.1,70.2,50.0,3,1,11,0,0,185.58
2022-03-22 12:00:00,24.3,72.9,13.9,3,1,12,0,0,168.78
2022-03-22 13:00:00,24.9,55.1,4.0,3,1,13,0,0,167.03
2022-03-22 14:00:00,29.9,60.4,13.0,3,1,14,0,0,179.71
2022-03-22 15:00:00,20.8,67.0,8.2,3,1,15,0,0,149.08
2022-03-22 16:00:00,23.3,61.7,6.8,3,1,16,0,0,150.04
2022-03-22 17:00:00,22.5,72.2,24.0,3,1,17,0,0,173.56
2022-03-22 18:00:00,22.4,78.3,11.7,3,1,18,0,0,185.48
2022-03-22 19:00:00,19.2,81.2,11.2,3,1,19,0,0,182.63
2022-03-22 20:00:00,18.4,68.1,2.1,3,1,20,0,0,191.48
2022-03-22 21:00:00,15.9,74.4,18.0,3,1,21,0,0,194.06
2022-03-22 22:00:00,16.5,75.3,14.6,3,1,22,0,0,187.15
2022-03-22 23:00:00,14.7,77.6,4.8,3,1,23,0,0,200.67
2022-03-23 00:00:00,16.8,64.6,4.8,3,2,0,0,0,160.35
2022-03-23 01:00:00,14.9,87.1,2.4,3,2,1,0,0,145.46
2022-03-23 02:00:00,16.9,78.9,2.4,3,2,2,0,0,134.44
2022-03-23 03:00:00,16.9,79.2,10.8,3,2,3,0,0,144.49
2022-03-23 04:00:00,20.3,79.5,3.6,3,2,4,0,0,142.6
2022-03-23 05:00:00,19.1,74.7,22.6,3,2,5,0,0,124.73
2022-03-23 06:00:00,17.0,63.3,16.8,3,2,6,0,0,165.28
2022-03-23 07:00:00,24.3,66.7,5.4,3,2,7,0,0,126.98
2022-03-23 08:00:00,21.2,56.2,5.8,3,2,8,0,0,171.45
2022-03-23 09:00:00,22.7,71.9,5.2,3,2,9,0,0,157.19
2022-03-23 10:00:00,23.7,66.8,2.8,3,2,10,0,0,197.51
2022-03-23 11:00:00,28.1,65.6,2.3,3,2,11,0,0,185.34
2022-03-23 12:00:00,21.2,79.0,6.8,3,2,12,0,0,184.86
2022-03-23 13:00:00,31.6,60.5,24.9,3,2,13,0,0,167.8
2022-03-23 14:00:00,27.0,64.5,21.9,3,2,14,0,0,173.92
2022-03-23 15:00:00,24.5,67.9,15.3,3,2,15,0,0,124.39
2022-03-23 16:00:00,22.9,53.8,9.9,3,2,16,0,0,165.33
2022-03-23 17:00:00,22.4,66.7,17.5,3,2,17,0,0,150.22
2022-03-23 18:00:00,21.6,49.3,7.8,3,2,18,0,0,175.85
2022-03-23 19:00:00,20.5,65.1,3.6,3,2,19,0,0,194.83
2022-03-23 20:00:00,19.1,77.3,11.2,3,2,20,0,0,173.75
2022-03-23 21:00:00,17.2,75.0,22.3,3,2,21,0,0,202.48
2022-03-23 22:00:00,15.8,67.3,2.2,3,2,22,0,0,193.93
2022-03-23 23:00:00,15.4,72.6,4.3,3,2,23,0,0,180.31
2022-03-24 00:00:00,15.4,63.7,4.5,3,3,0,0,0,162.1
2022-03-24 01:00:00,18.2,70.9,2.8,3,3,1,0,0,148.18
2022-03-24 02:00:00,17.6,94.6,4.0,3,3,2,0,0,161.02
2022-03-24 03:00:00,11.4,89.1,5.9,3,3,3,0,0,160.1
2022-03-24 04:00:00,19.6,70.6,24.5,3,3,4,0,0,140.63
2022-03-24 05:00:00,19.9,71.3,17.7,3,3,5,0,0,146.44
2022-03-24 06:00:00,20.7,61.8,25.4,3,3,6,0,0,136.25
2022-03-24 07:00:00,21.3,62.9,3.0,3,3,7,0,0,187.22
2022-03-24 08:00:00,25.5,70.1,2.2,3,3,8,0,0,182.12
2022-03-24 09:00:00,26.2,62.7,2.9,3,3,9,0,0,185.94
2022-03-24 10:00:00,23.6,75.5,21.7,3,3,10,0,0,185.98
2022-03-24 11:00:00,26.4,79.3,3.4,3,3,11,0,0,186.9
2022-03-24 12:00:00,23.8,70.7,8.8,3,3,12,0,0,188.89
2022-03-24 13:00:00,22.8,69.4,4.1,3,3,13,0,0,163.47
2022-03-24 14:00:00,23.9,54.6,2.2,3,3,14,0,0,167.96
2022-03-24 15:00:00,26.0,73.0,2.7,3,3,15,0,0,146.66
2022-03-24 16:00:00,25.2,58.3,11.9,3,3,16,0,0,127.87
2022-03-24 17:00:00,23.1,65.1,3.6,3,3,17,0,0,172.12
2022-03-24 18:00:00,22.2,76.6,4.1,3,3,18,0,0,174.46
2022-03-24 19:00:00,20.5,78.0,5.8,3,3,19,0,0,188.46
2022-03-24 20:00:00,17.0,67.8,10.6,3,3,20,0,0,161.2
2022-03-24 21:00:00,18.1,67.7,7.1,3,3,21,0,0,216.38
2022-03-24 22:00:00,18.0,65.4,25.1,3,3,22,0,0,171.78
2022-03-24 23:00:00,17.5,61.7,6.6,3,3,23,0,0,188.4
2022-03-25 00:00:00,18.4,65.7,3.8,3,4,0,0,0,128.67
2022-03-25 01:00:00,17.6,58.3,8.1,3,4,1,0,0,142.56
2022-03-25 02:00:00,17.4,76.8,6.8,3,4,2,0,0,148.38
2022-03-25 03:00:00,19.6,73.3,14.4,3,4,3,0,0,133.28
2022-03-25 04:00:00,18.5,75.2,23.9,3,4,4,0,0,134.92
2022-03-25 05:00:00,18.0,63.4,16.5,3,4,5,0,0,118.17
2022-03-25 06:00:00,20.7,60.1,5.9,3,4,6,0,0,152.8
2022-03-25 07:00:00,20.8,70.0,3.9,3,4,7,0,0,148.76
2022-03-25 08:00:00,22.2,69.4,21.7,3,4,8,0,0,153.05
2022-03-25 09:00:00,24.3,66.7,5.9,3,4,9,0,0,179.85
2022-03-25 10:00:00,23.8,65.8,13.8,3,4,10,0,0,173.32
2022-03-25 11:00:00,25.2,81.1,38.5,3,4,11,0,0,164.77
2022-03-25 12:00:00,22.2,72.3,8.9,3,4,12,0,0,187.32
2022-03-25 13:00:00,26.3,82.6,7.2,3,4,13,0,0,168.26
2022-03-25 14:00:00,25.4,77.5,11.6,3,4,14,0,0,153.81
2022-03-25 15:00:00,22.9,82.2,3.7,3,4,15,0,0,159.23
2022-03-25 16:00:00,24.9,59.0,7.4,3,4,16,0,0,140.12
2022-03-25 17:00:00,24.2,72.6,5.0,3,4,17,0,0,171.0
2022-03-25 18:00:00,17.8,67.6,3.4,3,4,18,0,0,193.05
2022-03-25 19:00:00,18.2,57.6,9.5,3,4,19,0,0,191.11
2022-03-25 20:00:00,17.0,83.5,8.9,3,4,20,0,0,202.43
2022-03-25 21:00:00,15.6,69.8,13.5,3,4,21,0,0,203.73
2022-03-25 22:00:00,18.4,62.4,18.5,3,4,22,0,0,163.72
2022-03-25 23:00:00,15.8,68.8,4.0,3,4,23,0,0,176.78
2022-03-26 00:00:00,15.8,65.7,14.1,3,5,0,1,0,146.89
2022-03-26 01:00:00,12.5,68.2,5.7,3,5,1,1,0,133.89
2022-03-26 02:00:00,18.2,69.1,9.9,3,5,2,1,0,120.8
2022-03-26 03:00:00,15.3,86.2,17.2,3,5,3,1,0,128.13
2022-03-26 04:00:00,18.9,65.2,4.4,3,5,4,1,0,101.09
2022-03-26 05:00:00,20.6,83.0,9.3,3,5,5,1,0,130.26
2022-03-26 06:00:00,24.0,74.8,7.2,3,5,6,1,0,118.29
2022-03-26 07:00:00,20.0,73.2,14.5,3,5,7,1,0,139.21
2022-03-26 08:00:00,17.8,77.1,11.6,3,5,8,1,0,139.84
2022-03-26 09:00:00,25.2,67.5,13.7,3,5,9,1,0,156.4
2022-03-26 10:00:00,29.2,75.7,4.7,3,5,10,1,0,175.27
2022-03-26 11:00:00,28.6,70.2,11.7,3,5,11,1,0,164.23
2022-03-26 12:00:00,26.7,53.3,9.4,3,5,12,1,0,149.11
2022-03-26 13:00:00,25.1,69.8,6.9,3,5,13,1,0,131.83
2022-03-26 14:00:00,27.2,72.7,5.8,3,5,14,1,0,122.75
2022-03-26 15:00:00,22.9,66.2,5.2,3,5,15,1,0,131.76
2022-03-26 16:00:00,24.7,68.6,2.1,3,5,16,1,0,153.72
2022-03-26 17:00:00,23.6,63.3,3.5,3,5,17,1,0,149.68
2022-03-26 18:00:00,23.4,57.3,2.5,3,5,18,1,0,157.42
2022-03-26 19:00:00,25.5,54.8,17.1,3,5,19,1,0,148.63
2022-03-26 20:00:00,19.6,57.9,17.7,3,5,20,1,0,162.78
2022-03-26 21:00:00,16.7,77.0,17.0,3,5,21,1,0,154.38
2022-03-26 22:00:00,16.9,51.6,15.6,3,5,22,1,0,142.06
2022-03-26 23:00:00,12.9,68.2,4.0,3,5,23,1,0,167.41
2022-03-27 00:00:00,15.2,66.3,7.4,3,6,0,1,0,104.14
2022-03-27 01:00:00,15.9,69.8,21.1,3,6,1,1,0,143.52
2022-03-27 02:00:00,16.2,57.1,13.4,3,6,2,1,0,91.26
2022-03-27 03:00:00,18.3,74.1,2.0,3,6,3,1,0,143.0
2022-03-27 04:00:00,17.4,61.1,6.9,3,6,4,1,0,100.26
2022-03-27 05:00:00,22.5,77.8,2.1,3,6,5,1,0,108.82
2022-03-27 06:00:00,21.5,64.3,4.6,3,6,6,1,0,118.61
2022-03-27 07:00:00,22.8,67.8,6.6,3,6,7,1,0,127.67
2022-03-27 08:00:00,23.4,68.3,19.9,3,6,8,1,0,129.29
2022-03-27 09:00:00,25.4,69.3,10.5,3,6,9,1,0,149.1
2022-03-27 10:00:00,27.5,66.5,5.6,3,6,10,1,0,166.13
2022-03-27 11:00:00,24.6,64.3,7.4,3,6,11,1,0,140.33
2022-03-27 12:00:00,25.2,70.1,15.6,3,6,12,1,0,156.67
2022-03-27 13:00:00,25.8,70.8,4.8,3,6,13,1,0,163.39
2022-03-27 14:00:00,23.2,62.3,9.6,3,6,14,1,0,99.55
2022-03-27 15:00:00,23.4,71.7,4.4,3,6,15,1,0,160.72
2022-03-27 16:00:00,23.1,78.0,7.2,3,6,16,1,0,147.41
2022-03-27 17:00:00,24.6,73.4,2.2,3,6,17,1,0,149.5
2022-03-27 18:00:00,22.1,76.4,17.3,3,6,18,1,0,139.94
2022-03-27 19:00:00,20.6,71.1,2.4,3,6,19,1,0,168.38
2022-03-27 20:00:00,20.7,62.1,4.0,3,6,20,1,0,180.48
2022-03-27 21:00:00,17.7,64.7,5.2,3,6,21,1,0,205.77
2022-03-27 22:00:00,18.0,73.6,9.9,3,6,22,1,0,188.29
2022-03-27 23:00:00,16.5,79.3,12.2,3,6,23,1,0,125.28
2022-03-28 00:00:00,17.3,93.6,2.7,3,0,0,0,0,157.58
2022-03-28 01:00:00,15.8,80.0,2.4,3,0,1,0,0,156.43
2022-03-28 02:00:00,12.6,64.3,14.8,3,0,2,0,0,171.51
2022-03-28 03:00:00,18.0,64.9,12.0,3,0,3,0,0,131.29
2022-03-28 04:00:00,22.1,87.2,16.2,3,0,4,0,0,124.38
2022-03-28 05:00:00,22.4,67.1,11.0,3,0,5,0,0,139.64
2022-03-28 06:00:00,23.7,68.5,13.1,3,0,6,0,0,141.53
2022-03-28 07:00:00,25.6,59.5,5.8,3,0,7,0,0,174.97
2022-03-28 08:00:00,24.5,80.3,9.1,3,0,8,0,0,209.19
2022-03-28 09:00:00,25.7,71.1,15.1,3,0,9,0,0,192.19
2022-03-28 10:00:00,24.9,61.4,3.5,3,0,10,0,0,197.97
2022-03-28 11:00:00,26.0,59.0,6.4,3,0,11,0,0,198.52
2022-03-28 12:00:00,28.0,68.4,12.8,3,0,12,0,0,183.27
2022-03-28 13:00:00,29.0,65.8,8.1,3,0,13,0,0,166.95
2022-03-28 14:00:00,25.9,73.7,11.2,3,0,14,0,0,155.26
2022-03-28 15:00:00,24.4,72.2,4.8,3,0,15,0,0,175.26
2022-03-28 16:00:00,24.3,65.7,2.3,3,0,16,0,0,165.0
2022-03-28 17:00:00,24.3,63.5,2.2,3,0,17,0,0,152.57
2022-03-28 18:00:00,18.9,69.3,24.9,3,0,18,0,0,189.62
2022-03-28 19:00:00,15.9,67.6,25.1,3,0,19,0,0,175.66
2022-03-28 20:00:00,18.2,69.9,3.9,3,0,20,0,0,180.7
2022-03-28 21:00:00,15.8,72.2,3.3,3,0,21,0,0,186.7
2022-03-28 22:00:00,16.5,64.6,2.1,3,0,22,0,0,189.84
2022-03-28 23:00:00,16.7,76.7,4.1,3,0,23,0,0,190.62
2022-03-29 00:00:00,16.2,69.0,5.3,3,1,0,0,0,158.94
2022-03-29 01:00:00,20.1,63.2,4.2,3,1,1,0,0,132.24
2022-03-29 02:00:00,18.4,68.0,14.8,3,1,2,0,0,121.53
2022-03-29 03:00:00,19.1,72.4,13.1,3,1,3,0,0,143.88
2022-03-29 04:00:00,20.8,70.3,2.7,3,1,4,0,0,136.39
2022-03-29 05:00:00,18.5,74.1,11.6,3,1,5,0,0,148.85
2022-03-29 06:00:00,24.1,75.1,7.9,3,1,6,0,0,150.2
2022-03-29 07:00:00,23.2,78.8,3.1,3,1,7,0,0,168.97
2022-03-29 08:00:00,25.9,69.3,12.8,3,1,8,0,0,176.39
2022-03-29 09:00:00,23.5,59.7,2.7,3,1,9,0,0,214.72
2022-03-29 10:00:00,,66.2,3.6,3,1,10,0,0,189.49
2022-03-29 11:00:00,28.5,57.7,3.3,3,1,11,0,0,181.97
2022-03-29 12:00:00,27.8,79.7,24.4,3,1,12,0,0,176.0
2022-03-29 13:00:00,25.1,83.4,11.6,3,1,13,0,0,152.18
2022-03-29 14:00:00,24.6,72.9,6.2,3,1,14,0,0,145.63
2022-03-29 15:00:00,27.8,72.9,15.8,3,1,15,0,0,179.34
2022-03-29 16:00:00,22.2,70.9,3.9,3,1,16,0,0,164.62
2022-03-29 17:00:00,26.6,69.6,23.4,3,1,17,0,0,179.4
2022-03-29 18:00:00,20.3,57.1,11.6,3,1,18,0,0,147.01
2022-03-29 19:00:00,22.0,68.4,8.6,3,1,19,0,0,171.9
2022-03-29 20:00:00,18.9,63.5,14.7,3,1,20,0,0,193.59
2022-03-29 21:00:00,19.7,72.4,10.3,3,1,21,0,0,175.8
2022-03-29 22:00:00,16.6,71.2,19.5,3,1,22,0,0,156.72
2022-03-29 23:00:00,16.9,87.1,16.1,3,1,23,0,0,156.36
2022-03-30 00:00:00,17.4,78.6,3.8,3,2,0,0,0,150.7
2022-03-30 01:00:00,15.5,74.5,4.2,3,2,1,0,0,159.96
2022-03-30 02:00:00,19.5,68.1,2.5,3,2,2,0,0,163.86
2022-03-30 03:00:00,17.8,84.5,4.0,3,2,3,0,0,127.15
2022-03-30 04:00:00,19.4,70.1,5.4,3,2,4,0,0,122.76
2022-03-30 05:00:00,19.0,73.1,2.2,3,2,5,0,0,125.45
2022-03-30 06:00:00,17.2,71.7,5.0,3,2,6,0,0,165.96
2022-03-30 07:00:00,23.2,65.2,13.8,3,2,7,0,0,156.92
2022-03-30 08:00:00,29.6,65.5,16.7,3,2,8,0,0,163.74
2022-03-30 09:00:00,27.4,50.6,2.1,3,2,9,0,0,170.28
2022-03-30 10:00:00,26.6,54.3,2.1,3,2,10,0,0,183.67
2022-03-30 11:00:00,26.6,69.5,3.3,3,2,11,0,0,185.01
2022-03-30 12:00:00,27.4,78.9,18.5,3,2,12,0,0,159.21
2022-03-30 13:00:00,28.2,68.7,7.1,3,2,13,0,0,174.28
2022-03-30 14:00:00,24.3,62.1,34.6,3,2,14,0,0,121.52
2022-03-30 15:00:00,28.1,54.4,19.5,3,2,15,0,0,154.64
2022-03-30 16:00:00,26.2,73.2,19.7,3,2,16,0,0,154.7
2022-03-30 17:00:00,25.0,62.9,3.1,3,2,17,0,0,173.72
2022-03-30 18:00:00,23.2,73.6,7.2,3,2,18,0,0,196.28
2022-03-30 19:00:00,21.1,72.6,42.4,3,2,19,0,0,165.54
2022-03-30 20:00:00,21.2,73.2,3.3,3,2,20,0,0,195.51
2022-03-30 21:00:00,20.0,70.3,8.8,3,2,21,0,0,158.3
2022-03-30 22:00:00,17.3,74.4,5.4,3,2,22,0,0,214.06
2022-03-30 23:00:00,16.3,70.9,5.9,3,2,23,0,0,146.39
2022-03-31 00:00:00,17.8,66.0,19.7,3,3,0,0,0,141.68
2022-03-31 01:00:00,20.8,61.9,9.1,3,3,1,0,0,99.0
2022-03-31 02:00:00,15.8,53.0,13.4,3,3,2,0,0,123.93
2022-03-31 03:00:00,16.1,70.5,10.9,3,3,3,0,0,165.48
2022-03-31 04:00:00,20.4,82.0,8.0,3,3,4,0,0,156.07
2022-03-31 05:00:00,21.4,75.2,14.6,3,3,5,0,0,154.33
2022-03-31 06:00:00,22.9,70.4,30.3,3,3,6,0,0,135.87
2022-03-31 07:00:00,24.4,62.0,29.2,3,3,7,0,0,172.14
2022-03-31 08:00:00,24.6,75.7,14.5,3,3,8,0,0,173.37
2022-03-31 09:00:00,29.1,64.5,7.3,3,3,9,0,0,199.83
2022-03-31 10:00:00,23.7,80.8,3.4,3,3,10,0,0,227.89
2022-03-31 11:00:00,25.7,59.3,2.4,3,3,11,0,0,197.93
2022-03-31 12:00:00,27.4,60.3,4.1,3,3,12,0,0,175.46
2022-03-31 13:00:00,,61.2,5.3,3,3,13,0,0,169.29
2022-03-31 14:00:00,26.5,54.9,3.1,3,3,14,0,0,180.64
2022-03-31 15:00:00,29.4,57.8,4.0,3,3,15,0,0,176.52
2022-03-31 16:00:00,25.1,68.3,2.7,3,3,16,0,0,174.04
2022-03-31 17:00:00,24.3,62.1,7.9,3,3,17,0,0,183.4
2022-03-31 18:00:00,20.0,39.1,3.1,3,3,18,0,0,208.37
2022-03-31 19:00:00,20.0,78.6,12.9,3,3,19,0,0,174.38
2022-03-31 20:00:00,19.3,56.9,5.2,3,3,20,0,0,201.77
2022-03-31 21:00:00,18.4,75.5,10.9,3,3,21,0,0,197.63
2022-03-31 22:00:00,20.8,69.8,19.1,3,3,22,0,0,165.22
2022-03-31 23:00:00,18.9,87.5,2.7,3,3,23,0,0,165.64
2022-04-01 00:00:00,15.6,80.2,38.1,4,4,0,0,0,168.54
2022-04-01 01:00:00,18.5,66.7,10.3,4,4,1,0,0,125.49
2022-04-01 02:00:00,19.5,64.6,2.4,4,4,2,0,0,115.97
2022-04-01 03:00:00,21.6,81.2,5.0,4,4,3,0,0,128.53
2022-04-01 04:00:00,23.5,56.5,19.4,4,4,4,0,0,98.75
2022-04-01 05:00:00,19.5,71.8,9.3,4,4,5,0,0,129.97
2022-04-01 06:00:00,21.2,68.4,4.7,4,4,6,0,0,135.09
2022-04-01 07:00:00,21.6,66.5,24.6,4,4,7,0,0,151.01
2022-04-01 08:00:00,24.9,70.4,14.4,4,4,8,0,0,189.97
2022-04-01 09:00:00,27.3,67.9,12.6,4,4,9,0,0,173.46
2022-04-01 10:00:00,29.1,69.1,19.5,4,4,10,0,0,201.59
2022-04-01 11:00:00,27.5,67.4,13.7,4,4,11,0,0,193.64
2022-04-01 12:00:00,27.2,69.7,4.7,4,4,12,0,0,145.19
2022-04-01 13:00:00,28.0,66.8,9.0,4,4,13,0,0,160.94
2022-04-01 14:00:00,25.5,62.0,16.8,4,4,14,0,0,147.1
2022-04-01 15:00:00,30.5,64.8,3.6,4,4,15,0,0,179.65
2022-04-01 16:00:00,22.1,63.2,3.4,4,4,16,0,0,166.56
2022-04-01 17:00:00,24.5,61.5,3.4,4,4,17,0,0,171.32
2022-04-01 18:00:00,26.9,63.9,3.7,4,4,18,0,0,169.08
2022-04-01 19:00:00,21.5,68.3,2.9,4,4,19,0,0,179.9
2022-04-01 20:00:00,19.9,70.3,16.5,4,4,20,0,0,166.33
2022-04-01 21:00:00,18.6,78.0,15.6,4,4,21,0,0,189.82
2022-04-01 22:00:00,18.1,66.9,3.3,4,4,22,0,0,175.92
2022-04-01 23:00:00,20.7,71.2,11.8,4,4,23,0,0,171.84
2022-04-02 00:00:00,13.7,74.1,9.9,4,5,0,1,0,148.67
2022-04-02 01:00:00,21.3,64.5,4.6,4,5,1,1,0,110.03
2022-04-02 02:00:00,15.9,72.6,4.1,4,5,2,1,0,125.66
2022-04-02 03:00:00,19.0,78.5,4.3,4,5,3,1,0,110.47
2022-04-02 04:00:00,19.7,,12.5,4,5,4,1,0,92.53
2022-04-02 05:00:00,23.0,70.3,5.1,4,5,5,1,0,105.98
2022-04-02 06:00:00,19.9,64.4,4.6,4,5,6,1,0,91.68
2022-04-02 07:00:00,25.3,83.1,2.2,4,5,7,1,0,137.65
2022-04-02 08:00:00,29.6,60.0,21.1,4,5,8,1,0,140.4
2022-04-02 09:00:00,23.9,54.7,13.2,4,5,9,1,0,130.54
2022-04-02 10:00:00,27.8,73.0,7.1,4,5,10,1,0,178.95
2022-04-02 11:00:00,26.6,65.8,24.9,4,5,11,1,0,156.9
2022-04-02 12:00:00,28.9,63.1,4.8,4,5,12,1,0,165.06
2022-04-02 13:00:00,27.9,61.7,11.0,4,5,13,1,0,152.04
2022-04-02 14:00:00,26.1,81.9,4.9,4,5,14,1,0,140.85
2022-04-02 15:00:00,27.6,69.0,5.0,4,5,15,1,0,138.9
2022-04-02 16:00:00,29.2,69.8,16.9,4,5,16,1,0,153.6
2022-04-02 17:00:00,24.0,69.3,14.4,4,5,17,1,0,147.66
2022-04-02 18:00:00,24.5,69.9,4.8,4,5,18,1,0,169.84
2022-04-02 19:00:00,19.2,81.6,2.7,4,5,19,1,0,169.75
2022-04-02 20:00:00,18.7,68.7,5.5,4,5,20,1,0,155.82
2022-04-02 21:00:00,20.5,58.1,13.4,4,5,21,1,0,160.15
2022-04-02 22:00:00,21.7,76.1,2.8,4,5,22,1,0,147.01
2022-04-02 23:00:00,19.0,74.5,10.9,4,5,23,1,0,151.99
2022-04-03 00:00:00,17.7,72.0,19.6,4,6,0,1,0,124.22
2022-04-03 01:00:00,18.5,74.5,3.6,4,6,1,1,0,122.27
2022-04-03 02:00:00,16.5,68.8,17.9,4,6,2,1,0,105.76
2022-04-03 03:00:00,21.0,69.7,2.4,4,6,3,1,0,125.01
2022-04-03 04:00:00,22.6,67.6,10.8,4,6,4,1,0,121.53
2022-04-03 05:00:00,21.1,64.7,14.5,4,6,5,1,0,103.12
2022-04-03 06:00:00,22.4,78.3,6.7,4,6,6,1,0,109.32
2022-04-03 07:00:00,25.2,56.1,3.8,4,6,7,1,0,137.14
2022-04-03 08:00:00,25.0,86.4,22.7,4,6,8,1,0,161.87
2022-04-03 09:00:00,26.7,73.7,2.2,4,6,9,1,0,143.94
2022-04-03 10:00:00,31.9,49.8,8.5,4,6,10,1,0,182.02
2022-04-03 11:00:00,27.7,64.4,5.7,4,6,11,1,0,148.62
2022-04-03 12:00:00,27.6,64.8,6.9,4,6,12,1,0,136.81
2022-04-03 13:00:00,26.9,69.7,8.2,4,6,13,1,0,156.54
2022-04-03 14:00:00,29.1,57.5,8.1,4,6,14,1,0,150.22
2022-04-03 15:00:00,26.5,67.0,3.8,4,6,15,1,0,134.05
2022-04-03 16:00:00,24.5,66.8,11.1,4,6,16,1,0,143.67
2022-04-03 17:00:00,27.3,60.5,2.2,4,6,17,1,0,157.3
2022-04-03 18:00:00,26.2,59.9,2.2,4,6,18,1,0,133.21
2022-04-03 19:00:00,20.8,76.9,7.2,4,6,19,1,0,166.38
2022-04-03 20:00:00,17.1,57.9,8.2,4,6,20,1,0,190.45
2022-04-03 21:00:00,21.8,72.9,4.6,4,6,21,1,0,172.01
2022-04-03 22:00:00,17.6,77.6,8.4,4,6,22,1,0,118.86
2022-04-03 23:00:00,20.1,68.2,7.8,4,6,23,1,0,124.41
2022-04-04 00:00:00,14.6,73.1,5.4,4,0,0,0,0,176.2
2022-04-04 01:00:00,20.5,79.0,10.4,4,0,1,0,0,133.54
2022-04-04 02:00:00,16.8,65.9,27.3,4,0,2,0,0,146.98
2022-04-04 03:00:00,21.5,64.4,7.4,4,0,3,0,0,161.45
2022-04-04 04:00:00,21.1,65.5,14.3,4,0,4,0,0,126.79
2022-04-04 05:00:00,20.4,79.1,4.3,4,0,5,0,0,137.18
2022-04-04 06:00:00,22.8,79.0,13.5,4,0,6,0,0,134.57
2022-04-04 07:00:00,26.2,55.7,10.4,4,0,7,0,0,169.44
2022-04-04 08:00:00,26.3,74.9,10.2,4,0,8,0,0,165.27
2022-04-04 09:00:00,28.3,72.4,19.9,4,0,9,0,0,176.87
2022-04-04 10:00:00,31.9,76.5,4.1,4,0,10,0,0,193.53
2022-04-04 11:00:00,25.3,70.4,5.7,4,0,11,0,0,175.97
2022-04-04 12:00:00,31.8,63.7,2.7,4,0,12,0,0,184.46
2022-04-04 13:00:00,28.6,74.9,12.4,4,0,13,0,0,142.32
2022-04-04 14:00:00,26.1,72.5,16.9,4,0,14,0,0,144.49
2022-04-04 15:00:00,24.5,85.7,6.2,4,0,15,0,0,173.41
2022-04-04 16:00:00,25.7,74.8,5.5,4,0,16,0,0,184.09
2022-04-04 17:00:00,26.7,67.9,10.6,4,0,17,0,0,167.08
2022-04-04 18:00:00,23.3,58.9,2.6,4,0,18,0,0,176.58
2022-04-04 19:00:00,25.3,62.7,4.8,4,0,19,0,0,193.74
2022-04-04 20:00:00,18.2,59.4,5.6,4,0,20,0,0,223.09
2022-04-04 21:00:00,20.0,68.3,7.8,4,0,21,0,0,172.69
2022-04-04 22:00:00,16.7,79.0,7.2,4,0,22,0,0,167.35
2022-04-04 23:00:00,19.5,70.2,3.9,4,0,23,0,0,167.94
2022-04-05 00:00:00,20.6,77.9,8.2,4,1,0,0,0,154.16
2022-04-05 01:00:00,18.2,73.6,22.8,4,1,1,0,0,136.74
2022-04-05 02:00:00,14.3,69.6,2.2,4,1,2,0,0,131.53
2022-04-05 03:00:00,20.7,70.4,11.1,4,1,3,0,0,144.31
2022-04-05 04:00:00,22.2,72.7,9.8,4,1,4,0,0,132.5
2022-04-05 05:00:00,23.3,69.4,22.7,4,1,5,0,0,142.46
2022-04-05 06:00:00,26.3,68.1,10.3,4,1,6,0,0,175.76
2022-04-05 07:00:00,23.0,62.4,9.8,4,1,7,0,0,134.11
2022-04-05 08:00:00,27.7,62.7,13.8,4,1,8,0,0,146.57
2022-04-05 09:00:00,29.8,83.2,4.5,4,1,9,0,0,207.47
2022-04-05 10:00:00,24.6,77.5,9.2,4,1,10,0,0,154.77
2022-04-05 11:00:00,29.3,53.6,7.9,4,1,11,0,0,180.93
2022-04-05 12:00:00,27.8,47.2,6.6,4,1,12,0,0,163.95
2022-04-05 13:00:00,28.5,66.4,2.7,4,1,13,0,0,179.35
2022-04-05 14:00:00,28.9,72.7,4.8,4,1,14,0,0,160.69
2022-04-05 15:00:00,26.4,62.6,4.6,4,1,15,0,0,166.76
2022-04-05 16:00:00,25.0,75.7,12.3,4,1,16,0,0,143.51
2022-04-05 17:00:00,25.2,67.9,22.3,4,1,17,0,0,141.2
2022-04-05 18:00:00,21.7,67.9,4.1,4,1,18,0,0,177.9
2022-04-05 19:00:00,20.4,75.9,2.6,4,1,19,0,0,194.0
2022-04-05 20:00:00,22.7,64.4,50.0,4,1,20,0,0,173.87
2022-04-05 21:00:00,18.0,68.7,11.4,4,1,21,0,0,211.41
2022-04-05 22:00:00,20.8,74.9,19.4,4,1,22,0,0,191.59
2022-04-05 23:00:00,19.9,69.8,3.2,4,1,23,0,0,175.15
2022-04-06 00:00:00,15.6,87.5,14.9,4,2,0,0,0,169.58
2022-04-06 01:00:00,17.9,76.6,15.4,4,2,1,0,0,146.28
2022-04-06 02:00:00,22.1,74.0,3.3,4,2,2,0,0,155.59
2022-04-06 03:00:00,18.6,70.3,3.4,4,2,3,0,0,142.84
2022-04-06 04:00:00,20.7,76.7,4.8,4,2,4,0,0,130.46
2022-04-06 05:00:00,23.7,65.6,4.0,4,2,5,0,0,131.32
2022-04-06 06:00:00,25.6,69.4,31.6,4,2,6,0,0,158.16
2022-04-06 07:00:00,24.9,60.2,5.6,4,2,7,0,0,156.61
2022-04-06 08:00:00,,75.6,13.5,4,2,8,0,0,199.89
2022-04-06 09:00:00,30.5,67.1,15.1,4,2,9,0,0,175.17
2022-04-06 10:00:00,31.9,79.9,5.9,4,2,10,0,0,229.19
2022-04-06 11:00:00,30.9,83.7,11.2,4,2,11,0,0,194.25
2022-04-06 12:00:00,29.3,71.5,2.9,4,2,12,0,0,192.45
2022-04-06 13:00:00,27.3,66.9,6.0,4,2,13,0,0,149.35
2022-04-06 14:00:00,26.7,59.1,29.4,4,2,14,0,0,120.6
2022-04-06 15:00:00,28.7,72.9,3.5,4,2,15,0,0,191.5
2022-04-06 16:00:00,27.4,68.0,5.9,4,2,16,0,0,158.94
2022-04-06 17:00:00,28.2,70.2,14.5,4,2,17,0,0,186.18
2022-04-06 18:00:00,25.4,81.1,10.8,4,2,18,0,0,171.25
2022-04-06 19:00:00,19.8,63.5,10.0,4,2,19,0,0,200.4
2022-04-06 20:00:00,23.7,60.8,17.4,4,2,20,0,0,178.83
2022-04-06 21:00:00,18.5,68.8,2.2,4,2,21,0,0,174.65
2022-04-06 22:00:00,19.0,77.1,13.8,4,2,22,0,0,187.46
2022-04-06 23:00:00,,74.6,19.1,4,2,23,0,0,176.22
2022-04-07 00:00:00,23.3,61.2,2.1,4,3,0,0,0,155.84
2022-04-07 01:00:00,25.7,73.2,8.5,4,3,1,0,0,141.84
2022-04-07 02:00:00,21.2,59.8,5.4,4,3,2,0,0,106.5
2022-04-07 03:00:00,20.4,63.1,2.4,4,3,3,0,0,117.37
2022-04-07 04:00:00,22.9,67.6,6.3,4,3,4,0,0,124.48
2022-04-07 05:00:00,24.8,63.2,10.3,4,3,5,0,0,136.1
2022-04-07 06:00:00,23.7,75.3,22.1,4,3,6,0,0,161.77
2022-04-07 07:00:00,29.2,67.7,9.8,4,3,7,0,0,168.7
2022-04-07 08:00:00,27.3,80.5,17.5,4,3,8,0,0,143.08
2022-04-07 09:00:00,28.9,63.6,3.0,4,3,9,0,0,151.71
2022-04-07 10:00:00,30.0,64.0,3.9,4,3,10,0,0,187.75
2022-04-07 11:00:00,30.0,74.7,30.1,4,3,11,0,0,177.11
2022-04-07 12:00:00,31.0,63.8,19.5,4,3,12,0,0,188.21
2022-04-07 13:00:00,27.9,78.0,4.1,4,3,13,0,0,153.13
2022-04-07 14:00:00,27.5,70.6,9.8,4,3,14,0,0,142.73
2022-04-07 15:00:00,25.7,48.3,5.6,4,3,15,0,0,159.94
2022-04-07 16:00:00,27.7,75.6,7.1,4,3,16,0,0,188.04
2022-04-07 17:00:00,27.2,73.7,17.8,4,3,17,0,0,138.53
2022-04-07 18:00:00,25.2,75.0,12.6,4,3,18,0,0,166.54
2022-04-07 19:00:00,26.4,51.5,4.2,4,3,19,0,0,205.14
2022-04-07 20:00:00,21.8,63.8,5.0,4,3,20,0,0,205.62
2022-04-07 21:00:00,22.1,64.2,4.7,4,3,21,0,0,173.32
2022-04-07 22:00:00,17.8,64.4,14.1,4,3,22,0,0,193.28
2022-04-07 23:00:00,18.7,84.6,7.4,4,3,23,0,0,173.02
2022-04-08 00:00:00,21.0,69.4,26.1,4,4,0,0,0,146.46
2022-04-08 01:00:00,21.4,69.0,15.6,4,4,1,0,0,125.3
2022-04-08 02:00:00,19.7,74.6,3.9,4,4,2,0,0,143.55
2022-04-08 03:00:00,20.9,74.1,14.3,4,4,3,0,0,112.95
2022-04-08 04:00:00,19.0,43.8,7.6,4,4,4,0,0,120.99
2022-04-08 05:00:00,22.6,63.5,4.3,4,4,5,0,0,136.71
2022-04-08 06:00:00,26.4,55.5,5.6,4,4,6,0,0,153.26
2022-04-08 07:00:00,27.0,69.7,30.6,4,4,7,0,0,190.01
2022-04-08 08:00:00,28.1,63.7,7.3,4,4,8,0,0,215.39
2022-04-08 09:00:00,28.2,66.0,12.2,4,4,9,0,0,178.79
2022-04-08 10:00:00,28.9,48.9,7.2,4,4,10,0,0,210.2
2022-04-08 11:00:00,28.1,63.5,5.7,4,4,11,0,0,170.27
2022-04-08 12:00:00,31.0,73.4,14.7,4,4,12,0,0,193.98
2022-04-08 13:00:00,30.2,76.2,17.1,4,4,13,0,0,165.84
2022-04-08 14:00:00,29.9,70.8,2.6,4,4,14,0,0,168.24
2022-04-08 15:00:00,27.1,55.8,4.6,4,4,15,0,0,198.81
2022-04-08 16:00:00,22.8,78.7,7.7,4,4,16,0,0,154.86
2022-04-08 17:00:00,28.1,71.8,5.0,4,4,17,0,0,166.5
2022-04-08 18:00:00,23.6,67.3,14.2,4,4,18,0,0,157.97
2022-04-08 19:00:00,21.6,53.0,3.0,4,4,19,0,0,173.23
2022-04-08 20:00:00,23.5,75.9,14.8,4,4,20,0,0,169.58
2022-04-08 21:00:00,20.3,65.1,9.7,4,4,21,0,0,189.1
2022-04-08 22:00:00,22.4,71.6,4.7,4,4,22,0,0,181.48
2022-04-08 23:00:00,21.0,70.1,5.4,4,4,23,0,0,171.64
2022-04-09 00:00:00,21.2,81.7,3.6,4,5,0,1,0,126.21
2022-04-09 01:00:00,17.3,70.4,4.3,4,5,1,1,0,113.93
2022-04-09 02:00:00,22.9,68.4,12.1,4,5,2,1,0,97.19
2022-04-09 03:00:00,21.8,81.7,5.8,4,5,3,1,0,114.09
2022-04-09 04:00:00,21.6,63.9,11.3,4,5,4,1,0,105.49
2022-04-09 05:00:00,23.8,74.6,7.8,4,5,5,1,0,108.97
2022-04-09 06:00:00,21.3,67.8,3.3,4,5,6,1,0,122.11
2022-04-09 07:00:00,26.9,58.5,7.5,4,5,7,1,0,159.99
2022-04-09 08:00:00,25.3,67.4,13.3,4,5,8,1,0,173.09
2022-04-09 09:00:00,25.6,72.7,4.8,4,5,9,1,0,155.68
2022-04-09 10:00:00,26.1,77.8,10.4,4,5,10,1,0,151.32
2022-04-09 11:00:00,31.9,75.9,3.8,4,5,11,1,0,181.07
2022-04-09 12:00:00,28.6,63.4,3.2,4,5,12,1,0,173.43
2022-04-09 13:00:00,32.7,55.7,5.6,4,5,13,1,0,161.82
2022-04-09 14:00:00,28.1,63.4,5.9,4,5,14,1,0,145.12
2022-04-09 15:00:00,24.9,58.1,13.5,4,5,15,1,0,116.07
2022-04-09 16:00:00,25.1,65.7,6.9,4,5,16,1,0,116.88
2022-04-09 17:00:00,28.6,63.0,2.7,4,5,17,1,0,162.87
2022-04-09 18:00:00,24.5,73.6,10.0,4,5,18,1,0,155.81
2022-04-09 19:00:00,22.4,51.1,7.1,4,5,19,1,0,166.99
2022-04-09 20:00:00,22.6,62.8,5.2,4,5,20,1,0,140.67
2022-04-09 21:00:00,22.3,63.1,15.0,4,5,21,1,0,184.24
2022-04-09 22:00:00,22.7,78.1,3.3,4,5,22,1,0,159.95
2022-04-09 23:00:00,22.9,59.6,21.6,4,5,23,1,0,103.19
2022-04-10 00:00:00,19.3,72.1,5.3,4,6,0,1,0,139.09
2022-04-10 01:00:00,17.6,70.2,6.9,4,6,1,1,0,114.73
2022-04-10 02:00:00,19.9,78.4,23.2,4,6,2,1,0,105.84
2022-04-10 03:00:00,22.0,73.7,13.5,4,6,3,1,0,98.29
2022-04-10 04:00:00,20.6,70.7,2.6,4,6,4,1,0,111.57
2022-04-10 05:00:00,21.9,64.6,8.9,4,6,5,1,0,113.42
2022-04-10 06:00:00,25.8,52.3,5.0,4,6,6,1,0,99.24
2022-04-10 07:00:00,26.3,68.8,7.7,4,6,7,1,0,151.37
2022-04-10 08:00:00,27.6,70.4,12.9,4,6,8,1,0,151.62
2022-04-10 09:00:00,27.1,53.9,7.5,4,6,9,1,0,161.82
2022-04-10 10:00:00,28.9,55.7,2.6,4,6,10,1,0,179.61
2022-04-10 11:00:00,28.0,68.0,8.0,4,6,11,1,0,163.79
2022-04-10 12:00:00,31.8,66.8,2.2,4,6,12,1,0,176.34
2022-04-10 13:00:00,32.0,56.1,5.4,4,6,13,1,0,136.7
2022-04-10 14:00:00,25.7,62.6,7.2,4,6,14,1,0,120.64
2022-04-10 15:00:00,26.7,51.9,10.3,4,6,15,1,0,130.41
2022-04-10 16:00:00,24.6,78.7,7.6,4,6,16,1,0,139.98
2022-04-10 17:00:00,25.1,57.1,3.3,4,6,17,1,0,146.86
2022-04-10 18:00:00,24.9,71.9,23.5,4,6,18,1,0,167.26
2022-04-10 19:00:00,20.9,69.3,10.4,4,6,19,1,0,159.79
2022-04-10 20:00:00,20.7,80.0,5.0,4,6,20,1,0,177.32
2022-04-10 21:00:00,19.5,63.9,29.0,4,6,21,1,0,152.38
2022-04-10 22:00:00,21.1,69.9,19.1,4,6,22,1,0,142.1
2022-04-10 23:00:00,20.4,56.2,3.2,4,6,23,1,0,135.73
2022-04-11 00:00:00,18.9,55.1,10.5,4,0,0,0,0,130.46
2022-04-11 01:00:00,20.8,74.4,8.6,4,0,1,0,0,139.48
2022-04-11 02:00:00,19.9,55.8,3.7,4,0,2,0,0,130.08
2022-04-11 03:00:00,21.2,67.6,4.1,4,0,3,0,0,131.14
2022-04-11 04:00:00,26.2,75.0,8.6,4,0,4,0,0,114.05
2022-04-11 05:00:00,26.7,72.6,5.1,4,0,5,0,0,147.45
2022-04-11 06:00:00,22.7,63.3,16.4,4,0,6,0,0,130.33
2022-04-11 07:00:00,28.3,53.2,2.8,4,0,7,0,0,165.44
2022-04-11 08:00:00,29.4,69.4,21.6,4,0,8,0,0,159.68
2022-04-11 09:00:00,26.5,77.5,16.7,4,0,9,0,0,182.06
2022-04-11 10:00:00,31.3,59.1,12.7,4,0,10,0,0,193.35
2022-04-11 11:00:00,33.2,57.0,4.4,4,0,11,0,0,198.37
2022-04-11 12:00:00,28.1,61.8,12.0,4,0,12,0,0,179.24
2022-04-11 13:00:00,28.3,70.4,6.6,4,0,13,0,0,178.2
2022-04-11 14:00:00,31.7,74.0,10.0,4,0,14,0,0,179.32
2022-04-11 15:00:00,29.4,55.4,5.0,4,0,15,0,0,174.36
2022-04-11 16:00:00,28.9,53.6,16.5,4,0,16,0,0,154.32
2022-04-11 17:00:00,27.3,85.1,2.3,4,0,17,0,0,185.38
2022-04-11 18:00:00,26.1,65.5,11.4,4,0,18,0,0,176.77
2022-04-11 19:00:00,21.4,71.3,16.1,4,0,19,0,0,168.76
2022-04-11 20:00:00,24.9,62.0,10.3,4,0,20,0,0,178.53
2022-04-11 21:00:00,24.1,71.9,3.7,4,0,21,0,0,208.6
2022-04-11 22:00:00,20.5,77.4,4.7,4,0,22,0,0,204.34
2022-04-11 23:00:00,20.4,72.2,7.8,4,0,23,0,0,177.1
2022-04-12 00:00:00,17.5,85.2,5.2,4,1,0,0,0,147.82
2022-04-12 01:00:00,21.7,66.5,2.0,4,1,1,0,0,163.24
2022-04-12 02:00:00,22.4,66.7,2.3,4,1,2,0,0,145.43
2022-04-12 03:00:00,21.9,70.9,13.7,4,1,3,0,0,134.54
2022-04-12 04:00:00,25.3,71.1,2.7,4,1,4,0,0,168.0
2022-04-12 05:00:00,23.6,70.0,23.1,4,1,5,0,0,121.4
2022-04-12 06:00:00,26.7,56.4,6.7,4,1,6,0,0,163.2
2022-04-12 07:00:00,24.8,70.1,13.4,4,1,7,0,0,146.13
2022-04-12 08:00:00,28.0,63.0,3.1,4,1,8,0,0,169.58
2022-04-12 09:00:00,28.7,61.0,22.9,4,1,9,0,0,218.47
2022-04-12 10:00:00,30.3,65.1,2.3,4,1,10,0,0,208.22
2022-04-12 11:00:00,29.6,57.5,2.3,4,1,11,0,0,219.86
2022-04-12 12:00:00,30.3,55.8,2.4,4,1,12,0,0,194.02
2022-04-12 13:00:00,32.0,43.1,2.9,4,1,13,0,0,187.48
2022-04-12 14:00:00,29.0,79.5,7.3,4,1,14,0,0,162.55
2022-04-12 15:00:00,25.9,71.5,14.4,4,1,15,0,0,170.73
2022-04-12 16:00:00,31.5,63.3,4.7,4,1,16,0,0,180.55
2022-04-12 17:00:00,29.6,59.9,13.0,4,1,17,0,0,175.19
2022-04-12 18:00:00,23.0,45.5,13.9,4,1,18,0,0,162.29
2022-04-12 19:00:00,25.6,61.4,21.1,4,1,19,0,0,179.94
2022-04-12 20:00:00,22.0,74.7,3.3,4,1,20,0,0,196.14
2022-04-12 21:00:00,22.5,76.3,3.2,4,1,21,0,0,193.51
2022-04-12 22:00:00,21.8,74.2,3.0,4,1,22,0,0,179.26
2022-04-12 23:00:00,20.2,71.1,5.6,4,1,23,0,0,143.96
2022-04-13 00:00:00,19.2,80.8,7.4,4,2,0,0,0,159.13
2022-04-13 01:00:00,19.6,67.6,7.0,4,2,1,0,0,139.3
2022-04-13 02:00:00,19.6,78.9,4.4,4,2,2,0,0,90.49
2022-04-13 03:00:00,20.6,66.6,9.8,4,2,3,0,0,106.85
2022-04-13 04:00:00,23.2,61.4,5.3,4,2,4,0,0,126.67
2022-04-13 05:00:00,23.1,60.4,5.6,4,2,5,0,0,158.95
2022-04-13 06:00:00,27.1,57.9,2.9,4,2,6,0,0,164.24
2022-04-13 07:00:00,30.1,70.2,9.2,4,2,7,0,0,164.43
2022-04-13 08:00:00,27.1,60.5,10.5,4,2,8,0,0,168.91
2022-04-13 09:00:00,29.8,56.8,13.3,4,2,9,0,0,203.4
2022-04-13 10:00:00,31.1,70.2,20.7,4,2,10,0,0,187.15
2022-04-13 11:00:00,31.6,66.8,13.6,4,2,11,0,0,181.27
2022-04-13 12:00:00,30.9,72.2,4.2,4,2,12,0,0,205.98
2022-04-13 13:00:00,32.1,68.1,4.1,4,2,13,0,0,205.41
2022-04-13 14:00:00,31.1,58.4,21.7,4,2,14,0,0,157.71
2022-04-13 15:00:00,26.8,67.2,14.5,4,2,15,0,0,164.17
2022-04-13 16:00:00,30.0,66.0,14.2,4,2,16,0,0,168.93
2022-04-13 17:00:00,28.9,58.2,12.2,4,2,17,0,0,162.31
2022-04-13 18:00:00,24.3,59.0,4.5,4,2,18,0,0,193.54
2022-04-13 19:00:00,24.6,62.3,17.0,4,2,19,0,0,172.15
2022-04-13 20:00:00,24.7,84.0,3.2,4,2,20,0,0,211.67
2022-04-13 21:00:00,21.8,65.8,5.4,4,2,21,0,0,188.34
2022-04-13 22:00:00,23.6,78.1,5.4,4,2,22,0,0,178.03
2022-04-13 23:00:00,25.7,63.4,8.6,4,2,23,0,0,157.79
2022-04-14 00:00:00,19.5,77.4,7.0,4,3,0,0,1,105.06
2022-04-14 01:00:00,18.4,78.0,6.9,4,3,1,0,1,112.25
2022-04-14 02:00:00,22.3,76.5,8.5,4,3,2,0,1,98.41
2022-04-14 03:00:00,23.9,71.1,6.3,4,3,3,0,1,105.58
2022-04-14 04:00:00,23.1,79.5,4.3,4,3,4,0,1,91.7
2022-04-14 05:00:00,27.6,69.2,10.7,4,3,5,0,1,115.25
2022-04-14 06:00:00,23.3,82.0,14.5,4,3,6,0,1,126.46
2022-04-14 07:00:00,28.7,52.7,7.2,4,3,7,0,1,125.36
2022-04-14 08:00:00,27.3,69.1,10.4,4,3,8,0,1,156.03
2022-04-14 09:00:00,33.0,65.8,8.1,4,3,9,0,1,189.89
2022-04-14 10:00:00,34.3,55.3,2.5,4,3,10,0,1,170.26
2022-04-14 11:00:00,29.3,70.0,6.4,4,3,11,0,1,151.28
2022-04-14 12:00:00,29.9,53.1,2.1,4,3,12,0,1,133.69
2022-04-14 13:00:00,32.6,58.5,10.7,4,3,13,0,1,161.32
2022-04-14 14:00:00,29.6,49.2,7.7,4,3,14,0,1,136.71
2022-04-14 15:00:00,29.5,77.7,3.1,4,3,15,0,1,119.78
2022-04-14 16:00:00,28.6,63.9,8.3,4,3,16,0,1,126.8
2022-04-14 17:00:00,23.5,85.6,20.3,4,3,17,0,1,138.75
2022-04-14 18:00:00,26.0,73.4,5.3,4,3,18,0,1,154.32
2022-04-14 19:00:00,23.3,71.9,34.3,4,3,19,0,1,163.33
2022-04-14 20:00:00,22.5,64.0,27.6,4,3,20,0,1,133.19
2022-04-14 21:00:00,25.4,58.9,14.3,4,3,21,0,1,153.54
2022-04-14 22:00:00,19.2,74.6,15.4,4,3,22,0,1,130.88
2022-04-14 23:00:00,22.8,68.0,6.2,4,3,23,0,1,137.1
2022-04-15 00:00:00,20.7,58.9,6.1,4,4,0,0,0,140.83
2022-04-15 01:00:00,20.9,57.4,26.7,4,4,1,0,0,131.14
2022-04-15 02:00:00,23.5,60.6,5.6,4,4,2,0,0,127.14
2022-04-15 03:00:00,23.4,82.9,2.8,4,4,3,0,0,150.44
2022-04-15 04:00:00,24.9,85.3,3.3,4,4,4,0,0,132.98
2022-04-15 05:00:00,26.9,68.2,11.9,4,4,5,0,0,129.46
2022-04-15 06:00:00,25.6,68.4,5.9,4,4,6,0,0,156.76
2022-04-15 07:00:00,26.3,64.1,3.8,4,4,7,0,0,191.88
2022-04-15 08:00:00,26.6,59.2,15.4,4,4,8,0,0,144.8
2022-04-15 09:00:00,28.1,76.9,7.4,4,4,9,0,0,172.91
2022-04-15 10:00:00,36.5,76.7,8.7,4,4,10,0,0,239.56
2022-04-15 11:00:00,33.6,56.1,3.3,4,4,11,0,0,227.03
2022-04-15 12:00:00,28.6,65.1,3.7,4,4,12,0,0,186.21
2022-04-15 13:00:00,28.4,62.2,3.1,4,4,13,0,0,163.2
2022-04-15 14:00:00,31.6,60.9,7.8,4,4,14,0,0,182.99
2022-04-15 15:00:00,30.9,74.0,14.0,4,4,15,0,0,180.8
2022-04-15 16:00:00,29.9,54.6,12.5,4,4,16,0,0,156.07
2022-04-15 17:00:00,27.0,70.2,4.4,4,4,17,0,0,185.63
2022-04-15 18:00:00,,72.8,17.3,4,4,18,0,0,175.98
2022-04-15 19:00:00,25.6,66.1,2.9,4,4,19,0,0,165.7
2022-04-15 20:00:00,23.9,75.2,3.0,4,4,20,0,0,194.98
2022-04-15 21:00:00,18.3,72.0,17.1,4,4,21,0,0,178.26
2022-04-15 22:00:00,21.5,79.0,4.2,4,4,22,0,0,200.49
2022-04-15 23:00:00,19.7,58.0,11.9,4,4,23,0,0,140.81
2022-04-16 00:00:00,21.8,66.3,2.1,4,5,0,1,0,115.12
2022-04-16 01:00:00,27.6,65.6,2.8,4,5,1,1,0,127.95
2022-04-16 02:00:00,22.9,47.2,9.5,4,5,2,1,0,138.24
2022-04-16 03:00:00,22.3,60.1,3.6,4,5,3,1,0,135.66
2022-04-16 04:00:00,25.8,60.6,2.2,4,5,4,1,0,112.74
2022-04-16 05:00:00,26.2,74.5,7.0,4,5,5,1,0,127.59
2022-04-16 06:00:00,27.3,60.7,5.2,4,5,6,1,0,139.3
2022-04-16 07:00:00,29.0,59.0,15.0,4,5,7,1,0,124.3
2022-04-16 08:00:00,33.1,70.0,15.7,4,5,8,1,0,171.46
2022-04-16 09:00:00,27.8,53.2,9.6,4,5,9,1,0,176.05
2022-04-16 10:00:00,31.8,47.5,4.8,4,5,10,1,0,177.82
2022-04-16 11:00:00,29.5,62.4,7.0,4,5,11,1,0,194.9
2022-04-16 12:00:00,32.6,52.1,11.7,4,5,12,1,0,159.42
2022-04-16 13:00:00,29.5,54.0,2.6,4,5,13,1,0,147.41
2022-04-16 14:00:00,30.0,69.6,5.2,4,5,14,1,0,147.5
2022-04-16 15:00:00,29.4,72.3,15.8,4,5,15,1,0,121.16
2022-04-16 16:00:00,30.9,70.8,6.2,4,5,16,1,0,170.5
2022-04-16 17:00:00,29.6,74.1,9.8,4,5,17,1,0,149.87
2022-04-16 18:00:00,24.0,77.9,2.8,4,5,18,1,0,161.12
2022-04-16 19:00:00,25.3,50.3,14.0,4,5,19,1,0,147.15
2022-04-16 20:00:00,22.6,72.3,2.8,4,5,20,1,0,196.23
2022-04-16 21:00:00,20.4,65.5,17.8,4,5,21,1,0,175.15
2022-04-16 22:00:00,21.7,63.2,2.9,4,5,22,1,0,152.65
2022-04-16 23:00:00,21.0,74.0,19.7,4,5,23,1,0,117.18
2022-04-17 00:00:00,26.6,52.9,5.6,4,6,0,1,0,132.96
2022-04-17 01:00:00,22.8,54.6,9.8,4,6,1,1,0,125.72
2022-04-17 02:00:00,19.6,75.2,17.0,4,6,2,1,0,93.92
2022-04-17 03:00:00,22.1,72.9,2.1,4,6,3,1,0,108.74
2022-04-17 04:00:00,26.3,68.0,4.5,4,6,4,1,0,116.54
2022-04-17 05:00:00,29.6,58.2,21.1,4,6,5,1,0,136.84
2022-04-17 06:00:00,23.6,74.2,5.9,4,6,6,1,0,125.19
2022-04-17 07:00:00,,73.3,11.8,4,6,7,1,0,148.83
2022-04-17 08:00:00,33.0,64.2,3.2,4,6,8,1,0,163.44
2022-04-17 09:00:00,31.0,55.1,11.1,4,6,9,1,0,151.82
2022-04-17 10:00:00,29.3,61.9,2.6,4,6,10,1,0,198.09
2022-04-17 11:00:00,32.6,70.4,12.1,4,6,11,1,0,160.06
2022-04-17 12:00:00,26.5,,5.1,4,6,12,1,0,142.55
2022-04-17 13:00:00,31.6,61.6,7.0,4,6,13,1,0,169.42
2022-04-17 14:00:00,31.7,62.1,3.5,4,6,14,1,0,147.03
2022-04-17 15:00:00,32.1,62.7,9.9,4,6,15,1,0,144.1
2022-04-17 16:00:00,27.2,68.6,5.3,4,6,16,1,0,137.47
2022-04-17 17:00:00,28.2,61.3,5.9,4,6,17,1,0,115.73
2022-04-17 18:00:00,24.9,44.4,10.4,4,6,18,1,0,161.24
2022-04-17 19:00:00,25.9,76.6,3.6,4,6,19,1,0,173.0
2022-04-17 20:00:00,22.4,83.1,17.3,4,6,20,1,0,154.18
2022-04-17 21:00:00,22.4,63.9,12.8,4,6,21,1,0,132.39
2022-04-17 22:00:00,20.4,61.3,8.9,4,6,22,1,0,128.35
2022-04-17 23:00:00,23.2,67.3,3.1,4,6,23,1,0,118.07
2022-04-18 00:00:00,23.7,66.7,11.3,4,0,0,0,0,146.97
2022-04-18 01:00:00,21.7,77.1,2.1,4,0,1,0,0,148.53
2022-04-18 02:00:00,22.7,69.1,15.1,4,0,2,0,0,139.86
2022-04-18 03:00:00,20.5,63.4,4.9,4,0,3,0,0,143.17
2022-04-18 04:00:00,23.9,57.5,3.0,4,0,4,0,0,143.72
2022-04-18 05:00:00,25.6,74.1,3.4,4,0,5,0,0,170.95
2022-04-18 06:00:00,32.2,68.7,28.4,4,0,6,0,0,182.89
2022-04-18 07:00:00,26.0,75.5,13.9,4,0,7,0,0,176.15
2022-04-18 08:00:00,,56.1,4.2,4,0,8,0,0,197.55
2022-04-18 09:00:00,32.5,78.5,28.5,4,0,9,0,0,208.84
2022-04-18 10:00:00,31.8,50.1,3.2,4,0,10,0,0,196.46
2022-04-18 11:00:00,35.3,68.0,12.6,4,0,11,0,0,216.5
2022-04-18 12:00:00,32.7,48.4,10.6,4,0,12,0,0,216.87
2022-04-18 13:00:00,32.6,57.4,15.8,4,0,13,0,0,173.68
2022-04-18 14:00:00,31.2,76.9,5.8,4,0,14,0,0,171.25
2022-04-18 15:00:00,32.9,70.2,6.1,4,0,15,0,0,180.54
2022-04-18 16:00:00,31.6,59.8,9.8,4,0,16,0,0,168.79
2022-04-18 17:00:00,27.0,62.4,6.1,4,0,17,0,0,163.0
2022-04-18 18:00:00,24.3,68.6,2.3,4,0,18,0,0,183.67
2022-04-18 19:00:00,25.3,71.5,12.5,4,0,19,0,0,192.29
2022-04-18 20:00:00,22.9,78.6,10.2,4,0,20,0,0,207.33
2022-04-18 21:00:00,23.3,,6.4,4,0,21,0,0,219.74
2022-04-18 22:00:00,25.1,54.6,4.9,4,0,22,0,0,170.06
2022-04-18 23:00:00,21.2,70.7,5.1,4,0,23,0,0,165.81
2022-04-19 00:00:00,22.1,65.3,12.8,4,1,0,0,0,114.12
2022-04-19 01:00:00,22.5,58.4,12.4,4,1,1,0,0,114.82
2022-04-19 02:00:00,24.5,70.1,15.7,4,1,2,0,0,129.99
2022-04-19 03:00:00,19.2,68.7,13.5,4,1,3,0,0,137.92
2022-04-19 04:00:00,23.5,70.7,13.3,4,1,4,0,0,140.13
2022-04-19 05:00:00,26.3,59.7,4.3,4,1,5,0,0,153.83
2022-04-19 06:00:00,29.6,69.1,2.9,4,1,6,0,0,185.1
2022-04-19 07:00:00,27.5,55.7,13.5,4,1,7,0,0,185.13
2022-04-19 08:00:00,25.9,60.4,2.8,4,1,8,0,0,169.23
2022-04-19 09:00:00,32.0,62.1,34.2,4,1,9,0,0,175.53
2022-04-19 10:00:00,30.2,78.8,18.6,4,1,10,0,0,206.08
2022-04-19 11:00:00,29.6,71.5,8.1,4,1,11,0,0,207.43
2022-04-19 12:00:00,30.9,73.2,5.5,4,1,12,0,0,194.4
2022-04-19 13:00:00,31.6,75.5,8.0,4,1,13,0,0,184.04
2022-04-19 14:00:00,,93.7,12.6,4,1,14,0,0,170.97
2022-04-19 15:00:00,26.3,67.2,13.3,4,1,15,0,0,155.58
2022-04-19 16:00:00,31.5,75.6,2.6,4,1,16,0,0,194.92
2022-04-19 17:00:00,31.0,72.6,15.1,4,1,17,0,0,172.63
2022-04-19 18:00:00,28.5,73.7,10.2,4,1,18,0,0,174.78
2022-04-19 19:00:00,23.6,82.4,2.3,4,1,19,0,0,203.49
2022-04-19 20:00:00,24.3,64.5,5.0,4,1,20,0,0,180.43
2022-04-19 21:00:00,23.6,64.2,7.7,4,1,21,0,0,188.63
2022-04-19 22:00:00,24.0,70.5,3.7,4,1,22,0,0,181.11
2022-04-19 23:00:00,23.7,66.7,3.3,4,1,23,0,0,167.04
2022-04-20 00:00:00,20.9,72.1,2.1,4,2,0,0,0,139.72
2022-04-20 01:00:00,22.7,81.1,21.4,4,2,1,0,0,162.65
2022-04-20 02:00:00,24.0,64.2,2.5,4,2,2,0,0,142.35
2022-04-20 03:00:00,26.8,64.2,5.6,4,2,3,0,0,129.5
2022-04-20 04:00:00,26.3,68.2,3.8,4,2,4,0,0,145.85
2022-04-20 05:00:00,27.7,64.3,12.8,4,2,5,0,0,172.66
2022-04-20 06:00:00,27.6,50.9,11.8,4,2,6,0,0,151.04
2022-04-20 07:00:00,31.5,59.6,15.1,4,2,7,0,0,198.01
2022-04-20 08:00:00,30.7,70.1,9.7,4,2,8,0,0,170.34
2022-04-20 09:00:00,29.2,76.9,9.2,4,2,9,0,0,180.0
2022-04-20 10:00:00,34.5,53.5,6.2,4,2,10,0,0,185.14
2022-04-20 11:00:00,33.6,53.9,10.1,4,2,11,0,0,236.06
2022-04-20 12:00:00,31.5,64.5,3.0,4,2,12,0,0,168.2
2022-04-20 13:00:00,31.3,47.8,11.2,4,2,13,0,0,177.67
2022-04-20 14:00:00,32.3,60.3,2.9,4,2,14,0,0,208.89
2022-04-20 15:00:00,31.9,50.2,17.8,4,2,15,0,0,183.13
2022-04-20 16:00:00,30.3,75.8,7.6,4,2,16,0,0,182.54
2022-04-20 17:00:00,29.3,59.2,8.0,4,2,17,0,0,194.44
2022-04-20 18:00:00,30.8,77.8,9.0,4,2,18,0,0,187.46
2022-04-20 19:00:00,28.3,74.8,14.0,4,2,19,0,0,203.3
2022-04-20 20:00:00,25.3,62.2,7.2,4,2,20,0,0,191.06
2022-04-20 21:00:00,25.8,58.5,6.5,4,2,21,0,0,186.16
2022-04-20 22:00:00,21.0,67.9,4.7,4,2,22,0,0,180.39
2022-04-20 23:00:00,23.4,67.5,3.1,4,2,23,0,0,184.78
2022-04-21 00:00:00,26.2,69.6,3.7,4,3,0,0,0,175.57
2022-04-21 01:00:00,22.4,62.6,2.0,4,3,1,0,0,136.68
2022-04-21 02:00:00,21.6,75.2,18.3,4,3,2,0,0,114.48
2022-04-21 03:00:00,22.8,70.7,13.6,4,3,3,0,0,117.35
2022-04-21 04:00:00,23.0,65.8,4.0,4,3,4,0,0,164.88
2022-04-21 05:00:00,24.8,61.9,2.0,4,3,5,0,0,165.88
2022-04-21 06:00:00,26.9,65.1,7.4,4,3,6,0,0,137.99
2022-04-21 07:00:00,26.1,60.4,6.3,4,3,7,0,0,186.17
2022-04-21 08:00:00,30.2,65.4,14.0,4,3,8,0,0,170.93
2022-04-21 09:00:00,33.0,64.2,6.1,4,3,9,0,0,217.5
2022-04-21 10:00:00,30.1,67.0,18.0,4,3,10,0,0,181.98
2022-04-21 11:00:00,35.5,76.4,2.8,4,3,11,0,0,260.97
2022-04-21 12:00:00,33.7,62.1,5.6,4,3,12,0,0,194.41
2022-04-21 13:00:00,34.5,70.8,23.7,4,3,13,0,0,177.64
2022-04-21 14:00:00,30.6,66.5,2.1,4,3,14,0,0,170.25
2022-04-21 15:00:00,32.9,61.7,6.0,4,3,15,0,0,222.56
2022-04-21 16:00:00,27.9,65.1,4.4,4,3,16,0,0,170.81
2022-04-21 17:00:00,30.7,64.2,8.1,4,3,17,0,0,166.79
2022-04-21 18:00:00,28.0,68.3,4.6,4,3,18,0,0,174.54
2022-04-21 19:00:00,27.4,58.6,18.3,4,3,19,0,0,159.91
2022-04-21 20:00:00,22.8,56.9,24.1,4,3,20,0,0,188.25
2022-04-21 21:00:00,22.3,74.1,17.1,4,3,21,0,0,165.22
2022-04-21 22:00:00,24.5,74.9,6.1,4,3,22,0,0,196.85
2022-04-21 23:00:00,20.9,75.5,38.8,4,3,23,0,0,163.4
2022-04-22 00:00:00,23.8,69.4,12.6,4,4,0,0,0,142.29
2022-04-22 01:00:00,,76.0,5.5,4,4,1,0,0,162.19
2022-04-22 02:00:00,25.2,73.1,2.8,4,4,2,0,0,154.37
2022-04-22 03:00:00,21.9,75.4,10.8,4,4,3,0,0,134.64
2022-04-22 04:00:00,26.5,59.9,12.4,4,4,4,0,0,122.88
2022-04-22 05:00:00,27.8,57.3,3.0,4,4,5,0,0,154.5
2022-04-22 06:00:00,26.5,63.7,8.4,4,4,6,0,0,158.56
2022-04-22 07:00:00,30.3,64.7,36.8,4,4,7,0,0,167.68
2022-04-22 08:00:00,30.9,62.6,5.2,4,4,8,0,0,189.39
2022-04-22 09:00:00,30.3,49.8,4.9,4,4,9,0,0,195.93
2022-04-22 10:00:00,30.2,,20.7,4,4,10,0,0,199.42
2022-04-22 11:00:00,28.8,63.4,3.0,4,4,11,0,0,210.84
2022-04-22 12:00:00,33.6,64.6,23.7,4,4,12,0,0,174.99
2022-04-22 13:00:00,29.6,75.2,14.1,4,4,13,0,0,159.57
2022-04-22 14:00:00,32.4,45.1,6.0,4,4,14,0,0,178.06
2022-04-22 15:00:00,30.9,60.5,2.7,4,4,15,0,0,163.09
2022-04-22 16:00:00,31.7,61.0,2.2,4,4,16,0,0,184.72
2022-04-22 17:00:00,28.5,63.0,5.8,4,4,17,0,0,158.08
2022-04-22 18:00:00,27.2,65.0,11.8,4,4,18,0,0,165.3
2022-04-22 19:00:00,28.0,77.6,7.3,4,4,19,0,0,229.87
2022-04-22 20:00:00,26.0,72.4,12.7,4,4,20,0,0,190.95
2022-04-22 21:00:00,24.9,75.2,10.9,4,4,21,0,0,172.02
2022-04-22 22:00:00,24.5,68.1,8.8,4,4,22,0,0,175.09
2022-04-22 23:00:00,20.0,58.8,29.4,4,4,23,0,0,167.53
2022-04-23 00:00:00,24.6,51.1,12.4,4,5,0,1,0,132.37
2022-04-23 01:00:00,24.5,55.5,21.7,4,5,1,1,0,83.29
2022-04-23 02:00:00,21.7,72.0,4.2,4,5,2,1,0,100.37
2022-04-23 03:00:00,24.0,68.2,12.0,4,5,3,1,0,108.92
2022-04-23 04:00:00,25.5,65.6,9.3,4,5,4,1,0,110.25
2022-04-23 05:00:00,26.5,63.8,22.6,4,5,5,1,0,88.08
2022-04-23 06:00:00,28.7,81.7,7.7,4,5,6,1,0,118.01
2022-04-23 07:00:00,32.2,57.3,4.6,4,5,7,1,0,142.05
2022-04-23 08:00:00,32.7,71.1,5.9,4,5,8,1,0,147.93
2022-04-23 09:00:00,29.0,65.5,4.0,4,5,9,1,0,159.23
2022-04-23 10:00:00,33.6,62.7,4.0,4,5,10,1,0,208.58
2022-04-23 11:00:00,35.6,71.6,7.1,4,5,11,1,0,190.38
2022-04-23 12:00:00,33.8,74.8,19.8,4,5,12,1,0,192.02
2022-04-23 13:00:00,35.1,60.5,3.7,4,5,13,1,0,179.37
2022-04-23 14:00:00,36.4,68.2,4.7,4,5,14,1,0,181.87
2022-04-23 15:00:00,33.7,66.1,17.3,4,5,15,1,0,133.19
2022-04-23 16:00:00,31.1,64.5,5.3,4,5,16,1,0,170.55
2022-04-23 17:00:00,31.5,65.9,28.2,4,5,17,1,0,152.79
2022-04-23 18:00:00,28.4,60.3,4.5,4,5,18,1,0,136.23
2022-04-23 19:00:00,,64.1,6.7,4,5,19,1,0,172.75
2022-04-23 20:00:00,24.9,62.9,2.8,4,5,20,1,0,160.71
2022-04-23 21:00:00,27.7,73.4,40.8,4,5,21,1,0,155.84
2022-04-23 22:00:00,22.1,68.2,19.7,4,5,22,1,0,148.49
2022-04-23 23:00:00,26.3,56.5,15.6,4,5,23,1,0,154.99
2022-04-24 00:00:00,24.3,62.1,3.4,4,6,0,1,0,104.84
2022-04-24 01:00:00,20.7,44.1,29.9,4,6,1,1,0,105.18
2022-04-24 02:00:00,24.7,63.7,23.2,4,6,2,1,0,121.62
2022-04-24 03:00:00,20.6,70.0,6.6,4,6,3,1,0,146.12
2022-04-24 04:00:00,27.0,65.4,11.2,4,6,4,1,0,128.81
2022-04-24 05:00:00,28.8,81.5,41.1,4,6,5,1,0,119.93
2022-04-24 06:00:00,27.1,71.0,6.2,4,6,6,1,0,136.41
2022-04-24 07:00:00,29.8,69.3,3.0,4,6,7,1,0,174.95
2022-04-24 08:00:00,34.7,49.5,18.2,4,6,8,1,0,169.07
2022-04-24 09:00:00,30.8,61.7,7.2,4,6,9,1,0,182.51
2022-04-24 10:00:00,30.5,60.9,36.7,4,6,10,1,0,190.82
2022-04-24 11:00:00,36.1,55.7,8.4,4,6,11,1,0,196.89
2022-04-24 12:00:00,37.2,55.0,2.2,4,6,12,1,0,171.23
2022-04-24 13:00:00,33.1,49.0,7.4,4,6,13,1,0,148.83
2022-04-24 14:00:00,34.6,52.5,12.1,4,6,14,1,0,168.52
2022-04-24 15:00:00,34.5,69.7,2.2,4,6,15,1,0,159.43
2022-04-24 16:00:00,29.3,64.2,6.3,4,6,16,1,0,139.99
2022-04-24 17:00:00,28.6,61.6,3.4,4,6,17,1,0,146.37
2022-04-24 18:00:00,30.7,64.6,10.2,4,6,18,1,0,176.07
2022-04-24 19:00:00,30.4,74.2,27.2,4,6,19,1,0,157.22
2022-04-24 20:00:00,26.9,66.6,9.8,4,6,20,1,0,162.33
2022-04-24 21:00:00,23.0,72.8,11.5,4,6,21,1,0,182.75
2022-04-24 22:00:00,27.9,59.3,6.0,4,6,22,1,0,150.58
2022-04-24 23:00:00,22.4,63.9,8.6,4,6,23,1,0,148.76
2022-04-25 00:00:00,22.8,71.4,8.3,4,0,0,0,0,146.17
2022-04-25 01:00:00,24.4,83.0,13.4,4,0,1,0,0,142.1
2022-04-25 02:00:00,27.3,77.8,17.6,4,0,2,0,0,149.96
2022-04-25 03:00:00,26.7,71.3,10.7,4,0,3,0,0,108.64
2022-04-25 04:00:00,26.8,67.8,33.2,4,0,4,0,0,133.9
2022-04-25 05:00:00,28.1,77.1,16.1,4,0,5,0,0,156.98
2022-04-25 06:00:00,28.6,72.1,3.1,4,0,6,0,0,176.23
2022-04-25 07:00:00,30.9,46.2,7.7,4,0,7,0,0,166.28
2022-04-25 08:00:00,25.9,58.6,20.7,4,0,8,0,0,163.45
2022-04-25 09:00:00,31.4,67.0,25.0,4,0,9,0,0,154.33
2022-04-25 10:00:00,33.3,49.0,5.8,4,0,10,0,0,198.71
2022-04-25 11:00:00,31.0,57.3,12.3,4,0,11,0,0,195.5
2022-04-25 12:00:00,34.3,57.3,6.2,4,0,12,0,0,226.99
2022-04-25 13:00:00,32.9,61.5,3.1,4,0,13,0,0,219.25
2022-04-25 14:00:00,36.3,59.5,19.3,4,0,14,0,0,194.01
2022-04-25 15:00:00,35.2,60.1,23.5,4,0,15,0,0,200.91
2022-04-25 16:00:00,30.1,71.6,7.6,4,0,16,0,0,172.48
2022-04-25 17:00:00,29.5,63.1,2.1,4,0,17,0,0,155.71
2022-04-25 18:00:00,28.4,62.7,15.5,4,0,18,0,0,189.49
2022-04-25 19:00:00,26.3,56.1,7.2,4,0,19,0,0,215.62
2022-04-25 20:00:00,26.4,75.0,2.6,4,0,20,0,0,195.29
2022-04-25 21:00:00,23.4,62.9,3.7,4,0,21,0,0,174.25
2022-04-25 22:00:00,21.9,60.3,3.3,4,0,22,0,0,176.72
2022-04-25 23:00:00,24.9,69.2,11.3,4,0,23,0,0,163.41
2022-04-26 00:00:00,25.0,61.4,4.8,4,1,0,0,0,185.85
2022-04-26 01:00:00,22.3,64.7,3.1,4,1,1,0,0,155.83
2022-04-26 02:00:00,26.2,69.0,22.0,4,1,2,0,0,133.36
2022-04-26 03:00:00,23.9,65.4,27.1,4,1,3,0,0,78.64
2022-04-26 04:00:00,26.7,85.1,3.2,4,1,4,0,0,145.04
2022-04-26 05:00:00,29.1,64.9,4.1,4,1,5,0,0,181.84
2022-04-26 06:00:00,28.6,70.6,9.2,4,1,6,0,0,161.4
2022-04-26 07:00:00,30.9,49.0,3.3,4,1,7,0,0,187.28
2022-04-26 08:00:00,30.2,58.0,3.4,4,1,8,0,0,190.64
2022-04-26 09:00:00,31.9,55.4,5.3,4,1,9,0,0,192.2
2022-04-26 10:00:00,32.6,56.0,25.8,4,1,10,0,0,222.48
2022-04-26 11:00:00,32.0,67.3,28.3,4,1,11,0,0,195.61
2022-04-26 12:00:00,33.4,71.6,16.8,4,1,12,0,0,187.97
2022-04-26 13:00:00,,67.5,11.5,4,1,13,0,0,177.48
2022-04-26 14:00:00,32.1,62.2,12.2,4,1,14,0,0,198.76
2022-04-26 15:00:00,31.7,59.1,7.1,4,1,15,0,0,153.5
2022-04-26 16:00:00,30.7,73.6,8.0,4,1,16,0,0,181.77
2022-04-26 17:00:00,29.5,81.8,10.1,4,1,17,0,0,182.82
2022-04-26 18:00:00,28.6,66.8,12.5,4,1,18,0,0,160.8
2022-04-26 19:00:00,28.4,73.3,2.8,4,1,19,0,0,212.56
2022-04-26 20:00:00,28.0,68.8,4.0,4,1,20,0,0,206.34
2022-04-26 21:00:00,23.9,74.1,28.4,4,1,21,0,0,192.41
2022-04-26 22:00:00,22.0,59.7,5.3,4,1,22,0,0,191.61
2022-04-26 23:00:00,21.8,65.2,4.5,4,1,23,0,0,164.47
2022-04-27 00:00:00,22.9,71.7,6.4,4,2,0,0,0,138.71
2022-04-27 01:00:00,23.4,78.0,4.8,4,2,1,0,0,123.01
2022-04-27 02:00:00,23.1,61.9,2.8,4,2,2,0,0,125.17
2022-04-27 03:00:00,22.8,52.3,3.9,4,2,3,0,0,129.16
2022-04-27 04:00:00,25.5,63.3,10.2,4,2,4,0,0,120.2
2022-04-27 05:00:00,28.0,74.1,4.0,4,2,5,0,0,162.12
2022-04-27 06:00:00,30.1,52.3,10.3,4,2,6,0,0,145.97
2022-04-27 07:00:00,29.1,56.0,2.8,4,2,7,0,0,143.58
2022-04-27 08:00:00,30.6,65.9,2.3,4,2,8,0,0,180.73
2022-04-27 09:00:00,30.6,63.8,17.8,4,2,9,0,0,192.74
2022-04-27 10:00:00,33.2,68.2,13.4,4,2,10,0,0,191.1
2022-04-27 11:00:00,32.1,54.1,10.8,4,2,11,0,0,184.27
2022-04-27 12:00:00,35.1,59.9,2.3,4,2,12,0,0,203.28
2022-04-27 13:00:00,30.2,74.5,4.2,4,2,13,0,0,174.31
2022-04-27 14:00:00,32.5,54.2,15.4,4,2,14,0,0,180.27
2022-04-27 15:00:00,33.1,75.3,3.3,4,2,15,0,0,199.18
2022-04-27 16:00:00,31.8,55.6,15.4,4,2,16,0,0,166.55
2022-04-27 17:00:00,35.6,69.0,9.0,4,2,17,0,0,194.9
2022-04-27 18:00:00,29.6,62.2,12.8,4,2,18,0,0,188.11
2022-04-27 19:00:00,25.6,58.0,10.3,4,2,19,0,0,193.61
2022-04-27 20:00:00,26.2,62.9,6.3,4,2,20,0,0,219.39
2022-04-27 21:00:00,21.8,73.4,4.8,4,2,21,0,0,207.15
2022-04-27 22:00:00,24.4,67.7,10.9,4,2,22,0,0,156.71
2022-04-27 23:00:00,22.4,77.7,15.2,4,2,23,0,0,161.66
2022-04-28 00:00:00,26.0,78.5,2.4,4,3,0,0,0,161.63
2022-04-28 01:00:00,23.2,58.9,5.8,4,3,1,0,0,125.25
2022-04-28 02:00:00,24.6,57.7,5.5,4,3,2,0,0,128.32
2022-04-28 03:00:00,24.3,57.4,8.6,4,3,3,0,0,139.46
2022-04-28 04:00:00,30.1,57.8,3.0,4,3,4,0,0,153.7
2022-04-28 05:00:00,27.2,75.2,23.7,4,3,5,0,0,141.68
2022-04-28 06:00:00,32.8,68.1,8.4,4,3,6,0,0,168.13
2022-04-28 07:00:00,32.0,59.6,22.6,4,3,7,0,0,152.19
2022-04-28 08:00:00,32.6,63.6,15.6,4,3,8,0,0,186.97
2022-04-28 09:00:00,33.4,74.5,3.7,4,3,9,0,0,212.88
2022-04-28 10:00:00,34.2,78.1,3.1,4,3,10,0,0,202.29
2022-04-28 11:00:00,30.1,67.0,17.8,4,3,11,0,0,189.8
2022-04-28 12:00:00,33.6,41.9,8.1,4,3,12,0,0,201.06
2022-04-28 13:00:00,35.6,64.6,2.2,4,3,13,0,0,199.29
2022-04-28 14:00:00,33.4,70.8,23.8,4,3,14,0,0,187.17
2022-04-28 15:00:00,29.9,66.9,7.1,4,3,15,0,0,174.12
2022-04-28 16:00:00,31.5,70.1,4.9,4,3,16,0,0,177.43
2022-04-28 17:00:00,33.8,65.9,7.8,4,3,17,0,0,192.67
2022-04-28 18:00:00,31.6,54.3,15.8,4,3,18,0,0,185.8
2022-04-28 19:00:00,27.7,59.1,2.9,4,3,19,0,0,181.86
2022-04-28 20:00:00,28.5,63.2,5.6,4,3,20,0,0,207.0
2022-04-28 21:00:00,24.9,76.1,5.1,4,3,21,0,0,179.96
2022-04-28 22:00:00,21.4,63.2,16.6,4,3,22,0,0,158.27
2022-04-28 23:00:00,22.4,72.4,14.1,4,3,23,0,0,170.19
2022-04-29 00:00:00,27.5,68.7,6.1,4,4,0,0,0,149.89
2022-04-29 01:00:00,24.0,80.7,10.7,4,4,1,0,0,143.6
2022-04-29 02:00:00,24.5,67.4,6.0,4,4,2,0,0,110.48
2022-04-29 03:00:00,25.2,53.4,8.8,4,4,3,0,0,121.39
2022-04-29 04:00:00,30.6,69.9,39.9,4,4,4,0,0,162.57
2022-04-29 05:00:00,31.3,81.5,8.1,4,4,5,0,0,139.41
2022-04-29 06:00:00,33.8,68.8,37.8,4,4,6,0,0,195.19
2022-04-29 07:00:00,30.3,58.5,13.0,4,4,7,0,0,174.26
2022-04-29 08:00:00,32.4,55.1,3.0,4,4,8,0,0,186.5
2022-04-29 09:00:00,29.8,57.5,14.7,4,4,9,0,0,183.41
2022-04-29 10:00:00,36.6,77.7,3.4,4,4,10,0,0,258.42
2022-04-29 11:00:00,31.8,61.5,8.1,4,4,11,0,0,165.84
2022-04-29 12:00:00,34.8,57.3,9.6,4,4,12,0,0,227.57
2022-04-29 13:00:00,32.0,62.7,19.8,4,4,13,0,0,182.55
2022-04-29 14:00:00,32.5,61.2,3.9,4,4,14,0,0,198.58
2022-04-29 15:00:00,31.2,76.9,18.7,4,4,15,0,0,146.71
2022-04-29 16:00:00,30.6,56.6,23.8,4,4,16,0,0,160.96
2022-04-29 17:00:00,29.5,74.7,2.7,4,4,17,0,0,148.39
2022-04-29 18:00:00,28.2,66.9,19.3,4,4,18,0,0,197.35
2022-04-29 19:00:00,29.7,74.8,4.4,4,4,19,0,0,190.64
2022-04-29 20:00:00,24.6,80.4,2.7,4,4,20,0,0,184.52
2022-04-29 21:00:00,26.2,67.6,27.5,4,4,21,0,0,152.3
2022-04-29 22:00:00,27.4,63.8,6.0,4,4,22,0,0,189.45
2022-04-29 23:00:00,23.5,68.8,9.8,4,4,23,0,0,165.34
2022-04-30 00:00:00,23.1,67.7,8.4,4,5,0,1,0,108.68
2022-04-30 01:00:00,24.2,54.6,3.9,4,5,1,1,0,117.5
2022-04-30 02:00:00,27.6,78.6,10.9,4,5,2,1,0,106.55
2022-04-30 03:00:00,26.4,68.8,2.4,4,5,3,1,0,87.92
2022-04-30 04:00:00,26.0,57.7,3.8,4,5,4,1,0,106.57
2022-04-30 05:00:00,29.2,48.9,25.2,4,5,5,1,0,138.92
2022-04-30 06:00:00,27.3,47.7,26.5,4,5,6,1,0,130.28
2022-04-30 07:00:00,32.2,70.1,7.3,4,5,7,1,0,167.2
2022-04-30 08:00:00,32.8,58.6,3.5,4,5,8,1,0,176.25
2022-04-30 09:00:00,32.5,60.1,6.4,4,5,9,1,0,172.96
2022-04-30 10:00:00,32.2,67.8,18.8,4,5,10,1,0,187.89
2022-04-30 11:00:00,32.6,59.6,2.6,4,5,11,1,0,189.56
2022-04-30 12:00:00,35.6,66.6,3.1,4,5,12,1,0,191.63
2022-04-30 13:00:00,36.8,62.4,20.1,4,5,13,1,0,186.38
2022-04-30 14:00:00,32.6,63.0,6.3,4,5,14,1,0,134.2
2022-04-30 15:00:00,34.0,50.4,2.7,4,5,15,1,0,155.55
2022-04-30 16:00:00,27.9,59.5,3.2,4,5,16,1,0,122.68
2022-04-30 17:00:00,29.7,70.0,19.1,4,5,17,1,0,130.96
2022-04-30 18:00:00,29.5,59.8,7.4,4,5,18,1,0,169.52
2022-04-30 19:00:00,26.4,76.4,3.4,4,5,19,1,0,152.43
2022-04-30 20:00:00,25.2,86.2,20.0,4,5,20,1,0,179.89
2022-04-30 21:00:00,24.7,72.9,16.9,4,5,21,1,0,175.96
2022-04-30 22:00:00,25.8,79.0,2.2,4,5,22,1,0,159.54
2022-04-30 23:00:00,24.3,73.6,9.0,4,5,23,1,0,132.86
2022-05-01 00:00:00,20.3,65.6,4.2,5,6,0,1,1,107.29
2022-05-01 01:00:00,20.7,71.3,8.1,5,6,1,1,1,93.94
2022-05-01 02:00:00,24.2,84.0,4.6,5,6,2,1,1,104.38
2022-05-01 03:00:00,27.1,62.3,5.0,5,6,3,1,1,66.53
2022-05-01 04:00:00,21.7,60.8,9.4,5,6,4,1,1,72.36
2022-05-01 05:00:00,27.4,57.2,8.2,5,6,5,1,1,86.36
2022-05-01 06:00:00,28.7,63.9,6.0,5,6,6,1,1,108.02
2022-05-01 07:00:00,33.8,55.1,2.9,5,6,7,1,1,146.28
2022-05-01 08:00:00,31.5,77.7,29.9,5,6,8,1,1,130.1
2022-05-01 09:00:00,34.0,64.7,3.5,5,6,9,1,1,180.12
2022-05-01 10:00:00,34.3,70.6,10.0,5,6,10,1,1,158.59
2022-05-01 11:00:00,30.3,62.5,2.7,5,6,11,1,1,125.34
2022-05-01 12:00:00,36.3,52.7,11.3,5,6,12,1,1,149.26
2022-05-01 13:00:00,35.0,52.0,2.8,5,6,13,1,1,134.37
2022-05-01 14:00:00,35.1,55.2,4.1,5,6,14,1,1,134.93
2022-05-01 15:00:00,41.1,62.2,10.3,5,6,15,1,1,183.91
2022-05-01 16:00:00,28.1,70.1,4.7,5,6,16,1,1,110.24
2022-05-01 17:00:00,34.5,67.6,8.1,5,6,17,1,1,151.66
2022-05-01 18:00:00,29.2,53.5,3.1,5,6,18,1,1,124.67
2022-05-01 19:00:00,29.0,65.5,3.8,5,6,19,1,1,161.06
2022-05-01 20:00:00,27.1,58.2,12.6,5,6,20,1,1,108.7
2022-05-01 21:00:00,25.3,70.5,2.3,5,6,21,1,1,104.71
2022-05-01 22:00:00,24.3,71.7,2.9,5,6,22,1,1,140.59
2022-05-01 23:00:00,25.6,57.8,3.9,5,6,23,1,1,125.38
2022-05-02 00:00:00,21.9,76.8,2.2,5,0,0,0,0,169.05
2022-05-02 01:00:00,26.6,85.4,2.8,5,0,1,0,0,161.93
2022-05-02 02:00:00,24.8,74.3,4.6,5,0,2,0,0,139.27
2022-05-02 03:00:00,24.1,66.6,2.8,5,0,3,0,0,130.92
2022-05-02 04:00:00,26.5,64.2,18.1,5,0,4,0,0,108.99
2022-05-02 05:00:00,31.1,62.8,2.5,5,0,5,0,0,164.86
2022-05-02 06:00:00,28.9,59.5,17.8,5,0,6,0,0,131.71
2022-05-02 07:00:00,31.9,66.1,15.8,5,0,7,0,0,215.6
2022-05-02 08:00:00,31.0,55.4,2.8,5,0,8,0,0,172.12
2022-05-02 09:00:00,35.0,47.4,2.2,5,0,9,0,0,215.33
2022-05-02 10:00:00,35.6,63.9,2.4,5,0,10,0,0,251.95
2022-05-02 11:00:00,,60.9,9.1,5,0,11,0,0,237.35
2022-05-02 12:00:00,,58.1,10.9,5,0,12,0,0,199.35
2022-05-02 13:00:00,36.1,51.7,9.8,5,0,13,0,0,166.3
2022-05-02 14:00:00,34.5,65.1,8.2,5,0,14,0,0,174.02
2022-05-02 15:00:00,36.1,54.1,3.5,5,0,15,0,0,210.31
2022-05-02 16:00:00,31.0,63.4,16.7,5,0,16,0,0,196.69
2022-05-02 17:00:00,32.7,77.8,5.2,5,0,17,0,0,184.1
2022-05-02 18:00:00,29.5,70.4,36.3,5,0,18,0,0,179.42
2022-05-02 19:00:00,28.5,54.8,5.9,5,0,19,0,0,234.99
2022-05-02 20:00:00,27.6,56.0,4.4,5,0,20,0,0,205.94
2022-05-02 21:00:00,26.9,67.8,20.0,5,0,21,0,0,201.27
2022-05-02 22:00:00,25.4,56.3,8.7,5,0,22,0,0,163.14
2022-05-02 23:00:00,25.5,51.2,12.2,5,0,23,0,0,183.63
2022-05-03 00:00:00,28.3,70.1,6.2,5,1,0,0,0,145.9
2022-05-03 01:00:00,27.3,68.9,19.4,5,1,1,0,0,127.73
2022-05-03 02:00:00,27.5,69.8,22.0,5,1,2,0,0,157.14
2022-05-03 03:00:00,25.7,69.3,6.6,5,1,3,0,0,126.36
2022-05-03 04:00:00,25.8,66.6,4.2,5,1,4,0,0,139.18
2022-05-03 05:00:00,30.7,59.3,10.3,5,1,5,0,0,180.28
2022-05-03 06:00:00,31.9,68.2,26.7,5,1,6,0,0,150.29
2022-05-03 07:00:00,34.4,75.1,9.8,5,1,7,0,0,194.27
2022-05-03 08:00:00,31.4,60.3,26.7,5,1,8,0,0,170.04
2022-05-03 09:00:00,33.2,55.2,5.4,5,1,9,0,0,201.53
2022-05-03 10:00:00,31.2,55.3,21.7,5,1,10,0,0,192.29
2022-05-03 11:00:00,34.2,56.0,3.0,5,1,11,0,0,233.86
2022-05-03 12:00:00,37.1,63.1,5.6,5,1,12,0,0,251.06
2022-05-03 13:00:00,34.0,45.9,7.5,5,1,13,0,0,193.28
2022-05-03 14:00:00,35.7,65.6,10.5,5,1,14,0,0,190.18
2022-05-03 15:00:00,33.3,68.5,4.8,5,1,15,0,0,198.17
2022-05-03 16:00:00,33.3,49.0,22.6,5,1,16,0,0,175.92
2022-05-03 17:00:00,29.1,57.6,20.7,5,1,17,0,0,168.21
2022-05-03 18:00:00,30.3,65.5,14.8,5,1,18,0,0,173.19
2022-05-03 19:00:00,22.8,67.4,3.0,5,1,19,0,0,164.97
2022-05-03 20:00:00,27.2,70.5,2.7,5,1,20,0,0,201.42
2022-05-03 21:00:00,23.3,67.2,7.5,5,1,21,0,0,171.1
2022-05-03 22:00:00,28.2,76.0,13.6,5,1,22,0,0,176.92
2022-05-03 23:00:00,26.8,64.0,3.1,5,1,23,0,0,193.76
2022-05-04 00:00:00,26.2,59.0,10.2,5,2,0,0,0,144.55
2022-05-04 01:00:00,28.5,57.2,8.0,5,2,1,0,0,163.27
2022-05-04 02:00:00,24.1,73.8,12.4,5,2,2,0,0,138.86
2022-05-04 03:00:00,30.3,65.1,6.6,5,2,3,0,0,157.15
2022-05-04 04:00:00,29.7,70.2,11.5,5,2,4,0,0,139.48
2022-05-04 05:00:00,28.5,70.6,3.4,5,2,5,0,0,171.66
2022-05-04 06:00:00,32.6,47.6,3.9,5,2,6,0,0,177.5
2022-05-04 07:00:00,29.4,56.2,20.7,5,2,7,0,0,158.22
2022-05-04 08:00:00,31.2,56.3,5.2,5,2,8,0,0,192.21
2022-05-04 09:00:00,32.6,57.2,35.9,5,2,9,0,0,177.95
2022-05-04 10:00:00,33.6,59.8,2.4,5,2,10,0,0,210.83
2022-05-04 11:00:00,33.0,71.5,7.5,5,2,11,0,0,208.72
2022-05-04 12:00:00,37.8,70.7,5.1,5,2,12,0,0,226.0
2022-05-04 13:00:00,34.6,60.3,46.1,5,2,13,0,0,203.06
2022-05-04 14:00:00,35.3,60.3,38.9,5,2,14,0,0,176.43
2022-05-04 15:00:00,32.7,58.0,4.1,5,2,15,0,0,213.27
2022-05-04 16:00:00,29.2,66.1,4.5,5,2,16,0,0,172.18
2022-05-04 17:00:00,32.1,65.6,13.1,5,2,17,0,0,183.37
2022-05-04 18:00:00,26.5,73.2,19.6,5,2,18,0,0,168.87
2022-05-04 19:00:00,28.9,72.0,10.7,5,2,19,0,0,204.68
2022-05-04 20:00:00,25.1,49.0,18.0,5,2,20,0,0,196.48
2022-05-04 21:00:00,30.7,63.4,2.5,5,2,21,0,0,169.11
2022-05-04 22:00:00,27.8,77.2,10.2,5,2,22,0,0,185.8
2022-05-04 23:00:00,25.7,63.7,11.6,5,2,23,0,0,134.84
2022-05-05 00:00:00,28.0,75.1,3.7,5,3,0,0,0,172.98
2022-05-05 01:00:00,24.0,65.6,14.0,5,3,1,0,0,151.49
2022-05-05 02:00:00,27.2,67.8,25.1,5,3,2,0,0,132.65
2022-05-05 03:00:00,27.4,57.2,20.3,5,3,3,0,0,132.4
2022-05-05 04:00:00,28.5,56.9,4.2,5,3,4,0,0,121.82
2022-05-05 05:00:00,31.7,69.9,5.1,5,3,5,0,0,158.12
2022-05-05 06:00:00,32.0,71.1,7.5,5,3,6,0,0,165.72
2022-05-05 07:00:00,32.4,64.0,3.4,5,3,7,0,0,179.67
2022-05-05 08:00:00,29.7,55.3,26.6,5,3,8,0,0,183.44
2022-05-05 09:00:00,32.1,64.3,3.4,5,3,9,0,0,223.6
2022-05-05 10:00:00,34.6,72.8,13.5,5,3,10,0,0,228.76
2022-05-05 11:00:00,35.5,76.2,5.3,5,3,11,0,0,222.42
2022-05-05 12:00:00,33.2,60.9,8.8,5,3,12,0,0,187.4
2022-05-05 13:00:00,40.1,46.6,2.4,5,3,13,0,0,241.3
2022-05-05 14:00:00,37.9,67.8,3.8,5,3,14,0,0,225.22
2022-05-05 15:00:00,35.2,60.2,6.7,5,3,15,0,0,193.23
2022-05-05 16:00:00,33.1,71.0,11.0,5,3,16,0,0,177.63
2022-05-05 17:00:00,31.4,66.6,14.0,5,3,17,0,0,192.15
2022-05-05 18:00:00,28.6,58.6,2.2,5,3,18,0,0,197.29
2022-05-05 19:00:00,29.4,65.8,3.3,5,3,19,0,0,182.21
2022-05-05 20:00:00,28.5,76.2,12.5,5,3,20,0,0,196.46
2022-05-05 21:00:00,24.5,66.6,15.4,5,3,21,0,0,195.76
2022-05-05 22:00:00,26.8,58.3,4.2,5,3,22,0,0,195.33
2022-05-05 23:00:00,25.4,54.6,4.1,5,3,23,0,0,166.1
2022-05-06 00:00:00,21.9,62.9,2.7,5,4,0,0,0,151.49
2022-05-06 01:00:00,24.1,64.7,3.3,5,4,1,0,0,145.53
2022-05-06 02:00:00,25.5,73.8,2.1,5,4,2,0,0,155.88
2022-05-06 03:00:00,30.9,55.6,9.1,5,4,3,0,0,130.4
2022-05-06 04:00:00,29.3,77.8,20.7,5,4,4,0,0,147.94
2022-05-06 05:00:00,26.7,55.9,3.3,5,4,5,0,0,131.54
2022-05-06 06:00:00,31.6,82.8,13.1,5,4,6,0,0,190.43
2022-05-06 07:00:00,28.9,79.4,8.8,5,4,7,0,0,157.37
2022-05-06 08:00:00,35.3,63.5,24.5,5,4,8,0,0,209.72
2022-05-06 09:00:00,33.3,50.2,14.8,5,4,9,0,0,187.4
2022-05-06 10:00:00,34.8,62.1,17.3,5,4,10,0,0,227.3
2022-05-06 11:00:00,38.2,57.8,10.2,5,4,11,0,0,245.58
2022-05-06 12:00:00,33.1,53.3,15.3,5,4,12,0,0,195.91
2022-05-06 13:00:00,32.7,66.0,5.5,5,4,13,0,0,219.98
2022-05-06 14:00:00,33.8,56.5,3.9,5,4,14,0,0,179.01
2022-05-06 15:00:00,36.3,56.1,21.5,5,4,15,0,0,209.09
2022-05-06 16:00:00,30.1,63.3,12.6,5,4,16,0,0,187.56
2022-05-06 17:00:00,26.3,62.2,2.8,5,4,17,0,0,183.87
2022-05-06 18:00:00,29.8,81.7,18.1,5,4,18,0,0,179.67
2022-05-06 19:00:00,30.5,60.5,5.4,5,4,19,0,0,200.2
2022-05-06 20:00:00,30.6,68.2,4.8,5,4,20,0,0,202.35
2022-05-06 21:00:00,26.2,68.1,9.8,5,4,21,0,0,185.79
2022-05-06 22:00:00,25.5,70.1,8.7,5,4,22,0,0,166.4
2022-05-06 23:00:00,28.2,69.4,8.2,5,4,23,0,0,168.72
2022-05-07 00:00:00,22.1,76.0,4.4,5,5,0,1,0,146.15
2022-05-07 01:00:00,25.2,69.5,27.7,5,5,1,1,0,102.72
2022-05-07 02:00:00,26.9,68.3,26.0,5,5,2,1,0,107.47
2022-05-07 03:00:00,28.2,66.4,2.0,5,5,3,1,0,107.74
2022-05-07 04:00:00,27.3,65.2,5.3,5,5,4,1,0,116.49
2022-05-07 05:00:00,29.6,57.9,2.4,5,5,5,1,0,142.32
2022-05-07 06:00:00,25.9,66.6,17.2,5,5,6,1,0,130.05
2022-05-07 07:00:00,30.8,,19.4,5,5,7,1,0,168.06
2022-05-07 08:00:00,34.3,66.1,7.8,5,5,8,1,0,162.66
2022-05-07 09:00:00,32.4,65.2,16.6,5,5,9,1,0,163.33
2022-05-07 10:00:00,35.3,60.5,11.7,5,5,10,1,0,190.29
2022-05-07 11:00:00,36.6,61.3,7.5,5,5,11,1,0,227.08
2022-05-07 12:00:00,35.2,58.0,5.6,5,5,12,1,0,190.64
2022-05-07 13:00:00,36.0,64.5,4.5,5,5,13,1,0,164.86
2022-05-07 14:00:00,33.3,61.6,4.4,5,5,14,1,0,178.86
2022-05-07 15:00:00,34.0,64.5,8.6,5,5,15,1,0,165.62
2022-05-07 16:00:00,34.6,70.7,3.5,5,5,16,1,0,188.12
2022-05-07 17:00:00,32.5,58.1,3.5,5,5,17,1,0,189.83
2022-05-07 18:00:00,,69.9,2.1,5,5,18,1,0,154.3
2022-05-07 19:00:00,30.0,65.3,9.6,5,5,19,1,0,199.86
2022-05-07 20:00:00,29.8,81.3,43.4,5,5,20,1,0,166.72
2022-05-07 21:00:00,23.2,66.7,19.6,5,5,21,1,0,149.66
2022-05-07 22:00:00,28.8,71.1,11.8,5,5,22,1,0,163.74
2022-05-07 23:00:00,25.4,67.4,14.3,5,5,23,1,0,120.98
2022-05-08 00:00:00,26.9,55.5,6.3,5,6,0,1,0,122.65
2022-05-08 01:00:00,28.6,61.5,4.8,5,6,1,1,0,121.15
2022-05-08 02:00:00,24.0,75.1,5.7,5,6,2,1,0,98.93
2022-05-08 03:00:00,26.1,63.5,2.7,5,6,3,1,0,102.24
2022-05-08 04:00:00,28.0,48.3,10.0,5,6,4,1,0,128.08
2022-05-08 05:00:00,28.2,65.7,3.5,5,6,5,1,0,123.97
2022-05-08 06:00:00,34.5,54.0,13.5,5,6,6,1,0,141.37
2022-05-08 07:00:00,30.6,65.7,3.7,5,6,7,1,0,160.18
2022-05-08 08:00:00,32.4,76.2,4.1,5,6,8,1,0,186.79
2022-05-08 09:00:00,35.0,68.7,27.2,5,6,9,1,0,185.3
2022-05-08 10:00:00,33.0,75.8,2.9,5,6,10,1,0,172.76
2022-05-08 11:00:00,35.1,58.0,7.5,5,6,11,1,0,154.6
2022-05-08 12:00:00,36.7,60.5,2.5,5,6,12,1,0,185.37
2022-05-08 13:00:00,35.2,54.0,2.8,5,6,13,1,0,194.0
2022-05-08 14:00:00,35.2,56.9,10.0,5,6,14,1,0,184.41
2022-05-08 15:00:00,33.5,55.8,10.0,5,6,15,1,0,146.01
2022-05-08 16:00:00,30.5,54.3,3.7,5,6,16,1,0,144.71
2022-05-08 17:00:00,33.0,74.4,18.5,5,6,17,1,0,176.69
2022-05-08 18:00:00,34.5,46.0,11.7,5,6,18,1,0,179.47
2022-05-08 19:00:00,29.8,76.1,4.9,5,6,19,1,0,194.85
2022-05-08 20:00:00,29.0,75.5,4.3,5,6,20,1,0,181.23
2022-05-08 21:00:00,28.9,69.6,13.2,5,6,21,1,0,178.61
2022-05-08 22:00:00,24.2,59.0,12.6,5,6,22,1,0,142.0
2022-05-08 23:00:00,29.6,52.5,3.3,5,6,23,1,0,139.81
2022-05-09 00:00:00,26.6,62.3,5.4,5,0,0,0,0,167.28
2022-05-09 01:00:00,29.6,70.2,4.0,5,0,1,0,0,134.01
2022-05-09 02:00:00,25.4,67.3,4.8,5,0,2,0,0,129.07
2022-05-09 03:00:00,31.3,56.0,4.7,5,0,3,0,0,149.74
2022-05-09 04:00:00,30.3,74.1,31.8,5,0,4,0,0,153.89
2022-05-09 05:00:00,31.0,78.0,13.1,5,0,5,0,0,148.17
2022-05-09 06:00:00,31.7,62.4,14.1,5,0,6,0,0,169.51
2022-05-09 07:00:00,32.0,64.9,4.6,5,0,7,0,0,163.41
2022-05-09 08:00:00,36.1,49.9,2.0,5,0,8,0,0,222.63
2022-05-09 09:00:00,35.0,59.2,2.5,5,0,9,0,0,247.51
2022-05-09 10:00:00,31.6,68.3,8.4,5,0,10,0,0,174.87
2022-05-09 11:00:00,33.8,65.9,4.7,5,0,11,0,0,202.81
2022-05-09 12:00:00,35.8,58.0,3.7,5,0,12,0,0,229.15
2022-05-09 13:00:00,36.7,59.5,2.4,5,0,13,0,0,259.31
2022-05-09 14:00:00,35.4,58.7,18.7,5,0,14,0,0,201.63
2022-05-09 15:00:00,37.2,59.2,9.3,5,0,15,0,0,197.82
2022-05-09 16:00:00,29.8,68.5,2.9,5,0,16,0,0,172.83
2022-05-09 17:00:00,32.8,47.9,13.6,5,0,17,0,0,166.28
2022-05-09 18:00:00,27.6,65.6,13.3,5,0,18,0,0,192.15
2022-05-09 19:00:00,31.4,67.1,4.7,5,0,19,0,0,225.98
2022-05-09 20:00:00,28.5,61.2,3.7,5,0,20,0,0,223.23
2022-05-09 21:00:00,28.5,61.9,15.5,5,0,21,0,0,186.78
2022-05-09 22:00:00,25.1,63.8,5.2,5,0,22,0,0,166.17
2022-05-09 23:00:00,28.9,61.7,17.0,5,0,23,0,0,192.42
2022-05-10 00:00:00,28.5,65.8,2.4,5,1,0,0,0,178.21
2022-05-10 01:00:00,27.7,67.2,7.5,5,1,1,0,0,132.6
2022-05-10 02:00:00,26.8,49.8,3.6,5,1,2,0,0,130.6
2022-05-10 03:00:00,29.0,70.7,10.9,5,1,3,0,0,154.91
2022-05-10 04:00:00,27.5,63.9,49.1,5,1,4,0,0,116.01
2022-05-10 05:00:00,31.8,79.6,6.3,5,1,5,0,0,169.37
2022-05-10 06:00:00,34.7,53.1,2.8,5,1,6,0,0,165.2
2022-05-10 07:00:00,34.8,55.7,5.1,5,1,7,0,0,180.39
2022-05-10 08:00:00,32.4,62.2,19.8,5,1,8,0,0,186.83
2022-05-10 09:00:00,35.6,65.5,13.6,5,1,9,0,0,210.08
2022-05-10 10:00:00,33.1,47.8,4.1,5,1,10,0,0,190.93
2022-05-10 11:00:00,37.3,54.7,26.6,5,1,11,0,0,218.78
2022-05-10 12:00:00,37.3,66.1,9.8,5,1,12,0,0,213.32
2022-05-10 13:00:00,32.5,56.2,3.5,5,1,13,0,0,187.74
2022-05-10 14:00:00,33.4,74.3,8.8,5,1,14,0,0,204.66
2022-05-10 15:00:00,34.3,59.2,6.8,5,1,15,0,0,186.01
2022-05-10 16:00:00,33.3,56.2,15.7,5,1,16,0,0,175.12
2022-05-10 17:00:00,30.2,69.8,5.4,5,1,17,0,0,199.41
2022-05-10 18:00:00,32.2,76.8,18.6,5,1,18,0,0,209.76
2022-05-10 19:00:00,30.6,68.0,15.4,5,1,19,0,0,213.42
2022-05-10 20:00:00,28.5,75.8,11.0,5,1,20,0,0,164.97
2022-05-10 21:00:00,26.3,80.2,4.4,5,1,21,0,0,190.13
2022-05-10 22:00:00,29.1,58.1,30.1,5,1,22,0,0,165.78
2022-05-10 23:00:00,29.9,72.6,8.4,5,1,23,0,0,168.62
2022-05-11 00:00:00,25.6,55.0,21.0,5,2,0,0,0,153.49
2022-05-11 01:00:00,25.5,70.7,3.9,5,2,1,0,0,136.98
2022-05-11 02:00:00,28.2,65.3,34.8,5,2,2,0,0,108.31
2022-05-11 03:00:00,27.3,76.3,15.5,5,2,3,0,0,140.87
2022-05-11 04:00:00,28.8,75.0,25.8,5,2,4,0,0,138.58
2022-05-11 05:00:00,31.7,68.7,3.9,5,2,5,0,0,152.66
2022-05-11 06:00:00,27.7,68.5,6.5,5,2,6,0,0,173.33
2022-05-11 07:00:00,35.5,66.3,2.8,5,2,7,0,0,213.86
2022-05-11 08:00:00,34.2,63.4,3.2,5,2,8,0,0,214.79
2022-05-11 09:00:00,34.3,62.4,4.7,5,2,9,0,0,222.43
2022-05-11 10:00:00,35.7,73.7,26.2,5,2,10,0,0,237.17
2022-05-11 11:00:00,36.3,74.4,10.8,5,2,11,0,0,227.14
2022-05-11 12:00:00,33.1,62.3,5.0,5,2,12,0,0,181.46
2022-05-11 13:00:00,39.4,62.2,26.7,5,2,13,0,0,222.37
2022-05-11 14:00:00,36.0,62.7,12.8,5,2,14,0,0,175.77
2022-05-11 15:00:00,36.0,49.1,21.0,5,2,15,0,0,175.12
2022-05-11 16:00:00,35.9,59.3,23.0,5,2,16,0,0,219.96
2022-05-11 17:00:00,30.8,77.4,13.1,5,2,17,0,0,167.53
2022-05-11 18:00:00,32.5,57.8,4.2,5,2,18,0,0,184.38
2022-05-11 19:00:00,29.7,82.1,47.4,5,2,19,0,0,196.11
2022-05-11 20:00:00,30.7,74.0,5.1,5,2,20,0,0,226.65
2022-05-11 21:00:00,23.8,71.3,10.9,5,2,21,0,0,162.02
2022-05-11 22:00:00,27.0,71.0,16.9,5,2,22,0,0,182.12
2022-05-11 23:00:00,25.5,59.9,3.5,5,2,23,0,0,159.04
2022-05-12 00:00:00,27.6,,9.5,5,3,0,0,0,155.69
2022-05-12 01:00:00,27.8,77.6,5.8,5,3,1,0,0,147.19
2022-05-12 02:00:00,26.0,62.1,4.2,5,3,2,0,0,117.31
2022-05-12 03:00:00,26.7,75.1,2.1,5,3,3,0,0,134.96
2022-05-12 04:00:00,29.0,54.5,18.4,5,3,4,0,0,146.39
2022-05-12 05:00:00,28.6,56.1,3.2,5,3,5,0,0,179.54
2022-05-12 06:00:00,33.4,78.5,18.8,5,3,6,0,0,184.97
2022-05-12 07:00:00,32.3,63.8,9.3,5,3,7,0,0,176.95
2022-05-12 08:00:00,28.4,61.5,9.8,5,3,8,0,0,158.4
2022-05-12 09:00:00,34.5,73.7,16.1,5,3,9,0,0,211.92
2022-05-12 10:00:00,34.0,73.0,7.7,5,3,10,0,0,213.07
2022-05-12 11:00:00,33.3,70.7,5.5,5,3,11,0,0,216.27
2022-05-12 12:00:00,34.2,58.3,3.2,5,3,12,0,0,205.6
2022-05-12 13:00:00,36.8,59.3,8.8,5,3,13,0,0,219.85
2022-05-12 14:00:00,38.7,63.1,8.4,5,3,14,0,0,218.49
2022-05-12 15:00:00,35.9,67.6,4.8,5,3,15,0,0,229.68
2022-05-12 16:00:00,33.0,59.4,9.3,5,3,16,0,0,192.87
2022-05-12 17:00:00,33.9,64.4,6.6,5,3,17,0,0,188.92
2022-05-12 18:00:00,30.8,66.7,15.1,5,3,18,0,0,206.06
2022-05-12 19:00:00,29.0,75.8,8.6,5,3,19,0,0,183.74
2022-05-12 20:00:00,26.9,72.6,23.7,5,3,20,0,0,178.1
2022-05-12 21:00:00,24.7,55.6,7.8,5,3,21,0,0,172.83
2022-05-12 22:00:00,26.6,65.0,19.5,5,3,22,0,0,194.22
2022-05-12 23:00:00,27.2,59.0,7.9,5,3,23,0,0,165.79
2022-05-13 00:00:00,26.7,71.2,8.5,5,4,0,0,0,141.63
2022-05-13 01:00:00,26.2,74.3,5.7,5,4,1,0,0,149.2
2022-05-13 02:00:00,25.6,68.0,6.1,5,4,2,0,0,146.16
2022-05-13 03:00:00,29.5,63.1,23.6,5,4,3,0,0,160.24
2022-05-13 04:00:00,26.7,67.2,4.0,5,4,4,0,0,118.97
2022-05-13 05:00:00,32.1,65.6,3.0,5,4,5,0,0,186.92
2022-05-13 06:00:00,29.9,59.9,16.2,5,4,6,0,0,126.89
2022-05-13 07:00:00,31.7,54.4,8.9,5,4,7,0,0,190.81
2022-05-13 08:00:00,31.4,47.9,4.7,5,4,8,0,0,204.03
2022-05-13 09:00:00,34.4,72.9,6.5,5,4,9,0,0,236.52
2022-05-13 10:00:00,38.1,64.9,8.0,5,4,10,0,0,254.15
2022-05-13 11:00:00,37.7,64.0,9.2,5,4,11,0,0,221.94
2022-05-13 12:00:00,38.8,70.7,15.8,5,4,12,0,0,248.48
2022-05-13 13:00:00,37.7,51.1,6.0,5,4,13,0,0,203.06
2022-05-13 14:00:00,34.0,49.1,11.0,5,4,14,0,0,170.57
2022-05-13 15:00:00,34.7,65.7,16.4,5,4,15,0,0,183.31
2022-05-13 16:00:00,32.8,65.9,16.9,5,4,16,0,0,175.79
2022-05-13 17:00:00,35.8,48.2,4.3,5,4,17,0,0,211.7
2022-05-13 18:00:00,29.5,68.1,5.4,5,4,18,0,0,180.51
2022-05-13 19:00:00,32.4,60.6,9.2,5,4,19,0,0,215.64
2022-05-13 20:00:00,31.2,58.0,19.4,5,4,20,0,0,183.06
2022-05-13 21:00:00,32.0,61.3,14.5,5,4,21,0,0,206.97
2022-05-13 22:00:00,26.7,47.1,9.0,5,4,22,0,0,170.36
2022-05-13 23:00:00,28.5,61.0,34.9,5,4,23,0,0,174.46
2022-05-14 00:00:00,31.6,58.6,6.6,5,5,0,1,0,157.45
2022-05-14 01:00:00,26.0,71.5,16.8,5,5,1,1,0,112.28
2022-05-14 02:00:00,24.6,66.4,15.6,5,5,2,1,0,76.79
2022-05-14 03:00:00,24.7,72.7,21.1,5,5,3,1,0,81.09
2022-05-14 04:00:00,30.9,44.1,37.2,5,5,4,1,0,124.2
2022-05-14 05:00:00,27.0,59.8,7.5,5,5,5,1,0,117.39
2022-05-14 06:00:00,31.3,68.8,3.7,5,5,6,1,0,174.09
2022-05-14 07:00:00,34.2,60.4,6.9,5,5,7,1,0,182.29
2022-05-14 08:00:00,34.9,69.3,17.4,5,5,8,1,0,184.79
2022-05-14 09:00:00,36.4,47.4,16.5,5,5,9,1,0,196.04
2022-05-14 10:00:00,36.8,67.5,5.3,5,5,10,1,0,195.04
2022-05-14 11:00:00,39.4,55.2,2.4,5,5,11,1,0,218.12
2022-05-14 12:00:00,35.1,56.6,7.7,5,5,12,1,0,190.57
2022-05-14 13:00:00,35.5,70.2,7.1,5,5,13,1,0,177.67
2022-05-14 14:00:00,34.8,71.9,2.7,5,5,14,1,0,182.73
2022-05-14 15:00:00,37.2,69.7,14.7,5,5,15,1,0,199.96
2022-05-14 16:00:00,36.3,78.1,4.7,5,5,16,1,0,185.44
2022-05-14 17:00:00,34.2,73.0,10.3,5,5,17,1,0,170.65
2022-05-14 18:00:00,34.4,56.4,2.9,5,5,18,1,0,174.69
2022-05-14 19:00:00,28.4,66.9,17.8,5,5,19,1,0,179.17
2022-05-14 20:00:00,32.9,60.7,12.8,5,5,20,1,0,202.59
2022-05-14 21:00:00,31.5,80.5,5.9,5,5,21,1,0,221.99
2022-05-14 22:00:00,29.2,74.3,9.9,5,5,22,1,0,167.04
2022-05-14 23:00:00,30.8,63.1,3.7,5,5,23,1,0,157.8
2022-05-15 00:00:00,23.9,75.1,35.8,5,6,0,1,0,116.0
2022-05-15 01:00:00,26.3,57.0,14.7,5,6,1,1,0,107.9
2022-05-15 02:00:00,26.4,68.8,14.4,5,6,2,1,0,97.28
2022-05-15 03:00:00,30.1,57.5,3.3,5,6,3,1,0,123.29
2022-05-15 04:00:00,27.6,52.7,2.1,5,6,4,1,0,122.05
2022-05-15 05:00:00,32.4,70.1,9.0,5,6,5,1,0,150.56
2022-05-15 06:00:00,34.9,69.8,3.2,5,6,6,1,0,175.24
2022-05-15 07:00:00,34.9,66.2,14.1,5,6,7,1,0,187.12
2022-05-15 08:00:00,35.2,60.9,6.3,5,6,8,1,0,194.08
2022-05-15 09:00:00,33.7,53.0,5.3,5,6,9,1,0,187.97
2022-05-15 10:00:00,34.8,53.3,2.6,5,6,10,1,0,176.68
2022-05-15 11:00:00,39.5,52.5,46.3,5,6,11,1,0,209.33
2022-05-15 12:00:00,38.7,58.8,27.0,5,6,12,1,0,199.77
2022-05-15 13:00:00,36.9,70.1,3.1,5,6,13,1,0,178.17
2022-05-15 14:00:00,35.7,70.6,5.2,5,6,14,1,0,187.29
2022-05-15 15:00:00,31.7,51.0,6.0,5,6,15,1,0,156.48
2022-05-15 16:00:00,32.5,58.2,4.8,5,6,16,1,0,164.9
2022-05-15 17:00:00,37.3,55.6,23.8,5,6,17,1,0,194.61
2022-05-15 18:00:00,29.6,44.9,12.2,5,6,18,1,0,157.99
2022-05-15 19:00:00,31.3,68.9,27.0,5,6,19,1,0,170.21
2022-05-15 20:00:00,31.7,62.2,18.6,5,6,20,1,0,209.37
2022-05-15 21:00:00,26.1,66.0,13.2,5,6,21,1,0,164.97
2022-05-15 22:00:00,28.2,76.7,11.6,5,6,22,1,0,122.99
2022-05-15 23:00:00,29.2,66.1,18.1,5,6,23,1,0,110.38
2022-05-16 00:00:00,27.3,62.9,11.2,5,0,0,0,0,166.98
2022-05-16 01:00:00,33.2,68.0,3.7,5,0,1,0,0,145.44
2022-05-16 02:00:00,24.7,76.1,10.4,5,0,2,0,0,128.62
2022-05-16 03:00:00,30.9,66.9,7.8,5,0,3,0,0,132.83
2022-05-16 04:00:00,29.5,70.8,34.1,5,0,4,0,0,131.31
2022-05-16 05:00:00,32.6,62.5,7.7,5,0,5,0,0,172.83
2022-05-16 06:00:00,33.2,62.7,2.3,5,0,6,0,0,171.65
2022-05-16 07:00:00,32.1,64.8,4.5,5,0,7,0,0,172.78
2022-05-16 08:00:00,35.3,56.3,21.9,5,0,8,0,0,213.27
2022-05-16 09:00:00,32.1,59.4,28.2,5,0,9,0,0,230.14
2022-05-16 10:00:00,37.9,72.1,12.4,5,0,10,0,0,251.35
2022-05-16 11:00:00,37.7,77.2,2.5,5,0,11,0,0,231.68
2022-05-16 12:00:00,38.6,73.4,2.2,5,0,12,0,0,256.1
2022-05-16 13:00:00,39.3,49.8,7.2,5,0,13,0,0,256.86
2022-05-16 14:00:00,37.4,49.9,50.0,5,0,14,0,0,204.63
2022-05-16 15:00:00,36.2,52.4,18.3,5,0,15,0,0,171.58
2022-05-16 16:00:00,33.1,64.5,23.6,5,0,16,0,0,186.8
2022-05-16 17:00:00,,41.4,9.8,5,0,17,0,0,174.66
2022-05-16 18:00:00,34.7,57.9,17.7,5,0,18,0,0,208.9
2022-05-16 19:00:00,33.9,74.3,5.1,5,0,19,0,0,219.85
2022-05-16 20:00:00,29.3,73.2,2.2,5,0,20,0,0,220.48
2022-05-16 21:00:00,28.9,61.5,22.0,5,0,21,0,0,184.26
2022-05-16 22:00:00,26.2,63.4,4.0,5,0,22,0,0,201.95
2022-05-16 23:00:00,29.8,69.6,12.4,5,0,23,0,0,177.97
2022-05-17 00:00:00,28.8,73.1,10.6,5,1,0,0,0,153.33
2022-05-17 01:00:00,31.5,60.0,3.4,5,1,1,0,0,170.41
2022-05-17 02:00:00,26.4,64.9,3.7,5,1,2,0,0,145.12
2022-05-17 03:00:00,28.2,61.4,5.2,5,1,3,0,0,149.43
2022-05-17 04:00:00,30.4,54.1,13.3,5,1,4,0,0,143.04
2022-05-17 05:00:00,32.5,62.0,2.3,5,1,5,0,0,189.03
2022-05-17 06:00:00,32.0,61.6,6.2,5,1,6,0,0,188.0
2022-05-17 07:00:00,32.0,53.9,10.8,5,1,7,0,0,177.72
2022-05-17 08:00:00,36.7,66.8,3.5,5,1,8,0,0,237.19
2022-05-17 09:00:00,37.4,65.1,3.0,5,1,9,0,0,234.98
2022-05-17 10:00:00,35.0,68.1,6.0,5,1,10,0,0,232.98
2022-05-17 11:00:00,40.0,53.9,4.7,5,1,11,0,0,268.73
2022-05-17 12:00:00,39.8,44.2,10.4,5,1,12,0,0,244.31
2022-05-17 13:00:00,37.6,65.0,29.9,5,1,13,0,0,197.62
2022-05-17 14:00:00,37.0,56.2,2.0,5,1,14,0,0,193.37
2022-05-17 15:00:00,37.1,54.3,20.6,5,1,15,0,0,205.55
2022-05-17 16:00:00,33.2,53.3,6.5,5,1,16,0,0,174.22
2022-05-17 17:00:00,33.8,60.9,10.7,5,1,17,0,0,211.71
2022-05-17 18:00:00,28.2,78.5,17.2,5,1,18,0,0,161.08
2022-05-17 19:00:00,32.9,59.5,8.8,5,1,19,0,0,233.35
2022-05-17 20:00:00,26.8,57.9,2.8,5,1,20,0,0,197.58
2022-05-17 21:00:00,31.9,69.2,3.2,5,1,21,0,0,201.35
2022-05-17 22:00:00,27.5,67.6,14.5,5,1,22,0,0,173.06
2022-05-17 23:00:00,27.2,49.4,4.1,5,1,23,0,0,164.52
2022-05-18 00:00:00,26.4,72.1,8.7,5,2,0,0,0,157.76
2022-05-18 01:00:00,27.2,83.4,6.5,5,2,1,0,0,133.05
2022-05-18 02:00:00,31.1,43.6,4.9,5,2,2,0,0,134.39
2022-05-18 03:00:00,24.1,58.1,14.4,5,2,3,0,0,121.54
2022-05-18 04:00:00,32.7,40.9,12.5,5,2,4,0,0,151.66
2022-05-18 05:00:00,32.0,63.4,10.3,5,2,5,0,0,173.76
2022-05-18 06:00:00,30.2,72.8,5.7,5,2,6,0,0,172.38
2022-05-18 07:00:00,31.8,65.0,4.1,5,2,7,0,0,177.43
2022-05-18 08:00:00,38.5,71.9,7.8,5,2,8,0,0,241.28
2022-05-18 09:00:00,34.3,69.5,15.6,5,2,9,0,0,214.33
2022-05-18 10:00:00,34.6,76.3,8.9,5,2,10,0,0,219.54
2022-05-18 11:00:00,39.7,69.4,30.1,5,2,11,0,0,247.44
2022-05-18 12:00:00,38.3,57.6,2.1,5,2,12,0,0,203.47
2022-05-18 13:00:00,35.6,62.8,50.0,5,2,13,0,0,198.64
2022-05-18 14:00:00,37.4,54.4,11.4,5,2,14,0,0,217.41
2022-05-18 15:00:00,34.1,61.1,16.3,5,2,15,0,0,207.29
2022-05-18 16:00:00,37.3,61.8,5.3,5,2,16,0,0,203.11
2022-05-18 17:00:00,36.0,61.3,7.7,5,2,17,0,0,220.36
2022-05-18 18:00:00,33.7,73.9,14.8,5,2,18,0,0,179.56
2022-05-18 19:00:00,32.0,61.3,13.4,5,2,19,0,0,180.69
2022-05-18 20:00:00,33.6,55.7,5.3,5,2,20,0,0,219.36
2022-05-18 21:00:00,29.1,58.5,5.1,5,2,21,0,0,189.11
2022-05-18 22:00:00,25.9,72.3,10.7,5,2,22,0,0,195.14
2022-05-18 23:00:00,28.7,54.4,23.7,5,2,23,0,0,181.29
2022-05-19 00:00:00,31.9,62.4,6.6,5,3,0,0,0,187.78
2022-05-19 01:00:00,25.9,77.7,5.5,5,3,1,0,0,156.18
2022-05-19 02:00:00,27.7,68.5,20.0,5,3,2,0,0,145.63
2022-05-19 03:00:00,30.0,64.4,11.2,5,3,3,0,0,125.74
2022-05-19 04:00:00,30.1,64.6,5.9,5,3,4,0,0,171.67
2022-05-19 05:00:00,29.5,57.0,2.5,5,3,5,0,0,172.86
2022-05-19 06:00:00,35.0,55.6,12.2,5,3,6,0,0,164.64
2022-05-19 07:00:00,38.7,59.1,5.5,5,3,7,0,0,233.61
2022-05-19 08:00:00,35.6,64.4,2.6,5,3,8,0,0,208.64
2022-05-19 09:00:00,34.5,70.3,9.6,5,3,9,0,0,244.22
2022-05-19 10:00:00,34.0,63.8,5.1,5,3,10,0,0,202.77
2022-05-19 11:00:00,38.1,71.8,5.3,5,3,11,0,0,246.48
2022-05-19 12:00:00,40.0,72.9,7.2,5,3,12,0,0,254.84
2022-05-19 13:00:00,38.5,67.1,12.1,5,3,13,0,0,226.39
2022-05-19 14:00:00,37.1,71.3,4.6,5,3,14,0,0,247.61
2022-05-19 15:00:00,35.1,54.5,2.7,5,3,15,0,0,221.39
2022-05-19 16:00:00,33.1,54.3,6.4,5,3,16,0,0,159.85
2022-05-19 17:00:00,35.7,66.3,2.5,5,3,17,0,0,221.02
2022-05-19 18:00:00,34.6,52.0,11.6,5,3,18,0,0,208.45
2022-05-19 19:00:00,28.4,63.5,27.6,5,3,19,0,0,198.18
2022-05-19 20:00:00,33.4,69.5,10.6,5,3,20,0,0,226.37
2022-05-19 21:00:00,30.4,76.1,4.6,5,3,21,0,0,196.13
2022-05-19 22:00:00,31.2,62.4,3.6,5,3,22,0,0,181.84
2022-05-19 23:00:00,25.2,62.2,4.1,5,3,23,0,0,161.17
2022-05-20 00:00:00,25.1,70.0,4.0,5,4,0,0,0,148.17
2022-05-20 01:00:00,27.8,57.5,5.0,5,4,1,0,0,148.81
2022-05-20 02:00:00,29.6,63.8,2.8,5,4,2,0,0,140.82
2022-05-20 03:00:00,32.9,63.5,20.1,5,4,3,0,0,179.57
2022-05-20 04:00:00,31.8,63.9,19.3,5,4,4,0,0,159.2
2022-05-20 05:00:00,31.1,65.2,9.6,5,4,5,0,0,172.74
2022-05-20 06:00:00,30.8,57.9,2.5,5,4,6,0,0,166.09
2022-05-20 07:00:00,36.6,55.9,15.0,5,4,7,0,0,189.26
2022-05-20 08:00:00,33.5,57.3,2.5,5,4,8,0,0,214.29
2022-05-20 09:00:00,39.7,47.2,2.9,5,4,9,0,0,237.15
2022-05-20 10:00:00,36.6,64.4,5.1,5,4,10,0,0,204.97
2022-05-20 11:00:00,40.9,66.7,6.5,5,4,11,0,0,275.94
2022-05-20 12:00:00,39.2,66.8,5.5,5,4,12,0,0,233.45
2022-05-20 13:00:00,37.4,59.2,3.4,5,4,13,0,0,215.42
2022-05-20 14:00:00,36.2,55.4,3.0,5,4,14,0,0,215.28
2022-05-20 15:00:00,35.7,68.1,17.7,5,4,15,0,0,182.86
2022-05-20 16:00:00,36.2,67.0,5.6,5,4,16,0,0,184.69
2022-05-20 17:00:00,34.3,64.6,4.0,5,4,17,0,0,221.74
2022-05-20 18:00:00,31.7,78.1,7.3,5,4,18,0,0,201.65
2022-05-20 19:00:00,31.3,64.2,2.3,5,4,19,0,0,228.68
2022-05-20 20:00:00,30.5,62.7,9.3,5,4,20,0,0,216.75
2022-05-20 21:00:00,25.1,64.3,4.3,5,4,21,0,0,199.65
2022-05-20 22:00:00,29.5,52.8,9.3,5,4,22,0,0,186.84
2022-05-20 23:00:00,26.1,72.2,9.6,5,4,23,0,0,171.48
2022-05-21 00:00:00,25.7,66.3,15.3,5,5,0,1,0,136.22
2022-05-21 01:00:00,24.8,71.7,4.1,5,5,1,1,0,131.52
2022-05-21 02:00:00,25.1,82.2,7.0,5,5,2,1,0,107.08
2022-05-21 03:00:00,26.8,63.5,28.1,5,5,3,1,0,108.12
2022-05-21 04:00:00,29.1,46.7,12.4,5,5,4,1,0,103.8
2022-05-21 05:00:00,35.6,66.0,31.6,5,5,5,1,0,144.9
2022-05-21 06:00:00,32.0,65.4,23.0,5,5,6,1,0,149.01
2022-05-21 07:00:00,34.7,56.8,9.5,5,5,7,1,0,159.86
2022-05-21 08:00:00,36.3,65.0,4.5,5,5,8,1,0,198.03
2022-05-21 09:00:00,36.8,67.9,13.3,5,5,9,1,0,210.49
2022-05-21 10:00:00,37.2,53.8,11.6,5,5,10,1,0,202.89
2022-05-21 11:00:00,35.5,59.9,9.1,5,5,11,1,0,205.9
2022-05-21 12:00:00,40.9,71.4,11.6,5,5,12,1,0,226.67
2022-05-21 13:00:00,41.5,53.5,9.6,5,5,13,1,0,239.85
2022-05-21 14:00:00,34.0,63.5,7.9,5,5,14,1,0,167.46
2022-05-21 15:00:00,34.5,41.8,6.3,5,5,15,1,0,164.1
2022-05-21 16:00:00,35.0,50.7,2.4,5,5,16,1,0,158.22
2022-05-21 17:00:00,32.4,65.1,18.1,5,5,17,1,0,156.94
2022-05-21 18:00:00,34.0,72.8,18.1,5,5,18,1,0,186.15
2022-05-21 19:00:00,30.3,54.0,9.2,5,5,19,1,0,189.32
2022-05-21 20:00:00,34.8,63.2,4.5,5,5,20,1,0,203.11
2022-05-21 21:00:00,31.9,61.1,2.2,5,5,21,1,0,202.11
2022-05-21 22:00:00,29.1,73.1,2.0,5,5,22,1,0,156.47
2022-05-21 23:00:00,30.2,55.1,2.6,5,5,23,1,0,160.2
2022-05-22 00:00:00,30.4,68.3,5.6,5,6,0,1,0,131.03
2022-05-22 01:00:00,27.2,61.2,3.7,5,6,1,1,0,144.26
2022-05-22 02:00:00,27.2,68.2,4.5,5,6,2,1,0,137.74
2022-05-22 03:00:00,29.8,65.7,11.6,5,6,3,1,0,123.29
2022-05-22 04:00:00,32.4,61.8,27.6,5,6,4,1,0,116.25
2022-05-22 05:00:00,32.1,67.8,3.9,5,6,5,1,0,120.45
2022-05-22 06:00:00,30.0,65.4,7.0,5,6,6,1,0,145.28
2022-05-22 07:00:00,32.8,62.5,40.1,5,6,7,1,0,148.15
2022-05-22 08:00:00,35.5,59.4,23.5,5,6,8,1,0,191.77
2022-05-22 09:00:00,36.5,62.4,5.5,5,6,9,1,0,182.95
2022-05-22 10:00:00,41.4,61.1,5.1,5,6,10,1,0,252.08
2022-05-22 11:00:00,35.2,54.5,4.2,5,6,11,1,0,200.68
2022-05-22 12:00:00,39.1,57.6,3.4,5,6,12,1,0,203.82
2022-05-22 13:00:00,40.9,51.1,6.9,5,6,13,1,0,223.18
2022-05-22 14:00:00,42.0,58.7,5.3,5,6,14,1,0,218.65
2022-05-22 15:00:00,35.9,57.3,12.9,5,6,15,1,0,159.49
2022-05-22 16:00:00,36.6,67.9,4.2,5,6,16,1,0,179.51
2022-05-22 17:00:00,35.6,67.6,12.7,5,6,17,1,0,179.06
2022-05-22 18:00:00,33.5,55.9,4.7,5,6,18,1,0,200.48
2022-05-22 19:00:00,31.6,64.2,9.2,5,6,19,1,0,178.39
2022-05-22 20:00:00,31.5,69.4,10.1,5,6,20,1,0,175.66
2022-05-22 21:00:00,24.5,66.3,10.9,5,6,21,1,0,173.55
2022-05-22 22:00:00,30.2,59.1,3.5,5,6,22,1,0,182.33
2022-05-22 23:00:00,28.6,57.0,4.7,5,6,23,1,0,160.8
2022-05-23 00:00:00,27.8,72.9,4.3,5,0,0,0,0,177.25
2022-05-23 01:00:00,32.5,71.0,8.9,5,0,1,0,0,170.3
2022-05-23 02:00:00,27.6,64.5,2.6,5,0,2,0,0,145.53
2022-05-23 03:00:00,28.9,71.7,7.8,5,0,3,0,0,134.06
2022-05-23 04:00:00,34.7,38.9,2.7,5,0,4,0,0,189.58
2022-05-23 05:00:00,30.3,75.5,5.3,5,0,5,0,0,160.04
2022-05-23 06:00:00,32.2,62.7,11.3,5,0,6,0,0,166.98
2022-05-23 07:00:00,34.3,64.0,6.3,5,0,7,0,0,189.79
2022-05-23 08:00:00,37.4,58.7,4.6,5,0,8,0,0,236.78
2022-05-23 09:00:00,37.2,72.6,9.7,5,0,9,0,0,237.3
2022-05-23 10:00:00,35.0,54.0,12.8,5,0,10,0,0,219.9
2022-05-23 11:00:00,37.0,73.3,4.4,5,0,11,0,0,232.86
2022-05-23 12:00:00,37.0,64.6,4.8,5,0,12,0,0,223.8
2022-05-23 13:00:00,37.9,66.0,10.2,5,0,13,0,0,220.81
2022-05-23 14:00:00,38.4,58.1,28.9,5,0,14,0,0,231.43
2022-05-23 15:00:00,37.6,50.7,3.9,5,0,15,0,0,185.41
2022-05-23 16:00:00,32.2,71.3,10.5,5,0,16,0,0,189.68
2022-05-23 17:00:00,36.7,64.1,21.0,5,0,17,0,0,227.03
2022-05-23 18:00:00,33.8,74.0,7.0,5,0,18,0,0,185.03
2022-05-23 19:00:00,34.7,61.1,5.0,5,0,19,0,0,225.58
2022-05-23 20:00:00,31.6,60.8,10.8,5,0,20,0,0,225.86
2022-05-23 21:00:00,31.9,75.1,2.3,5,0,21,0,0,205.06
2022-05-23 22:00:00,,80.4,5.6,5,0,22,0,0,200.07
2022-05-23 23:00:00,31.1,64.5,4.4,5,0,23,0,0,171.98
2022-05-24 00:00:00,29.4,59.3,4.0,5,1,0,0,0,158.55
2022-05-24 01:00:00,28.4,72.3,3.6,5,1,1,0,0,172.03
2022-05-24 02:00:00,33.6,61.2,12.7,5,1,2,0,0,188.41
2022-05-24 03:00:00,31.6,69.0,26.8,5,1,3,0,0,149.32
2022-05-24 04:00:00,32.0,61.9,5.9,5,1,4,0,0,139.27
2022-05-24 05:00:00,29.5,77.7,2.4,5,1,5,0,0,155.84
2022-05-24 06:00:00,30.8,59.0,12.2,5,1,6,0,0,136.37
2022-05-24 07:00:00,35.3,66.2,8.2,5,1,7,0,0,197.35
2022-05-24 08:00:00,36.2,58.0,12.3,5,1,8,0,0,228.25
2022-05-24 09:00:00,35.7,59.9,10.4,5,1,9,0,0,200.44
2022-05-24 10:00:00,38.0,57.7,20.9,5,1,10,0,0,232.66
2022-05-24 11:00:00,41.4,65.2,3.2,5,1,11,0,0,261.15
2022-05-24 12:00:00,39.8,67.5,3.5,5,1,12,0,0,277.56
2022-05-24 13:00:00,35.9,66.5,5.3,5,1,13,0,0,216.58
2022-05-24 14:00:00,37.5,60.4,7.4,5,1,14,0,0,226.63
2022-05-24 15:00:00,35.3,63.5,22.8,5,1,15,0,0,194.36
2022-05-24 16:00:00,35.1,69.6,21.0,5,1,16,0,0,205.48
2022-05-24 17:00:00,33.8,70.5,18.4,5,1,17,0,0,211.28
2022-05-24 18:00:00,32.4,42.3,4.0,5,1,18,0,0,197.69
2022-05-24 19:00:00,29.6,63.0,12.5,5,1,19,0,0,189.36
2022-05-24 20:00:00,30.6,62.9,5.9,5,1,20,0,0,195.5
2022-05-24 21:00:00,28.7,71.0,23.4,5,1,21,0,0,217.57
2022-05-24 22:00:00,23.2,67.9,3.9,5,1,22,0,0,190.32
2022-05-24 23:00:00,32.7,69.4,3.2,5,1,23,0,0,162.24
2022-05-25 00:00:00,30.7,56.0,16.8,5,2,0,0,0,152.06
2022-05-25 01:00:00,27.9,68.1,12.1,5,2,1,0,0,152.24
2022-05-25 02:00:00,29.2,72.6,15.8,5,2,2,0,0,169.3
2022-05-25 03:00:00,27.6,54.4,3.4,5,2,3,0,0,121.04
2022-05-25 04:00:00,34.4,82.9,19.3,5,2,4,0,0,177.66
2022-05-25 05:00:00,36.0,71.5,11.1,5,2,5,0,0,183.09
2022-05-25 06:00:00,33.8,63.1,10.4,5,2,6,0,0,163.18
2022-05-25 07:00:00,36.8,55.0,9.0,5,2,7,0,0,229.23
2022-05-25 08:00:00,36.3,60.4,13.6,5,2,8,0,0,200.64
2022-05-25 09:00:00,34.4,63.5,6.3,5,2,9,0,0,229.88
2022-05-25 10:00:00,37.0,65.0,3.1,5,2,10,0,0,215.23
2022-05-25 11:00:00,38.6,72.7,8.2,5,2,11,0,0,240.62
2022-05-25 12:00:00,37.6,57.4,13.0,5,2,12,0,0,233.22
2022-05-25 13:00:00,37.9,65.6,3.3,5,2,13,0,0,236.68
2022-05-25 14:00:00,37.6,50.8,4.0,5,2,14,0,0,220.46
2022-05-25 15:00:00,36.9,58.3,11.5,5,2,15,0,0,219.83
2022-05-25 16:00:00,36.1,65.0,4.5,5,2,16,0,0,203.35
2022-05-25 17:00:00,32.7,69.2,3.5,5,2,17,0,0,216.4
2022-05-25 18:00:00,32.1,57.9,19.6,5,2,18,0,0,197.5
2022-05-25 19:00:00,29.6,61.7,3.4,5,2,19,0,0,212.68
2022-05-25 20:00:00,33.0,75.2,5.4,5,2,20,0,0,230.31
2022-05-25 21:00:00,25.7,76.4,6.5,5,2,21,0,0,200.87
2022-05-25 22:00:00,31.5,65.9,7.2,5,2,22,0,0,182.86
2022-05-25 23:00:00,31.4,46.4,5.6,5,2,23,0,0,167.25
2022-05-26 00:00:00,28.0,86.1,21.5,5,3,0,0,0,144.47
2022-05-26 01:00:00,23.6,68.1,10.6,5,3,1,0,0,146.32
2022-05-26 02:00:00,28.6,63.2,5.6,5,3,2,0,0,135.45
2022-05-26 03:00:00,29.9,60.9,5.5,5,3,3,0,0,141.87
2022-05-26 04:00:00,29.1,68.5,7.6,5,3,4,0,0,145.88
2022-05-26 05:00:00,31.3,67.5,2.3,5,3,5,0,0,186.09
2022-05-26 06:00:00,36.7,69.3,22.9,5,3,6,0,0,204.71
2022-05-26 07:00:00,36.2,54.5,4.0,5,3,7,0,0,185.06
2022-05-26 08:00:00,34.3,60.4,11.6,5,3,8,0,0,204.59
2022-05-26 09:00:00,33.9,79.3,14.0,5,3,9,0,0,209.14
2022-05-26 10:00:00,37.3,63.2,16.1,5,3,10,0,0,230.83
2022-05-26 11:00:00,38.0,59.6,3.4,5,3,11,0,0,241.7
2022-05-26 12:00:00,39.6,52.7,8.2,5,3,12,0,0,259.24
2022-05-26 13:00:00,37.4,65.4,2.7,5,3,13,0,0,209.9
2022-05-26 14:00:00,39.0,68.8,15.1,5,3,14,0,0,227.55
2022-05-26 15:00:00,41.0,66.5,7.3,5,3,15,0,0,249.07
2022-05-26 16:00:00,37.7,59.1,3.4,5,3,16,0,0,215.36
2022-05-26 17:00:00,34.8,65.5,12.1,5,3,17,0,0,193.03
2022-05-26 18:00:00,33.2,76.8,5.2,5,3,18,0,0,199.94
2022-05-26 19:00:00,31.6,72.8,3.0,5,3,19,0,0,207.36
2022-05-26 20:00:00,33.5,57.0,6.9,5,3,20,0,0,232.56
2022-05-26 21:00:00,28.8,45.2,4.1,5,3,21,0,0,188.03
2022-05-26 22:00:00,29.4,67.7,26.0,5,3,22,0,0,178.64
2022-05-26 23:00:00,28.9,71.9,5.6,5,3,23,0,0,161.25
2022-05-27 00:00:00,27.7,57.4,8.8,5,4,0,0,0,142.37
2022-05-27 01:00:00,26.1,66.9,25.7,5,4,1,0,0,137.79
2022-05-27 02:00:00,30.0,62.9,6.0,5,4,2,0,0,124.32
2022-05-27 03:00:00,30.1,65.8,5.5,5,4,3,0,0,163.93
2022-05-27 04:00:00,32.2,59.5,3.4,5,4,4,0,0,151.02
2022-05-27 05:00:00,31.4,74.6,24.3,5,4,5,0,0,182.74
2022-05-27 06:00:00,36.2,63.1,14.9,5,4,6,0,0,200.43
2022-05-27 07:00:00,33.3,56.3,4.0,5,4,7,0,0,161.07
2022-05-27 08:00:00,39.6,67.5,5.2,5,4,8,0,0,251.88
2022-05-27 09:00:00,33.8,53.0,21.7,5,4,9,0,0,196.06
2022-05-27 10:00:00,38.9,70.8,8.2,5,4,10,0,0,257.97
2022-05-27 11:00:00,39.5,68.2,8.5,5,4,11,0,0,278.42
2022-05-27 12:00:00,,72.6,10.4,5,4,12,0,0,237.53
2022-05-27 13:00:00,39.4,59.0,13.5,5,4,13,0,0,228.01
2022-05-27 14:00:00,40.6,55.7,24.4,5,4,14,0,0,209.56
2022-05-27 15:00:00,32.8,64.3,15.0,5,4,15,0,0,192.2
2022-05-27 16:00:00,37.2,60.7,23.8,5,4,16,0,0,212.59
2022-05-27 17:00:00,30.0,59.8,15.7,5,4,17,0,0,191.56
2022-05-27 18:00:00,31.8,59.7,2.4,5,4,18,0,0,197.76
2022-05-27 19:00:00,35.7,59.2,3.0,5,4,19,0,0,237.76
2022-05-27 20:00:00,30.0,55.6,19.3,5,4,20,0,0,194.54
2022-05-27 21:00:00,27.8,71.5,2.2,5,4,21,0,0,200.44
2022-05-27 22:00:00,29.0,65.1,14.6,5,4,22,0,0,160.95
2022-05-27 23:00:00,33.0,61.0,17.2,5,4,23,0,0,192.83
2022-05-28 00:00:00,25.2,58.5,6.3,5,5,0,1,0,126.14
2022-05-28 01:00:00,26.9,57.3,5.5,5,5,1,1,0,110.7
2022-05-28 02:00:00,32.5,79.2,3.7,5,5,2,1,0,150.82
2022-05-28 03:00:00,34.0,58.0,2.4,5,5,3,1,0,155.32
2022-05-28 04:00:00,31.1,69.3,12.9,5,5,4,1,0,148.75
2022-05-28 05:00:00,30.0,66.3,2.6,5,5,5,1,0,118.63
2022-05-28 06:00:00,38.0,38.8,25.2,5,5,6,1,0,180.72
2022-05-28 07:00:00,38.3,75.2,4.8,5,5,7,1,0,223.65
2022-05-28 08:00:00,37.7,66.6,14.6,5,5,8,1,0,196.13
2022-05-28 09:00:00,35.7,56.0,2.5,5,5,9,1,0,219.83
2022-05-28 10:00:00,38.0,60.7,8.1,5,5,10,1,0,207.59
2022-05-28 11:00:00,38.3,51.6,5.4,5,5,11,1,0,216.91
2022-05-28 12:00:00,39.5,,2.2,5,5,12,1,0,200.0
2022-05-28 13:00:00,41.5,52.0,10.5,5,5,13,1,0,197.66
2022-05-28 14:00:00,39.9,55.9,24.9,5,5,14,1,0,175.63
2022-05-28 15:00:00,35.2,56.6,2.1,5,5,15,1,0,193.81
2022-05-28 16:00:00,39.1,61.1,4.5,5,5,16,1,0,193.01
2022-05-28 17:00:00,35.7,73.1,11.7,5,5,17,1,0,174.68
2022-05-28 18:00:00,35.2,76.7,18.4,5,5,18,1,0,197.7
2022-05-28 19:00:00,35.5,59.1,3.7,5,5,19,1,0,195.27
2022-05-28 20:00:00,29.1,68.5,2.6,5,5,20,1,0,199.9
2022-05-28 21:00:00,30.2,65.6,2.1,5,5,21,1,0,208.73
2022-05-28 22:00:00,28.4,57.9,3.9,5,5,22,1,0,126.66
2022-05-28 23:00:00,25.8,86.5,2.6,5,5,23,1,0,159.13
2022-05-29 00:00:00,29.6,76.1,5.6,5,6,0,1,0,107.11
2022-05-29 01:00:00,34.1,64.5,6.6,5,6,1,1,0,130.13
2022-05-29 02:00:00,25.9,79.7,7.2,5,6,2,1,0,123.63
2022-05-29 03:00:00,30.3,74.5,3.2,5,6,3,1,0,113.93
2022-05-29 04:00:00,32.7,64.3,7.0,5,6,4,1,0,140.99
2022-05-29 05:00:00,32.9,66.2,2.1,5,6,5,1,0,147.98
2022-05-29 06:00:00,33.7,75.3,4.2,5,6,6,1,0,137.47
2022-05-29 07:00:00,32.6,56.1,5.7,5,6,7,1,0,169.03
2022-05-29 08:00:00,36.9,75.0,3.0,5,6,8,1,0,208.13
2022-05-29 09:00:00,35.9,60.2,15.5,5,6,9,1,0,195.72
2022-05-29 10:00:00,33.9,75.3,3.8,5,6,10,1,0,186.1
2022-05-29 11:00:00,41.1,59.4,13.2,5,6,11,1,0,245.02
2022-05-29 12:00:00,40.8,62.3,7.1,5,6,12,1,0,212.56
2022-05-29 13:00:00,38.8,60.3,7.2,5,6,13,1,0,190.13
2022-05-29 14:00:00,38.7,56.4,10.3,5,6,14,1,0,200.83
2022-05-29 15:00:00,39.6,58.0,2.4,5,6,15,1,0,222.18
2022-05-29 16:00:00,36.9,72.6,2.7,5,6,16,1,0,184.26
2022-05-29 17:00:00,37.0,43.0,5.2,5,6,17,1,0,196.58
2022-05-29 18:00:00,33.3,53.4,6.3,5,6,18,1,0,182.24
2022-05-29 19:00:00,35.2,56.6,6.5,5,6,19,1,0,209.08
2022-05-29 20:00:00,32.1,55.3,11.0,5,6,20,1,0,175.98
2022-05-29 21:00:00,30.8,76.7,2.0,5,6,21,1,0,184.28
2022-05-29 22:00:00,27.0,76.5,27.6,5,6,22,1,0,149.22
2022-05-29 23:00:00,29.7,69.9,3.5,5,6,23,1,0,179.33
2022-05-30 00:00:00,27.3,61.2,4.3,5,0,0,0,0,135.3
2022-05-30 01:00:00,27.9,76.7,20.9,5,0,1,0,0,123.1
2022-05-30 02:00:00,28.0,53.3,2.0,5,0,2,0,0,186.45
2022-05-30 03:00:00,28.3,83.0,40.0,5,0,3,0,0,134.66
2022-05-30 04:00:00,35.8,56.6,2.3,5,0,4,0,0,189.07
2022-05-30 05:00:00,35.4,60.2,3.0,5,0,5,0,0,195.1
2022-05-30 06:00:00,37.8,57.6,4.2,5,0,6,0,0,222.13
2022-05-30 07:00:00,32.9,55.0,6.6,5,0,7,0,0,198.17
2022-05-30 08:00:00,36.7,77.1,7.8,5,0,8,0,0,236.82
2022-05-30 09:00:00,35.0,68.8,2.9,5,0,9,0,0,239.33
2022-05-30 10:00:00,36.9,71.3,2.6,5,0,10,0,0,243.38
2022-05-30 11:00:00,37.0,51.7,2.3,5,0,11,0,0,248.19
2022-05-30 12:00:00,41.5,60.7,4.4,5,0,12,0,0,292.55
2022-05-30 13:00:00,38.0,65.1,22.4,5,0,13,0,0,220.49
2022-05-30 14:00:00,40.5,61.9,6.0,5,0,14,0,0,247.64
2022-05-30 15:00:00,38.8,51.3,13.6,5,0,15,0,0,208.16
2022-05-30 16:00:00,41.1,68.0,3.7,5,0,16,0,0,248.19
2022-05-30 17:00:00,32.3,64.8,2.5,5,0,17,0,0,198.26
2022-05-30 18:00:00,36.5,54.1,8.5,5,0,18,0,0,218.18
2022-05-30 19:00:00,35.0,47.7,15.8,5,0,19,0,0,220.37
2022-05-30 20:00:00,29.6,70.1,20.3,5,0,20,0,0,205.28
2022-05-30 21:00:00,32.5,83.4,8.3,5,0,21,0,0,241.45
2022-05-30 22:00:00,,56.7,4.8,5,0,22,0,0,178.35
2022-05-30 23:00:00,28.7,67.0,2.9,5,0,23,0,0,184.22
2022-05-31 00:00:00,27.4,75.2,10.8,5,1,0,0,0,144.01
2022-05-31 01:00:00,27.8,55.9,4.6,5,1,1,0,0,157.32
2022-05-31 02:00:00,33.9,59.2,16.9,5,1,2,0,0,174.59
2022-05-31 03:00:00,30.6,57.8,9.4,5,1,3,0,0,171.2
2022-05-31 04:00:00,33.2,71.3,17.7,5,1,4,0,0,155.0
2022-05-31 05:00:00,31.2,75.0,8.7,5,1,5,0,0,165.79
2022-05-31 06:00:00,32.5,65.0,13.8,5,1,6,0,0,184.98
2022-05-31 07:00:00,37.6,54.5,4.8,5,1,7,0,0,226.36
2022-05-31 08:00:00,33.9,59.5,7.6,5,1,8,0,0,164.45
2022-05-31 09:00:00,36.8,56.6,2.2,5,1,9,0,0,221.61
2022-05-31 10:00:00,38.5,52.9,9.5,5,1,10,0,0,252.67
2022-05-31 11:00:00,,59.6,8.1,5,1,11,0,0,245.69
2022-05-31 12:00:00,38.7,65.2,13.3,5,1,12,0,0,248.37
2022-05-31 13:00:00,39.7,64.1,12.4,5,1,13,0,0,251.95
2022-05-31 14:00:00,39.8,60.0,9.9,5,1,14,0,0,228.69
2022-05-31 15:00:00,39.1,60.9,2.5,5,1,15,0,0,237.25
2022-05-31 16:00:00,34.6,62.0,20.7,5,1,16,0,0,210.72
2022-05-31 17:00:00,34.8,52.2,2.1,5,1,17,0,0,219.03
2022-05-31 18:00:00,36.5,63.0,15.0,5,1,18,0,0,211.59
2022-05-31 19:00:00,34.6,58.0,7.2,5,1,19,0,0,220.97
2022-05-31 20:00:00,28.9,54.8,15.6,5,1,20,0,0,195.77
2022-05-31 21:00:00,31.3,67.3,7.0,5,1,21,0,0,194.43
2022-05-31 22:00:00,25.8,62.2,10.3,5,1,22,0,0,192.44
2022-05-31 23:00:00,29.4,67.1,5.6,5,1,23,0,0,169.2
2022-06-01 00:00:00,33.0,70.3,12.9,6,2,0,0,0,171.77
2022-06-01 01:00:00,27.5,58.7,4.3,6,2,1,0,0,161.82
2022-06-01 02:00:00,28.2,66.6,12.2,6,2,2,0,0,134.07
2022-06-01 03:00:00,32.2,49.4,3.7,6,2,3,0,0,148.88
2022-06-01 04:00:00,28.6,78.0,12.2,6,2,4,0,0,150.9
2022-06-01 05:00:00,31.6,53.3,4.8,6,2,5,0,0,154.81
2022-06-01 06:00:00,35.4,58.2,4.6,6,2,6,0,0,215.44
2022-06-01 07:00:00,34.2,73.6,15.3,6,2,7,0,0,179.98
2022-06-01 08:00:00,36.2,60.0,15.4,6,2,8,0,0,178.67
2022-06-01 09:00:00,39.2,50.8,11.4,6,2,9,0,0,257.47
2022-06-01 10:00:00,39.4,66.0,22.6,6,2,10,0,0,243.42
2022-06-01 11:00:00,39.5,65.8,3.4,6,2,11,0,0,244.38
2022-06-01 12:00:00,38.5,55.7,4.5,6,2,12,0,0,241.53
2022-06-01 13:00:00,39.8,55.9,4.8,6,2,13,0,0,244.3
2022-06-01 14:00:00,38.3,57.4,4.9,6,2,14,0,0,208.98
2022-06-01 15:00:00,38.6,59.0,5.2,6,2,15,0,0,240.18
2022-06-01 16:00:00,35.7,47.0,11.6,6,2,16,0,0,208.86
2022-06-01 17:00:00,35.1,61.0,4.5,6,2,17,0,0,236.69
2022-06-01 18:00:00,32.2,78.2,4.7,6,2,18,0,0,199.53
2022-06-01 19:00:00,32.8,56.4,8.8,6,2,19,0,0,214.46
2022-06-01 20:00:00,30.1,60.3,3.7,6,2,20,0,0,210.98
2022-06-01 21:00:00,28.4,56.3,5.6,6,2,21,0,0,189.78
2022-06-01 22:00:00,30.4,69.7,2.5,6,2,22,0,0,202.5
2022-06-01 23:00:00,29.8,74.7,26.4,6,2,23,0,0,179.52
2022-06-02 00:00:00,30.8,74.0,5.1,6,3,0,0,0,174.87
2022-06-02 01:00:00,28.6,55.7,17.2,6,3,1,0,0,136.91
2022-06-02 02:00:00,30.8,68.6,8.0,6,3,2,0,0,149.94
2022-06-02 03:00:00,31.8,75.6,4.1,6,3,3,0,0,151.36
2022-06-02 04:00:00,32.7,67.7,3.7,6,3,4,0,0,153.27
2022-06-02 05:00:00,31.3,68.2,11.5,6,3,5,0,0,159.65
2022-06-02 06:00:00,34.6,58.9,28.8,6,3,6,0,0,198.07
2022-06-02 07:00:00,36.3,63.6,3.6,6,3,7,0,0,240.93
2022-06-02 08:00:00,36.8,71.5,3.0,6,3,8,0,0,246.6
2022-06-02 09:00:00,33.6,65.8,5.9,6,3,9,0,0,204.88
2022-06-02 10:00:00,38.9,50.6,6.0,6,3,10,0,0,254.78
2022-06-02 11:00:00,43.5,54.6,15.1,6,3,11,0,0,255.36
2022-06-02 12:00:00,38.5,70.4,7.1,6,3,12,0,0,236.91
2022-06-02 13:00:00,37.6,63.8,2.5,6,3,13,0,0,218.02
2022-06-02 14:00:00,39.3,61.3,22.3,6,3,14,0,0,250.06
2022-06-02 15:00:00,38.4,56.4,5.7,6,3,15,0,0,223.47
2022-06-02 16:00:00,39.2,69.9,10.8,6,3,16,0,0,230.61
2022-06-02 17:00:00,33.0,76.8,10.8,6,3,17,0,0,195.15
2022-06-02 18:00:00,35.7,72.2,2.5,6,3,18,0,0,222.47
2022-06-02 19:00:00,34.2,74.5,2.0,6,3,19,0,0,236.52
2022-06-02 20:00:00,31.5,61.4,2.7,6,3,20,0,0,204.59
2022-06-02 21:00:00,31.4,60.3,27.1,6,3,21,0,0,205.22
2022-06-02 22:00:00,32.0,62.8,14.6,6,3,22,0,0,217.22
2022-06-02 23:00:00,31.2,64.7,3.1,6,3,23,0,0,188.6
2022-06-03 00:00:00,27.1,77.9,9.6,6,4,0,0,0,148.75
2022-06-03 01:00:00,31.2,73.7,9.6,6,4,1,0,0,160.03
2022-06-03 02:00:00,29.9,69.4,2.0,6,4,2,0,0,170.72
2022-06-03 03:00:00,31.0,53.1,6.5,6,4,3,0,0,149.88
2022-06-03 04:00:00,32.0,50.5,12.0,6,4,4,0,0,142.67
2022-06-03 05:00:00,32.7,65.5,3.7,6,4,5,0,0,183.04
2022-06-03 06:00:00,36.7,68.7,17.2,6,4,6,0,0,188.12
2022-06-03 07:00:00,35.5,61.6,10.6,6,4,7,0,0,197.06
2022-06-03 08:00:00,34.6,78.0,2.1,6,4,8,0,0,217.85
2022-06-03 09:00:00,37.1,52.8,17.4,6,4,9,0,0,213.21
2022-06-03 10:00:00,39.0,50.8,2.2,6,4,10,0,0,224.84
2022-06-03 11:00:00,41.6,53.9,19.5,6,4,11,0,0,270.97
2022-06-03 12:00:00,40.5,54.1,5.2,6,4,12,0,0,219.96
2022-06-03 13:00:00,37.5,65.5,11.6,6,4,13,0,0,204.62
2022-06-03 14:00:00,43.6,54.8,14.4,6,4,14,0,0,277.54
2022-06-03 15:00:00,38.4,48.4,4.6,6,4,15,0,0,223.88
2022-06-03 16:00:00,39.4,67.4,5.5,6,4,16,0,0,231.49
2022-06-03 17:00:00,35.3,48.3,7.7,6,4,17,0,0,189.7
2022-06-03 18:00:00,35.4,53.7,9.0,6,4,18,0,0,209.39
2022-06-03 19:00:00,34.7,49.7,4.8,6,4,19,0,0,231.97
2022-06-03 20:00:00,34.3,64.5,41.0,6,4,20,0,0,209.55
2022-06-03 21:00:00,32.9,65.0,12.7,6,4,21,0,0,194.76
2022-06-03 22:00:00,31.8,79.5,4.6,6,4,22,0,0,191.42
2022-06-03 23:00:00,28.9,72.9,10.2,6,4,23,0,0,170.08
2022-06-04 00:00:00,28.3,77.4,6.6,6,5,0,1,0,138.78
2022-06-04 01:00:00,30.3,67.2,17.7,6,5,1,1,0,127.75
2022-06-04 02:00:00,32.0,56.2,5.2,6,5,2,1,0,112.7
2022-06-04 03:00:00,30.4,65.8,3.7,6,5,3,1,0,145.97
2022-06-04 04:00:00,34.0,67.7,2.4,6,5,4,1,0,136.95
2022-06-04 05:00:00,36.0,67.6,35.2,6,5,5,1,0,157.67
2022-06-04 06:00:00,32.6,59.9,5.6,6,5,6,1,0,136.56
2022-06-04 07:00:00,34.0,66.9,4.0,6,5,7,1,0,208.56
2022-06-04 08:00:00,36.6,54.2,7.4,6,5,8,1,0,213.31
2022-06-04 09:00:00,38.6,52.4,4.8,6,5,9,1,0,206.59
2022-06-04 10:00:00,37.7,52.2,4.1,6,5,10,1,0,216.5
2022-06-04 11:00:00,42.0,59.2,9.7,6,5,11,1,0,233.48
2022-06-04 12:00:00,40.3,50.4,2.6,6,5,12,1,0,220.09
2022-06-04 13:00:00,39.3,56.9,7.7,6,5,13,1,0,214.45
2022-06-04 14:00:00,35.9,69.3,5.9,6,5,14,1,0,193.14
2022-06-04 15:00:00,35.3,54.1,8.1,6,5,15,1,0,151.05
2022-06-04 16:00:00,37.5,57.2,5.1,6,5,16,1,0,179.04
2022-06-04 17:00:00,31.4,64.9,8.8,6,5,17,1,0,174.56
2022-06-04 18:00:00,36.4,63.8,2.7,6,5,18,1,0,224.06
2022-06-04 19:00:00,32.8,59.6,5.8,6,5,19,1,0,177.89
2022-06-04 20:00:00,38.4,67.1,4.2,6,5,20,1,0,249.66
2022-06-04 21:00:00,35.5,67.0,6.6,6,5,21,1,0,189.1
2022-06-04 22:00:00,29.7,74.3,6.1,6,5,22,1,0,163.96
2022-06-04 23:00:00,29.4,64.7,10.0,6,5,23,1,0,133.82
2022-06-05 00:00:00,31.5,60.2,9.9,6,6,0,1,0,132.96
2022-06-05 01:00:00,33.1,58.0,6.3,6,6,1,1,0,171.37
2022-06-05 02:00:00,26.9,69.0,3.6,6,6,2,1,0,116.39
2022-06-05 03:00:00,27.4,63.3,9.0,6,6,3,1,0,107.57
2022-06-05 04:00:00,30.7,60.1,29.2,6,6,4,1,0,106.75
2022-06-05 05:00:00,34.4,59.2,3.6,6,6,5,1,0,148.82
2022-06-05 06:00:00,35.5,56.8,2.6,6,6,6,1,0,156.62
2022-06-05 07:00:00,37.9,62.6,4.5,6,6,7,1,0,199.0
2022-06-05 08:00:00,34.6,51.4,6.3,6,6,8,1,0,178.73
2022-06-05 09:00:00,33.4,65.7,4.9,6,6,9,1,0,179.08
2022-06-05 10:00:00,40.5,65.1,16.4,6,6,10,1,0,228.98
2022-06-05 11:00:00,37.7,56.5,7.4,6,6,11,1,0,213.76
2022-06-05 12:00:00,35.4,77.7,4.3,6,6,12,1,0,183.65
2022-06-05 13:00:00,39.6,60.3,26.0,6,6,13,1,0,198.82
2022-06-05 14:00:00,40.4,47.3,3.1,6,6,14,1,0,205.06
2022-06-05 15:00:00,37.8,58.9,3.0,6,6,15,1,0,158.35
2022-06-05 16:00:00,36.1,62.5,4.3,6,6,16,1,0,194.76
2022-06-05 17:00:00,35.5,65.9,2.6,6,6,17,1,0,159.3
2022-06-05 18:00:00,33.7,61.1,13.1,6,6,18,1,0,153.98
2022-06-05 19:00:00,30.5,56.7,5.0,6,6,19,1,0,191.27
2022-06-05 20:00:00,30.6,56.0,12.5,6,6,20,1,0,162.23
2022-06-05 21:00:00,32.0,58.8,13.5,6,6,21,1,0,150.0
2022-06-05 22:00:00,30.8,60.1,4.2,6,6,22,1,0,189.64
2022-06-05 23:00:00,30.0,55.9,7.8,6,6,23,1,0,142.24
2022-06-06 00:00:00,27.6,60.4,7.9,6,0,0,0,0,168.63
2022-06-06 01:00:00,29.4,70.6,18.4,6,0,1,0,0,134.65
2022-06-06 02:00:00,25.9,80.3,2.2,6,0,2,0,0,119.42
2022-06-06 03:00:00,31.4,70.4,5.0,6,0,3,0,0,150.78
2022-06-06 04:00:00,34.9,73.0,19.1,6,0,4,0,0,153.55
2022-06-06 05:00:00,30.3,72.6,4.2,6,0,5,0,0,167.22
2022-06-06 06:00:00,33.4,70.0,3.2,6,0,6,0,0,194.48
2022-06-06 07:00:00,36.5,59.0,8.9,6,0,7,0,0,221.85
2022-06-06 08:00:00,39.6,61.3,4.9,6,0,8,0,0,240.65
2022-06-06 09:00:00,37.2,,7.0,6,0,9,0,0,253.54
2022-06-06 10:00:00,37.5,59.5,15.7,6,0,10,0,0,221.07
2022-06-06 11:00:00,35.4,62.8,7.9,6,0,11,0,0,223.56
2022-06-06 12:00:00,39.8,65.8,7.8,6,0,12,0,0,245.82
2022-06-06 13:00:00,43.5,61.7,4.6,6,0,13,0,0,305.79
2022-06-06 14:00:00,39.4,59.0,14.6,6,0,14,0,0,244.02
2022-06-06 15:00:00,38.0,61.4,12.8,6,0,15,0,0,214.94
2022-06-06 16:00:00,37.7,64.6,4.1,6,0,16,0,0,222.63
2022-06-06 17:00:00,35.8,67.4,5.1,6,0,17,0,0,236.54
2022-06-06 18:00:00,32.9,51.4,14.4,6,0,18,0,0,186.04
2022-06-06 19:00:00,34.9,53.9,5.5,6,0,19,0,0,194.84
2022-06-06 20:00:00,32.5,72.6,6.1,6,0,20,0,0,206.78
2022-06-06 21:00:00,31.1,64.0,5.6,6,0,21,0,0,200.94
2022-06-06 22:00:00,28.3,62.5,3.4,6,0,22,0,0,206.54
2022-06-06 23:00:00,32.3,61.7,5.3,6,0,23,0,0,206.04
2022-06-07 00:00:00,30.9,62.4,15.0,6,1,0,0,0,159.06
2022-06-07 01:00:00,28.7,70.1,7.4,6,1,1,0,0,158.35
2022-06-07 02:00:00,32.3,55.0,6.9,6,1,2,0,0,146.22
2022-06-07 03:00:00,30.1,65.2,3.4,6,1,3,0,0,180.59
2022-06-07 04:00:00,30.5,66.7,3.6,6,1,4,0,0,172.37
2022-06-07 05:00:00,31.8,67.3,2.4,6,1,5,0,0,168.0
2022-06-07 06:00:00,31.1,66.2,2.1,6,1,6,0,0,170.84
2022-06-07 07:00:00,36.8,65.7,7.4,6,1,7,0,0,223.71
2022-06-07 08:00:00,33.4,58.7,6.2,6,1,8,0,0,198.73
2022-06-07 09:00:00,35.7,54.6,4.6,6,1,9,0,0,194.88
2022-06-07 10:00:00,34.8,82.3,38.9,6,1,10,0,0,234.09
2022-06-07 11:00:00,39.3,58.0,6.1,6,1,11,0,0,267.91
2022-06-07 12:00:00,39.3,58.9,14.4,6,1,12,0,0,244.15
2022-06-07 13:00:00,38.8,66.0,3.9,6,1,13,0,0,226.85
2022-06-07 14:00:00,36.9,74.3,4.3,6,1,14,0,0,215.0
2022-06-07 15:00:00,35.8,57.7,8.7,6,1,15,0,0,159.01
2022-06-07 16:00:00,38.0,53.0,2.0,6,1,16,0,0,203.34
2022-06-07 17:00:00,34.8,52.7,2.1,6,1,17,0,0,230.27
2022-06-07 18:00:00,35.2,75.1,3.2,6,1,18,0,0,231.81
2022-06-07 19:00:00,31.5,55.9,4.0,6,1,19,0,0,178.62
2022-06-07 20:00:00,32.5,63.5,8.0,6,1,20,0,0,205.07
2022-06-07 21:00:00,33.7,55.3,11.3,6,1,21,0,0,186.51
2022-06-07 22:00:00,31.5,52.7,5.0,6,1,22,0,0,183.21
2022-06-07 23:00:00,29.0,63.2,4.2,6,1,23,0,0,174.47
2022-06-08 00:00:00,30.2,57.4,15.8,6,2,0,0,0,178.57
2022-06-08 01:00:00,29.4,59.8,3.4,6,2,1,0,0,164.4
2022-06-08 02:00:00,30.4,80.9,11.1,6,2,2,0,0,149.0
2022-06-08 03:00:00,30.5,68.2,23.4,6,2,3,0,0,137.99
2022-06-08 04:00:00,31.8,71.5,4.1,6,2,4,0,0,149.28
2022-06-08 05:00:00,33.8,69.7,2.7,6,2,5,0,0,194.88
2022-06-08 06:00:00,32.7,62.9,33.2,6,2,6,0,0,181.49
2022-06-08 07:00:00,33.9,59.5,4.5,6,2,7,0,0,173.13
2022-06-08 08:00:00,34.4,64.8,4.6,6,2,8,0,0,182.04
2022-06-08 09:00:00,35.0,63.8,7.3,6,2,9,0,0,214.25
2022-06-08 10:00:00,36.6,57.2,4.1,6,2,10,0,0,230.14
2022-06-08 11:00:00,39.8,61.1,41.6,6,2,11,0,0,242.27
2022-06-08 12:00:00,37.9,55.4,2.4,6,2,12,0,0,206.6
2022-06-08 13:00:00,40.5,58.4,6.8,6,2,13,0,0,233.99
2022-06-08 14:00:00,39.1,57.8,8.4,6,2,14,0,0,224.25
2022-06-08 15:00:00,34.3,52.7,7.0,6,2,15,0,0,176.31
2022-06-08 16:00:00,38.5,42.0,7.9,6,2,16,0,0,230.14
2022-06-08 17:00:00,37.6,53.7,37.1,6,2,17,0,0,234.35
2022-06-08 18:00:00,32.7,78.1,18.8,6,2,18,0,0,193.76
2022-06-08 19:00:00,34.2,60.4,5.0,6,2,19,0,0,236.58
2022-06-08 20:00:00,30.5,71.0,8.4,6,2,20,0,0,204.6
2022-06-08 21:00:00,31.3,47.3,2.0,6,2,21,0,0,191.3
2022-06-08 22:00:00,27.8,58.0,6.2,6,2,22,0,0,171.31
2022-06-08 23:00:00,26.3,56.0,3.4,6,2,23,0,0,179.13
2022-06-09 00:00:00,29.0,63.9,11.9,6,3,0,0,0,144.17
2022-06-09 01:00:00,29.6,84.6,4.0,6,3,1,0,0,154.15
2022-06-09 02:00:00,29.6,68.9,13.1,6,3,2,0,0,128.76
2022-06-09 03:00:00,28.8,79.2,5.0,6,3,3,0,0,157.43
2022-06-09 04:00:00,31.4,62.3,22.8,6,3,4,0,0,154.01
2022-06-09 05:00:00,34.0,73.9,6.7,6,3,5,0,0,200.62
2022-06-09 06:00:00,34.6,79.3,16.6,6,3,6,0,0,196.85
2022-06-09 07:00:00,,60.9,9.9,6,3,7,0,0,213.24
2022-06-09 08:00:00,35.9,57.7,32.3,6,3,8,0,0,210.39
2022-06-09 09:00:00,40.6,49.2,12.9,6,3,9,0,0,252.21
2022-06-09 10:00:00,36.7,59.2,12.4,6,3,10,0,0,232.16
2022-06-09 11:00:00,40.5,60.4,4.5,6,3,11,0,0,277.11
2022-06-09 12:00:00,42.1,75.2,7.6,6,3,12,0,0,260.49
2022-06-09 13:00:00,40.5,49.4,4.7,6,3,13,0,0,268.46
2022-06-09 14:00:00,38.6,61.2,2.2,6,3,14,0,0,235.6
2022-06-09 15:00:00,37.2,46.9,11.9,6,3,15,0,0,234.25
2022-06-09 16:00:00,39.3,56.9,4.2,6,3,16,0,0,212.87
2022-06-09 17:00:00,33.2,65.9,6.1,6,3,17,0,0,178.34
2022-06-09 18:00:00,32.8,67.7,4.7,6,3,18,0,0,211.87
2022-06-09 19:00:00,32.6,68.4,3.8,6,3,19,0,0,219.03
2022-06-09 20:00:00,34.7,65.8,2.6,6,3,20,0,0,226.91
2022-06-09 21:00:00,31.9,68.7,5.3,6,3,21,0,0,193.93
2022-06-09 22:00:00,28.5,66.1,2.7,6,3,22,0,0,184.16
2022-06-09 23:00:00,29.3,57.0,8.2,6,3,23,0,0,177.44
2022-06-10 00:00:00,28.5,50.9,2.2,6,4,0,0,0,133.76
2022-06-10 01:00:00,28.5,61.4,24.5,6,4,1,0,0,133.49
2022-06-10 02:00:00,32.4,62.7,29.2,6,4,2,0,0,154.35
2022-06-10 03:00:00,28.5,75.8,4.9,6,4,3,0,0,157.69
2022-06-10 04:00:00,35.5,61.5,4.4,6,4,4,0,0,175.08
2022-06-10 05:00:00,35.1,60.9,2.9,6,4,5,0,0,172.09
2022-06-10 06:00:00,36.9,64.6,20.8,6,4,6,0,0,199.13
2022-06-10 07:00:00,35.1,60.3,9.1,6,4,7,0,0,195.61
2022-06-10 08:00:00,37.0,68.0,9.5,6,4,8,0,0,201.98
2022-06-10 09:00:00,35.4,78.1,20.1,6,4,9,0,0,213.02
2022-06-10 10:00:00,38.0,78.5,21.3,6,4,10,0,0,233.38
2022-06-10 11:00:00,40.6,60.5,16.1,6,4,11,0,0,258.25
2022-06-10 12:00:00,42.4,61.5,13.9,6,4,12,0,0,257.34
2022-06-10 13:00:00,37.4,73.9,18.8,6,4,13,0,0,208.55
2022-06-10 14:00:00,38.4,59.6,18.7,6,4,14,0,0,212.27
2022-06-10 15:00:00,38.0,66.4,5.7,6,4,15,0,0,228.74
2022-06-10 16:00:00,34.5,53.7,31.0,6,4,16,0,0,181.65
2022-06-10 17:00:00,37.2,58.9,11.9,6,4,17,0,0,257.85
2022-06-10 18:00:00,33.3,72.6,5.7,6,4,18,0,0,191.26
2022-06-10 19:00:00,33.1,57.7,6.7,6,4,19,0,0,228.66
2022-06-10 20:00:00,31.4,63.3,11.3,6,4,20,0,0,209.09
2022-06-10 21:00:00,29.7,52.6,5.6,6,4,21,0,0,177.01
2022-06-10 22:00:00,30.4,80.8,16.0,6,4,22,0,0,187.56
2022-06-10 23:00:00,29.5,75.4,3.3,6,4,23,0,0,160.33
2022-06-11 00:00:00,29.1,67.0,21.1,6,5,0,1,0,126.8
2022-06-11 01:00:00,28.5,69.8,4.9,6,5,1,1,0,122.44
2022-06-11 02:00:00,31.1,67.6,3.3,6,5,2,1,0,121.49
2022-06-11 03:00:00,34.6,73.8,17.6,6,5,3,1,0,127.07
2022-06-11 04:00:00,32.6,59.6,4.2,6,5,4,1,0,151.74
2022-06-11 05:00:00,35.5,68.1,16.8,6,5,5,1,0,154.43
2022-06-11 06:00:00,32.0,72.6,4.8,6,5,6,1,0,155.23
2022-06-11 07:00:00,36.4,71.5,23.7,6,5,7,1,0,181.26
2022-06-11 08:00:00,35.1,44.4,4.0,6,5,8,1,0,183.26
2022-06-11 09:00:00,35.4,57.5,2.6,6,5,9,1,0,192.15
2022-06-11 10:00:00,37.7,53.0,24.1,6,5,10,1,0,227.92
2022-06-11 11:00:00,42.0,60.2,3.4,6,5,11,1,0,286.58
2022-06-11 12:00:00,41.7,43.0,25.1,6,5,12,1,0,247.42
2022-06-11 13:00:00,40.1,43.6,15.9,6,5,13,1,0,207.41
2022-06-11 14:00:00,36.1,79.3,2.7,6,5,14,1,0,185.77
2022-06-11 15:00:00,38.0,66.0,6.7,6,5,15,1,0,209.53
2022-06-11 16:00:00,37.9,62.0,2.6,6,5,16,1,0,184.99
2022-06-11 17:00:00,36.5,64.7,5.2,6,5,17,1,0,217.75
2022-06-11 18:00:00,31.1,65.6,5.5,6,5,18,1,0,183.9
2022-06-11 19:00:00,31.7,72.1,9.3,6,5,19,1,0,181.77
2022-06-11 20:00:00,32.2,58.8,31.8,6,5,20,1,0,181.9
2022-06-11 21:00:00,32.3,65.3,3.5,6,5,21,1,0,199.32
2022-06-11 22:00:00,26.1,68.8,5.2,6,5,22,1,0,150.06
2022-06-11 23:00:00,29.7,56.8,9.1,6,5,23,1,0,165.66
2022-06-12 00:00:00,30.1,75.1,3.5,6,6,0,1,0,159.94
2022-06-12 01:00:00,31.7,60.6,11.9,6,6,1,1,0,129.76
2022-06-12 02:00:00,31.9,72.2,6.1,6,6,2,1,0,128.34
2022-06-12 03:00:00,32.5,64.7,25.9,6,6,3,1,0,122.39
2022-06-12 04:00:00,30.7,77.7,10.0,6,6,4,1,0,112.8
2022-06-12 05:00:00,29.7,56.8,5.6,6,6,5,1,0,103.38
2022-06-12 06:00:00,34.1,54.3,12.2,6,6,6,1,0,147.65
2022-06-12 07:00:00,38.1,53.7,16.6,6,6,7,1,0,175.61
2022-06-12 08:00:00,40.1,61.0,14.9,6,6,8,1,0,246.96
2022-06-12 09:00:00,39.8,72.4,4.4,6,6,9,1,0,228.18
2022-06-12 10:00:00,40.0,72.7,6.3,6,6,10,1,0,246.79
2022-06-12 11:00:00,40.4,41.3,6.8,6,6,11,1,0,221.02
2022-06-12 12:00:00,38.7,62.6,5.9,6,6,12,1,0,240.79
2022-06-12 13:00:00,39.4,34.6,5.0,6,6,13,1,0,200.66
2022-06-12 14:00:00,42.5,65.1,13.2,6,6,14,1,0,214.03
2022-06-12 15:00:00,36.5,70.7,2.1,6,6,15,1,0,195.85
2022-06-12 16:00:00,40.6,59.4,4.8,6,6,16,1,0,221.36
2022-06-12 17:00:00,35.5,62.9,3.2,6,6,17,1,0,203.92
2022-06-12 18:00:00,37.5,61.8,3.1,6,6,18,1,0,209.02
2022-06-12 19:00:00,30.7,58.4,4.6,6,6,19,1,0,181.23
2022-06-12 20:00:00,33.5,66.7,13.5,6,6,20,1,0,173.83
2022-06-12 21:00:00,29.8,63.2,29.9,6,6,21,1,0,177.22
2022-06-12 22:00:00,27.7,73.6,7.8,6,6,22,1,0,161.48
2022-06-12 23:00:00,30.5,63.9,5.3,6,6,23,1,0,155.5
2022-06-13 00:00:00,31.9,57.2,16.1,6,0,0,0,0,158.66
2022-06-13 01:00:00,28.4,53.5,2.6,6,0,1,0,0,143.54
2022-06-13 02:00:00,27.6,51.3,2.8,6,0,2,0,0,151.81
2022-06-13 03:00:00,31.2,74.9,5.4,6,0,3,0,0,141.96
2022-06-13 04:00:00,32.2,60.2,6.8,6,0,4,0,0,169.58
2022-06-13 05:00:00,34.7,65.4,14.8,6,0,5,0,0,152.56
2022-06-13 06:00:00,36.8,75.9,22.8,6,0,6,0,0,169.84
2022-06-13 07:00:00,36.1,57.5,8.1,6,0,7,0,0,225.81
2022-06-13 08:00:00,41.1,54.4,7.5,6,0,8,0,0,240.71
2022-06-13 09:00:00,38.9,59.5,3.9,6,0,9,0,0,249.86
2022-06-13 10:00:00,38.5,61.0,6.8,6,0,10,0,0,244.06
2022-06-13 11:00:00,36.5,76.9,22.6,6,0,11,0,0,230.89
2022-06-13 12:00:00,39.4,72.8,6.0,6,0,12,0,0,248.16
2022-06-13 13:00:00,39.0,65.4,3.9,6,0,13,0,0,250.75
2022-06-13 14:00:00,41.1,71.0,5.3,6,0,14,0,0,228.26
2022-06-13 15:00:00,39.3,58.9,7.8,6,0,15,0,0,237.12
2022-06-13 16:00:00,35.0,64.9,9.3,6,0,16,0,0,197.2
2022-06-13 17:00:00,36.5,59.3,6.5,6,0,17,0,0,192.32
2022-06-13 18:00:00,36.2,51.6,13.4,6,0,18,0,0,210.71
2022-06-13 19:00:00,36.6,71.3,9.0,6,0,19,0,0,216.74
2022-06-13 20:00:00,34.2,67.2,10.8,6,0,20,0,0,201.64
2022-06-13 21:00:00,32.9,63.7,17.9,6,0,21,0,0,203.45
2022-06-13 22:00:00,30.7,64.6,18.1,6,0,22,0,0,206.23
2022-06-13 23:00:00,30.8,52.5,3.8,6,0,23,0,0,186.02
2022-06-14 00:00:00,32.4,56.0,9.8,6,1,0,0,0,186.99
2022-06-14 01:00:00,27.4,69.0,12.1,6,1,1,0,0,146.0
2022-06-14 02:00:00,29.9,60.8,3.3,6,1,2,0,0,172.76
2022-06-14 03:00:00,29.8,63.3,16.8,6,1,3,0,0,162.7
2022-06-14 04:00:00,33.2,62.6,3.6,6,1,4,0,0,151.61
2022-06-14 05:00:00,36.1,56.5,14.8,6,1,5,0,0,184.34
2022-06-14 06:00:00,33.7,55.4,3.4,6,1,6,0,0,170.98
2022-06-14 07:00:00,31.4,51.4,12.8,6,1,7,0,0,171.08
2022-06-14 08:00:00,36.6,60.5,3.3,6,1,8,0,0,246.92
2022-06-14 09:00:00,40.3,64.8,5.8,6,1,9,0,0,251.67
2022-06-14 10:00:00,40.3,46.7,3.2,6,1,10,0,0,243.45
2022-06-14 11:00:00,40.6,59.5,4.5,6,1,11,0,0,246.74
2022-06-14 12:00:00,39.4,62.6,35.3,6,1,12,0,0,223.66
2022-06-14 13:00:00,37.2,53.5,2.9,6,1,13,0,0,273.24
2022-06-14 14:00:00,40.3,71.2,6.2,6,1,14,0,0,263.37
2022-06-14 15:00:00,36.8,58.5,11.0,6,1,15,0,0,161.63
2022-06-14 16:00:00,,58.3,2.8,6,1,16,0,0,254.13
2022-06-14 17:00:00,37.3,,2.9,6,1,17,0,0,214.06
2022-06-14 18:00:00,33.8,49.0,3.2,6,1,18,0,0,221.66
2022-06-14 19:00:00,32.4,71.9,10.3,6,1,19,0,0,196.06
2022-06-14 20:00:00,32.2,56.2,21.2,6,1,20,0,0,191.87
2022-06-14 21:00:00,30.9,62.7,16.0,6,1,21,0,0,192.33
2022-06-14 22:00:00,32.8,68.4,34.6,6,1,22,0,0,181.34
2022-06-14 23:00:00,30.5,76.5,8.9,6,1,23,0,0,194.12
2022-06-15 00:00:00,28.5,57.1,28.1,6,2,0,0,0,137.08
2022-06-15 01:00:00,33.9,59.5,4.9,6,2,1,0,0,188.65
2022-06-15 02:00:00,30.7,75.7,6.4,6,2,2,0,0,143.68
2022-06-15 03:00:00,32.9,67.2,6.0,6,2,3,0,0,175.13
2022-06-15 04:00:00,31.2,69.8,2.4,6,2,4,0,0,141.32
2022-06-15 05:00:00,34.4,54.4,16.2,6,2,5,0,0,179.91
2022-06-15 06:00:00,35.6,59.2,2.2,6,2,6,0,0,187.7
2022-06-15 07:00:00,32.5,62.4,12.5,6,2,7,0,0,195.22
2022-06-15 08:00:00,41.5,52.4,6.2,6,2,8,0,0,223.1
2022-06-15 09:00:00,41.1,46.1,2.1,6,2,9,0,0,253.08
2022-06-15 10:00:00,38.5,56.7,4.7,6,2,10,0,0,264.97
2022-06-15 11:00:00,37.6,72.1,5.4,6,2,11,0,0,237.92
2022-06-15 12:00:00,40.6,60.2,28.8,6,2,12,0,0,218.17
2022-06-15 13:00:00,39.9,71.0,10.7,6,2,13,0,0,230.68
2022-06-15 14:00:00,40.0,61.4,8.3,6,2,14,0,0,240.38
2022-06-15 15:00:00,38.9,54.5,3.1,6,2,15,0,0,211.75
2022-06-15 16:00:00,38.5,71.0,6.0,6,2,16,0,0,244.14
2022-06-15 17:00:00,39.1,62.1,2.3,6,2,17,0,0,255.16
2022-06-15 18:00:00,36.1,69.7,13.5,6,2,18,0,0,232.97
2022-06-15 19:00:00,31.5,55.7,3.4,6,2,19,0,0,223.54
2022-06-15 20:00:00,35.2,70.7,9.2,6,2,20,0,0,227.2
2022-06-15 21:00:00,34.7,71.2,11.6,6,2,21,0,0,248.39
2022-06-15 22:00:00,36.9,63.9,5.7,6,2,22,0,0,247.33
2022-06-15 23:00:00,27.9,59.6,10.0,6,2,23,0,0,167.52
2022-06-16 00:00:00,30.4,64.4,13.6,6,3,0,0,0,134.49
2022-06-16 01:00:00,26.0,71.9,3.6,6,3,1,0,0,111.06
2022-06-16 02:00:00,31.7,66.0,9.3,6,3,2,0,0,171.03
2022-06-16 03:00:00,30.3,69.6,12.6,6,3,3,0,0,122.84
2022-06-16 04:00:00,36.3,69.9,5.5,6,3,4,0,0,173.25
2022-06-16 05:00:00,32.1,58.8,3.4,6,3,5,0,0,172.85
2022-06-16 06:00:00,31.6,55.0,4.7,6,3,6,0,0,150.16
2022-06-16 07:00:00,35.3,62.0,23.6,6,3,7,0,0,229.64
2022-06-16 08:00:00,33.5,60.6,5.5,6,3,8,0,0,204.41
2022-06-16 09:00:00,40.0,66.3,2.9,6,3,9,0,0,282.83
2022-06-16 10:00:00,35.2,53.8,2.7,6,3,10,0,0,238.69
2022-06-16 11:00:00,39.8,68.2,3.6,6,3,11,0,0,221.7
2022-06-16 12:00:00,35.8,72.9,3.1,6,3,12,0,0,232.35
2022-06-16 13:00:00,39.1,60.4,7.5,6,3,13,0,0,232.5
2022-06-16 14:00:00,42.6,59.2,5.4,6,3,14,0,0,259.47
2022-06-16 15:00:00,39.2,54.3,16.7,6,3,15,0,0,219.71
2022-06-16 16:00:00,35.7,57.8,19.0,6,3,16,0,0,211.54
2022-06-16 17:00:00,36.2,58.6,7.1,6,3,17,0,0,237.11
2022-06-16 18:00:00,35.0,74.0,19.6,6,3,18,0,0,196.05
2022-06-16 19:00:00,34.6,62.1,6.8,6,3,19,0,0,226.46
2022-06-16 20:00:00,29.7,54.6,10.2,6,3,20,0,0,222.21
2022-06-16 21:00:00,32.6,65.7,3.4,6,3,21,0,0,213.34
2022-06-16 22:00:00,25.2,74.0,2.4,6,3,22,0,0,185.88
2022-06-16 23:00:00,28.9,65.4,3.4,6,3,23,0,0,180.96
2022-06-17 00:00:00,29.0,77.3,4.3,6,4,0,0,0,193.49
2022-06-17 01:00:00,31.4,70.5,13.1,6,4,1,0,0,170.84
2022-06-17 02:00:00,30.7,56.3,3.5,6,4,2,0,0,182.42
2022-06-17 03:00:00,28.6,61.3,3.1,6,4,3,0,0,169.03
2022-06-17 04:00:00,30.5,66.6,23.0,6,4,4,0,0,140.83
2022-06-17 05:00:00,34.1,49.6,11.3,6,4,5,0,0,174.4
2022-06-17 06:00:00,34.8,65.3,7.1,6,4,6,0,0,220.45
2022-06-17 07:00:00,35.1,48.4,2.8,6,4,7,0,0,181.0
2022-06-17 08:00:00,36.5,69.9,17.3,6,4,8,0,0,228.75
2022-06-17 09:00:00,39.9,67.3,2.9,6,4,9,0,0,271.7
2022-06-17 10:00:00,38.3,64.9,9.6,6,4,10,0,0,241.69
2022-06-17 11:00:00,39.6,54.8,10.8,6,4,11,0,0,244.49
2022-06-17 12:00:00,44.3,59.2,6.1,6,4,12,0,0,288.78
2022-06-17 13:00:00,37.0,57.4,21.4,6,4,13,0,0,217.84
2022-06-17 14:00:00,35.6,54.0,2.4,6,4,14,0,0,222.84
2022-06-17 15:00:00,40.1,57.3,15.6,6,4,15,0,0,240.23
2022-06-17 16:00:00,36.1,67.5,8.5,6,4,16,0,0,187.75
2022-06-17 17:00:00,35.6,62.5,9.6,6,4,17,0,0,231.09
2022-06-17 18:00:00,33.4,74.9,36.6,6,4,18,0,0,213.89
2022-06-17 19:00:00,33.2,69.5,9.0,6,4,19,0,0,214.14
2022-06-17 20:00:00,35.7,67.4,14.8,6,4,20,0,0,224.78
2022-06-17 21:00:00,33.0,50.6,3.3,6,4,21,0,0,200.69
2022-06-17 22:00:00,,61.5,15.3,6,4,22,0,0,213.1
2022-06-17 23:00:00,27.3,57.8,13.5,6,4,23,0,0,137.48
2022-06-18 00:00:00,27.7,64.7,29.6,6,5,0,1,0,132.7
2022-06-18 01:00:00,24.5,62.2,24.0,6,5,1,1,0,99.33
2022-06-18 02:00:00,29.0,62.5,3.9,6,5,2,1,0,125.8
2022-06-18 03:00:00,33.4,71.8,7.0,6,5,3,1,0,89.09
2022-06-18 04:00:00,33.5,67.0,21.4,6,5,4,1,0,108.69
2022-06-18 05:00:00,33.3,71.4,10.2,6,5,5,1,0,136.98
2022-06-18 06:00:00,34.9,49.7,7.0,6,5,6,1,0,147.19
2022-06-18 07:00:00,34.9,63.0,2.9,6,5,7,1,0,187.49
2022-06-18 08:00:00,37.9,68.8,5.5,6,5,8,1,0,212.96
2022-06-18 09:00:00,40.1,72.0,10.8,6,5,9,1,0,263.0
2022-06-18 10:00:00,36.1,49.6,14.0,6,5,10,1,0,205.14
2022-06-18 11:00:00,40.4,57.0,6.7,6,5,11,1,0,225.24
2022-06-18 12:00:00,41.9,67.3,2.5,6,5,12,1,0,264.07
2022-06-18 13:00:00,39.0,59.0,10.0,6,5,13,1,0,197.71
2022-06-18 14:00:00,40.7,52.4,22.4,6,5,14,1,0,198.83
2022-06-18 15:00:00,44.2,45.5,7.5,6,5,15,1,0,245.72
2022-06-18 16:00:00,37.3,53.8,23.1,6,5,16,1,0,202.99
2022-06-18 17:00:00,37.1,48.0,5.5,6,5,17,1,0,207.23
2022-06-18 18:00:00,33.5,63.7,19.4,6,5,18,1,0,192.12
2022-06-18 19:00:00,34.1,70.1,14.3,6,5,19,1,0,224.92
2022-06-18 20:00:00,33.4,53.2,28.1,6,5,20,1,0,199.39
2022-06-18 21:00:00,31.8,66.1,14.5,6,5,21,1,0,163.67
2022-06-18 22:00:00,28.6,72.5,5.1,6,5,22,1,0,172.47
2022-06-18 23:00:00,30.6,64.7,20.5,6,5,23,1,0,174.88
2022-06-19 00:00:00,32.9,50.7,10.9,6,6,0,1,0,120.32
2022-06-19 01:00:00,31.1,67.6,3.4,6,6,1,1,0,136.74
2022-06-19 02:00:00,32.6,63.3,2.4,6,6,2,1,0,122.17
2022-06-19 03:00:00,31.0,63.3,5.6,6,6,3,1,0,128.34
2022-06-19 04:00:00,34.0,58.6,14.4,6,6,4,1,0,156.09
2022-06-19 05:00:00,34.3,63.6,9.7,6,6,5,1,0,171.13
2022-06-19 06:00:00,33.1,67.5,8.0,6,6,6,1,0,151.84
2022-06-19 07:00:00,36.9,80.7,2.0,6,6,7,1,0,205.85
2022-06-19 08:00:00,35.5,63.1,6.6,6,6,8,1,0,166.06
2022-06-19 09:00:00,37.3,73.5,3.4,6,6,9,1,0,188.64
2022-06-19 10:00:00,39.7,63.0,6.8,6,6,10,1,0,250.6
2022-06-19 11:00:00,40.4,59.0,40.4,6,6,11,1,0,173.4
2022-06-19 12:00:00,,62.4,18.9,6,6,12,1,0,188.13
2022-06-19 13:00:00,41.9,49.3,5.0,6,6,13,1,0,241.61
2022-06-19 14:00:00,40.5,62.2,9.2,6,6,14,1,0,217.17
2022-06-19 15:00:00,37.1,45.5,7.6,6,6,15,1,0,137.57
2022-06-19 16:00:00,34.4,55.9,3.1,6,6,16,1,0,177.41
2022-06-19 17:00:00,36.0,62.9,38.7,6,6,17,1,0,158.66
2022-06-19 18:00:00,34.1,72.5,6.4,6,6,18,1,0,191.25
2022-06-19 19:00:00,33.9,74.5,7.6,6,6,19,1,0,190.04
2022-06-19 20:00:00,31.8,62.2,10.3,6,6,20,1,0,176.98
2022-06-19 21:00:00,27.4,67.5,3.7,6,6,21,1,0,144.13
2022-06-19 22:00:00,29.9,72.9,4.0,6,6,22,1,0,164.31
2022-06-19 23:00:00,29.6,54.6,3.7,6,6,23,1,0,170.32
2022-06-20 00:00:00,31.3,67.6,5.9,6,0,0,0,0,160.98
2022-06-20 01:00:00,28.8,59.0,3.8,6,0,1,0,0,144.49
2022-06-20 02:00:00,34.0,61.6,22.9,6,0,2,0,0,150.0
2022-06-20 03:00:00,27.6,62.5,12.0,6,0,3,0,0,116.47
2022-06-20 04:00:00,,65.9,20.2,6,0,4,0,0,155.42
2022-06-20 05:00:00,33.3,67.8,17.1,6,0,5,0,0,170.98
2022-06-20 06:00:00,36.7,68.8,11.7,6,0,6,0,0,238.39
2022-06-20 07:00:00,36.5,64.6,4.2,6,0,7,0,0,226.15
2022-06-20 08:00:00,39.8,61.5,9.6,6,0,8,0,0,254.26
2022-06-20 09:00:00,37.8,76.0,3.6,6,0,9,0,0,274.19
2022-06-20 10:00:00,37.1,49.2,3.1,6,0,10,0,0,242.43
2022-06-20 11:00:00,42.7,72.2,10.0,6,0,11,0,0,301.07
2022-06-20 12:00:00,39.8,57.8,9.8,6,0,12,0,0,247.81
2022-06-20 13:00:00,40.3,64.4,3.4,6,0,13,0,0,252.73
2022-06-20 14:00:00,41.8,56.5,5.5,6,0,14,0,0,230.59
2022-06-20 15:00:00,36.5,56.1,2.5,6,0,15,0,0,201.35
2022-06-20 16:00:00,38.7,64.5,12.1,6,0,16,0,0,215.29
2022-06-20 17:00:00,35.1,70.8,37.1,6,0,17,0,0,184.53
2022-06-20 18:00:00,34.7,66.4,12.8,6,0,18,0,0,203.25
2022-06-20 19:00:00,33.9,58.7,16.9,6,0,19,0,0,236.06
2022-06-20 20:00:00,29.5,94.1,7.2,6,0,20,0,0,208.19
2022-06-20 21:00:00,29.9,74.6,2.8,6,0,21,0,0,204.75
2022-06-20 22:00:00,33.4,70.8,12.4,6,0,22,0,0,240.61
2022-06-20 23:00:00,31.9,61.2,4.4,6,0,23,0,0,200.51
2022-06-21 00:00:00,29.9,60.1,5.9,6,1,0,0,0,159.18
2022-06-21 01:00:00,30.7,62.4,11.7,6,1,1,0,0,170.35
2022-06-21 02:00:00,30.1,73.6,20.8,6,1,2,0,0,135.32
2022-06-21 03:00:00,34.2,55.0,7.3,6,1,3,0,0,158.59
2022-06-21 04:00:00,32.1,55.4,28.1,6,1,4,0,0,140.33
2022-06-21 05:00:00,34.2,67.2,7.9,6,1,5,0,0,181.18
2022-06-21 06:00:00,37.3,63.9,3.0,6,1,6,0,0,215.67
2022-06-21 07:00:00,34.7,56.5,7.8,6,1,7,0,0,181.38
2022-06-21 08:00:00,40.6,51.0,17.8,6,1,8,0,0,251.47
2022-06-21 09:00:00,35.5,73.8,8.2,6,1,9,0,0,233.74
2022-06-21 10:00:00,42.6,61.6,13.0,6,1,10,0,0,275.87
2022-06-21 11:00:00,39.1,49.6,8.4,6,1,11,0,0,242.63
2022-06-21 12:00:00,39.5,49.9,8.3,6,1,12,0,0,223.64
2022-06-21 13:00:00,36.0,59.1,4.7,6,1,13,0,0,186.92
2022-06-21 14:00:00,38.4,66.7,3.8,6,1,14,0,0,207.79
2022-06-21 15:00:00,36.5,66.5,4.6,6,1,15,0,0,218.77
2022-06-21 16:00:00,36.3,70.9,6.7,6,1,16,0,0,217.54
2022-06-21 17:00:00,36.0,50.1,15.3,6,1,17,0,0,233.48
2022-06-21 18:00:00,36.9,63.3,16.1,6,1,18,0,0,226.39
2022-06-21 19:00:00,34.1,74.3,3.4,6,1,19,0,0,228.39
2022-06-21 20:00:00,33.1,74.1,8.4,6,1,20,0,0,228.95
2022-06-21 21:00:00,29.3,68.2,6.3,6,1,21,0,0,184.84
2022-06-21 22:00:00,28.9,84.3,8.8,6,1,22,0,0,205.65
2022-06-21 23:00:00,33.8,68.0,10.3,6,1,23,0,0,203.56
2022-06-22 00:00:00,28.5,74.1,4.6,6,2,0,0,0,144.85
2022-06-22 01:00:00,33.5,63.6,22.1,6,2,1,0,0,169.39
2022-06-22 02:00:00,30.2,58.7,23.9,6,2,2,0,0,151.09
2022-06-22 03:00:00,31.5,57.3,2.9,6,2,3,0,0,133.21
2022-06-22 04:00:00,34.6,64.1,11.7,6,2,4,0,0,186.83
2022-06-22 05:00:00,36.2,60.2,2.3,6,2,5,0,0,185.07
2022-06-22 06:00:00,34.8,48.5,2.4,6,2,6,0,0,140.64
2022-06-22 07:00:00,35.5,54.0,27.3,6,2,7,0,0,204.8
2022-06-22 08:00:00,37.4,58.8,11.5,6,2,8,0,0,243.49
2022-06-22 09:00:00,39.2,66.2,5.1,6,2,9,0,0,235.69
2022-06-22 10:00:00,41.1,59.3,10.9,6,2,10,0,0,243.51
2022-06-22 11:00:00,39.8,59.5,17.0,6,2,11,0,0,270.25
2022-06-22 12:00:00,41.2,51.5,18.4,6,2,12,0,0,242.66
2022-06-22 13:00:00,43.1,58.6,2.2,6,2,13,0,0,292.81
2022-06-22 14:00:00,40.1,70.5,15.6,6,2,14,0,0,207.73
2022-06-22 15:00:00,39.2,61.7,17.3,6,2,15,0,0,242.53
2022-06-22 16:00:00,34.5,50.7,9.2,6,2,16,0,0,206.22
2022-06-22 17:00:00,31.0,54.5,7.2,6,2,17,0,0,189.25
2022-06-22 18:00:00,35.8,66.8,2.9,6,2,18,0,0,195.19
2022-06-22 19:00:00,33.5,61.5,4.2,6,2,19,0,0,214.32
2022-06-22 20:00:00,31.5,63.7,7.4,6,2,20,0,0,227.91
2022-06-22 21:00:00,31.9,59.1,18.0,6,2,21,0,0,178.44
2022-06-22 22:00:00,30.5,68.8,15.0,6,2,22,0,0,182.79
2022-06-22 23:00:00,32.4,61.4,7.5,6,2,23,0,0,195.75
2022-06-23 00:00:00,30.2,63.4,14.3,6,3,0,0,0,139.62
2022-06-23 01:00:00,28.7,58.9,13.6,6,3,1,0,0,164.32
2022-06-23 02:00:00,32.6,71.1,8.9,6,3,2,0,0,179.02
2022-06-23 03:00:00,31.0,62.7,4.0,6,3,3,0,0,155.83
2022-06-23 04:00:00,33.5,68.1,5.4,6,3,4,0,0,175.18
2022-06-23 05:00:00,32.7,54.1,3.4,6,3,5,0,0,159.39
2022-06-23 06:00:00,33.7,77.0,2.1,6,3,6,0,0,197.62
2022-06-23 07:00:00,36.4,72.0,2.7,6,3,7,0,0,205.5
2022-06-23 08:00:00,37.5,46.0,13.4,6,3,8,0,0,216.58
2022-06-23 09:00:00,39.5,53.8,2.3,6,3,9,0,0,245.26
2022-06-23 10:00:00,38.8,64.4,6.1,6,3,10,0,0,273.14
2022-06-23 11:00:00,36.1,51.4,36.0,6,3,11,0,0,226.96
2022-06-23 12:00:00,39.1,59.4,14.7,6,3,12,0,0,221.88
2022-06-23 13:00:00,41.4,62.7,13.1,6,3,13,0,0,271.24
2022-06-23 14:00:00,38.7,59.2,4.6,6,3,14,0,0,212.88
2022-06-23 15:00:00,38.0,65.3,10.2,6,3,15,0,0,244.56
2022-06-23 16:00:00,39.5,54.7,7.5,6,3,16,0,0,253.14
2022-06-23 17:00:00,34.9,44.6,9.8,6,3,17,0,0,230.72
2022-06-23 18:00:00,31.9,71.9,6.6,6,3,18,0,0,206.44
2022-06-23 19:00:00,33.4,71.1,8.1,6,3,19,0,0,215.71
2022-06-23 20:00:00,31.5,84.3,37.7,6,3,20,0,0,199.55
2022-06-23 21:00:00,29.5,47.6,5.2,6,3,21,0,0,201.72
2022-06-23 22:00:00,30.3,70.9,4.0,6,3,22,0,0,180.56
2022-06-23 23:00:00,31.1,48.7,6.8,6,3,23,0,0,143.94
2022-06-24 00:00:00,30.0,79.1,7.9,6,4,0,0,0,158.06
2022-06-24 01:00:00,30.8,68.5,2.7,6,4,1,0,0,161.84
2022-06-24 02:00:00,34.3,55.3,15.1,6,4,2,0,0,172.32
2022-06-24 03:00:00,30.7,70.9,6.4,6,4,3,0,0,158.22
2022-06-24 04:00:00,33.0,59.1,6.3,6,4,4,0,0,164.77
2022-06-24 05:00:00,32.7,66.1,10.6,6,4,5,0,0,184.64
2022-06-24 06:00:00,33.3,65.0,13.9,6,4,6,0,0,163.83
2022-06-24 07:00:00,35.1,76.4,36.1,6,4,7,0,0,179.67
2022-06-24 08:00:00,36.5,76.3,3.5,6,4,8,0,0,257.72
2022-06-24 09:00:00,39.2,55.6,5.4,6,4,9,0,0,201.64
2022-06-24 10:00:00,44.0,66.5,3.5,6,4,10,0,0,320.91
2022-06-24 11:00:00,38.4,63.7,19.0,6,4,11,0,0,246.47
2022-06-24 12:00:00,39.1,49.1,8.4,6,4,12,0,0,237.15
2022-06-24 13:00:00,39.7,54.6,17.3,6,4,13,0,0,244.07
2022-06-24 14:00:00,40.1,78.6,35.7,6,4,14,0,0,237.83
2022-06-24 15:00:00,39.0,63.3,8.4,6,4,15,0,0,203.51
2022-06-24 16:00:00,40.0,68.0,3.0,6,4,16,0,0,226.36
2022-06-24 17:00:00,31.4,62.6,5.6,6,4,17,0,0,178.97
2022-06-24 18:00:00,30.2,60.6,2.3,6,4,18,0,0,161.27
2022-06-24 19:00:00,32.7,63.9,17.1,6,4,19,0,0,209.3
2022-06-24 20:00:00,34.7,60.5,2.1,6,4,20,0,0,241.74
2022-06-24 21:00:00,28.3,53.9,9.2,6,4,21,0,0,209.3
2022-06-24 22:00:00,24.6,59.7,2.9,6,4,22,0,0,178.6
2022-06-24 23:00:00,31.3,70.0,2.1,6,4,23,0,0,178.26
2022-06-25 00:00:00,30.4,61.7,4.4,6,5,0,1,0,141.0
2022-06-25 01:00:00,27.9,66.2,8.4,6,5,1,1,0,121.17
2022-06-25 02:00:00,28.6,67.6,2.6,6,5,2,1,0,134.14
2022-06-25 03:00:00,29.5,67.8,9.6,6,5,3,1,0,118.87
2022-06-25 04:00:00,32.7,72.8,10.9,6,5,4,1,0,150.88
2022-06-25 05:00:00,32.4,55.0,30.0,6,5,5,1,0,123.84
2022-06-25 06:00:00,35.9,66.6,20.4,6,5,6,1,0,185.27
2022-06-25 07:00:00,30.5,70.8,8.7,6,5,7,1,0,154.79
2022-06-25 08:00:00,35.7,70.0,14.6,6,5,8,1,0,179.22
2022-06-25 09:00:00,36.2,50.6,5.6,6,5,9,1,0,194.27
2022-06-25 10:00:00,38.8,62.7,9.0,6,5,10,1,0,235.42
2022-06-25 11:00:00,38.7,74.4,6.1,6,5,11,1,0,206.41
2022-06-25 12:00:00,41.5,58.4,5.3,6,5,12,1,0,236.66
2022-06-25 13:00:00,36.1,65.8,12.4,6,5,13,1,0,198.84
2022-06-25 14:00:00,39.4,66.6,4.8,6,5,14,1,0,215.26
2022-06-25 15:00:00,39.6,52.0,5.8,6,5,15,1,0,185.95
2022-06-25 16:00:00,41.2,74.1,5.7,6,5,16,1,0,231.62
2022-06-25 17:00:00,35.3,66.4,18.3,6,5,17,1,0,157.75
2022-06-25 18:00:00,35.6,66.4,3.5,6,5,18,1,0,201.46
2022-06-25 19:00:00,30.0,51.7,5.8,6,5,19,1,0,194.77
2022-06-25 20:00:00,27.7,72.5,19.5,6,5,20,1,0,171.13
2022-06-25 21:00:00,33.1,67.5,2.1,6,5,21,1,0,178.33
2022-06-25 22:00:00,30.6,77.7,25.6,6,5,22,1,0,160.41
2022-06-25 23:00:00,32.5,61.3,20.3,6,5,23,1,0,161.56
2022-06-26 00:00:00,27.2,58.5,6.3,6,6,0,1,0,140.98
2022-06-26 01:00:00,31.1,59.0,10.5,6,6,1,1,0,147.45
2022-06-26 02:00:00,34.3,58.8,39.7,6,6,2,1,0,111.82
2022-06-26 03:00:00,32.2,54.9,8.5,6,6,3,1,0,123.61
2022-06-26 04:00:00,33.0,73.8,2.8,6,6,4,1,0,149.47
2022-06-26 05:00:00,33.6,73.8,17.4,6,6,5,1,0,137.5
2022-06-26 06:00:00,31.8,62.5,3.2,6,6,6,1,0,156.16
2022-06-26 07:00:00,38.9,57.4,4.4,6,6,7,1,0,183.51
2022-06-26 08:00:00,36.2,47.4,18.5,6,6,8,1,0,186.62
2022-06-26 09:00:00,39.5,65.8,4.4,6,6,9,1,0,245.54
2022-06-26 10:00:00,36.1,75.2,12.9,6,6,10,1,0,206.77
2022-06-26 11:00:00,37.4,56.2,6.7,6,6,11,1,0,211.86
2022-06-26 12:00:00,42.8,57.7,13.4,6,6,12,1,0,259.6
2022-06-26 13:00:00,39.1,63.9,4.1,6,6,13,1,0,203.07
2022-06-26 14:00:00,42.2,72.7,6.4,6,6,14,1,0,244.11
2022-06-26 15:00:00,38.3,62.4,5.1,6,6,15,1,0,195.29
2022-06-26 16:00:00,33.7,64.7,4.3,6,6,16,1,0,153.86
2022-06-26 17:00:00,38.0,62.4,5.0,6,6,17,1,0,216.84
2022-06-26 18:00:00,33.7,51.7,5.1,6,6,18,1,0,202.74
2022-06-26 19:00:00,35.0,50.9,26.9,6,6,19,1,0,206.96
2022-06-26 20:00:00,32.5,57.3,8.1,6,6,20,1,0,204.12
2022-06-26 21:00:00,28.3,74.0,7.0,6,6,21,1,0,181.6
2022-06-26 22:00:00,30.9,61.9,7.6,6,6,22,1,0,174.38
2022-06-26 23:00:00,34.5,58.5,46.4,6,6,23,1,0,154.91
2022-06-27 00:00:00,30.9,60.2,10.5,6,0,0,0,0,151.12
2022-06-27 01:00:00,30.0,63.9,11.7,6,0,1,0,0,121.01
2022-06-27 02:00:00,32.7,77.3,5.0,6,0,2,0,0,143.25
2022-06-27 03:00:00,31.8,62.9,7.1,6,0,3,0,0,154.54
2022-06-27 04:00:00,32.8,57.3,3.6,6,0,4,0,0,143.17
2022-06-27 05:00:00,31.4,64.5,11.2,6,0,5,0,0,166.31
2022-06-27 06:00:00,35.4,76.4,5.4,6,0,6,0,0,223.66
2022-06-27 07:00:00,38.3,56.8,13.0,6,0,7,0,0,170.32
2022-06-27 08:00:00,35.7,52.7,3.9,6,0,8,0,0,198.68
2022-06-27 09:00:00,41.3,55.4,6.1,6,0,9,0,0,300.54
2022-06-27 10:00:00,39.0,61.5,7.1,6,0,10,0,0,265.01
2022-06-27 11:00:00,38.0,66.5,3.5,6,0,11,0,0,241.65
2022-06-27 12:00:00,41.9,67.1,2.6,6,0,12,0,0,263.02
2022-06-27 13:00:00,39.2,52.1,5.1,6,0,13,0,0,240.28
2022-06-27 14:00:00,40.7,52.0,8.3,6,0,14,0,0,253.52
2022-06-27 15:00:00,37.9,58.5,10.5,6,0,15,0,0,194.16
2022-06-27 16:00:00,37.3,66.8,6.4,6,0,16,0,0,238.32
2022-06-27 17:00:00,37.2,51.3,7.5,6,0,17,0,0,223.26
2022-06-27 18:00:00,35.5,57.4,8.3,6,0,18,0,0,231.86
2022-06-27 19:00:00,29.6,60.5,7.7,6,0,19,0,0,214.42
2022-06-27 20:00:00,30.2,72.5,2.8,6,0,20,0,0,216.67
2022-06-27 21:00:00,33.2,67.6,6.2,6,0,21,0,0,225.67
2022-06-27 22:00:00,30.3,72.1,3.8,6,0,22,0,0,203.98
2022-06-27 23:00:00,29.0,76.2,8.1,6,0,23,0,0,173.76
2022-06-28 00:00:00,27.1,64.0,13.4,6,1,0,0,0,157.38
2022-06-28 01:00:00,27.9,56.6,8.9,6,1,1,0,0,140.12
2022-06-28 02:00:00,26.5,57.3,4.0,6,1,2,0,0,137.61
2022-06-28 03:00:00,31.1,49.7,3.9,6,1,3,0,0,172.34
2022-06-28 04:00:00,,60.7,2.3,6,1,4,0,0,155.24
2022-06-28 05:00:00,31.6,61.1,6.4,6,1,5,0,0,168.73
2022-06-28 06:00:00,34.7,68.9,6.5,6,1,6,0,0,187.87
2022-06-28 07:00:00,36.9,61.7,4.2,6,1,7,0,0,208.39
2022-06-28 08:00:00,41.6,55.3,13.6,6,1,8,0,0,286.64
2022-06-28 09:00:00,35.4,61.4,5.9,6,1,9,0,0,199.49
2022-06-28 10:00:00,41.5,50.9,10.9,6,1,10,0,0,270.8
2022-06-28 11:00:00,41.6,67.4,10.2,6,1,11,0,0,255.03
2022-06-28 12:00:00,38.3,54.6,9.4,6,1,12,0,0,250.17
2022-06-28 13:00:00,40.1,50.8,21.1,6,1,13,0,0,230.53
2022-06-28 14:00:00,38.3,67.4,2.1,6,1,14,0,0,217.9
2022-06-28 15:00:00,38.8,65.2,2.6,6,1,15,0,0,199.17
2022-06-28 16:00:00,40.4,46.0,12.2,6,1,16,0,0,256.58
2022-06-28 17:00:00,37.4,68.2,5.5,6,1,17,0,0,204.91
2022-06-28 18:00:00,35.9,56.1,36.5,6,1,18,0,0,213.37
2022-06-28 19:00:00,32.7,60.7,4.0,6,1,19,0,0,229.18
2022-06-28 20:00:00,29.4,66.8,3.6,6,1,20,0,0,239.52
2022-06-28 21:00:00,30.9,69.2,9.1,6,1,21,0,0,198.12
2022-06-28 22:00:00,32.9,67.1,4.6,6,1,22,0,0,194.22
2022-06-28 23:00:00,27.0,66.1,5.3,6,1,23,0,0,164.95
2022-06-29 00:00:00,27.7,62.7,22.3,6,2,0,0,0,135.53
2022-06-29 01:00:00,30.3,68.2,2.2,6,2,1,0,0,130.99
2022-06-29 02:00:00,28.5,64.8,8.1,6,2,2,0,0,167.96
2022-06-29 03:00:00,29.7,79.6,5.3,6,2,3,0,0,144.9
2022-06-29 04:00:00,31.5,68.9,5.4,6,2,4,0,0,155.76
2022-06-29 05:00:00,30.8,57.2,4.3,6,2,5,0,0,168.0
2022-06-29 06:00:00,32.9,59.7,3.2,6,2,6,0,0,199.3
2022-06-29 07:00:00,37.5,61.6,2.3,6,2,7,0,0,202.27
2022-06-29 08:00:00,34.7,73.0,37.2,6,2,8,0,0,201.42
2022-06-29 09:00:00,35.2,73.7,10.6,6,2,9,0,0,203.17
2022-06-29 10:00:00,37.9,57.9,14.0,6,2,10,0,0,243.52
2022-06-29 11:00:00,41.1,52.0,2.5,6,2,11,0,0,271.6
2022-06-29 12:00:00,39.4,51.8,2.1,6,2,12,0,0,236.6
2022-06-29 13:00:00,38.7,62.7,9.3,6,2,13,0,0,232.44
2022-06-29 14:00:00,39.2,78.8,12.3,6,2,14,0,0,235.16
2022-06-29 15:00:00,34.9,66.9,6.0,6,2,15,0,0,195.34
2022-06-29 16:00:00,38.3,48.1,5.9,6,2,16,0,0,215.72
2022-06-29 17:00:00,36.9,55.7,5.9,6,2,17,0,0,196.81
2022-06-29 18:00:00,,58.0,3.3,6,2,18,0,0,194.72
2022-06-29 19:00:00,35.5,55.7,13.2,6,2,19,0,0,217.06
2022-06-29 20:00:00,30.1,61.9,3.9,6,2,20,0,0,192.76
2022-06-29 21:00:00,33.6,66.2,5.1,6,2,21,0,0,212.34
2022-06-29 22:00:00,30.8,70.1,10.9,6,2,22,0,0,193.08
2022-06-29 23:00:00,29.3,74.1,2.0,6,2,23,0,0,183.95
2022-06-30 00:00:00,29.7,69.3,13.6,6,3,0,0,0,165.93
2022-06-30 01:00:00,29.7,,20.3,6,3,1,0,0,144.89
2022-06-30 02:00:00,32.9,55.1,2.4,6,3,2,0,0,164.16
2022-06-30 03:00:00,29.1,64.2,9.2,6,3,3,0,0,150.39
2022-06-30 04:00:00,30.8,65.8,6.2,6,3,4,0,0,139.77
2022-06-30 05:00:00,35.6,69.1,2.7,6,3,5,0,0,177.12
2022-06-30 06:00:00,33.6,63.5,11.2,6,3,6,0,0,174.08
2022-06-30 07:00:00,37.9,61.5,9.6,6,3,7,0,0,208.3
2022-06-30 08:00:00,40.7,61.6,10.2,6,3,8,0,0,226.68
2022-06-30 09:00:00,37.5,59.2,15.4,6,3,9,0,0,240.16
2022-06-30 10:00:00,40.5,60.5,4.7,6,3,10,0,0,251.16
2022-06-30 11:00:00,37.3,70.4,11.0,6,3,11,0,0,262.84
2022-06-30 12:00:00,41.3,58.7,12.9,6,3,12,0,0,259.96
2022-06-30 13:00:00,,59.7,3.5,6,3,13,0,0,219.65
2022-06-30 14:00:00,40.1,59.7,27.2,6,3,14,0,0,235.42
2022-06-30 15:00:00,37.0,71.9,5.3,6,3,15,0,0,213.97
2022-06-30 16:00:00,34.0,54.2,12.0,6,3,16,0,0,191.16
2022-06-30 17:00:00,37.1,75.7,13.2,6,3,17,0,0,213.6
2022-06-30 18:00:00,30.7,55.3,7.6,6,3,18,0,0,176.83
2022-06-30 19:00:00,32.9,58.3,3.1,6,3,19,0,0,193.82
2022-06-30 20:00:00,34.2,68.9,4.6,6,3,20,0,0,211.18
2022-06-30 21:00:00,31.6,72.4,4.1,6,3,21,0,0,192.66
2022-06-30 22:00:00,34.4,51.6,7.8,6,3,22,0,0,203.62
2022-06-30 23:00:00,32.0,55.3,4.4,6,3,23,0,0,186.63
2022-07-01 00:00:00,28.4,68.0,8.3,7,4,0,0,0,131.89
2022-07-01 01:00:00,30.0,83.8,4.7,7,4,1,0,0,175.06
2022-07-01 02:00:00,30.3,74.8,2.0,7,4,2,0,0,158.23
2022-07-01 03:00:00,28.0,64.0,5.6,7,4,3,0,0,177.0
2022-07-01 04:00:00,30.4,45.5,9.5,7,4,4,0,0,138.0
2022-07-01 05:00:00,32.3,64.5,13.9,7,4,5,0,0,196.75
2022-07-01 06:00:00,30.7,67.6,2.2,7,4,6,0,0,181.71
2022-07-01 07:00:00,36.1,58.9,4.4,7,4,7,0,0,178.04
2022-07-01 08:00:00,36.7,54.8,35.8,7,4,8,0,0,187.34
2022-07-01 09:00:00,34.9,63.8,4.4,7,4,9,0,0,224.77
2022-07-01 10:00:00,39.9,52.5,14.0,7,4,10,0,0,227.44
2022-07-01 11:00:00,41.0,74.5,7.7,7,4,11,0,0,256.82
2022-07-01 12:00:00,40.2,72.0,3.0,7,4,12,0,0,232.2
2022-07-01 13:00:00,38.9,65.8,10.2,7,4,13,0,0,263.14
2022-07-01 14:00:00,40.3,60.6,29.1,7,4,14,0,0,242.92
2022-07-01 15:00:00,39.6,54.9,19.4,7,4,15,0,0,217.54
2022-07-01 16:00:00,37.9,60.9,11.4,7,4,16,0,0,238.89
2022-07-01 17:00:00,34.4,75.9,7.7,7,4,17,0,0,224.2
2022-07-01 18:00:00,35.3,69.3,5.1,7,4,18,0,0,241.38
2022-07-01 19:00:00,35.8,63.7,5.5,7,4,19,0,0,226.15
2022-07-01 20:00:00,31.1,71.9,5.4,7,4,20,0,0,209.71
2022-07-01 21:00:00,35.4,66.7,22.4,7,4,21,0,0,207.56
2022-07-01 22:00:00,29.4,68.5,3.9,7,4,22,0,0,189.7
2022-07-01 23:00:00,30.0,72.9,5.8,7,4,23,0,0,170.67
2022-07-02 00:00:00,28.3,70.0,6.5,7,5,0,1,0,115.2
2022-07-02 01:00:00,30.3,71.7,6.2,7,5,1,1,0,150.52
2022-07-02 02:00:00,26.9,67.9,2.0,7,5,2,1,0,127.73
2022-07-02 03:00:00,30.1,62.9,4.5,7,5,3,1,0,109.71
2022-07-02 04:00:00,30.0,60.6,7.5,7,5,4,1,0,137.33
2022-07-02 05:00:00,33.7,57.8,13.4,7,5,5,1,0,148.5
2022-07-02 06:00:00,36.7,48.8,8.7,7,5,6,1,0,167.01
2022-07-02 07:00:00,37.3,54.1,5.9,7,5,7,1,0,212.54
2022-07-02 08:00:00,32.5,56.2,10.8,7,5,8,1,0,170.7
2022-07-02 09:00:00,42.3,54.8,10.8,7,5,9,1,0,277.13
2022-07-02 10:00:00,39.6,72.7,4.3,7,5,10,1,0,245.68
2022-07-02 11:00:00,38.0,59.8,2.9,7,5,11,1,0,226.5
2022-07-02 12:00:00,40.0,61.9,15.0,7,5,12,1,0,204.22
2022-07-02 13:00:00,39.9,62.2,8.0,7,5,13,1,0,206.02
2022-07-02 14:00:00,37.7,73.9,3.6,7,5,14,1,0,218.3
2022-07-02 15:00:00,38.6,56.1,4.4,7,5,15,1,0,214.22
2022-07-02 16:00:00,36.0,60.2,13.6,7,5,16,1,0,170.48
2022-07-02 17:00:00,35.2,61.6,10.5,7,5,17,1,0,159.41
2022-07-02 18:00:00,33.3,72.4,25.2,7,5,18,1,0,200.33
2022-07-02 19:00:00,30.5,75.5,7.0,7,5,19,1,0,198.66
2022-07-02 20:00:00,32.5,67.6,2.4,7,5,20,1,0,179.37
2022-07-02 21:00:00,32.3,73.7,11.6,7,5,21,1,0,171.09
2022-07-02 22:00:00,31.4,65.7,4.4,7,5,22,1,0,201.37
2022-07-02 23:00:00,31.5,62.9,5.1,7,5,23,1,0,154.25
2022-07-03 00:00:00,30.3,74.3,3.8,7,6,0,1,0,133.75
2022-07-03 01:00:00,28.7,69.5,5.0,7,6,1,1,0,117.42
2022-07-03 02:00:00,32.0,58.1,16.2,7,6,2,1,0,132.0
2022-07-03 03:00:00,28.4,73.8,8.9,7,6,3,1,0,96.96
2022-07-03 04:00:00,30.3,63.2,2.9,7,6,4,1,0,131.12
2022-07-03 05:00:00,31.4,61.6,9.1,7,6,5,1,0,114.22
2022-07-03 06:00:00,36.8,68.7,10.0,7,6,6,1,0,156.94
2022-07-03 07:00:00,37.8,60.4,19.3,7,6,7,1,0,167.58
2022-07-03 08:00:00,38.1,64.1,17.7,7,6,8,1,0,182.69
2022-07-03 09:00:00,40.3,65.1,2.5,7,6,9,1,0,249.27
2022-07-03 10:00:00,37.2,55.1,18.1,7,6,10,1,0,216.12
2022-07-03 11:00:00,40.2,63.0,2.4,7,6,11,1,0,234.23
2022-07-03 12:00:00,39.4,71.1,3.3,7,6,12,1,0,214.0
2022-07-03 13:00:00,41.2,51.8,2.9,7,6,13,1,0,246.42
2022-07-03 14:00:00,38.7,64.2,3.6,7,6,14,1,0,212.45
2022-07-03 15:00:00,37.4,54.7,15.0,7,6,15,1,0,163.62
2022-07-03 16:00:00,38.2,69.1,11.3,7,6,16,1,0,201.88
2022-07-03 17:00:00,37.7,69.3,11.3,7,6,17,1,0,204.18
2022-07-03 18:00:00,33.3,60.5,22.4,7,6,18,1,0,183.93
2022-07-03 19:00:00,33.2,81.1,6.0,7,6,19,1,0,239.36
2022-07-03 20:00:00,30.0,73.8,2.0,7,6,20,1,0,174.96
2022-07-03 21:00:00,26.1,72.6,10.2,7,6,21,1,0,174.53
2022-07-03 22:00:00,30.7,69.8,18.2,7,6,22,1,0,187.52
2022-07-03 23:00:00,31.0,72.4,31.9,7,6,23,1,0,174.88
2022-07-04 00:00:00,30.1,57.0,5.6,7,0,0,0,0,161.93
2022-07-04 01:00:00,25.9,68.6,15.8,7,0,1,0,0,119.65
2022-07-04 02:00:00,29.5,68.3,17.1,7,0,2,0,0,116.61
2022-07-04 03:00:00,26.6,63.5,3.2,7,0,3,0,0,150.2
2022-07-04 04:00:00,34.8,66.3,10.0,7,0,4,0,0,178.82
2022-07-04 05:00:00,31.1,74.3,3.5,7,0,5,0,0,167.41
2022-07-04 06:00:00,37.1,58.1,6.7,7,0,6,0,0,207.81
2022-07-04 07:00:00,37.8,60.7,18.9,7,0,7,0,0,227.61
2022-07-04 08:00:00,35.3,55.8,14.5,7,0,8,0,0,214.11
2022-07-04 09:00:00,35.9,47.8,8.8,7,0,9,0,0,224.97
2022-07-04 10:00:00,39.6,66.4,15.2,7,0,10,0,0,245.92
2022-07-04 11:00:00,37.7,60.9,3.3,7,0,11,0,0,255.48
2022-07-04 12:00:00,39.8,60.5,3.7,7,0,12,0,0,239.92
2022-07-04 13:00:00,38.4,52.9,3.9,7,0,13,0,0,240.89
2022-07-04 14:00:00,35.3,60.8,14.0,7,0,14,0,0,189.44
2022-07-04 15:00:00,33.7,71.9,19.7,7,0,15,0,0,192.6
2022-07-04 16:00:00,37.5,61.2,8.6,7,0,16,0,0,241.6
2022-07-04 17:00:00,34.8,62.9,27.4,7,0,17,0,0,203.8
2022-07-04 18:00:00,33.5,64.9,12.4,7,0,18,0,0,226.71
2022-07-04 19:00:00,34.7,52.8,8.6,7,0,19,0,0,216.43
2022-07-04 20:00:00,34.4,67.8,9.6,7,0,20,0,0,230.61
2022-07-04 21:00:00,30.5,54.7,17.2,7,0,21,0,0,190.88
2022-07-04 22:00:00,29.6,57.7,2.8,7,0,22,0,0,164.62
2022-07-04 23:00:00,30.8,56.2,3.5,7,0,23,0,0,198.3
2022-07-05 00:00:00,26.8,65.2,4.5,7,1,0,0,0,160.13
2022-07-05 01:00:00,30.1,62.1,20.0,7,1,1,0,0,155.51
2022-07-05 02:00:00,31.3,64.3,25.2,7,1,2,0,0,164.13
2022-07-05 03:00:00,32.3,56.6,5.5,7,1,3,0,0,139.0
2022-07-05 04:00:00,28.1,74.0,22.6,7,1,4,0,0,117.39
2022-07-05 05:00:00,31.7,70.8,8.3,7,1,5,0,0,183.42
2022-07-05 06:00:00,32.8,62.2,7.1,7,1,6,0,0,175.57
2022-07-05 07:00:00,36.0,58.2,16.3,7,1,7,0,0,203.64
2022-07-05 08:00:00,38.0,56.4,8.3,7,1,8,0,0,206.91
2022-07-05 09:00:00,41.0,57.0,6.8,7,1,9,0,0,287.72
2022-07-05 10:00:00,37.9,49.9,2.1,7,1,10,0,0,251.8
2022-07-05 11:00:00,38.4,53.1,2.1,7,1,11,0,0,234.59
2022-07-05 12:00:00,41.8,66.0,9.9,7,1,12,0,0,297.53
2022-07-05 13:00:00,39.9,62.4,2.6,7,1,13,0,0,222.28
2022-07-05 14:00:00,41.4,72.4,12.7,7,1,14,0,0,243.88
2022-07-05 15:00:00,38.6,58.3,9.8,7,1,15,0,0,234.63
2022-07-05 16:00:00,34.7,59.8,6.9,7,1,16,0,0,212.88
2022-07-05 17:00:00,33.1,60.2,11.9,7,1,17,0,0,168.82
2022-07-05 18:00:00,31.4,61.7,41.8,7,1,18,0,0,174.82
2022-07-05 19:00:00,34.5,57.4,4.3,7,1,19,0,0,235.96
2022-07-05 20:00:00,34.4,65.0,8.5,7,1,20,0,0,250.75
2022-07-05 21:00:00,34.7,62.9,16.8,7,1,21,0,0,241.81
2022-07-05 22:00:00,31.9,60.0,2.1,7,1,22,0,0,211.07
2022-07-05 23:00:00,32.0,74.0,3.8,7,1,23,0,0,194.7
2022-07-06 00:00:00,28.3,81.0,7.9,7,2,0,0,0,156.08
2022-07-06 01:00:00,27.3,75.7,8.4,7,2,1,0,0,155.88
2022-07-06 02:00:00,31.8,68.6,2.7,7,2,2,0,0,182.19
2022-07-06 03:00:00,31.8,70.2,6.2,7,2,3,0,0,153.6
2022-07-06 04:00:00,32.2,78.8,7.9,7,2,4,0,0,159.12
2022-07-06 05:00:00,33.9,69.1,6.4,7,2,5,0,0,194.5
2022-07-06 06:00:00,35.1,57.8,11.6,7,2,6,0,0,202.89
2022-07-06 07:00:00,38.3,64.0,13.8,7,2,7,0,0,213.36
2022-07-06 08:00:00,39.5,65.2,6.9,7,2,8,0,0,225.57
2022-07-06 09:00:00,39.1,52.5,6.4,7,2,9,0,0,220.98
2022-07-06 10:00:00,40.5,57.5,11.8,7,2,10,0,0,263.59
2022-07-06 11:00:00,40.3,68.6,8.5,7,2,11,0,0,245.07
2022-07-06 12:00:00,38.5,46.1,18.3,7,2,12,0,0,239.63
2022-07-06 13:00:00,40.8,49.6,7.2,7,2,13,0,0,218.64
2022-07-06 14:00:00,36.0,60.6,8.8,7,2,14,0,0,226.42
2022-07-06 15:00:00,40.1,62.8,3.1,7,2,15,0,0,232.17
2022-07-06 16:00:00,34.6,51.9,16.5,7,2,16,0,0,175.55
2022-07-06 17:00:00,36.3,60.8,6.4,7,2,17,0,0,206.24
2022-07-06 18:00:00,32.8,72.8,12.2,7,2,18,0,0,191.03
2022-07-06 19:00:00,34.3,63.4,6.5,7,2,19,0,0,246.41
2022-07-06 20:00:00,31.9,71.6,2.0,7,2,20,0,0,229.97
2022-07-06 21:00:00,27.7,61.4,6.1,7,2,21,0,0,195.33
2022-07-06 22:00:00,31.0,58.0,3.3,7,2,22,0,0,177.08
2022-07-06 23:00:00,28.5,72.6,6.1,7,2,23,0,0,176.35
2022-07-07 00:00:00,31.1,67.4,5.1,7,3,0,0,0,155.51
2022-07-07 01:00:00,29.6,55.7,3.8,7,3,1,0,0,112.49
2022-07-07 02:00:00,30.8,58.2,3.1,7,3,2,0,0,142.42
2022-07-07 03:00:00,28.9,78.1,12.4,7,3,3,0,0,153.35
2022-07-07 04:00:00,30.7,57.3,13.2,7,3,4,0,0,140.77
2022-07-07 05:00:00,32.2,71.4,4.5,7,3,5,0,0,167.05
2022-07-07 06:00:00,36.1,58.1,7.5,7,3,6,0,0,211.55
2022-07-07 07:00:00,39.0,60.5,7.0,7,3,7,0,0,242.11
2022-07-07 08:00:00,35.3,64.7,5.5,7,3,8,0,0,242.42
2022-07-07 09:00:00,40.1,43.2,4.6,7,3,9,0,0,220.63
2022-07-07 10:00:00,34.4,51.1,3.6,7,3,10,0,0,204.1
2022-07-07 11:00:00,36.8,62.3,18.5,7,3,11,0,0,239.45
2022-07-07 12:00:00,37.5,55.5,16.3,7,3,12,0,0,227.93
2022-07-07 13:00:00,36.5,69.7,6.3,7,3,13,0,0,216.68
2022-07-07 14:00:00,35.5,49.4,12.2,7,3,14,0,0,185.0
2022-07-07 15:00:00,38.7,65.2,7.5,7,3,15,0,0,227.33
2022-07-07 16:00:00,36.5,50.8,2.7,7,3,16,0,0,209.37
2022-07-07 17:00:00,36.4,59.0,15.8,7,3,17,0,0,182.13
2022-07-07 18:00:00,35.8,53.6,4.0,7,3,18,0,0,223.91
2022-07-07 19:00:00,33.6,78.4,11.8,7,3,19,0,0,213.9
2022-07-07 20:00:00,33.2,52.7,8.0,7,3,20,0,0,230.76
2022-07-07 21:00:00,30.7,63.7,11.4,7,3,21,0,0,207.83
2022-07-07 22:00:00,27.7,52.3,7.1,7,3,22,0,0,208.81
2022-07-07 23:00:00,31.7,77.0,11.7,7,3,23,0,0,188.59
2022-07-08 00:00:00,28.1,69.1,2.3,7,4,0,0,0,141.13
2022-07-08 01:00:00,27.6,67.3,2.3,7,4,1,0,0,112.41
2022-07-08 02:00:00,29.6,77.0,20.1,7,4,2,0,0,130.83
2022-07-08 03:00:00,28.9,66.7,13.1,7,4,3,0,0,146.25
2022-07-08 04:00:00,31.0,66.3,16.1,7,4,4,0,0,159.12
2022-07-08 05:00:00,33.7,64.2,6.9,7,4,5,0,0,165.15
2022-07-08 06:00:00,35.0,67.0,6.9,7,4,6,0,0,185.02
2022-07-08 07:00:00,33.8,59.2,8.1,7,4,7,0,0,191.61
2022-07-08 08:00:00,35.8,60.4,4.2,7,4,8,0,0,221.83
2022-07-08 09:00:00,40.0,66.5,12.6,7,4,9,0,0,271.12
2022-07-08 10:00:00,39.6,62.4,16.2,7,4,10,0,0,244.48
2022-07-08 11:00:00,43.3,57.4,21.0,7,4,11,0,0,270.32
2022-07-08 12:00:00,41.7,48.0,7.8,7,4,12,0,0,290.74
2022-07-08 13:00:00,41.4,71.3,6.3,7,4,13,0,0,284.13
2022-07-08 14:00:00,35.9,56.8,16.2,7,4,14,0,0,188.51
2022-07-08 15:00:00,39.4,68.2,13.2,7,4,15,0,0,244.51
2022-07-08 16:00:00,36.7,63.1,18.2,7,4,16,0,0,237.67
2022-07-08 17:00:00,34.5,52.4,10.5,7,4,17,0,0,217.31
2022-07-08 18:00:00,34.6,72.7,19.2,7,4,18,0,0,199.99
2022-07-08 19:00:00,34.9,64.6,2.7,7,4,19,0,0,231.49
2022-07-08 20:00:00,32.8,74.3,11.1,7,4,20,0,0,194.65
2022-07-08 21:00:00,29.0,64.0,2.7,7,4,21,0,0,185.96
2022-07-08 22:00:00,,69.9,13.1,7,4,22,0,0,195.85
2022-07-08 23:00:00,28.2,51.8,9.9,7,4,23,0,0,171.47
2022-07-09 00:00:00,29.7,61.2,2.1,7,5,0,1,0,125.06
2022-07-09 01:00:00,28.8,55.4,9.3,7,5,1,1,0,80.09
2022-07-09 02:00:00,29.5,62.3,3.3,7,5,2,1,0,126.22
2022-07-09 03:00:00,32.2,67.7,3.2,7,5,3,1,0,145.8
2022-07-09 04:00:00,29.6,60.3,3.3,7,5,4,1,0,135.24
2022-07-09 05:00:00,36.8,68.5,7.3,7,5,5,1,0,167.93
2022-07-09 06:00:00,30.6,57.9,3.0,7,5,6,1,0,139.82
2022-07-09 07:00:00,34.3,69.9,3.1,7,5,7,1,0,178.14
2022-07-09 08:00:00,37.5,71.7,4.4,7,5,8,1,0,212.59
2022-07-09 09:00:00,38.9,68.6,2.0,7,5,9,1,0,226.09
2022-07-09 10:00:00,38.4,58.1,4.6,7,5,10,1,0,187.11
2022-07-09 11:00:00,38.9,43.5,9.7,7,5,11,1,0,237.37
2022-07-09 12:00:00,40.0,64.6,9.4,7,5,12,1,0,217.37
2022-07-09 13:00:00,38.6,59.7,29.9,7,5,13,1,0,173.25
2022-07-09 14:00:00,41.3,51.5,3.0,7,5,14,1,0,216.08
2022-07-09 15:00:00,39.4,55.8,18.1,7,5,15,1,0,198.51
2022-07-09 16:00:00,38.5,72.2,6.0,7,5,16,1,0,193.12
2022-07-09 17:00:00,33.6,54.1,5.9,7,5,17,1,0,161.79
2022-07-09 18:00:00,34.1,66.7,5.4,7,5,18,1,0,183.1
2022-07-09 19:00:00,32.3,65.6,3.1,7,5,19,1,0,195.55
2022-07-09 20:00:00,29.7,62.3,7.2,7,5,20,1,0,167.97
2022-07-09 21:00:00,31.4,69.5,14.4,7,5,21,1,0,186.14
2022-07-09 22:00:00,28.8,78.6,18.7,7,5,22,1,0,139.45
2022-07-09 23:00:00,30.7,62.3,28.3,7,5,23,1,0,176.54
2022-07-10 00:00:00,27.0,64.6,14.3,7,6,0,1,0,138.06
2022-07-10 01:00:00,32.7,68.6,9.8,7,6,1,1,0,138.32
2022-07-10 02:00:00,28.0,73.3,7.5,7,6,2,1,0,124.69
2022-07-10 03:00:00,31.0,63.5,18.6,7,6,3,1,0,102.72
2022-07-10 04:00:00,33.2,60.9,12.8,7,6,4,1,0,144.51
2022-07-10 05:00:00,31.7,46.4,3.4,7,6,5,1,0,147.64
2022-07-10 06:00:00,35.8,55.9,11.2,7,6,6,1,0,170.66
2022-07-10 07:00:00,33.0,54.4,6.5,7,6,7,1,0,173.75
2022-07-10 08:00:00,39.5,65.7,9.2,7,6,8,1,0,219.26
2022-07-10 09:00:00,37.7,59.2,20.3,7,6,9,1,0,204.01
2022-07-10 10:00:00,37.3,59.1,10.5,7,6,10,1,0,200.92
2022-07-10 11:00:00,38.4,60.7,24.3,7,6,11,1,0,217.88
2022-07-10 12:00:00,40.8,52.7,18.1,7,6,12,1,0,210.38
2022-07-10 13:00:00,37.8,73.5,3.1,7,6,13,1,0,208.97
2022-07-10 14:00:00,37.0,71.9,2.1,7,6,14,1,0,195.62
2022-07-10 15:00:00,37.2,74.3,5.9,7,6,15,1,0,210.61
2022-07-10 16:00:00,34.3,68.3,18.0,7,6,16,1,0,173.72
2022-07-10 17:00:00,39.1,60.2,4.1,7,6,17,1,0,185.62
2022-07-10 18:00:00,33.0,76.4,11.4,7,6,18,1,0,171.84
2022-07-10 19:00:00,34.5,57.3,7.2,7,6,19,1,0,187.69
2022-07-10 20:00:00,32.1,57.0,13.0,7,6,20,1,0,174.94
2022-07-10 21:00:00,28.6,60.9,3.4,7,6,21,1,0,187.35
2022-07-10 22:00:00,29.8,69.3,4.2,7,6,22,1,0,135.11
2022-07-10 23:00:00,30.9,58.5,4.2,7,6,23,1,0,179.49
2022-07-11 00:00:00,28.7,64.4,8.4,7,0,0,0,0,169.77
2022-07-11 01:00:00,31.6,51.4,4.7,7,0,1,0,0,161.79
2022-07-11 02:00:00,31.8,68.0,15.4,7,0,2,0,0,159.15
2022-07-11 03:00:00,32.4,51.7,5.4,7,0,3,0,0,155.8
2022-07-11 04:00:00,30.6,57.2,10.7,7,0,4,0,0,150.54
2022-07-11 05:00:00,30.6,74.4,25.7,7,0,5,0,0,169.04
2022-07-11 06:00:00,32.8,73.0,9.5,7,0,6,0,0,175.69
2022-07-11 07:00:00,35.7,65.1,4.2,7,0,7,0,0,215.66
2022-07-11 08:00:00,37.6,63.4,16.2,7,0,8,0,0,211.35
2022-07-11 09:00:00,33.2,59.1,2.1,7,0,9,0,0,217.55
2022-07-11 10:00:00,38.4,54.6,4.4,7,0,10,0,0,242.04
2022-07-11 11:00:00,39.2,57.5,5.9,7,0,11,0,0,256.13
2022-07-11 12:00:00,38.5,48.6,3.7,7,0,12,0,0,221.01
2022-07-11 13:00:00,41.5,61.3,9.4,7,0,13,0,0,259.97
2022-07-11 14:00:00,39.2,60.8,8.5,7,0,14,0,0,226.96
2022-07-11 15:00:00,40.2,52.4,6.2,7,0,15,0,0,257.08
2022-07-11 16:00:00,36.1,74.5,4.8,7,0,16,0,0,214.44
2022-07-11 17:00:00,37.2,66.2,6.6,7,0,17,0,0,229.98
2022-07-11 18:00:00,37.3,66.9,4.8,7,0,18,0,0,229.03
2022-07-11 19:00:00,35.4,58.4,4.0,7,0,19,0,0,235.28
2022-07-11 20:00:00,29.4,65.3,5.5,7,0,20,0,0,212.55
2022-07-11 21:00:00,30.0,70.0,9.4,7,0,21,0,0,197.34
2022-07-11 22:00:00,29.0,66.7,10.4,7,0,22,0,0,179.97
2022-07-11 23:00:00,30.2,77.7,4.8,7,0,23,0,0,173.61
2022-07-12 00:00:00,30.3,63.2,25.6,7,1,0,0,0,150.91
2022-07-12 01:00:00,27.5,62.2,4.4,7,1,1,0,0,136.96
2022-07-12 02:00:00,29.8,70.2,12.0,7,1,2,0,0,151.9
2022-07-12 03:00:00,26.4,56.7,2.7,7,1,3,0,0,123.68
2022-07-12 04:00:00,34.3,70.2,10.7,7,1,4,0,0,169.64
2022-07-12 05:00:00,31.6,53.8,6.9,7,1,5,0,0,145.91
2022-07-12 06:00:00,34.1,68.1,8.7,7,1,6,0,0,202.22
2022-07-12 07:00:00,34.6,57.5,3.6,7,1,7,0,0,197.76
2022-07-12 08:00:00,38.8,64.4,6.5,7,1,8,0,0,238.78
2022-07-12 09:00:00,31.8,71.3,13.6,7,1,9,0,0,208.89
2022-07-12 10:00:00,38.3,62.1,13.7,7,1,10,0,0,269.47
2022-07-12 11:00:00,38.6,51.1,4.2,7,1,11,0,0,244.65
2022-07-12 12:00:00,38.1,53.8,5.5,7,1,12,0,0,208.68
2022-07-12 13:00:00,42.2,53.0,2.0,7,1,13,0,0,279.9
2022-07-12 14:00:00,36.5,46.6,2.8,7,1,14,0,0,184.42
2022-07-12 15:00:00,39.0,69.5,3.1,7,1,15,0,0,222.53
2022-07-12 16:00:00,37.2,62.3,4.8,7,1,16,0,0,232.49
2022-07-12 17:00:00,37.8,52.0,13.4,7,1,17,0,0,214.18
2022-07-12 18:00:00,32.6,75.3,7.7,7,1,18,0,0,197.66
2022-07-12 19:00:00,31.2,58.8,14.6,7,1,19,0,0,206.03
2022-07-12 20:00:00,33.7,65.2,13.2,7,1,20,0,0,222.02
2022-07-12 21:00:00,31.3,57.8,9.1,7,1,21,0,0,194.2
2022-07-12 22:00:00,26.5,50.6,7.5,7,1,22,0,0,188.98
2022-07-12 23:00:00,28.1,55.1,23.4,7,1,23,0,0,180.37
2022-07-13 00:00:00,29.6,61.6,8.7,7,2,0,0,0,178.02
2022-07-13 01:00:00,30.7,71.8,7.3,7,2,1,0,0,168.03
2022-07-13 02:00:00,28.2,68.7,18.3,7,2,2,0,0,127.85
2022-07-13 03:00:00,24.5,68.9,2.6,7,2,3,0,0,117.16
2022-07-13 04:00:00,32.4,47.7,10.5,7,2,4,0,0,119.07
2022-07-13 05:00:00,30.1,75.1,3.0,7,2,5,0,0,177.26
2022-07-13 06:00:00,29.8,66.9,15.7,7,2,6,0,0,163.02
2022-07-13 07:00:00,29.5,64.3,14.6,7,2,7,0,0,161.78
2022-07-13 08:00:00,38.0,70.1,7.6,7,2,8,0,0,204.47
2022-07-13 09:00:00,37.7,71.2,10.7,7,2,9,0,0,220.81
2022-07-13 10:00:00,37.7,70.4,13.8,7,2,10,0,0,214.62
2022-07-13 11:00:00,41.5,57.3,7.3,7,2,11,0,0,291.43
2022-07-13 12:00:00,40.1,51.9,20.9,7,2,12,0,0,250.11
2022-07-13 13:00:00,41.9,66.9,6.6,7,2,13,0,0,241.29
2022-07-13 14:00:00,35.4,51.4,19.8,7,2,14,0,0,214.49
2022-07-13 15:00:00,37.3,76.9,9.0,7,2,15,0,0,204.58
2022-07-13 16:00:00,33.1,63.7,6.4,7,2,16,0,0,192.84
2022-07-13 17:00:00,34.7,54.2,2.0,7,2,17,0,0,208.88
2022-07-13 18:00:00,33.4,53.5,4.8,7,2,18,0,0,203.8
2022-07-13 19:00:00,33.8,52.9,18.2,7,2,19,0,0,207.47
2022-07-13 20:00:00,31.5,65.4,6.5,7,2,20,0,0,214.24
2022-07-13 21:00:00,31.6,64.2,6.4,7,2,21,0,0,205.08
2022-07-13 22:00:00,30.9,54.6,7.4,7,2,22,0,0,195.69
2022-07-13 23:00:00,33.3,60.5,4.7,7,2,23,0,0,200.29
2022-07-14 00:00:00,28.1,55.0,7.4,7,3,0,0,0,142.84
2022-07-14 01:00:00,27.1,71.2,5.8,7,3,1,0,0,164.24
2022-07-14 02:00:00,29.9,64.6,21.2,7,3,2,0,0,129.28
2022-07-14 03:00:00,28.6,62.7,8.6,7,3,3,0,0,146.36
2022-07-14 04:00:00,34.2,52.6,16.4,7,3,4,0,0,157.56
2022-07-14 05:00:00,31.9,61.6,11.3,7,3,5,0,0,148.52
2022-07-14 06:00:00,32.6,60.4,3.9,7,3,6,0,0,172.82
2022-07-14 07:00:00,34.1,65.5,18.2,7,3,7,0,0,179.37
2022-07-14 08:00:00,37.7,62.5,2.7,7,3,8,0,0,241.21
2022-07-14 09:00:00,37.0,67.8,6.8,7,3,9,0,0,232.93
2022-07-14 10:00:00,36.8,57.7,4.2,7,3,10,0,0,255.55
2022-07-14 11:00:00,41.9,44.2,8.2,7,3,11,0,0,255.6
2022-07-14 12:00:00,37.1,69.4,4.9,7,3,12,0,0,195.29
2022-07-14 13:00:00,38.7,53.2,12.3,7,3,13,0,0,230.0
2022-07-14 14:00:00,39.4,51.4,24.1,7,3,14,0,0,244.4
2022-07-14 15:00:00,34.0,62.6,11.9,7,3,15,0,0,194.48
2022-07-14 16:00:00,37.2,63.8,5.5,7,3,16,0,0,200.94
2022-07-14 17:00:00,32.9,59.3,9.3,7,3,17,0,0,175.79
2022-07-14 18:00:00,35.4,58.0,19.6,7,3,18,0,0,242.23
2022-07-14 19:00:00,30.5,61.6,4.5,7,3,19,0,0,199.08
2022-07-14 20:00:00,32.6,75.0,3.0,7,3,20,0,0,209.13
2022-07-14 21:00:00,32.4,63.8,3.1,7,3,21,0,0,232.97
2022-07-14 22:00:00,31.2,56.7,7.5,7,3,22,0,0,191.28
2022-07-14 23:00:00,29.4,57.6,12.5,7,3,23,0,0,142.42
2022-07-15 00:00:00,28.2,63.9,10.6,7,4,0,0,0,183.23
2022-07-15 01:00:00,27.7,68.1,6.8,7,4,1,0,0,156.69
2022-07-15 02:00:00,32.3,67.7,12.5,7,4,2,0,0,135.15
2022-07-15 03:00:00,28.7,66.6,10.0,7,4,3,0,0,162.28
2022-07-15 04:00:00,29.1,58.7,9.9,7,4,4,0,0,127.17
2022-07-15 05:00:00,33.7,59.8,3.8,7,4,5,0,0,157.79
2022-07-15 06:00:00,32.1,69.8,5.0,7,4,6,0,0,162.98
2022-07-15 07:00:00,33.1,54.3,5.4,7,4,7,0,0,215.27
2022-07-15 08:00:00,33.3,59.6,15.2,7,4,8,0,0,225.05
2022-07-15 09:00:00,36.2,66.7,13.9,7,4,9,0,0,216.68
2022-07-15 10:00:00,37.8,68.1,4.3,7,4,10,0,0,271.4
2022-07-15 11:00:00,39.0,59.0,2.5,7,4,11,0,0,215.67
2022-07-15 12:00:00,40.6,56.4,13.7,7,4,12,0,0,263.14
2022-07-15 13:00:00,39.5,49.7,6.2,7,4,13,0,0,254.01
2022-07-15 14:00:00,37.6,65.4,4.0,7,4,14,0,0,240.63
2022-07-15 15:00:00,36.8,72.2,3.0,7,4,15,0,0,214.12
2022-07-15 16:00:00,37.2,81.9,2.1,7,4,16,0,0,230.37
2022-07-15 17:00:00,37.5,64.3,6.5,7,4,17,0,0,213.41
2022-07-15 18:00:00,33.9,62.6,5.3,7,4,18,0,0,211.25
2022-07-15 19:00:00,31.4,56.9,11.5,7,4,19,0,0,201.36
2022-07-15 20:00:00,29.2,50.4,32.1,7,4,20,0,0,183.62
2022-07-15 21:00:00,27.2,67.8,3.9,7,4,21,0,0,212.58
2022-07-15 22:00:00,30.7,83.5,4.2,7,4,22,0,0,204.17
2022-07-15 23:00:00,30.0,75.2,5.3,7,4,23,0,0,209.23
2022-07-16 00:00:00,29.7,74.1,7.0,7,5,0,1,0,140.78
2022-07-16 01:00:00,28.5,67.7,11.6,7,5,1,1,0,155.72
2022-07-16 02:00:00,32.0,66.9,5.5,7,5,2,1,0,153.26
2022-07-16 03:00:00,,46.1,2.9,7,5,3,1,0,113.56
2022-07-16 04:00:00,33.0,69.6,12.5,7,5,4,1,0,139.98
2022-07-16 05:00:00,32.2,59.3,14.7,7,5,5,1,0,122.94
2022-07-16 06:00:00,32.3,58.2,4.3,7,5,6,1,0,151.99
2022-07-16 07:00:00,36.0,59.4,3.2,7,5,7,1,0,167.73
2022-07-16 08:00:00,36.9,58.7,8.0,7,5,8,1,0,216.16
2022-07-16 09:00:00,37.8,55.4,3.9,7,5,9,1,0,208.18
2022-07-16 10:00:00,38.0,61.1,5.7,7,5,10,1,0,225.09
2022-07-16 11:00:00,38.3,56.4,14.0,7,5,11,1,0,178.61
2022-07-16 12:00:00,43.3,59.1,4.0,7,5,12,1,0,253.66
2022-07-16 13:00:00,40.7,47.7,15.1,7,5,13,1,0,208.88
2022-07-16 14:00:00,39.3,58.6,11.0,7,5,14,1,0,215.47
2022-07-16 15:00:00,37.3,52.6,4.0,7,5,15,1,0,193.29
2022-07-16 16:00:00,38.1,55.8,8.0,7,5,16,1,0,208.3
2022-07-16 17:00:00,35.9,63.2,9.6,7,5,17,1,0,192.01
2022-07-16 18:00:00,33.6,50.4,3.8,7,5,18,1,0,199.6
2022-07-16 19:00:00,31.6,57.6,3.3,7,5,19,1,0,190.52
2022-07-16 20:00:00,30.9,69.1,8.1,7,5,20,1,0,165.81
2022-07-16 21:00:00,23.7,56.9,11.5,7,5,21,1,0,155.97
2022-07-16 22:00:00,29.6,79.4,7.0,7,5,22,1,0,168.6
2022-07-16 23:00:00,27.7,75.8,2.6,7,5,23,1,0,103.69
2022-07-17 00:00:00,31.6,60.2,22.7,7,6,0,1,0,118.11
2022-07-17 01:00:00,28.6,59.4,11.5,7,6,1,1,0,151.61
2022-07-17 02:00:00,26.7,68.3,9.8,7,6,2,1,0,109.43
2022-07-17 03:00:00,29.8,53.5,10.3,7,6,3,1,0,114.63
2022-07-17 04:00:00,28.8,49.6,6.1,7,6,4,1,0,83.56
2022-07-17 05:00:00,33.1,59.8,35.3,7,6,5,1,0,110.02
2022-07-17 06:00:00,34.0,61.9,3.1,7,6,6,1,0,167.95
2022-07-17 07:00:00,36.6,62.4,12.8,7,6,7,1,0,176.05
2022-07-17 08:00:00,34.4,57.9,6.4,7,6,8,1,0,163.04
2022-07-17 09:00:00,37.0,71.7,19.0,7,6,9,1,0,224.26
2022-07-17 10:00:00,35.0,50.5,12.1,7,6,10,1,0,181.04
2022-07-17 11:00:00,39.7,51.1,8.6,7,6,11,1,0,206.03
2022-07-17 12:00:00,39.5,64.2,24.2,7,6,12,1,0,212.31
2022-07-17 13:00:00,39.3,51.1,21.5,7,6,13,1,0,186.65
2022-07-17 14:00:00,37.8,51.5,2.4,7,6,14,1,0,178.68
2022-07-17 15:00:00,37.8,62.1,3.7,7,6,15,1,0,191.36
2022-07-17 16:00:00,39.1,52.0,11.0,7,6,16,1,0,189.68
2022-07-17 17:00:00,34.2,61.9,22.4,7,6,17,1,0,142.38
2022-07-17 18:00:00,33.7,57.5,6.5,7,6,18,1,0,190.97
2022-07-17 19:00:00,30.0,58.1,2.3,7,6,19,1,0,190.46
2022-07-17 20:00:00,29.2,48.6,10.2,7,6,20,1,0,168.66
2022-07-17 21:00:00,30.1,66.1,3.7,7,6,21,1,0,188.95
2022-07-17 22:00:00,31.3,54.4,8.4,7,6,22,1,0,162.52
2022-07-17 23:00:00,28.1,64.6,5.9,7,6,23,1,0,120.06
2022-07-18 00:00:00,27.8,62.0,8.5,7,0,0,0,0,164.83
2022-07-18 01:00:00,27.7,64.5,23.6,7,0,1,0,0,137.02
2022-07-18 02:00:00,27.9,64.8,7.3,7,0,2,0,0,144.18
2022-07-18 03:00:00,30.4,66.4,2.3,7,0,3,0,0,149.77
2022-07-18 04:00:00,27.8,60.3,9.0,7,0,4,0,0,137.05
2022-07-18 05:00:00,34.6,72.6,5.2,7,0,5,0,0,185.15
2022-07-18 06:00:00,32.0,49.2,14.0,7,0,6,0,0,167.68
2022-07-18 07:00:00,36.1,60.2,7.1,7,0,7,0,0,224.91
2022-07-18 08:00:00,33.3,70.0,12.8,7,0,8,0,0,205.31
2022-07-18 09:00:00,38.2,64.7,21.2,7,0,9,0,0,253.3
2022-07-18 10:00:00,39.0,52.7,5.6,7,0,10,0,0,272.78
2022-07-18 11:00:00,38.9,54.1,38.4,7,0,11,0,0,205.9
2022-07-18 12:00:00,36.3,53.8,3.3,7,0,12,0,0,238.19
2022-07-18 13:00:00,38.6,65.5,10.3,7,0,13,0,0,238.44
2022-07-18 14:00:00,35.3,56.4,2.3,7,0,14,0,0,206.74
2022-07-18 15:00:00,36.4,63.9,3.9,7,0,15,0,0,221.61
2022-07-18 16:00:00,37.9,63.2,10.0,7,0,16,0,0,213.75
2022-07-18 17:00:00,36.2,80.8,2.4,7,0,17,0,0,230.62
2022-07-18 18:00:00,33.4,65.8,2.9,7,0,18,0,0,193.94
2022-07-18 19:00:00,30.1,58.5,4.8,7,0,19,0,0,180.6
2022-07-18 20:00:00,32.1,,8.9,7,0,20,0,0,219.79
2022-07-18 21:00:00,29.8,62.9,2.1,7,0,21,0,0,202.36
2022-07-18 22:00:00,24.4,66.9,7.3,7,0,22,0,0,177.03
2022-07-18 23:00:00,30.1,47.3,9.9,7,0,23,0,0,161.5
2022-07-19 00:00:00,28.2,60.2,6.1,7,1,0,0,0,158.84
2022-07-19 01:00:00,30.8,67.0,2.6,7,1,1,0,0,154.54
2022-07-19 02:00:00,26.7,62.4,9.6,7,1,2,0,0,136.08
2022-07-19 03:00:00,23.3,76.1,9.4,7,1,3,0,0,126.3
2022-07-19 04:00:00,31.3,51.9,7.6,7,1,4,0,0,138.83
2022-07-19 05:00:00,32.5,69.2,11.5,7,1,5,0,0,163.61
2022-07-19 06:00:00,29.8,72.4,3.9,7,1,6,0,0,185.42
2022-07-19 07:00:00,32.5,71.4,11.1,7,1,7,0,0,178.57
2022-07-19 08:00:00,41.2,46.9,3.4,7,1,8,0,0,255.04
2022-07-19 09:00:00,36.1,64.5,6.0,7,1,9,0,0,223.49
2022-07-19 10:00:00,39.0,55.2,2.6,7,1,10,0,0,242.85
2022-07-19 11:00:00,36.7,50.4,15.7,7,1,11,0,0,241.42
2022-07-19 12:00:00,34.0,59.7,8.2,7,1,12,0,0,182.71
2022-07-19 13:00:00,37.7,53.9,30.3,7,1,13,0,0,206.09
2022-07-19 14:00:00,37.0,68.9,24.8,7,1,14,0,0,191.34
2022-07-19 15:00:00,35.9,66.1,50.0,7,1,15,0,0,189.98
2022-07-19 16:00:00,35.5,53.0,2.9,7,1,16,0,0,202.61
2022-07-19 17:00:00,35.0,56.7,9.5,7,1,17,0,0,220.46
2022-07-19 18:00:00,32.9,60.5,6.2,7,1,18,0,0,215.05
2022-07-19 19:00:00,29.4,64.7,8.1,7,1,19,0,0,200.51
2022-07-19 20:00:00,31.7,72.2,5.0,7,1,20,0,0,228.74
2022-07-19 21:00:00,25.8,72.6,2.4,7,1,21,0,0,206.98
2022-07-19 22:00:00,24.8,68.0,11.8,7,1,22,0,0,161.98
2022-07-19 23:00:00,29.8,63.0,29.0,7,1,23,0,0,179.38
2022-07-20 00:00:00,29.1,51.3,8.1,7,2,0,0,0,156.87
2022-07-20 01:00:00,28.1,76.3,5.2,7,2,1,0,0,159.89
2022-07-20 02:00:00,26.0,63.4,24.3,7,2,2,0,0,122.05
2022-07-20 03:00:00,28.1,78.4,5.6,7,2,3,0,0,132.33
2022-07-20 04:00:00,30.1,66.5,21.7,7,2,4,0,0,127.5
2022-07-20 05:00:00,28.6,81.9,17.5,7,2,5,0,0,99.75
2022-07-20 06:00:00,31.6,69.1,8.0,7,2,6,0,0,161.66
2022-07-20 07:00:00,35.7,50.7,11.0,7,2,7,0,0,235.06
2022-07-20 08:00:00,38.4,55.9,11.6,7,2,8,0,0,243.08
2022-07-20 09:00:00,35.8,60.8,10.2,7,2,9,0,0,226.58
2022-07-20 10:00:00,38.9,53.6,3.4,7,2,10,0,0,265.3
2022-07-20 11:00:00,34.1,59.9,11.4,7,2,11,0,0,206.3
2022-07-20 12:00:00,39.4,49.4,2.0,7,2,12,0,0,236.77
2022-07-20 13:00:00,36.3,61.9,11.9,7,2,13,0,0,204.19
2022-07-20 14:00:00,38.0,62.9,8.5,7,2,14,0,0,207.26
2022-07-20 15:00:00,36.1,53.9,4.4,7,2,15,0,0,192.05
2022-07-20 16:00:00,38.2,76.4,15.0,7,2,16,0,0,221.66
2022-07-20 17:00:00,32.6,64.2,6.2,7,2,17,0,0,193.4
2022-07-20 18:00:00,34.3,56.3,7.3,7,2,18,0,0,230.41
2022-07-20 19:00:00,31.2,51.4,2.2,7,2,19,0,0,221.23
2022-07-20 20:00:00,30.3,65.4,6.1,7,2,20,0,0,186.32
2022-07-20 21:00:00,29.2,63.3,3.5,7,2,21,0,0,196.01
2022-07-20 22:00:00,27.1,72.7,4.6,7,2,22,0,0,168.59
2022-07-20 23:00:00,28.2,64.7,4.3,7,2,23,0,0,135.79
2022-07-21 00:00:00,27.8,56.5,2.4,7,3,0,0,0,154.06
2022-07-21 01:00:00,28.6,79.1,6.9,7,3,1,0,0,162.67
2022-07-21 02:00:00,28.8,69.1,7.9,7,3,2,0,0,146.71
2022-07-21 03:00:00,31.0,62.5,8.8,7,3,3,0,0,156.26
2022-07-21 04:00:00,32.3,65.2,7.0,7,3,4,0,0,155.22
2022-07-21 05:00:00,29.6,69.0,18.3,7,3,5,0,0,134.59
2022-07-21 06:00:00,34.7,51.2,2.3,7,3,6,0,0,181.5
2022-07-21 07:00:00,31.9,65.3,9.6,7,3,7,0,0,201.7
2022-07-21 08:00:00,36.6,58.1,18.1,7,3,8,0,0,219.78
2022-07-21 09:00:00,37.7,65.2,2.3,7,3,9,0,0,218.63
2022-07-21 10:00:00,33.5,57.4,7.5,7,3,10,0,0,213.17
2022-07-21 11:00:00,38.0,56.2,9.1,7,3,11,0,0,256.58
2022-07-21 12:00:00,37.0,74.8,3.7,7,3,12,0,0,241.55
2022-07-21 13:00:00,36.3,71.7,4.3,7,3,13,0,0,234.31
2022-07-21 14:00:00,40.0,33.6,14.3,7,3,14,0,0,200.92
2022-07-21 15:00:00,35.2,71.7,8.7,7,3,15,0,0,200.51
2022-07-21 16:00:00,33.8,62.5,5.0,7,3,16,0,0,186.77
2022-07-21 17:00:00,34.4,57.1,13.6,7,3,17,0,0,205.72
2022-07-21 18:00:00,34.3,54.8,13.0,7,3,18,0,0,194.41
2022-07-21 19:00:00,31.4,56.7,5.4,7,3,19,0,0,193.57
2022-07-21 20:00:00,32.8,58.2,7.4,7,3,20,0,0,217.77
2022-07-21 21:00:00,30.5,55.7,10.7,7,3,21,0,0,185.78
2022-07-21 22:00:00,24.3,57.0,5.4,7,3,22,0,0,178.86
2022-07-21 23:00:00,27.1,58.1,9.9,7,3,23,0,0,136.27
2022-07-22 00:00:00,26.7,69.2,4.3,7,4,0,0,0,170.26
2022-07-22 01:00:00,28.9,65.9,4.8,7,4,1,0,0,110.54
2022-07-22 02:00:00,23.2,,5.0,7,4,2,0,0,150.67
2022-07-22 03:00:00,34.4,62.3,24.0,7,4,3,0,0,151.34
2022-07-22 04:00:00,31.4,53.9,16.4,7,4,4,0,0,125.9
2022-07-22 05:00:00,31.8,68.0,8.7,7,4,5,0,0,166.92
2022-07-22 06:00:00,35.2,54.4,8.6,7,4,6,0,0,201.26
2022-07-22 07:00:00,38.8,65.8,2.5,7,4,7,0,0,248.44
2022-07-22 08:00:00,37.1,52.1,10.4,7,4,8,0,0,236.33
2022-07-22 09:00:00,38.2,55.4,5.2,7,4,9,0,0,228.4
2022-07-22 10:00:00,37.4,58.4,9.6,7,4,10,0,0,240.1
2022-07-22 11:00:00,37.4,66.7,16.7,7,4,11,0,0,205.47
2022-07-22 12:00:00,36.9,63.0,2.4,7,4,12,0,0,227.33
2022-07-22 13:00:00,36.0,62.2,9.5,7,4,13,0,0,212.76
2022-07-22 14:00:00,35.8,77.2,8.6,7,4,14,0,0,200.12
2022-07-22 15:00:00,33.6,48.5,3.9,7,4,15,0,0,157.08
2022-07-22 16:00:00,35.2,54.1,10.3,7,4,16,0,0,186.23
2022-07-22 17:00:00,30.7,56.0,8.5,7,4,17,0,0,208.31
2022-07-22 18:00:00,33.2,49.2,13.7,7,4,18,0,0,204.42
2022-07-22 19:00:00,31.4,58.5,2.9,7,4,19,0,0,201.43
2022-07-22 20:00:00,30.6,70.2,6.7,7,4,20,0,0,208.85
2022-07-22 21:00:00,28.2,61.1,50.0,7,4,21,0,0,179.13
2022-07-22 22:00:00,34.6,60.0,11.4,7,4,22,0,0,188.28
2022-07-22 23:00:00,30.7,50.9,11.2,7,4,23,0,0,154.12
2022-07-23 00:00:00,25.2,61.0,5.1,7,5,0,1,0,110.79
2022-07-23 01:00:00,28.3,62.1,2.8,7,5,1,1,0,117.42
2022-07-23 02:00:00,27.1,71.6,25.9,7,5,2,1,0,134.38
2022-07-23 03:00:00,27.1,53.0,2.9,7,5,3,1,0,112.13
2022-07-23 04:00:00,27.5,62.6,41.4,7,5,4,1,0,90.59
2022-07-23 05:00:00,32.2,72.6,3.1,7,5,5,1,0,146.53
2022-07-23 06:00:00,31.3,60.8,3.5,7,5,6,1,0,115.38
2022-07-23 07:00:00,35.9,45.1,4.9,7,5,7,1,0,162.89
2022-07-23 08:00:00,37.2,71.7,7.7,7,5,8,1,0,191.22
2022-07-23 09:00:00,39.0,66.4,14.5,7,5,9,1,0,205.54
2022-07-23 10:00:00,35.3,69.3,30.3,7,5,10,1,0,208.35
2022-07-23 11:00:00,38.5,46.8,5.6,7,5,11,1,0,225.36
2022-07-23 12:00:00,38.9,72.6,2.2,7,5,12,1,0,202.53
2022-07-23 13:00:00,36.6,55.5,9.7,7,5,13,1,0,165.65
2022-07-23 14:00:00,35.5,58.2,11.9,7,5,14,1,0,152.44
2022-07-23 15:00:00,39.4,54.7,6.1,7,5,15,1,0,199.63
2022-07-23 16:00:00,35.6,69.8,3.6,7,5,16,1,0,184.34
2022-07-23 17:00:00,35.2,60.9,4.9,7,5,17,1,0,188.97
2022-07-23 18:00:00,31.0,68.3,10.5,7,5,18,1,0,154.7
2022-07-23 19:00:00,28.9,66.1,7.5,7,5,19,1,0,170.8
2022-07-23 20:00:00,29.0,64.7,12.9,7,5,20,1,0,174.53
2022-07-23 21:00:00,28.9,58.0,4.0,7,5,21,1,0,190.55
2022-07-23 22:00:00,26.2,81.4,16.8,7,5,22,1,0,166.36
2022-07-23 23:00:00,27.8,54.4,3.4,7,5,23,1,0,124.59
2022-07-24 00:00:00,24.2,71.2,5.2,7,6,0,1,0,95.18
2022-07-24 01:00:00,25.5,70.3,9.2,7,6,1,1,0,115.72
2022-07-24 02:00:00,29.6,74.5,12.7,7,6,2,1,0,113.05
2022-07-24 03:00:00,30.2,76.0,4.5,7,6,3,1,0,113.07
2022-07-24 04:00:00,29.3,64.3,25.7,7,6,4,1,0,100.94
2022-07-24 05:00:00,29.2,69.6,11.8,7,6,5,1,0,135.87
2022-07-24 06:00:00,30.5,78.9,4.0,7,6,6,1,0,124.69
2022-07-24 07:00:00,33.1,62.9,12.4,7,6,7,1,0,188.19
2022-07-24 08:00:00,36.3,53.3,11.5,7,6,8,1,0,178.1
2022-07-24 09:00:00,37.9,58.0,13.2,7,6,9,1,0,219.99
2022-07-24 10:00:00,35.9,51.6,21.8,7,6,10,1,0,182.64
2022-07-24 11:00:00,35.1,65.4,12.0,7,6,11,1,0,170.0
2022-07-24 12:00:00,38.1,69.5,5.5,7,6,12,1,0,208.73
2022-07-24 13:00:00,35.7,61.2,14.5,7,6,13,1,0,159.19
2022-07-24 14:00:00,35.8,49.1,11.5,7,6,14,1,0,173.52
2022-07-24 15:00:00,38.7,68.8,8.8,7,6,15,1,0,198.86
2022-07-24 16:00:00,36.7,47.4,5.5,7,6,16,1,0,170.79
2022-07-24 17:00:00,34.1,50.6,22.3,7,6,17,1,0,166.23
2022-07-24 18:00:00,30.0,63.6,7.8,7,6,18,1,0,181.03
2022-07-24 19:00:00,31.7,66.2,9.9,7,6,19,1,0,181.92
2022-07-24 20:00:00,32.2,67.3,6.3,7,6,20,1,0,181.94
2022-07-24 21:00:00,28.3,65.3,14.1,7,6,21,1,0,173.6
2022-07-24 22:00:00,30.9,78.6,5.3,7,6,22,1,0,181.66
2022-07-24 23:00:00,30.3,65.4,15.3,7,6,23,1,0,147.87
2022-07-25 00:00:00,30.7,72.9,2.9,7,0,0,0,0,188.55
2022-07-25 01:00:00,28.2,72.2,11.9,7,0,1,0,0,143.64
2022-07-25 02:00:00,29.2,55.0,7.2,7,0,2,0,0,165.7
2022-07-25 03:00:00,31.7,62.8,11.6,7,0,3,0,0,141.75
2022-07-25 04:00:00,30.8,81.6,8.1,7,0,4,0,0,170.2
2022-07-25 05:00:00,30.1,60.9,3.2,7,0,5,0,0,153.99
2022-07-25 06:00:00,31.5,58.9,7.2,7,0,6,0,0,173.21
2022-07-25 07:00:00,34.2,64.3,28.7,7,0,7,0,0,153.57
2022-07-25 08:00:00,32.3,60.1,13.2,7,0,8,0,0,222.85
2022-07-25 09:00:00,35.6,55.8,4.9,7,0,9,0,0,226.87
2022-07-25 10:00:00,38.9,56.7,25.1,7,0,10,0,0,256.23
2022-07-25 11:00:00,32.8,75.0,14.1,7,0,11,0,0,185.67
2022-07-25 12:00:00,40.5,58.7,5.6,7,0,12,0,0,255.8
2022-07-25 13:00:00,39.5,49.6,9.4,7,0,13,0,0,228.62
2022-07-25 14:00:00,35.8,50.0,6.5,7,0,14,0,0,183.07
2022-07-25 15:00:00,37.0,79.1,2.8,7,0,15,0,0,236.07
2022-07-25 16:00:00,34.9,60.8,15.1,7,0,16,0,0,195.22
2022-07-25 17:00:00,36.1,65.4,3.7,7,0,17,0,0,215.06
2022-07-25 18:00:00,34.4,56.6,6.9,7,0,18,0,0,220.38
2022-07-25 19:00:00,28.3,68.4,11.7,7,0,19,0,0,182.08
2022-07-25 20:00:00,31.1,76.1,23.5,7,0,20,0,0,209.06
2022-07-25 21:00:00,28.4,60.6,2.5,7,0,21,0,0,198.96
2022-07-25 22:00:00,28.2,69.6,6.0,7,0,22,0,0,188.85
2022-07-25 23:00:00,26.1,55.7,9.6,7,0,23,0,0,179.51
2022-07-26 00:00:00,30.7,80.8,14.1,7,1,0,0,0,158.46
2022-07-26 01:00:00,29.5,67.4,22.3,7,1,1,0,0,138.05
2022-07-26 02:00:00,26.4,63.5,2.0,7,1,2,0,0,131.11
2022-07-26 03:00:00,26.0,64.6,9.9,7,1,3,0,0,123.74
2022-07-26 04:00:00,29.0,61.4,2.1,7,1,4,0,0,163.79
2022-07-26 05:00:00,31.8,60.4,14.4,7,1,5,0,0,158.18
2022-07-26 06:00:00,32.7,44.1,3.3,7,1,6,0,0,188.25
2022-07-26 07:00:00,36.0,61.2,20.0,7,1,7,0,0,203.79
2022-07-26 08:00:00,36.3,60.7,3.3,7,1,8,0,0,207.07
2022-07-26 09:00:00,37.7,65.0,13.6,7,1,9,0,0,213.18
2022-07-26 10:00:00,37.2,57.2,4.7,7,1,10,0,0,215.97
2022-07-26 11:00:00,,56.7,8.5,7,1,11,0,0,198.67
2022-07-26 12:00:00,36.9,61.5,9.5,7,1,12,0,0,237.39
2022-07-26 13:00:00,39.2,47.5,3.9,7,1,13,0,0,250.6
2022-07-26 14:00:00,36.5,62.9,4.8,7,1,14,0,0,209.73
2022-07-26 15:00:00,36.8,46.7,2.9,7,1,15,0,0,219.22
2022-07-26 16:00:00,34.1,71.9,2.0,7,1,16,0,0,189.64
2022-07-26 17:00:00,31.5,69.7,4.2,7,1,17,0,0,179.94
2022-07-26 18:00:00,32.0,,7.8,7,1,18,0,0,208.91
2022-07-26 19:00:00,31.6,69.5,12.0,7,1,19,0,0,210.55
2022-07-26 20:00:00,28.4,66.7,14.6,7,1,20,0,0,209.05
2022-07-26 21:00:00,28.2,57.8,2.6,7,1,21,0,0,196.86
2022-07-26 22:00:00,26.0,50.8,4.5,7,1,22,0,0,170.68
2022-07-26 23:00:00,29.7,67.7,13.8,7,1,23,0,0,172.84
2022-07-27 00:00:00,26.5,60.4,7.2,7,2,0,0,0,152.69
2022-07-27 01:00:00,30.2,73.7,3.6,7,2,1,0,0,163.47
2022-07-27 02:00:00,30.8,64.7,6.0,7,2,2,0,0,139.27
2022-07-27 03:00:00,28.4,60.2,4.5,7,2,3,0,0,139.28
2022-07-27 04:00:00,,80.6,2.4,7,2,4,0,0,125.63
2022-07-27 05:00:00,26.6,71.3,13.5,7,2,5,0,0,138.93
2022-07-27 06:00:00,29.2,36.2,4.8,7,2,6,0,0,140.02
2022-07-27 07:00:00,30.6,60.8,25.2,7,2,7,0,0,120.65
2022-07-27 08:00:00,37.4,50.3,19.5,7,2,8,0,0,249.72
2022-07-27 09:00:00,35.9,55.7,12.1,7,2,9,0,0,208.39
2022-07-27 10:00:00,37.2,60.2,5.2,7,2,10,0,0,224.14
2022-07-27 11:00:00,32.5,66.6,4.6,7,2,11,0,0,230.97
2022-07-27 12:00:00,34.7,64.7,7.2,7,2,12,0,0,191.8
2022-07-27 13:00:00,38.7,69.3,5.5,7,2,13,0,0,210.82
2022-07-27 14:00:00,37.0,66.6,20.5,7,2,14,0,0,202.4
2022-07-27 15:00:00,35.3,66.9,3.1,7,2,15,0,0,193.68
2022-07-27 16:00:00,35.7,63.7,12.3,7,2,16,0,0,191.23
2022-07-27 17:00:00,36.7,72.0,9.6,7,2,17,0,0,204.86
2022-07-27 18:00:00,31.7,61.6,15.1,7,2,18,0,0,190.67
2022-07-27 19:00:00,30.9,62.2,8.3,7,2,19,0,0,229.37
2022-07-27 20:00:00,30.0,49.8,9.9,7,2,20,0,0,176.73
2022-07-27 21:00:00,33.3,71.8,28.3,7,2,21,0,0,222.46
2022-07-27 22:00:00,23.6,67.6,2.8,7,2,22,0,0,201.78
2022-07-27 23:00:00,28.6,89.2,2.9,7,2,23,0,0,174.9
2022-07-28 00:00:00,26.7,63.4,6.0,7,3,0,0,0,155.73
2022-07-28 01:00:00,28.2,66.6,7.1,7,3,1,0,0,147.21
2022-07-28 02:00:00,26.3,71.2,3.8,7,3,2,0,0,115.66
2022-07-28 03:00:00,28.3,57.0,2.7,7,3,3,0,0,159.07
2022-07-28 04:00:00,30.9,67.4,2.2,7,3,4,0,0,157.0
2022-07-28 05:00:00,36.9,61.8,13.6,7,3,5,0,0,183.45
2022-07-28 06:00:00,33.6,60.8,7.3,7,3,6,0,0,157.73
2022-07-28 07:00:00,31.5,73.6,16.8,7,3,7,0,0,186.27
2022-07-28 08:00:00,33.6,56.0,5.6,7,3,8,0,0,202.21
2022-07-28 09:00:00,34.6,64.9,11.7,7,3,9,0,0,223.46
2022-07-28 10:00:00,32.7,75.3,7.4,7,3,10,0,0,220.72
2022-07-28 11:00:00,36.1,56.3,9.6,7,3,11,0,0,211.16
2022-07-28 12:00:00,38.4,58.4,5.7,7,3,12,0,0,183.9
2022-07-28 13:00:00,34.2,81.7,2.7,7,3,13,0,0,203.69
2022-07-28 14:00:00,38.4,64.6,25.6,7,3,14,0,0,210.44
2022-07-28 15:00:00,36.5,57.7,16.5,7,3,15,0,0,201.84
2022-07-28 16:00:00,33.0,69.9,5.0,7,3,16,0,0,212.11
2022-07-28 17:00:00,33.0,59.0,27.5,7,3,17,0,0,181.26
2022-07-28 18:00:00,35.1,49.9,4.9,7,3,18,0,0,225.36
2022-07-28 19:00:00,32.1,74.9,6.7,7,3,19,0,0,220.68
2022-07-28 20:00:00,29.5,56.4,13.3,7,3,20,0,0,178.45
2022-07-28 21:00:00,27.9,85.6,5.0,7,3,21,0,0,182.96
2022-07-28 22:00:00,27.8,62.2,5.1,7,3,22,0,0,200.97
2022-07-28 23:00:00,26.1,84.0,6.2,7,3,23,0,0,161.07
2022-07-29 00:00:00,22.6,57.8,7.1,7,4,0,0,0,147.93
2022-07-29 01:00:00,31.0,72.7,3.1,7,4,1,0,0,148.22
2022-07-29 02:00:00,27.8,70.1,2.1,7,4,2,0,0,156.83
2022-07-29 03:00:00,29.0,72.2,22.1,7,4,3,0,0,141.78
2022-07-29 04:00:00,29.2,73.2,5.5,7,4,4,0,0,145.27
2022-07-29 05:00:00,29.0,61.5,2.9,7,4,5,0,0,163.53
2022-07-29 06:00:00,31.4,53.8,13.4,7,4,6,0,0,168.07
2022-07-29 07:00:00,29.9,64.7,4.8,7,4,7,0,0,163.72
2022-07-29 08:00:00,38.8,62.4,3.6,7,4,8,0,0,240.29
2022-07-29 09:00:00,32.9,59.8,28.3,7,4,9,0,0,204.52
2022-07-29 10:00:00,34.1,65.2,22.3,7,4,10,0,0,226.31
2022-07-29 11:00:00,35.7,64.8,2.9,7,4,11,0,0,224.68
2022-07-29 12:00:00,39.4,53.0,20.4,7,4,12,0,0,261.09
2022-07-29 13:00:00,36.6,64.8,19.7,7,4,13,0,0,196.86
2022-07-29 14:00:00,33.6,61.0,10.0,7,4,14,0,0,163.33
2022-07-29 15:00:00,37.8,55.5,8.0,7,4,15,0,0,192.18
2022-07-29 16:00:00,35.7,68.4,4.0,7,4,16,0,0,206.39
2022-07-29 17:00:00,34.2,56.7,3.0,7,4,17,0,0,200.67
2022-07-29 18:00:00,33.2,59.7,9.5,7,4,18,0,0,205.8
2022-07-29 19:00:00,35.3,62.9,15.8,7,4,19,0,0,215.34
2022-07-29 20:00:00,33.7,74.2,11.3,7,4,20,0,0,258.93
2022-07-29 21:00:00,26.9,68.1,3.6,7,4,21,0,0,217.54
2022-07-29 22:00:00,30.7,68.9,4.7,7,4,22,0,0,179.32
2022-07-29 23:00:00,27.7,63.8,8.3,7,4,23,0,0,169.61
2022-07-30 00:00:00,27.6,65.6,9.8,7,5,0,1,0,126.89
2022-07-30 01:00:00,23.4,67.9,2.6,7,5,1,1,0,127.72
2022-07-30 02:00:00,27.0,68.9,9.6,7,5,2,1,0,91.48
2022-07-30 03:00:00,26.5,64.4,12.7,7,5,3,1,0,82.32
2022-07-30 04:00:00,30.8,75.3,3.6,7,5,4,1,0,114.47
2022-07-30 05:00:00,32.5,60.8,4.3,7,5,5,1,0,165.26
2022-07-30 06:00:00,27.5,52.6,4.4,7,5,6,1,0,118.82
2022-07-30 07:00:00,32.9,85.5,24.5,7,5,7,1,0,172.13
2022-07-30 08:00:00,36.4,59.2,6.2,7,5,8,1,0,202.42
2022-07-30 09:00:00,34.8,73.1,8.0,7,5,9,1,0,192.33
2022-07-30 10:00:00,37.4,72.5,12.3,7,5,10,1,0,227.35
2022-07-30 11:00:00,37.2,69.0,5.7,7,5,11,1,0,193.31
2022-07-30 12:00:00,37.3,59.8,2.9,7,5,12,1,0,196.19
2022-07-30 13:00:00,35.9,64.3,10.5,7,5,13,1,0,149.0
2022-07-30 14:00:00,33.5,53.0,10.8,7,5,14,1,0,159.66
2022-07-30 15:00:00,32.9,79.5,4.4,7,5,15,1,0,152.61
2022-07-30 16:00:00,35.5,55.4,2.3,7,5,16,1,0,209.92
2022-07-30 17:00:00,33.0,61.5,10.8,7,5,17,1,0,167.01
2022-07-30 18:00:00,31.3,65.1,11.7,7,5,18,1,0,182.07
2022-07-30 19:00:00,29.5,64.4,2.2,7,5,19,1,0,187.3
2022-07-30 20:00:00,28.5,,11.5,7,5,20,1,0,171.86
2022-07-30 21:00:00,30.2,76.1,24.4,7,5,21,1,0,187.55
2022-07-30 22:00:00,26.6,74.3,3.6,7,5,22,1,0,160.6
2022-07-30 23:00:00,24.1,70.5,7.9,7,5,23,1,0,148.44
2022-07-31 00:00:00,27.9,62.8,11.5,7,6,0,1,0,160.79
2022-07-31 01:00:00,26.2,75.4,4.1,7,6,1,1,0,125.78
2022-07-31 02:00:00,27.2,62.7,13.1,7,6,2,1,0,103.42
2022-07-31 03:00:00,31.1,77.0,18.2,7,6,3,1,0,114.32
2022-07-31 04:00:00,28.9,66.4,15.5,7,6,4,1,0,115.59
2022-07-31 05:00:00,30.7,74.5,4.4,7,6,5,1,0,140.2
2022-07-31 06:00:00,29.1,64.5,15.0,7,6,6,1,0,132.9
2022-07-31 07:00:00,32.3,64.4,6.3,7,6,7,1,0,136.08
2022-07-31 08:00:00,35.2,72.2,4.5,7,6,8,1,0,156.2
2022-07-31 09:00:00,31.9,81.6,3.5,7,6,9,1,0,168.89
2022-07-31 10:00:00,36.2,74.4,21.2,7,6,10,1,0,202.91
2022-07-31 11:00:00,36.5,68.8,6.5,7,6,11,1,0,207.31
2022-07-31 12:00:00,36.5,66.4,18.1,7,6,12,1,0,198.79
2022-07-31 13:00:00,38.4,56.8,3.4,7,6,13,1,0,207.54
2022-07-31 14:00:00,36.5,64.1,13.7,7,6,14,1,0,171.68
2022-07-31 15:00:00,38.0,53.7,2.9,7,6,15,1,0,176.02
2022-07-31 16:00:00,32.0,67.0,2.1,7,6,16,1,0,167.45
2022-07-31 17:00:00,33.0,67.0,44.5,7,6,17,1,0,154.7
2022-07-31 18:00:00,31.6,48.5,2.6,7,6,18,1,0,154.29
2022-07-31 19:00:00,28.0,66.3,7.0,7,6,19,1,0,180.16
2022-07-31 20:00:00,30.9,67.9,18.9,7,6,20,1,0,194.97
2022-07-31 21:00:00,32.6,63.0,15.7,7,6,21,1,0,196.15
2022-07-31 22:00:00,27.1,69.3,7.1,7,6,22,1,0,172.46
2022-07-31 23:00:00,27.6,55.4,9.6,7,6,23,1,0,131.53
2022-08-01 00:00:00,26.5,60.6,9.9,8,0,0,0,0,159.45
2022-08-01 01:00:00,25.0,75.8,2.9,8,0,1,0,0,144.07
2022-08-01 02:00:00,23.3,68.3,4.7,8,0,2,0,0,166.63
2022-08-01 03:00:00,26.3,69.5,4.9,8,0,3,0,0,151.62
2022-08-01 04:00:00,26.0,62.6,5.8,8,0,4,0,0,144.02
2022-08-01 05:00:00,33.4,63.5,4.6,8,0,5,0,0,199.2
2022-08-01 06:00:00,31.1,46.1,4.3,8,0,6,0,0,157.15
2022-08-01 07:00:00,31.9,70.8,5.5,8,0,7,0,0,193.25
2022-08-01 08:00:00,35.6,76.7,5.8,8,0,8,0,0,251.97
2022-08-01 09:00:00,32.6,55.2,7.3,8,0,9,0,0,214.33
2022-08-01 10:00:00,34.1,55.4,3.5,8,0,10,0,0,218.62
2022-08-01 11:00:00,36.3,65.4,14.4,8,0,11,0,0,220.64
2022-08-01 12:00:00,38.3,72.6,17.8,8,0,12,0,0,218.4
2022-08-01 13:00:00,37.1,61.4,4.3,8,0,13,0,0,213.95
2022-08-01 14:00:00,36.1,52.1,3.1,8,0,14,0,0,191.15
2022-08-01 15:00:00,35.0,60.8,12.3,8,0,15,0,0,188.88
2022-08-01 16:00:00,34.6,54.5,22.6,8,0,16,0,0,183.74
2022-08-01 17:00:00,33.0,58.2,2.3,8,0,17,0,0,209.37
2022-08-01 18:00:00,29.2,63.0,2.1,8,0,18,0,0,184.04
2022-08-01 19:00:00,30.1,57.5,3.6,8,0,19,0,0,193.15
2022-08-01 20:00:00,26.6,60.5,11.2,8,0,20,0,0,206.22
2022-08-01 21:00:00,27.9,66.6,28.8,8,0,21,0,0,195.11
2022-08-01 22:00:00,26.0,68.7,13.1,8,0,22,0,0,173.67
2022-08-01 23:00:00,31.5,52.8,8.8,8,0,23,0,0,191.2
2022-08-02 00:00:00,26.0,70.2,11.6,8,1,0,0,0,143.88
2022-08-02 01:00:00,23.5,65.2,4.1,8,1,1,0,0,137.73
2022-08-02 02:00:00,26.5,72.5,11.3,8,1,2,0,0,161.86
2022-08-02 03:00:00,28.6,71.9,5.1,8,1,3,0,0,142.99
2022-08-02 04:00:00,32.0,59.7,4.0,8,1,4,0,0,152.31
2022-08-02 05:00:00,28.6,70.6,4.2,8,1,5,0,0,154.59
2022-08-02 06:00:00,28.0,59.3,10.8,8,1,6,0,0,124.34
2022-08-02 07:00:00,34.0,73.6,13.7,8,1,7,0,0,191.03
2022-08-02 08:00:00,30.9,58.2,9.0,8,1,8,0,0,188.72
2022-08-02 09:00:00,33.8,65.9,2.5,8,1,9,0,0,244.19
2022-08-02 10:00:00,34.9,61.0,2.3,8,1,10,0,0,225.31
2022-08-02 11:00:00,35.8,54.0,4.0,8,1,11,0,0,229.92
2022-08-02 12:00:00,37.5,68.5,4.7,8,1,12,0,0,236.63
2022-08-02 13:00:00,34.6,57.8,6.2,8,1,13,0,0,232.69
2022-08-02 14:00:00,34.9,48.9,2.6,8,1,14,0,0,209.52
2022-08-02 15:00:00,34.6,39.6,12.3,8,1,15,0,0,161.88
2022-08-02 16:00:00,33.9,56.0,11.9,8,1,16,0,0,205.53
2022-08-02 17:00:00,32.6,74.7,5.4,8,1,17,0,0,181.72
2022-08-02 18:00:00,32.0,74.1,8.6,8,1,18,0,0,192.33
2022-08-02 19:00:00,31.5,58.5,2.9,8,1,19,0,0,189.55
2022-08-02 20:00:00,29.4,62.3,6.3,8,1,20,0,0,231.58
2022-08-02 21:00:00,28.5,62.0,17.6,8,1,21,0,0,208.44
2022-08-02 22:00:00,23.6,57.5,10.6,8,1,22,0,0,190.31
2022-08-02 23:00:00,26.4,59.2,2.9,8,1,23,0,0,184.67
2022-08-03 00:00:00,26.9,74.4,17.0,8,2,0,0,0,158.67
2022-08-03 01:00:00,27.6,70.2,11.1,8,2,1,0,0,141.34
2022-08-03 02:00:00,25.2,69.6,6.8,8,2,2,0,0,140.51
2022-08-03 03:00:00,26.1,56.3,11.4,8,2,3,0,0,122.67
2022-08-03 04:00:00,27.3,67.2,3.5,8,2,4,0,0,130.31
2022-08-03 05:00:00,30.7,46.2,8.4,8,2,5,0,0,143.26
2022-08-03 06:00:00,33.0,70.2,9.7,8,2,6,0,0,214.41
2022-08-03 07:00:00,31.4,66.4,23.0,8,2,7,0,0,166.89
2022-08-03 08:00:00,35.3,51.6,2.6,8,2,8,0,0,225.49
2022-08-03 09:00:00,34.7,75.6,5.8,8,2,9,0,0,252.69
2022-08-03 10:00:00,35.0,48.1,24.1,8,2,10,0,0,221.47
2022-08-03 11:00:00,35.4,66.6,4.0,8,2,11,0,0,212.2
2022-08-03 12:00:00,37.4,65.7,15.4,8,2,12,0,0,213.74
2022-08-03 13:00:00,36.4,51.9,2.0,8,2,13,0,0,213.18
2022-08-03 14:00:00,39.8,59.8,2.2,8,2,14,0,0,269.62
2022-08-03 15:00:00,32.8,50.5,5.2,8,2,15,0,0,201.02
2022-08-03 16:00:00,34.5,40.0,13.7,8,2,16,0,0,192.88
2022-08-03 17:00:00,31.2,55.9,2.9,8,2,17,0,0,181.37
2022-08-03 18:00:00,29.2,60.5,5.9,8,2,18,0,0,193.15
2022-08-03 19:00:00,29.6,70.3,3.1,8,2,19,0,0,207.22
2022-08-03 20:00:00,28.7,66.2,4.0,8,2,20,0,0,206.87
2022-08-03 21:00:00,33.2,64.1,7.6,8,2,21,0,0,204.22
2022-08-03 22:00:00,26.2,58.8,5.1,8,2,22,0,0,165.44
2022-08-03 23:00:00,23.9,63.8,3.9,8,2,23,0,0,170.97
2022-08-04 00:00:00,26.3,59.4,6.0,8,3,0,0,0,130.58
2022-08-04 01:00:00,21.8,59.3,11.7,8,3,1,0,0,125.47
2022-08-04 02:00:00,26.3,62.1,3.0,8,3,2,0,0,139.45
2022-08-04 03:00:00,27.3,67.0,7.2,8,3,3,0,0,143.43
2022-08-04 04:00:00,29.9,60.5,4.6,8,3,4,0,0,165.71
2022-08-04 05:00:00,31.4,61.7,5.8,8,3,5,0,0,143.18
2022-08-04 06:00:00,29.8,70.7,15.8,8,3,6,0,0,142.17
2022-08-04 07:00:00,31.8,60.1,23.2,8,3,7,0,0,191.85
2022-08-04 08:00:00,31.7,53.5,4.2,8,3,8,0,0,215.07
2022-08-04 09:00:00,32.0,68.5,10.0,8,3,9,0,0,186.38
2022-08-04 10:00:00,35.7,64.3,11.0,8,3,10,0,0,213.07
2022-08-04 11:00:00,33.0,66.1,16.8,8,3,11,0,0,211.6
2022-08-04 12:00:00,34.9,67.5,20.3,8,3,12,0,0,205.86
2022-08-04 13:00:00,33.6,66.9,7.0,8,3,13,0,0,195.87
2022-08-04 14:00:00,36.2,62.1,34.4,8,3,14,0,0,179.61
2022-08-04 15:00:00,37.9,80.2,30.3,8,3,15,0,0,221.02
2022-08-04 16:00:00,30.7,54.4,7.6,8,3,16,0,0,168.44
2022-08-04 17:00:00,28.4,61.1,8.2,8,3,17,0,0,168.31
2022-08-04 18:00:00,30.5,72.5,10.8,8,3,18,0,0,176.77
2022-08-04 19:00:00,29.5,66.4,5.7,8,3,19,0,0,213.29
2022-08-04 20:00:00,28.7,71.7,10.7,8,3,20,0,0,196.98
2022-08-04 21:00:00,26.3,68.2,7.8,8,3,21,0,0,190.89
2022-08-04 22:00:00,26.0,78.0,2.3,8,3,22,0,0,203.42
2022-08-04 23:00:00,26.7,58.6,17.3,8,3,23,0,0,146.66
2022-08-05 00:00:00,27.7,76.9,24.6,8,4,0,0,0,146.02
2022-08-05 01:00:00,21.8,78.4,2.2,8,4,1,0,0,121.93
2022-08-05 02:00:00,25.5,57.6,14.5,8,4,2,0,0,122.64
2022-08-05 03:00:00,27.5,71.3,5.9,8,4,3,0,0,160.33
2022-08-05 04:00:00,26.2,66.5,9.0,8,4,4,0,0,114.51
2022-08-05 05:00:00,32.8,58.8,7.5,8,4,5,0,0,170.48
2022-08-05 06:00:00,29.3,50.2,8.4,8,4,6,0,0,180.85
2022-08-05 07:00:00,31.8,56.0,7.5,8,4,7,0,0,187.32
2022-08-05 08:00:00,34.2,68.6,17.4,8,4,8,0,0,192.64
2022-08-05 09:00:00,32.9,70.0,11.2,8,4,9,0,0,189.89
2022-08-05 10:00:00,31.2,62.7,6.3,8,4,10,0,0,172.95
2022-08-05 11:00:00,34.6,69.3,11.3,8,4,11,0,0,239.43
2022-08-05 12:00:00,37.6,68.7,28.8,8,4,12,0,0,214.28
2022-08-05 13:00:00,34.7,63.9,2.7,8,4,13,0,0,176.2
2022-08-05 14:00:00,33.2,57.6,5.9,8,4,14,0,0,169.98
2022-08-05 15:00:00,36.0,65.5,18.3,8,4,15,0,0,181.19
2022-08-05 16:00:00,32.4,67.7,12.7,8,4,16,0,0,174.41
2022-08-05 17:00:00,30.9,70.0,23.9,8,4,17,0,0,212.55
2022-08-05 18:00:00,30.9,71.5,2.3,8,4,18,0,0,213.12
2022-08-05 19:00:00,30.8,53.7,17.9,8,4,19,0,0,204.22
2022-08-05 20:00:00,32.8,59.5,14.6,8,4,20,0,0,232.95
2022-08-05 21:00:00,28.7,50.5,15.5,8,4,21,0,0,216.43
2022-08-05 22:00:00,28.6,71.7,9.3,8,4,22,0,0,194.85
2022-08-05 23:00:00,24.7,65.9,2.4,8,4,23,0,0,190.05
2022-08-06 00:00:00,23.3,71.8,8.2,8,5,0,1,0,111.78
2022-08-06 01:00:00,25.7,55.3,6.2,8,5,1,1,0,101.85
2022-08-06 02:00:00,26.3,78.1,8.0,8,5,2,1,0,100.9
2022-08-06 03:00:00,24.7,58.1,12.8,8,5,3,1,0,107.34
2022-08-06 04:00:00,27.5,72.4,9.2,8,5,4,1,0,78.03
2022-08-06 05:00:00,29.9,66.0,4.8,8,5,5,1,0,152.09
2022-08-06 06:00:00,31.1,62.9,9.3,8,5,6,1,0,135.17
2022-08-06 07:00:00,32.7,61.5,2.7,8,5,7,1,0,175.16
2022-08-06 08:00:00,33.5,58.2,2.0,8,5,8,1,0,155.82
2022-08-06 09:00:00,32.9,73.9,6.1,8,5,9,1,0,201.85
2022-08-06 10:00:00,33.7,63.3,13.3,8,5,10,1,0,207.24
2022-08-06 11:00:00,32.8,53.4,15.8,8,5,11,1,0,175.45
2022-08-06 12:00:00,39.0,57.4,8.4,8,5,12,1,0,221.15
2022-08-06 13:00:00,35.3,63.4,18.2,8,5,13,1,0,158.28
2022-08-06 14:00:00,34.3,70.0,3.1,8,5,14,1,0,172.36
2022-08-06 15:00:00,32.1,59.1,28.6,8,5,15,1,0,156.48
2022-08-06 16:00:00,38.8,56.3,22.4,8,5,16,1,0,187.22
2022-08-06 17:00:00,29.5,65.4,9.3,8,5,17,1,0,175.15
2022-08-06 18:00:00,29.5,72.2,2.5,8,5,18,1,0,142.16
2022-08-06 19:00:00,29.9,54.1,6.8,8,5,19,1,0,168.92
2022-08-06 20:00:00,29.1,69.5,3.6,8,5,20,1,0,152.84
2022-08-06 21:00:00,28.8,61.9,9.9,8,5,21,1,0,175.14
2022-08-06 22:00:00,29.7,62.6,3.7,8,5,22,1,0,162.75
2022-08-06 23:00:00,26.6,82.7,7.3,8,5,23,1,0,146.78
2022-08-07 00:00:00,23.1,66.9,3.8,8,6,0,1,0,133.05
2022-08-07 01:00:00,24.9,73.6,3.6,8,6,1,1,0,115.95
2022-08-07 02:00:00,26.5,72.5,4.3,8,6,2,1,0,159.13
2022-08-07 03:00:00,30.8,55.2,2.2,8,6,3,1,0,137.04
2022-08-07 04:00:00,24.9,52.8,12.1,8,6,4,1,0,105.06
2022-08-07 05:00:00,31.3,70.9,4.9,8,6,5,1,0,129.6
2022-08-07 06:00:00,30.6,56.0,11.6,8,6,6,1,0,123.3
2022-08-07 07:00:00,33.2,50.1,10.5,8,6,7,1,0,164.63
2022-08-07 08:00:00,32.5,72.0,2.5,8,6,8,1,0,167.33
2022-08-07 09:00:00,32.1,55.8,5.0,8,6,9,1,0,190.68
2022-08-07 10:00:00,36.0,55.8,8.7,8,6,10,1,0,200.42
2022-08-07 11:00:00,36.4,77.6,22.0,8,6,11,1,0,199.03
2022-08-07 12:00:00,37.2,48.1,6.1,8,6,12,1,0,198.74
2022-08-07 13:00:00,35.0,52.4,7.6,8,6,13,1,0,171.81
2022-08-07 14:00:00,33.3,59.7,13.1,8,6,14,1,0,162.17
2022-08-07 15:00:00,30.6,62.8,15.0,8,6,15,1,0,174.06
2022-08-07 16:00:00,34.4,55.7,22.5,8,6,16,1,0,167.42
2022-08-07 17:00:00,32.4,54.6,7.5,8,6,17,1,0,168.82
2022-08-07 18:00:00,28.3,77.9,3.7,8,6,18,1,0,177.46
2022-08-07 19:00:00,27.8,68.2,13.6,8,6,19,1,0,165.87
2022-08-07 20:00:00,26.8,71.3,3.1,8,6,20,1,0,161.1
2022-08-07 21:00:00,23.7,67.0,6.3,8,6,21,1,0,117.69
2022-08-07 22:00:00,24.2,70.2,9.9,8,6,22,1,0,120.86
2022-08-07 23:00:00,23.1,75.9,11.4,8,6,23,1,0,151.58
2022-08-08 00:00:00,24.2,59.9,12.6,8,0,0,0,0,146.94
2022-08-08 01:00:00,23.7,70.3,3.7,8,0,1,0,0,140.6
2022-08-08 02:00:00,22.4,74.3,34.0,8,0,2,0,0,158.15
2022-08-08 03:00:00,30.5,77.1,3.6,8,0,3,0,0,154.09
2022-08-08 04:00:00,30.0,80.6,2.8,8,0,4,0,0,121.13
2022-08-08 05:00:00,27.2,67.0,10.7,8,0,5,0,0,156.85
2022-08-08 06:00:00,30.6,73.8,21.3,8,0,6,0,0,179.84
2022-08-08 07:00:00,32.1,42.6,8.6,8,0,7,0,0,187.08
2022-08-08 08:00:00,34.9,75.0,9.2,8,0,8,0,0,229.45
2022-08-08 09:00:00,31.9,58.2,8.2,8,0,9,0,0,172.81
2022-08-08 10:00:00,36.5,59.8,2.3,8,0,10,0,0,235.96
2022-08-08 11:00:00,33.8,66.7,11.1,8,0,11,0,0,197.98
2022-08-08 12:00:00,32.3,62.6,5.5,8,0,12,0,0,203.84
2022-08-08 13:00:00,36.3,63.4,24.0,8,0,13,0,0,225.8
2022-08-08 14:00:00,36.9,74.2,3.7,8,0,14,0,0,210.17
2022-08-08 15:00:00,38.7,57.6,4.9,8,0,15,0,0,232.67
2022-08-08 16:00:00,30.1,56.2,7.6,8,0,16,0,0,157.15
2022-08-08 17:00:00,32.7,78.2,7.2,8,0,17,0,0,196.33
2022-08-08 18:00:00,29.2,69.6,6.1,8,0,18,0,0,182.36
2022-08-08 19:00:00,30.3,80.2,5.0,8,0,19,0,0,236.07
2022-08-08 20:00:00,24.6,74.6,3.3,8,0,20,0,0,181.22
2022-08-08 21:00:00,24.0,57.4,15.8,8,0,21,0,0,181.93
2022-08-08 22:00:00,24.1,73.1,6.8,8,0,22,0,0,199.49
2022-08-08 23:00:00,25.3,59.5,8.8,8,0,23,0,0,135.05
2022-08-09 00:00:00,23.5,68.3,8.3,8,1,0,0,0,151.9
2022-08-09 01:00:00,26.3,66.2,8.9,8,1,1,0,0,144.64
2022-08-09 02:00:00,27.6,53.3,11.8,8,1,2,0,0,124.95
2022-08-09 03:00:00,27.5,59.8,9.9,8,1,3,0,0,153.8
2022-08-09 04:00:00,30.6,82.4,4.6,8,1,4,0,0,184.19
2022-08-09 05:00:00,29.4,67.2,8.5,8,1,5,0,0,163.56
2022-08-09 06:00:00,27.4,64.9,4.2,8,1,6,0,0,152.74
2022-08-09 07:00:00,33.8,77.6,9.1,8,1,7,0,0,174.14
2022-08-09 08:00:00,31.1,61.3,6.5,8,1,8,0,0,190.92
2022-08-09 09:00:00,35.2,61.7,2.3,8,1,9,0,0,219.74
2022-08-09 10:00:00,37.3,,12.6,8,1,10,0,0,236.61
2022-08-09 11:00:00,35.6,59.0,4.6,8,1,11,0,0,215.47
2022-08-09 12:00:00,31.8,58.1,22.2,8,1,12,0,0,174.94
2022-08-09 13:00:00,32.8,45.6,4.6,8,1,13,0,0,185.88
2022-08-09 14:00:00,36.8,54.1,47.5,8,1,14,0,0,168.29
2022-08-09 15:00:00,33.0,55.9,7.0,8,1,15,0,0,197.3
2022-08-09 16:00:00,32.5,65.0,2.2,8,1,16,0,0,175.19
2022-08-09 17:00:00,32.6,58.8,2.6,8,1,17,0,0,194.35
2022-08-09 18:00:00,31.2,81.7,2.7,8,1,18,0,0,198.81
2022-08-09 19:00:00,29.1,57.0,2.5,8,1,19,0,0,208.49
2022-08-09 20:00:00,26.9,77.8,4.5,8,1,20,0,0,211.04
2022-08-09 21:00:00,25.7,68.9,5.1,8,1,21,0,0,199.37
2022-08-09 22:00:00,27.2,72.8,2.9,8,1,22,0,0,168.9
2022-08-09 23:00:00,26.1,72.9,6.6,8,1,23,0,0,167.88
2022-08-10 00:00:00,24.1,50.2,5.6,8,2,0,0,0,165.9
2022-08-10 01:00:00,27.0,66.4,10.1,8,2,1,0,0,138.79
2022-08-10 02:00:00,25.0,65.4,3.7,8,2,2,0,0,153.16
2022-08-10 03:00:00,24.4,58.7,21.6,8,2,3,0,0,123.15
2022-08-10 04:00:00,25.6,70.9,7.8,8,2,4,0,0,133.66
2022-08-10 05:00:00,26.4,80.5,9.8,8,2,5,0,0,151.03
2022-08-10 06:00:00,29.1,44.1,2.3,8,2,6,0,0,144.7
2022-08-10 07:00:00,33.4,59.0,8.6,8,2,7,0,0,201.41
2022-08-10 08:00:00,30.5,54.8,5.7,8,2,8,0,0,171.25
2022-08-10 09:00:00,33.5,63.8,22.6,8,2,9,0,0,210.69
2022-08-10 10:00:00,32.6,61.1,19.3,8,2,10,0,0,218.13
2022-08-10 11:00:00,33.9,58.2,10.1,8,2,11,0,0,215.89
2022-08-10 12:00:00,31.6,69.7,13.7,8,2,12,0,0,181.84
2022-08-10 13:00:00,34.0,76.1,10.3,8,2,13,0,0,201.41
2022-08-10 14:00:00,33.6,84.5,2.1,8,2,14,0,0,186.26
2022-08-10 15:00:00,34.2,57.0,11.7,8,2,15,0,0,183.63
2022-08-10 16:00:00,32.6,49.1,3.6,8,2,16,0,0,173.83
2022-08-10 17:00:00,28.5,70.2,11.2,8,2,17,0,0,162.76
2022-08-10 18:00:00,31.8,77.0,2.1,8,2,18,0,0,214.79
2022-08-10 19:00:00,28.8,72.1,5.0,8,2,19,0,0,215.63
2022-08-10 20:00:00,27.5,79.1,7.8,8,2,20,0,0,218.25
2022-08-10 21:00:00,26.1,65.2,5.2,8,2,21,0,0,195.01
2022-08-10 22:00:00,24.3,63.0,11.5,8,2,22,0,0,195.74
2022-08-10 23:00:00,25.2,68.3,7.9,8,2,23,0,0,156.98
2022-08-11 00:00:00,25.4,64.7,27.7,8,3,0,0,0,156.2
2022-08-11 01:00:00,21.1,74.8,5.5,8,3,1,0,0,156.37
2022-08-11 02:00:00,24.0,75.7,12.2,8,3,2,0,0,135.59
2022-08-11 03:00:00,25.4,75.7,16.5,8,3,3,0,0,135.76
2022-08-11 04:00:00,27.4,70.4,4.3,8,3,4,0,0,159.58
2022-08-11 05:00:00,30.5,66.7,13.2,8,3,5,0,0,165.68
2022-08-11 06:00:00,27.9,72.4,6.0,8,3,6,0,0,163.88
2022-08-11 07:00:00,29.7,49.4,3.1,8,3,7,0,0,163.49
2022-08-11 08:00:00,30.9,66.2,2.0,8,3,8,0,0,177.14
2022-08-11 09:00:00,31.4,64.7,12.9,8,3,9,0,0,197.77
2022-08-11 10:00:00,33.1,65.2,3.6,8,3,10,0,0,196.14
2022-08-11 11:00:00,35.8,61.4,2.4,8,3,11,0,0,237.29
2022-08-11 12:00:00,32.3,67.3,7.5,8,3,12,0,0,169.68
2022-08-11 13:00:00,35.1,57.8,5.4,8,3,13,0,0,207.09
2022-08-11 14:00:00,30.4,73.9,11.4,8,3,14,0,0,169.26
2022-08-11 15:00:00,31.8,67.9,2.9,8,3,15,0,0,174.62
2022-08-11 16:00:00,31.3,65.6,3.1,8,3,16,0,0,176.19
2022-08-11 17:00:00,34.1,57.4,6.1,8,3,17,0,0,155.41
2022-08-11 18:00:00,28.9,72.1,7.9,8,3,18,0,0,182.17
2022-08-11 19:00:00,23.7,69.8,15.9,8,3,19,0,0,171.02
2022-08-11 20:00:00,22.9,62.5,9.0,8,3,20,0,0,176.62
2022-08-11 21:00:00,26.0,66.6,20.6,8,3,21,0,0,230.7
2022-08-11 22:00:00,26.3,71.9,4.0,8,3,22,0,0,162.69
2022-08-11 23:00:00,25.4,71.7,9.3,8,3,23,0,0,173.63
2022-08-12 00:00:00,24.6,71.6,10.5,8,4,0,0,0,134.44
2022-08-12 01:00:00,26.7,67.4,12.4,8,4,1,0,0,128.8
2022-08-12 02:00:00,23.8,76.3,37.8,8,4,2,0,0,101.96
2022-08-12 03:00:00,27.5,76.2,7.0,8,4,3,0,0,158.83
2022-08-12 04:00:00,23.5,74.2,5.7,8,4,4,0,0,155.69
2022-08-12 05:00:00,26.1,62.2,17.3,8,4,5,0,0,129.16
2022-08-12 06:00:00,25.6,58.7,3.6,8,4,6,0,0,165.36
2022-08-12 07:00:00,30.0,60.7,2.3,8,4,7,0,0,159.44
2022-08-12 08:00:00,31.6,79.8,6.7,8,4,8,0,0,190.12
2022-08-12 09:00:00,33.0,65.8,4.3,8,4,9,0,0,219.24
2022-08-12 10:00:00,33.7,80.2,6.0,8,4,10,0,0,205.09
2022-08-12 11:00:00,32.2,62.9,36.2,8,4,11,0,0,177.19
2022-08-12 12:00:00,33.8,61.0,5.4,8,4,12,0,0,204.26
2022-08-12 13:00:00,31.1,63.9,11.8,8,4,13,0,0,179.16
2022-08-12 14:00:00,36.3,61.1,4.3,8,4,14,0,0,190.53
2022-08-12 15:00:00,32.2,57.7,4.9,8,4,15,0,0,212.24
2022-08-12 16:00:00,30.8,55.4,4.2,8,4,16,0,0,161.75
2022-08-12 17:00:00,33.7,67.2,8.8,8,4,17,0,0,212.33
2022-08-12 18:00:00,26.7,75.1,4.1,8,4,18,0,0,194.33
2022-08-12 19:00:00,25.7,86.7,12.1,8,4,19,0,0,181.56
2022-08-12 20:00:00,24.5,64.3,11.1,8,4,20,0,0,197.28
2022-08-12 21:00:00,25.6,64.4,6.4,8,4,21,0,0,176.99
2022-08-12 22:00:00,25.8,60.9,2.2,8,4,22,0,0,181.04
2022-08-12 23:00:00,25.9,76.1,2.2,8,4,23,0,0,185.84
2022-08-13 00:00:00,29.2,71.9,8.1,8,5,0,1,0,125.52
2022-08-13 01:00:00,19.7,63.1,16.6,8,5,1,1,0,116.0
2022-08-13 02:00:00,25.9,59.8,9.3,8,5,2,1,0,100.84
2022-08-13 03:00:00,24.4,75.4,6.6,8,5,3,1,0,113.45
2022-08-13 04:00:00,25.4,70.4,19.1,8,5,4,1,0,108.65
2022-08-13 05:00:00,26.5,72.8,3.8,8,5,5,1,0,118.7
2022-08-13 06:00:00,27.2,59.3,5.6,8,5,6,1,0,101.89
2022-08-13 07:00:00,33.7,48.1,8.7,8,5,7,1,0,173.0
2022-08-13 08:00:00,33.2,56.4,4.8,8,5,8,1,0,203.12
2022-08-13 09:00:00,32.6,69.2,50.0,8,5,9,1,0,162.23
2022-08-13 10:00:00,36.1,78.9,6.8,8,5,10,1,0,200.41
2022-08-13 11:00:00,30.8,61.1,2.4,8,5,11,1,0,176.21
2022-08-13 12:00:00,31.4,82.5,3.5,8,5,12,1,0,190.3
2022-08-13 13:00:00,29.5,71.9,8.1,8,5,13,1,0,170.6
2022-08-13 14:00:00,32.0,52.9,8.4,8,5,14,1,0,164.63
2022-08-13 15:00:00,32.9,65.3,35.2,8,5,15,1,0,151.37
2022-08-13 16:00:00,31.7,71.0,9.3,8,5,16,1,0,166.19
2022-08-13 17:00:00,30.6,45.3,10.8,8,5,17,1,0,151.58
2022-08-13 18:00:00,26.2,72.1,3.9,8,5,18,1,0,144.0
2022-08-13 19:00:00,29.3,74.7,2.9,8,5,19,1,0,174.04
2022-08-13 20:00:00,,69.7,9.4,8,5,20,1,0,167.64
2022-08-13 21:00:00,27.0,66.0,18.0,8,5,21,1,0,166.63
2022-08-13 22:00:00,20.9,68.2,9.1,8,5,22,1,0,124.01
2022-08-13 23:00:00,24.8,65.7,6.7,8,5,23,1,0,149.02
2022-08-14 00:00:00,,59.9,8.9,8,6,0,1,0,86.9
2022-08-14 01:00:00,23.2,62.9,7.1,8,6,1,1,0,119.74
2022-08-14 02:00:00,,63.9,3.2,8,6,2,1,0,130.62
2022-08-14 03:00:00,25.5,68.2,12.8,8,6,3,1,0,120.53
2022-08-14 04:00:00,24.6,63.2,8.1,8,6,4,1,0,95.88
2022-08-14 05:00:00,27.5,59.3,6.1,8,6,5,1,0,130.95
2022-08-14 06:00:00,25.8,73.2,8.6,8,6,6,1,0,139.33
2022-08-14 07:00:00,32.4,66.8,4.2,8,6,7,1,0,187.64
2022-08-14 08:00:00,30.9,60.2,6.5,8,6,8,1,0,167.47
2022-08-14 09:00:00,34.6,66.8,9.8,8,6,9,1,0,206.4
2022-08-14 10:00:00,32.1,60.3,4.1,8,6,10,1,0,174.94
2022-08-14 11:00:00,32.6,64.2,13.1,8,6,11,1,0,164.51
2022-08-14 12:00:00,32.3,71.7,7.9,8,6,12,1,0,185.19
2022-08-14 13:00:00,35.4,57.5,17.8,8,6,13,1,0,186.21
2022-08-14 14:00:00,31.7,54.8,17.0,8,6,14,1,0,136.54
2022-08-14 15:00:00,33.6,62.0,7.5,8,6,15,1,0,143.66
2022-08-14 16:00:00,30.6,53.8,3.7,8,6,16,1,0,150.15
2022-08-14 17:00:00,26.2,64.7,12.7,8,6,17,1,0,141.11
2022-08-14 18:00:00,27.7,63.9,6.3,8,6,18,1,0,161.84
2022-08-14 19:00:00,25.2,47.7,9.2,8,6,19,1,0,170.79
2022-08-14 20:00:00,26.4,71.1,2.9,8,6,20,1,0,190.1
2022-08-14 21:00:00,22.9,67.1,10.0,8,6,21,1,0,160.75
2022-08-14 22:00:00,26.3,76.3,5.7,8,6,22,1,0,144.05
2022-08-14 23:00:00,23.8,69.8,5.3,8,6,23,1,0,131.23
2022-08-15 00:00:00,23.3,74.3,33.3,8,0,0,0,1,95.59
2022-08-15 01:00:00,,77.0,6.5,8,0,1,0,1,113.28
2022-08-15 02:00:00,26.2,,11.1,8,0,2,0,1,98.28
2022-08-15 03:00:00,25.0,67.5,9.9,8,0,3,0,1,98.98
2022-08-15 04:00:00,24.6,55.1,2.9,8,0,4,0,1,105.53
2022-08-15 05:00:00,23.8,78.0,13.0,8,0,5,0,1,102.22
2022-08-15 06:00:00,27.2,65.2,5.1,8,0,6,0,1,131.25
2022-08-15 07:00:00,28.7,57.6,14.8,8,0,7,0,1,160.43
2022-08-15 08:00:00,31.3,70.3,9.5,8,0,8,0,1,157.87
2022-08-15 09:00:00,31.5,46.8,5.1,8,0,9,0,1,154.89
2022-08-15 10:00:00,34.3,59.4,5.5,8,0,10,0,1,192.52
2022-08-15 11:00:00,32.2,71.2,12.5,8,0,11,0,1,160.69
2022-08-15 12:00:00,33.5,59.8,8.4,8,0,12,0,1,167.75
2022-08-15 13:00:00,35.8,56.4,10.8,8,0,13,0,1,163.78
2022-08-15 14:00:00,33.6,59.9,3.4,8,0,14,0,1,143.48
2022-08-15 15:00:00,32.0,47.9,14.4,8,0,15,0,1,127.19
2022-08-15 16:00:00,29.9,70.8,5.1,8,0,16,0,1,135.13
2022-08-15 17:00:00,28.6,64.7,9.7,8,0,17,0,1,127.97
2022-08-15 18:00:00,26.9,64.4,3.0,8,0,18,0,1,172.29
2022-08-15 19:00:00,26.2,64.7,5.1,8,0,19,0,1,168.12
2022-08-15 20:00:00,27.6,66.3,10.4,8,0,20,0,1,181.72
2022-08-15 21:00:00,24.6,72.9,4.6,8,0,21,0,1,141.24
2022-08-15 22:00:00,21.6,68.8,19.0,8,0,22,0,1,136.04
2022-08-15 23:00:00,27.3,55.5,10.7,8,0,23,0,1,142.64
2022-08-16 00:00:00,24.0,72.6,18.3,8,1,0,0,0,166.94
2022-08-16 01:00:00,20.8,73.6,6.0,8,1,1,0,0,131.04
2022-08-16 02:00:00,23.2,70.1,2.3,8,1,2,0,0,118.29
2022-08-16 03:00:00,25.1,76.1,8.9,8,1,3,0,0,138.68
2022-08-16 04:00:00,29.3,65.6,5.3,8,1,4,0,0,137.93
2022-08-16 05:00:00,24.9,76.4,6.8,8,1,5,0,0,171.41
2022-08-16 06:00:00,30.3,76.1,11.1,8,1,6,0,0,175.36
2022-08-16 07:00:00,32.5,68.4,11.6,8,1,7,0,0,179.94
2022-08-16 08:00:00,29.6,59.2,2.2,8,1,8,0,0,179.3
2022-08-16 09:00:00,31.4,63.3,13.7,8,1,9,0,0,193.44
2022-08-16 10:00:00,30.7,74.6,7.4,8,1,10,0,0,174.95
2022-08-16 11:00:00,32.8,51.6,8.5,8,1,11,0,0,202.58
2022-08-16 12:00:00,33.3,60.2,4.8,8,1,12,0,0,193.59
2022-08-16 13:00:00,34.5,60.0,6.4,8,1,13,0,0,208.46
2022-08-16 14:00:00,34.9,55.6,11.9,8,1,14,0,0,178.4
2022-08-16 15:00:00,30.4,71.8,14.0,8,1,15,0,0,180.63
2022-08-16 16:00:00,27.0,69.5,5.9,8,1,16,0,0,172.94
2022-08-16 17:00:00,29.6,59.5,11.4,8,1,17,0,0,177.21
2022-08-16 18:00:00,29.0,70.4,4.4,8,1,18,0,0,209.17
2022-08-16 19:00:00,27.6,64.9,16.3,8,1,19,0,0,161.21
2022-08-16 20:00:00,25.2,60.3,9.5,8,1,20,0,0,197.6
2022-08-16 21:00:00,25.1,61.7,13.9,8,1,21,0,0,183.6
2022-08-16 22:00:00,27.1,69.9,7.2,8,1,22,0,0,182.03
2022-08-16 23:00:00,24.3,75.3,4.1,8,1,23,0,0,155.18
2022-08-17 00:00:00,22.4,64.9,6.5,8,2,0,0,0,123.48
2022-08-17 01:00:00,22.3,73.2,5.8,8,2,1,0,0,155.32
2022-08-17 02:00:00,23.5,80.9,5.2,8,2,2,0,0,151.4
2022-08-17 03:00:00,27.9,56.0,3.9,8,2,3,0,0,165.63
2022-08-17 04:00:00,25.3,70.2,13.4,8,2,4,0,0,164.23
2022-08-17 05:00:00,26.8,73.2,2.7,8,2,5,0,0,127.44
2022-08-17 06:00:00,27.2,65.6,19.5,8,2,6,0,0,146.99
2022-08-17 07:00:00,31.7,74.1,3.5,8,2,7,0,0,189.63
2022-08-17 08:00:00,34.6,80.3,33.2,8,2,8,0,0,213.89
2022-08-17 09:00:00,32.6,66.4,37.7,8,2,9,0,0,211.91
2022-08-17 10:00:00,32.7,61.8,6.1,8,2,10,0,0,193.51
2022-08-17 11:00:00,33.1,71.3,37.3,8,2,11,0,0,186.81
2022-08-17 12:00:00,28.4,72.5,18.3,8,2,12,0,0,196.67
2022-08-17 13:00:00,34.5,42.6,2.7,8,2,13,0,0,170.22
2022-08-17 14:00:00,32.8,63.6,25.5,8,2,14,0,0,158.7
2022-08-17 15:00:00,32.6,60.6,2.3,8,2,15,0,0,189.57
2022-08-17 16:00:00,29.3,68.5,3.6,8,2,16,0,0,203.48
2022-08-17 17:00:00,28.7,64.1,9.0,8,2,17,0,0,148.85
2022-08-17 18:00:00,27.4,65.6,2.7,8,2,18,0,0,185.69
2022-08-17 19:00:00,28.9,58.6,3.4,8,2,19,0,0,206.5
2022-08-17 20:00:00,24.9,73.4,26.5,8,2,20,0,0,207.93
2022-08-17 21:00:00,28.8,78.8,43.9,8,2,21,0,0,190.29
2022-08-17 22:00:00,24.7,60.9,14.8,8,2,22,0,0,144.33
2022-08-17 23:00:00,20.8,58.4,7.8,8,2,23,0,0,142.69
2022-08-18 00:00:00,22.7,68.8,20.4,8,3,0,0,0,159.63
2022-08-18 01:00:00,21.8,68.9,2.9,8,3,1,0,0,148.66
2022-08-18 02:00:00,19.2,79.7,24.9,8,3,2,0,0,113.85
2022-08-18 03:00:00,27.6,56.4,5.5,8,3,3,0,0,144.55
2022-08-18 04:00:00,26.9,62.3,17.8,8,3,4,0,0,137.98
2022-08-18 05:00:00,27.7,49.0,10.8,8,3,5,0,0,104.26
2022-08-18 06:00:00,28.3,76.9,27.8,8,3,6,0,0,120.12
2022-08-18 07:00:00,26.5,68.8,18.0,8,3,7,0,0,163.36
2022-08-18 08:00:00,29.5,61.5,19.5,8,3,8,0,0,205.6
2022-08-18 09:00:00,33.2,52.8,10.0,8,3,9,0,0,207.31
2022-08-18 10:00:00,30.2,55.1,16.3,8,3,10,0,0,153.33
2022-08-18 11:00:00,27.7,69.5,13.3,8,3,11,0,0,159.66
2022-08-18 12:00:00,32.5,54.9,3.4,8,3,12,0,0,204.95
2022-08-18 13:00:00,32.5,64.6,10.4,8,3,13,0,0,197.64
2022-08-18 14:00:00,32.6,80.1,3.3,8,3,14,0,0,186.86
2022-08-18 15:00:00,33.0,60.7,18.3,8,3,15,0,0,169.89
2022-08-18 16:00:00,31.7,56.4,2.5,8,3,16,0,0,192.01
2022-08-18 17:00:00,29.8,68.2,36.8,8,3,17,0,0,181.79
2022-08-18 18:00:00,30.4,55.0,6.1,8,3,18,0,0,200.58
2022-08-18 19:00:00,23.6,81.9,3.5,8,3,19,0,0,179.49
2022-08-18 20:00:00,26.5,78.0,24.0,8,3,20,0,0,204.91
2022-08-18 21:00:00,25.7,65.8,2.4,8,3,21,0,0,186.96
2022-08-18 22:00:00,21.2,62.2,7.1,8,3,22,0,0,165.55
2022-08-18 23:00:00,20.1,66.5,13.8,8,3,23,0,0,152.33
2022-08-19 00:00:00,21.2,67.0,5.0,8,4,0,0,0,146.54
2022-08-19 01:00:00,21.6,72.3,8.0,8,4,1,0,0,149.14
2022-08-19 02:00:00,24.9,75.9,11.6,8,4,2,0,0,106.11
2022-08-19 03:00:00,23.0,60.2,26.3,8,4,3,0,0,109.26
2022-08-19 04:00:00,23.5,76.3,2.9,8,4,4,0,0,132.82
2022-08-19 05:00:00,25.2,72.3,3.4,8,4,5,0,0,162.35
2022-08-19 06:00:00,30.0,60.9,7.7,8,4,6,0,0,149.92
2022-08-19 07:00:00,29.1,56.8,6.3,8,4,7,0,0,163.4
2022-08-19 08:00:00,29.9,66.0,6.2,8,4,8,0,0,196.68
2022-08-19 09:00:00,31.1,56.0,4.8,8,4,9,0,0,196.74
2022-08-19 10:00:00,34.7,70.9,8.6,8,4,10,0,0,244.96
2022-08-19 11:00:00,31.1,55.5,19.2,8,4,11,0,0,186.84
2022-08-19 12:00:00,35.4,66.7,3.4,8,4,12,0,0,244.46
2022-08-19 13:00:00,33.0,62.9,3.9,8,4,13,0,0,222.86
2022-08-19 14:00:00,31.8,59.6,10.9,8,4,14,0,0,182.59
2022-08-19 15:00:00,36.3,61.0,2.5,8,4,15,0,0,212.4
2022-08-19 16:00:00,28.1,74.6,11.0,8,4,16,0,0,175.42
2022-08-19 17:00:00,28.3,56.3,5.0,8,4,17,0,0,184.69
2022-08-19 18:00:00,25.3,64.1,5.5,8,4,18,0,0,180.26
2022-08-19 19:00:00,28.4,59.8,6.2,8,4,19,0,0,212.78
2022-08-19 20:00:00,28.6,65.4,5.4,8,4,20,0,0,210.35
2022-08-19 21:00:00,27.5,60.7,16.7,8,4,21,0,0,208.64
2022-08-19 22:00:00,25.9,52.9,25.4,8,4,22,0,0,144.39
2022-08-19 23:00:00,22.5,60.3,8.4,8,4,23,0,0,165.21
2022-08-20 00:00:00,21.8,82.2,9.0,8,5,0,1,0,138.92
2022-08-20 01:00:00,19.3,72.3,2.6,8,5,1,1,0,102.91
2022-08-20 02:00:00,27.3,68.1,12.0,8,5,2,1,0,120.16
2022-08-20 03:00:00,24.9,65.3,9.0,8,5,3,1,0,116.4
2022-08-20 04:00:00,24.0,67.6,2.4,8,5,4,1,0,138.7
2022-08-20 05:00:00,28.9,62.1,3.8,8,5,5,1,0,122.68
2022-08-20 06:00:00,25.6,71.4,3.8,8,5,6,1,0,133.45
2022-08-20 07:00:00,29.6,66.0,3.5,8,5,7,1,0,141.28
2022-08-20 08:00:00,29.7,55.8,10.6,8,5,8,1,0,151.36
2022-08-20 09:00:00,32.3,65.9,23.1,8,5,9,1,0,195.44
2022-08-20 10:00:00,31.7,44.5,13.5,8,5,10,1,0,169.73
2022-08-20 11:00:00,29.4,68.6,7.2,8,5,11,1,0,156.67
2022-08-20 12:00:00,32.7,52.4,6.1,8,5,12,1,0,166.58
2022-08-20 13:00:00,34.4,62.0,5.9,8,5,13,1,0,166.42
2022-08-20 14:00:00,31.8,54.5,9.4,8,5,14,1,0,143.53
2022-08-20 15:00:00,32.6,63.7,5.6,8,5,15,1,0,149.44
2022-08-20 16:00:00,27.9,70.7,4.1,8,5,16,1,0,136.2
2022-08-20 17:00:00,28.8,77.6,9.4,8,5,17,1,0,135.27
2022-08-20 18:00:00,26.3,54.5,6.0,8,5,18,1,0,153.25
2022-08-20 19:00:00,27.7,73.9,2.1,8,5,19,1,0,159.92
2022-08-20 20:00:00,25.1,68.5,2.2,8,5,20,1,0,188.96
2022-08-20 21:00:00,25.4,63.7,4.6,8,5,21,1,0,160.28
2022-08-20 22:00:00,25.4,73.4,7.7,8,5,22,1,0,161.36
2022-08-20 23:00:00,24.1,66.1,5.5,8,5,23,1,0,147.29
2022-08-21 00:00:00,22.8,74.3,2.2,8,6,0,1,0,97.34
2022-08-21 01:00:00,20.5,61.8,4.0,8,6,1,1,0,111.0
2022-08-21 02:00:00,23.0,63.5,2.8,8,6,2,1,0,136.0
2022-08-21 03:00:00,22.7,76.2,25.7,8,6,3,1,0,88.53
2022-08-21 04:00:00,24.1,79.8,5.0,8,6,4,1,0,149.31
2022-08-21 05:00:00,25.3,67.1,2.1,8,6,5,1,0,129.06
2022-08-21 06:00:00,25.3,45.0,10.6,8,6,6,1,0,126.29
2022-08-21 07:00:00,24.7,66.1,4.1,8,6,7,1,0,140.17
2022-08-21 08:00:00,28.5,66.0,8.7,8,6,8,1,0,168.9
2022-08-21 09:00:00,31.2,62.5,3.3,8,6,9,1,0,191.12
2022-08-21 10:00:00,28.9,68.2,35.1,8,6,10,1,0,154.6
2022-08-21 11:00:00,32.2,60.1,30.1,8,6,11,1,0,158.77
2022-08-21 12:00:00,36.1,68.7,10.5,8,6,12,1,0,171.83
2022-08-21 13:00:00,34.2,53.6,11.8,8,6,13,1,0,179.22
2022-08-21 14:00:00,34.9,72.4,6.4,8,6,14,1,0,175.68
2022-08-21 15:00:00,31.6,76.6,28.2,8,6,15,1,0,132.39
2022-08-21 16:00:00,32.1,56.6,6.4,8,6,16,1,0,146.47
2022-08-21 17:00:00,27.1,59.1,4.2,8,6,17,1,0,144.27
2022-08-21 18:00:00,26.0,70.3,3.0,8,6,18,1,0,143.15
2022-08-21 19:00:00,20.5,60.2,3.9,8,6,19,1,0,162.72
2022-08-21 20:00:00,27.2,62.5,8.8,8,6,20,1,0,146.72
2022-08-21 21:00:00,26.8,75.4,4.2,8,6,21,1,0,163.66
2022-08-21 22:00:00,21.9,75.0,10.5,8,6,22,1,0,134.08
2022-08-21 23:00:00,22.0,84.9,5.9,8,6,23,1,0,148.52
2022-08-22 00:00:00,20.6,71.1,19.4,8,0,0,0,0,125.97
2022-08-22 01:00:00,23.0,63.6,8.5,8,0,1,0,0,129.55
2022-08-22 02:00:00,25.0,67.9,9.8,8,0,2,0,0,168.96
2022-08-22 03:00:00,20.0,68.8,8.5,8,0,3,0,0,145.37
2022-08-22 04:00:00,25.4,66.2,19.3,8,0,4,0,0,139.75
2022-08-22 05:00:00,25.2,67.2,2.5,8,0,5,0,0,165.14
2022-08-22 06:00:00,27.3,58.9,2.6,8,0,6,0,0,163.65
2022-08-22 07:00:00,29.3,67.6,11.7,8,0,7,0,0,148.66
2022-08-22 08:00:00,29.2,54.1,13.7,8,0,8,0,0,154.89
2022-08-22 09:00:00,30.4,59.1,6.5,8,0,9,0,0,152.67
2022-08-22 10:00:00,31.0,63.6,5.5,8,0,10,0,0,204.43
2022-08-22 11:00:00,33.8,45.0,4.6,8,0,11,0,0,191.8
2022-08-22 12:00:00,32.9,69.7,4.1,8,0,12,0,0,193.22
2022-08-22 13:00:00,32.3,47.4,21.4,8,0,13,0,0,170.25
2022-08-22 14:00:00,28.9,70.9,4.8,8,0,14,0,0,161.01
2022-08-22 15:00:00,,54.7,10.4,8,0,15,0,0,164.19
2022-08-22 16:00:00,31.4,61.1,14.4,8,0,16,0,0,169.56
2022-08-22 17:00:00,28.4,69.9,2.2,8,0,17,0,0,172.56
2022-08-22 18:00:00,28.4,83.4,2.3,8,0,18,0,0,170.13
2022-08-22 19:00:00,29.3,66.3,5.2,8,0,19,0,0,204.54
2022-08-22 20:00:00,26.6,50.8,11.5,8,0,20,0,0,222.51
2022-08-22 21:00:00,23.7,75.8,4.4,8,0,21,0,0,195.7
2022-08-22 22:00:00,21.7,67.3,2.0,8,0,22,0,0,212.5
2022-08-22 23:00:00,17.1,72.0,4.7,8,0,23,0,0,164.63
2022-08-23 00:00:00,21.5,73.7,2.8,8,1,0,0,0,145.51
2022-08-23 01:00:00,21.4,51.5,4.0,8,1,1,0,0,136.14
2022-08-23 02:00:00,23.3,68.4,5.2,8,1,2,0,0,133.13
2022-08-23 03:00:00,23.0,65.2,3.1,8,1,3,0,0,150.81
2022-08-23 04:00:00,23.7,77.9,11.8,8,1,4,0,0,103.02
2022-08-23 05:00:00,22.0,74.8,4.4,8,1,5,0,0,137.63
2022-08-23 06:00:00,25.0,54.5,10.7,8,1,6,0,0,170.73
2022-08-23 07:00:00,29.1,75.6,9.3,8,1,7,0,0,165.15
2022-08-23 08:00:00,32.8,67.2,20.3,8,1,8,0,0,205.28
2022-08-23 09:00:00,30.2,52.5,2.7,8,1,9,0,0,201.43
2022-08-23 10:00:00,31.8,64.5,3.9,8,1,10,0,0,205.39
2022-08-23 11:00:00,33.6,71.5,18.0,8,1,11,0,0,212.14
2022-08-23 12:00:00,30.2,55.2,15.8,8,1,12,0,0,177.45
2022-08-23 13:00:00,32.4,74.8,3.7,8,1,13,0,0,160.57
2022-08-23 14:00:00,29.7,53.1,2.9,8,1,14,0,0,175.64
2022-08-23 15:00:00,32.1,57.6,17.5,8,1,15,0,0,162.88
2022-08-23 16:00:00,29.6,57.6,3.6,8,1,16,0,0,150.2
2022-08-23 17:00:00,28.7,76.7,18.4,8,1,17,0,0,178.98
2022-08-23 18:00:00,25.3,63.4,28.0,8,1,18,0,0,171.81
2022-08-23 19:00:00,27.0,57.2,4.0,8,1,19,0,0,206.34
2022-08-23 20:00:00,28.5,69.3,16.7,8,1,20,0,0,194.12
2022-08-23 21:00:00,21.3,74.6,6.4,8,1,21,0,0,202.5
2022-08-23 22:00:00,21.8,74.4,14.4,8,1,22,0,0,174.7
2022-08-23 23:00:00,22.5,66.6,6.2,8,1,23,0,0,170.11
2022-08-24 00:00:00,23.2,70.4,2.6,8,2,0,0,0,155.11
2022-08-24 01:00:00,20.7,64.5,12.0,8,2,1,0,0,116.71
2022-08-24 02:00:00,16.6,85.1,3.3,8,2,2,0,0,154.15
2022-08-24 03:00:00,25.8,76.3,22.9,8,2,3,0,0,131.62
2022-08-24 04:00:00,25.6,75.8,6.3,8,2,4,0,0,136.5
2022-08-24 05:00:00,21.8,75.4,2.7,8,2,5,0,0,147.2
2022-08-24 06:00:00,25.4,71.5,4.1,8,2,6,0,0,193.09
2022-08-24 07:00:00,31.0,54.5,17.9,8,2,7,0,0,141.08
2022-08-24 08:00:00,32.0,69.1,5.1,8,2,8,0,0,193.53
2022-08-24 09:00:00,32.0,64.9,17.5,8,2,9,0,0,209.24
2022-08-24 10:00:00,30.6,74.8,3.5,8,2,10,0,0,185.38
2022-08-24 11:00:00,31.6,70.7,7.1,8,2,11,0,0,207.76
2022-08-24 12:00:00,31.3,68.7,18.8,8,2,12,0,0,190.78
2022-08-24 13:00:00,33.7,49.7,2.4,8,2,13,0,0,168.88
2022-08-24 14:00:00,29.2,64.7,4.9,8,2,14,0,0,160.61
2022-08-24 15:00:00,28.5,61.3,21.3,8,2,15,0,0,183.25
2022-08-24 16:00:00,31.1,66.5,9.3,8,2,16,0,0,153.02
2022-08-24 17:00:00,27.8,62.8,12.1,8,2,17,0,0,162.71
2022-08-24 18:00:00,29.4,63.1,16.8,8,2,18,0,0,180.9
2022-08-24 19:00:00,24.0,71.7,7.9,8,2,19,0,0,188.88
2022-08-24 20:00:00,24.0,64.5,16.9,8,2,20,0,0,180.7
2022-08-24 21:00:00,21.2,70.4,10.1,8,2,21,0,0,187.72
2022-08-24 22:00:00,22.3,56.7,11.3,8,2,22,0,0,170.13
2022-08-24 23:00:00,,63.9,3.3,8,2,23,0,0,178.68
2022-08-25 00:00:00,20.4,75.0,24.4,8,3,0,0,0,152.14
2022-08-25 01:00:00,18.7,60.8,14.7,8,3,1,0,0,143.12
2022-08-25 02:00:00,23.4,78.2,4.3,8,3,2,0,0,142.73
2022-08-25 03:00:00,24.3,75.7,8.9,8,3,3,0,0,111.13
2022-08-25 04:00:00,20.4,67.6,5.8,8,3,4,0,0,137.45
2022-08-25 05:00:00,27.7,90.1,10.6,8,3,5,0,0,170.87
2022-08-25 06:00:00,31.4,74.3,42.6,8,3,6,0,0,131.33
2022-08-25 07:00:00,27.8,58.5,2.4,8,3,7,0,0,146.94
2022-08-25 08:00:00,27.6,72.2,26.4,8,3,8,0,0,190.98
2022-08-25 09:00:00,35.6,62.7,2.6,8,3,9,0,0,202.27
2022-08-25 10:00:00,28.1,59.8,6.9,8,3,10,0,0,187.07
2022-08-25 11:00:00,31.2,55.8,7.3,8,3,11,0,0,187.68
2022-08-25 12:00:00,31.7,72.1,4.5,8,3,12,0,0,217.75
2022-08-25 13:00:00,33.9,,8.7,8,3,13,0,0,197.88
2022-08-25 14:00:00,31.4,63.5,16.4,8,3,14,0,0,184.44
2022-08-25 15:00:00,28.9,58.2,4.8,8,3,15,0,0,165.92
2022-08-25 16:00:00,27.0,60.5,2.6,8,3,16,0,0,193.72
2022-08-25 17:00:00,27.0,65.5,10.0,8,3,17,0,0,157.75
2022-08-25 18:00:00,24.4,70.9,13.1,8,3,18,0,0,180.52
2022-08-25 19:00:00,25.2,46.7,26.7,8,3,19,0,0,192.33
2022-08-25 20:00:00,22.7,68.8,3.4,8,3,20,0,0,216.33
2022-08-25 21:00:00,19.9,64.1,20.5,8,3,21,0,0,176.4
2022-08-25 22:00:00,24.6,78.9,7.3,8,3,22,0,0,150.57
2022-08-25 23:00:00,20.6,93.3,4.2,8,3,23,0,0,168.65
2022-08-26 00:00:00,18.6,67.8,28.3,8,4,0,0,0,163.73
2022-08-26 01:00:00,21.0,55.7,4.2,8,4,1,0,0,126.32
2022-08-26 02:00:00,21.9,70.0,12.6,8,4,2,0,0,136.43
2022-08-26 03:00:00,19.1,68.8,14.3,8,4,3,0,0,126.04
2022-08-26 04:00:00,24.3,83.6,6.5,8,4,4,0,0,139.76
2022-08-26 05:00:00,22.8,82.0,11.4,8,4,5,0,0,162.91
2022-08-26 06:00:00,29.6,72.1,8.8,8,4,6,0,0,167.93
2022-08-26 07:00:00,28.5,61.1,3.7,8,4,7,0,0,199.63
2022-08-26 08:00:00,27.8,71.5,13.4,8,4,8,0,0,190.23
2022-08-26 09:00:00,28.2,68.0,23.1,8,4,9,0,0,181.67
2022-08-26 10:00:00,30.3,66.8,7.4,8,4,10,0,0,196.96
2022-08-26 11:00:00,32.2,51.4,43.4,8,4,11,0,0,186.19
2022-08-26 12:00:00,31.1,72.9,6.5,8,4,12,0,0,174.02
2022-08-26 13:00:00,30.5,65.6,7.2,8,4,13,0,0,163.24
2022-08-26 14:00:00,30.6,63.9,11.0,8,4,14,0,0,182.98
2022-08-26 15:00:00,28.5,61.0,3.6,8,4,15,0,0,178.8
2022-08-26 16:00:00,28.0,59.7,20.6,8,4,16,0,0,137.38
2022-08-26 17:00:00,23.3,70.9,14.9,8,4,17,0,0,175.15
2022-08-26 18:00:00,28.1,52.0,18.5,8,4,18,0,0,172.25
2022-08-26 19:00:00,25.4,73.6,9.5,8,4,19,0,0,178.11
2022-08-26 20:00:00,22.1,60.5,19.2,8,4,20,0,0,178.83
2022-08-26 21:00:00,26.4,50.3,11.1,8,4,21,0,0,198.01
2022-08-26 22:00:00,22.0,83.6,7.7,8,4,22,0,0,189.6
2022-08-26 23:00:00,19.2,63.5,23.5,8,4,23,0,0,161.67
2022-08-27 00:00:00,22.6,62.9,6.6,8,5,0,1,0,124.84
2022-08-27 01:00:00,21.9,78.1,7.6,8,5,1,1,0,100.43
2022-08-27 02:00:00,22.4,83.7,3.5,8,5,2,1,0,123.95
2022-08-27 03:00:00,21.5,57.0,25.6,8,5,3,1,0,87.56
2022-08-27 04:00:00,24.3,60.2,4.0,8,5,4,1,0,140.39
2022-08-27 05:00:00,24.1,60.9,3.8,8,5,5,1,0,110.94
2022-08-27 06:00:00,27.0,74.0,2.9,8,5,6,1,0,168.01
2022-08-27 07:00:00,23.4,81.4,6.8,8,5,7,1,0,136.11
2022-08-27 08:00:00,27.5,57.6,4.6,8,5,8,1,0,148.55
2022-08-27 09:00:00,32.9,74.9,12.8,8,5,9,1,0,177.51
2022-08-27 10:00:00,28.7,60.0,4.9,8,5,10,1,0,147.83
2022-08-27 11:00:00,29.5,67.9,12.2,8,5,11,1,0,184.8
2022-08-27 12:00:00,30.0,54.8,3.7,8,5,12,1,0,160.27
2022-08-27 13:00:00,28.3,64.9,4.1,8,5,13,1,0,156.58
2022-08-27 14:00:00,25.8,66.2,15.1,8,5,14,1,0,154.67
2022-08-27 15:00:00,29.0,63.0,5.7,8,5,15,1,0,139.32
2022-08-27 16:00:00,28.7,68.7,2.9,8,5,16,1,0,144.64
2022-08-27 17:00:00,27.1,58.4,28.0,8,5,17,1,0,135.21
2022-08-27 18:00:00,25.6,60.1,3.6,8,5,18,1,0,134.55
2022-08-27 19:00:00,24.7,71.2,3.3,8,5,19,1,0,139.38
2022-08-27 20:00:00,25.4,78.0,5.6,8,5,20,1,0,151.05
2022-08-27 21:00:00,22.0,68.8,2.8,8,5,21,1,0,183.16
2022-08-27 22:00:00,20.4,73.8,3.4,8,5,22,1,0,150.46
2022-08-27 23:00:00,20.5,75.8,17.0,8,5,23,1,0,149.55
2022-08-28 00:00:00,21.8,75.7,3.5,8,6,0,1,0,120.6
2022-08-28 01:00:00,23.7,60.5,2.9,8,6,1,1,0,91.58
2022-08-28 02:00:00,20.1,63.7,19.0,8,6,2,1,0,115.92
2022-08-28 03:00:00,22.3,63.3,6.7,8,6,3,1,0,92.41
2022-08-28 04:00:00,23.8,83.5,3.4,8,6,4,1,0,125.6
2022-08-28 05:00:00,22.4,72.9,9.0,8,6,5,1,0,130.45
2022-08-28 06:00:00,25.7,70.9,2.3,8,6,6,1,0,130.42
2022-08-28 07:00:00,24.0,70.9,6.5,8,6,7,1,0,143.22
2022-08-28 08:00:00,24.6,57.1,9.1,8,6,8,1,0,120.26
2022-08-28 09:00:00,29.9,80.5,27.2,8,6,9,1,0,206.43
2022-08-28 10:00:00,29.2,69.2,5.2,8,6,10,1,0,177.8
2022-08-28 11:00:00,30.9,70.3,13.6,8,6,11,1,0,182.3
2022-08-28 12:00:00,30.6,50.6,3.1,8,6,12,1,0,174.44
2022-08-28 13:00:00,28.5,72.0,6.5,8,6,13,1,0,146.76
2022-08-28 14:00:00,29.9,62.2,4.0,8,6,14,1,0,147.94
2022-08-28 15:00:00,26.7,56.1,7.4,8,6,15,1,0,148.06
2022-08-28 16:00:00,30.9,56.9,6.3,8,6,16,1,0,144.15
2022-08-28 17:00:00,24.2,57.8,33.2,8,6,17,1,0,130.9
2022-08-28 18:00:00,25.3,57.1,22.0,8,6,18,1,0,150.12
2022-08-28 19:00:00,22.3,69.3,9.0,8,6,19,1,0,150.62
2022-08-28 20:00:00,24.3,64.8,3.6,8,6,20,1,0,175.64
2022-08-28 21:00:00,21.5,71.9,8.5,8,6,21,1,0,137.28
2022-08-28 22:00:00,20.3,83.3,14.6,8,6,22,1,0,166.45
2022-08-28 23:00:00,22.5,67.7,2.3,8,6,23,1,0,165.76
2022-08-29 00:00:00,20.5,51.8,6.6,8,0,0,0,0,154.93
2022-08-29 01:00:00,21.6,67.2,2.3,8,0,1,0,0,164.36
2022-08-29 02:00:00,19.1,80.0,4.2,8,0,2,0,0,129.86
2022-08-29 03:00:00,19.1,69.8,2.8,8,0,3,0,0,133.37
2022-08-29 04:00:00,23.1,80.7,27.9,8,0,4,0,0,130.16
2022-08-29 05:00:00,23.5,71.9,3.5,8,0,5,0,0,146.5
2022-08-29 06:00:00,26.7,52.0,3.3,8,0,6,0,0,145.42
2022-08-29 07:00:00,26.6,67.6,30.6,8,0,7,0,0,138.5
2022-08-29 08:00:00,28.3,68.2,7.8,8,0,8,0,0,204.82
2022-08-29 09:00:00,25.7,75.8,13.4,8,0,9,0,0,168.27
2022-08-29 10:00:00,33.5,77.8,5.2,8,0,10,0,0,243.8
2022-08-29 11:00:00,29.9,72.3,8.1,8,0,11,0,0,202.25
2022-08-29 12:00:00,31.8,67.6,2.1,8,0,12,0,0,199.62
2022-08-29 13:00:00,28.6,71.1,6.2,8,0,13,0,0,182.04
2022-08-29 14:00:00,30.4,63.5,8.5,8,0,14,0,0,194.68
2022-08-29 15:00:00,,55.1,7.8,8,0,15,0,0,116.1
2022-08-29 16:00:00,28.8,65.9,6.2,8,0,16,0,0,174.49
2022-08-29 17:00:00,26.0,69.9,14.4,8,0,17,0,0,168.08
2022-08-29 18:00:00,25.5,57.6,7.6,8,0,18,0,0,178.6
2022-08-29 19:00:00,25.5,77.8,10.1,8,0,19,0,0,205.83
2022-08-29 20:00:00,20.5,77.8,3.6,8,0,20,0,0,187.96
2022-08-29 21:00:00,20.5,58.8,17.8,8,0,21,0,0,162.31
2022-08-29 22:00:00,22.0,79.9,5.6,8,0,22,0,0,159.67
2022-08-29 23:00:00,24.8,65.1,7.3,8,0,23,0,0,152.23
2022-08-30 00:00:00,19.9,63.8,5.5,8,1,0,0,0,156.32
2022-08-30 01:00:00,21.5,77.9,19.8,8,1,1,0,0,143.96
2022-08-30 02:00:00,20.6,69.3,20.5,8,1,2,0,0,141.61
2022-08-30 03:00:00,25.5,82.4,4.0,8,1,3,0,0,134.0
2022-08-30 04:00:00,19.2,63.6,13.2,8,1,4,0,0,125.91
2022-08-30 05:00:00,24.1,54.1,2.9,8,1,5,0,0,164.87
2022-08-30 06:00:00,21.9,66.8,2.2,8,1,6,0,0,166.78
2022-08-30 07:00:00,21.5,75.6,16.5,8,1,7,0,0,167.82
2022-08-30 08:00:00,28.3,58.4,3.1,8,1,8,0,0,150.77
2022-08-30 09:00:00,29.0,54.9,3.3,8,1,9,0,0,217.65
2022-08-30 10:00:00,28.9,67.4,9.5,8,1,10,0,0,191.11
2022-08-30 11:00:00,29.8,53.4,15.6,8,1,11,0,0,187.51
2022-08-30 12:00:00,36.4,64.3,3.7,8,1,12,0,0,229.06
2022-08-30 13:00:00,29.5,62.5,3.0,8,1,13,0,0,178.62
2022-08-30 14:00:00,30.5,68.7,2.6,8,1,14,0,0,174.42
2022-08-30 15:00:00,27.4,55.2,2.2,8,1,15,0,0,163.06
2022-08-30 16:00:00,28.3,76.2,3.0,8,1,16,0,0,181.52
2022-08-30 17:00:00,26.0,65.5,24.9,8,1,17,0,0,172.01
2022-08-30 18:00:00,24.4,73.9,2.8,8,1,18,0,0,199.74
2022-08-30 19:00:00,27.5,73.9,9.3,8,1,19,0,0,179.01
2022-08-30 20:00:00,25.0,58.2,22.3,8,1,20,0,0,175.43
2022-08-30 21:00:00,21.9,76.1,9.9,8,1,21,0,0,200.97
2022-08-30 22:00:00,16.2,60.5,2.3,8,1,22,0,0,161.0
2022-08-30 23:00:00,19.6,59.2,9.3,8,1,23,0,0,164.95
2022-08-31 00:00:00,25.3,83.0,20.7,8,2,0,0,0,134.1
2022-08-31 01:00:00,19.7,79.1,5.1,8,2,1,0,0,153.68
2022-08-31 02:00:00,22.8,85.2,5.0,8,2,2,0,0,127.9
2022-08-31 03:00:00,24.3,64.9,4.3,8,2,3,0,0,128.31
2022-08-31 04:00:00,22.9,69.4,7.6,8,2,4,0,0,130.52
2022-08-31 05:00:00,22.0,73.2,4.2,8,2,5,0,0,147.77
2022-08-31 06:00:00,20.1,69.9,12.3,8,2,6,0,0,162.69
2022-08-31 07:00:00,27.6,60.2,10.3,8,2,7,0,0,178.29
2022-08-31 08:00:00,25.8,59.9,6.1,8,2,8,0,0,173.95
2022-08-31 09:00:00,28.8,67.3,12.3,8,2,9,0,0,170.33
2022-08-31 10:00:00,26.8,58.1,2.8,8,2,10,0,0,225.35
2022-08-31 11:00:00,29.2,56.6,13.1,8,2,11,0,0,183.75
2022-08-31 12:00:00,30.0,68.1,9.4,8,2,12,0,0,189.1
2022-08-31 13:00:00,30.3,64.1,10.0,8,2,13,0,0,179.96
2022-08-31 14:00:00,27.0,74.0,2.5,8,2,14,0,0,172.09
2022-08-31 15:00:00,30.9,61.2,9.7,8,2,15,0,0,158.54
2022-08-31 16:00:00,26.2,62.2,7.5,8,2,16,0,0,166.78
2022-08-31 17:00:00,22.9,71.9,7.3,8,2,17,0,0,193.49
2022-08-31 18:00:00,24.7,61.1,5.1,8,2,18,0,0,146.78
2022-08-31 19:00:00,23.7,62.9,2.1,8,2,19,0,0,189.35
2022-08-31 20:00:00,22.8,63.7,6.4,8,2,20,0,0,174.23
2022-08-31 21:00:00,24.1,66.3,6.1,8,2,21,0,0,203.09
2022-08-31 22:00:00,20.1,84.1,6.4,8,2,22,0,0,199.28
2022-08-31 23:00:00,19.9,59.0,9.6,8,2,23,0,0,160.13
2022-09-01 00:00:00,17.5,81.6,4.9,9,3,0,0,0,156.56
2022-09-01 01:00:00,21.5,75.1,4.5,9,3,1,0,0,130.01
2022-09-01 02:00:00,20.7,82.2,7.5,9,3,2,0,0,103.29
2022-09-01 03:00:00,20.3,94.9,9.2,9,3,3,0,0,135.61
2022-09-01 04:00:00,18.4,82.3,8.7,9,3,4,0,0,138.07
2022-09-01 05:00:00,26.3,74.3,19.1,9,3,5,0,0,142.18
2022-09-01 06:00:00,22.2,58.4,13.7,9,3,6,0,0,94.05
2022-09-01 07:00:00,24.8,58.1,2.4,9,3,7,0,0,134.34
2022-09-01 08:00:00,27.9,68.9,8.6,9,3,8,0,0,155.17
2022-09-01 09:00:00,25.8,53.5,6.3,9,3,9,0,0,179.07
2022-09-01 10:00:00,26.0,71.9,5.6,9,3,10,0,0,196.59
2022-09-01 11:00:00,25.3,50.3,27.3,9,3,11,0,0,148.13
2022-09-01 12:00:00,31.1,73.6,6.9,9,3,12,0,0,188.6
2022-09-01 13:00:00,28.4,63.2,12.2,9,3,13,0,0,159.38
2022-09-01 14:00:00,34.9,63.6,29.3,9,3,14,0,0,215.88
2022-09-01 15:00:00,26.2,60.9,3.3,9,3,15,0,0,153.42
2022-09-01 16:00:00,25.4,52.1,2.4,9,3,16,0,0,151.57
2022-09-01 17:00:00,24.9,77.4,5.0,9,3,17,0,0,158.59
2022-09-01 18:00:00,25.2,78.1,2.4,9,3,18,0,0,155.54
2022-09-01 19:00:00,,66.0,3.0,9,3,19,0,0,198.34
2022-09-01 20:00:00,23.4,73.6,40.3,9,3,20,0,0,173.41
2022-09-01 21:00:00,19.2,67.3,27.8,9,3,21,0,0,172.72
2022-09-01 22:00:00,17.6,73.5,11.4,9,3,22,0,0,183.18
2022-09-01 23:00:00,16.3,77.9,13.2,9,3,23,0,0,149.31
2022-09-02 00:00:00,15.0,76.9,3.2,9,4,0,0,0,188.78
2022-09-02 01:00:00,18.6,81.4,9.2,9,4,1,0,0,118.29
2022-09-02 02:00:00,19.5,74.4,3.3,9,4,2,0,0,166.19
2022-09-02 03:00:00,19.7,70.4,5.8,9,4,3,0,0,134.44
2022-09-02 04:00:00,24.4,61.7,5.4,9,4,4,0,0,129.19
2022-09-02 05:00:00,25.6,63.4,9.6,9,4,5,0,0,151.72
2022-09-02 06:00:00,23.8,74.6,2.7,9,4,6,0,0,149.21
2022-09-02 07:00:00,22.2,56.9,2.9,9,4,7,0,0,171.65
2022-09-02 08:00:00,25.8,75.9,9.5,9,4,8,0,0,178.59
2022-09-02 09:00:00,26.8,64.4,10.1,9,4,9,0,0,191.94
2022-09-02 10:00:00,27.5,59.7,5.3,9,4,10,0,0,203.28
2022-09-02 11:00:00,27.9,57.3,3.3,9,4,11,0,0,183.06
2022-09-02 12:00:00,28.1,71.3,19.4,9,4,12,0,0,188.82
2022-09-02 13:00:00,28.5,65.6,2.4,9,4,13,0,0,181.65
2022-09-02 14:00:00,27.5,79.0,12.1,9,4,14,0,0,184.74
2022-09-02 15:00:00,28.4,55.7,3.2,9,4,15,0,0,157.92
2022-09-02 16:00:00,27.7,61.5,10.1,9,4,16,0,0,182.68
2022-09-02 17:00:00,23.9,67.3,10.7,9,4,17,0,0,152.21
2022-09-02 18:00:00,27.0,60.5,15.0,9,4,18,0,0,146.02
2022-09-02 19:00:00,21.2,69.5,6.0,9,4,19,0,0,167.82
2022-09-02 20:00:00,18.7,73.2,2.2,9,4,20,0,0,193.59
2022-09-02 21:00:00,21.7,73.0,15.3,9,4,21,0,0,188.51
2022-09-02 22:00:00,18.5,82.8,6.7,9,4,22,0,0,184.08
2022-09-02 23:00:00,20.3,59.4,17.0,9,4,23,0,0,169.86
2022-09-03 00:00:00,14.4,75.5,14.0,9,5,0,1,0,115.62
2022-09-03 01:00:00,22.2,63.7,7.5,9,5,1,1,0,139.11
2022-09-03 02:00:00,21.2,72.8,50.0,9,5,2,1,0,109.54
2022-09-03 03:00:00,17.7,74.6,7.0,9,5,3,1,0,127.69
2022-09-03 04:00:00,18.7,62.7,11.5,9,5,4,1,0,127.36
2022-09-03 05:00:00,26.3,59.7,10.9,9,5,5,1,0,92.89
2022-09-03 06:00:00,22.7,72.7,7.8,9,5,6,1,0,136.08
2022-09-03 07:00:00,23.8,68.3,9.0,9,5,7,1,0,144.94
2022-09-03 08:00:00,22.2,67.2,14.8,9,5,8,1,0,154.57
2022-09-03 09:00:00,27.0,71.7,8.8,9,5,9,1,0,172.43
2022-09-03 10:00:00,28.1,71.8,6.8,9,5,10,1,0,174.01
2022-09-03 11:00:00,30.5,60.5,10.7,9,5,11,1,0,173.27
2022-09-03 12:00:00,26.4,60.0,2.3,9,5,12,1,0,167.79
2022-09-03 13:00:00,26.0,56.9,2.9,9,5,13,1,0,130.07
2022-09-03 14:00:00,29.4,65.5,3.1,9,5,14,1,0,151.96
2022-09-03 15:00:00,29.8,53.7,6.4,9,5,15,1,0,132.71
2022-09-03 16:00:00,23.6,69.0,18.4,9,5,16,1,0,125.56
2022-09-03 17:00:00,27.7,75.9,10.2,9,5,17,1,0,108.63
2022-09-03 18:00:00,24.3,65.0,30.8,9,5,18,1,0,126.63
2022-09-03 19:00:00,25.1,63.2,2.3,9,5,19,1,0,158.93
2022-09-03 20:00:00,21.6,85.2,12.2,9,5,20,1,0,163.14
2022-09-03 21:00:00,15.6,84.3,5.0,9,5,21,1,0,173.23
2022-09-03 22:00:00,19.6,64.1,2.2,9,5,22,1,0,136.1
2022-09-03 23:00:00,21.5,70.4,16.0,9,5,23,1,0,131.18
2022-09-04 00:00:00,17.2,74.0,3.4,9,6,0,1,0,146.13
2022-09-04 01:00:00,18.3,72.5,3.9,9,6,1,1,0,116.5
2022-09-04 02:00:00,19.3,84.9,5.3,9,6,2,1,0,136.49
2022-09-04 03:00:00,14.6,73.4,14.4,9,6,3,1,0,136.97
2022-09-04 04:00:00,24.8,69.5,9.8,9,6,4,1,0,101.77
2022-09-04 05:00:00,20.9,75.1,4.5,9,6,5,1,0,128.35
2022-09-04 06:00:00,25.0,77.0,3.5,9,6,6,1,0,111.44
2022-09-04 07:00:00,25.1,75.0,2.9,9,6,7,1,0,124.61
2022-09-04 08:00:00,29.0,69.8,3.3,9,6,8,1,0,160.44
2022-09-04 09:00:00,28.3,53.4,18.2,9,6,9,1,0,160.72
2022-09-04 10:00:00,27.8,62.2,22.5,9,6,10,1,0,180.03
2022-09-04 11:00:00,27.0,73.1,29.5,9,6,11,1,0,147.42
2022-09-04 12:00:00,30.6,66.7,16.4,9,6,12,1,0,160.94
2022-09-04 13:00:00,25.0,74.1,19.5,9,6,13,1,0,136.09
2022-09-04 14:00:00,29.6,80.3,15.5,9,6,14,1,0,172.08
2022-09-04 15:00:00,25.3,57.9,27.4,9,6,15,1,0,139.62
2022-09-04 16:00:00,29.0,74.6,16.9,9,6,16,1,0,147.54
2022-09-04 17:00:00,25.6,64.6,7.0,9,6,17,1,0,154.04
2022-09-04 18:00:00,25.2,74.9,5.1,9,6,18,1,0,162.04
2022-09-04 19:00:00,22.8,68.3,9.0,9,6,19,1,0,177.56
2022-09-04 20:00:00,18.0,88.0,9.5,9,6,20,1,0,188.69
2022-09-04 21:00:00,18.7,71.7,8.8,9,6,21,1,0,160.58
2022-09-04 22:00:00,21.0,64.4,11.8,9,6,22,1,0,149.43
2022-09-04 23:00:00,19.5,73.6,11.6,9,6,23,1,0,143.32
2022-09-05 00:00:00,21.1,72.1,2.7,9,0,0,0,0,151.25
2022-09-05 01:00:00,19.7,79.3,4.7,9,0,1,0,0,138.03
2022-09-05 02:00:00,17.4,74.9,19.6,9,0,2,0,0,140.24
2022-09-05 03:00:00,18.6,90.5,9.1,9,0,3,0,0,132.94
2022-09-05 04:00:00,21.4,68.4,5.2,9,0,4,0,0,126.92
2022-09-05 05:00:00,17.8,70.3,17.2,9,0,5,0,0,139.34
2022-09-05 06:00:00,27.1,61.6,4.3,9,0,6,0,0,159.34
2022-09-05 07:00:00,25.9,67.7,6.2,9,0,7,0,0,181.41
2022-09-05 08:00:00,28.7,67.5,4.6,9,0,8,0,0,192.02
2022-09-05 09:00:00,24.1,70.2,18.4,9,0,9,0,0,190.85
2022-09-05 10:00:00,30.5,65.3,12.4,9,0,10,0,0,223.08
2022-09-05 11:00:00,33.0,58.6,6.9,9,0,11,0,0,197.05
2022-09-05 12:00:00,26.1,59.9,23.5,9,0,12,0,0,174.21
2022-09-05 13:00:00,30.1,62.0,23.0,9,0,13,0,0,179.5
2022-09-05 14:00:00,28.0,75.1,11.9,9,0,14,0,0,169.02
2022-09-05 15:00:00,24.2,78.8,19.8,9,0,15,0,0,166.36
2022-09-05 16:00:00,27.2,65.8,12.2,9,0,16,0,0,162.45
2022-09-05 17:00:00,26.7,59.1,9.9,9,0,17,0,0,176.34
2022-09-05 18:00:00,22.5,68.1,6.4,9,0,18,0,0,155.33
2022-09-05 19:00:00,24.7,84.4,4.6,9,0,19,0,0,195.24
2022-09-05 20:00:00,17.9,79.1,2.5,9,0,20,0,0,212.35
2022-09-05 21:00:00,17.2,75.8,14.9,9,0,21,0,0,206.82
2022-09-05 22:00:00,19.6,77.9,3.0,9,0,22,0,0,169.57
2022-09-05 23:00:00,18.9,82.9,6.2,9,0,23,0,0,170.87
2022-09-06 00:00:00,17.0,62.3,4.1,9,1,0,0,0,135.37
2022-09-06 01:00:00,,66.7,6.9,9,1,1,0,0,134.42
2022-09-06 02:00:00,20.2,65.7,5.0,9,1,2,0,0,140.11
2022-09-06 03:00:00,21.6,73.9,16.2,9,1,3,0,0,144.71
2022-09-06 04:00:00,20.7,70.9,32.6,9,1,4,0,0,136.64
2022-09-06 05:00:00,23.4,74.4,24.7,9,1,5,0,0,137.95
2022-09-06 06:00:00,22.6,64.7,9.8,9,1,6,0,0,137.39
2022-09-06 07:00:00,28.9,76.5,33.0,9,1,7,0,0,158.15
2022-09-06 08:00:00,24.3,67.3,6.1,9,1,8,0,0,208.87
2022-09-06 09:00:00,31.2,70.0,7.9,9,1,9,0,0,178.47
2022-09-06 10:00:00,27.9,75.6,4.4,9,1,10,0,0,175.91
2022-09-06 11:00:00,25.5,76.2,20.3,9,1,11,0,0,179.93
2022-09-06 12:00:00,31.2,67.3,3.6,9,1,12,0,0,203.32
2022-09-06 13:00:00,28.5,72.3,9.5,9,1,13,0,0,185.37
2022-09-06 14:00:00,29.5,79.2,14.9,9,1,14,0,0,174.17
2022-09-06 15:00:00,29.4,69.4,9.2,9,1,15,0,0,145.31
2022-09-06 16:00:00,26.6,60.8,2.7,9,1,16,0,0,159.74
2022-09-06 17:00:00,23.6,72.9,9.6,9,1,17,0,0,139.26
2022-09-06 18:00:00,25.4,67.0,13.7,9,1,18,0,0,181.37
2022-09-06 19:00:00,22.2,50.1,3.7,9,1,19,0,0,190.35
2022-09-06 20:00:00,22.3,72.5,12.7,9,1,20,0,0,188.55
2022-09-06 21:00:00,15.6,73.1,18.9,9,1,21,0,0,175.26
2022-09-06 22:00:00,20.0,79.2,36.4,9,1,22,0,0,153.52
2022-09-06 23:00:00,17.3,65.3,6.2,9,1,23,0,0,145.54
2022-09-07 00:00:00,21.5,57.2,2.2,9,2,0,0,0,143.85
2022-09-07 01:00:00,19.6,71.5,6.3,9,2,1,0,0,190.1
2022-09-07 02:00:00,19.4,73.4,10.6,9,2,2,0,0,134.27
2022-09-07 03:00:00,20.6,70.4,19.8,9,2,3,0,0,120.48
2022-09-07 04:00:00,18.7,70.8,24.3,9,2,4,0,0,132.76
2022-09-07 05:00:00,,58.9,21.2,9,2,5,0,0,116.47
2022-09-07 06:00:00,27.2,65.3,10.6,9,2,6,0,0,136.85
2022-09-07 07:00:00,25.3,64.6,11.2,9,2,7,0,0,149.23
2022-09-07 08:00:00,28.9,74.1,2.0,9,2,8,0,0,198.67
2022-09-07 09:00:00,25.6,70.2,5.6,9,2,9,0,0,187.76
2022-09-07 10:00:00,25.9,64.8,21.0,9,2,10,0,0,175.39
2022-09-07 11:00:00,28.1,79.7,11.4,9,2,11,0,0,200.29
2022-09-07 12:00:00,29.1,63.3,7.0,9,2,12,0,0,206.81
2022-09-07 13:00:00,27.2,70.8,2.9,9,2,13,0,0,182.56
2022-09-07 14:00:00,,64.4,4.3,9,2,14,0,0,152.33
2022-09-07 15:00:00,27.4,79.4,8.5,9,2,15,0,0,136.56
2022-09-07 16:00:00,23.7,68.8,20.2,9,2,16,0,0,125.85
2022-09-07 17:00:00,25.5,68.2,2.8,9,2,17,0,0,183.26
2022-09-07 18:00:00,24.9,66.4,3.3,9,2,18,0,0,168.31
2022-09-07 19:00:00,22.3,70.4,10.5,9,2,19,0,0,198.47
2022-09-07 20:00:00,23.0,78.1,4.8,9,2,20,0,0,189.47
2022-09-07 21:00:00,17.2,78.2,3.5,9,2,21,0,0,203.5
2022-09-07 22:00:00,19.8,70.3,3.6,9,2,22,0,0,190.29
2022-09-07 23:00:00,16.0,85.6,7.4,9,2,23,0,0,167.11
2022-09-08 00:00:00,15.7,79.1,9.0,9,3,0,0,0,169.93
2022-09-08 01:00:00,16.9,68.1,20.8,9,3,1,0,0,129.61
2022-09-08 02:00:00,16.7,60.6,8.0,9,3,2,0,0,127.92
2022-09-08 03:00:00,18.3,67.5,11.4,9,3,3,0,0,145.33
2022-09-08 04:00:00,20.0,73.3,3.6,9,3,4,0,0,148.33
2022-09-08 05:00:00,23.3,73.1,12.0,9,3,5,0,0,147.46
2022-09-08 06:00:00,22.3,79.7,10.4,9,3,6,0,0,134.78
2022-09-08 07:00:00,21.1,60.7,3.9,9,3,7,0,0,152.72
2022-09-08 08:00:00,27.7,62.6,10.9,9,3,8,0,0,184.22
2022-09-08 09:00:00,24.8,58.2,3.9,9,3,9,0,0,212.99
2022-09-08 10:00:00,27.2,55.7,9.2,9,3,10,0,0,210.9
2022-09-08 11:00:00,28.7,60.6,10.8,9,3,11,0,0,178.35
2022-09-08 12:00:00,28.3,68.8,11.5,9,3,12,0,0,168.3
2022-09-08 13:00:00,30.0,71.2,21.2,9,3,13,0,0,197.41
2022-09-08 14:00:00,28.2,58.3,25.6,9,3,14,0,0,162.92
2022-09-08 15:00:00,24.8,61.1,15.3,9,3,15,0,0,143.66
2022-09-08 16:00:00,29.8,50.9,18.9,9,3,16,0,0,163.7
2022-09-08 17:00:00,24.6,69.4,2.2,9,3,17,0,0,150.79
2022-09-08 18:00:00,22.7,62.8,5.6,9,3,18,0,0,190.56
2022-09-08 19:00:00,23.6,81.5,2.3,9,3,19,0,0,215.22
2022-09-08 20:00:00,20.9,72.8,4.0,9,3,20,0,0,218.2
2022-09-08 21:00:00,20.2,68.5,5.8,9,3,21,0,0,205.62
2022-09-08 22:00:00,23.6,63.1,18.2,9,3,22,0,0,164.93
2022-09-08 23:00:00,17.6,59.3,7.7,9,3,23,0,0,180.21
2022-09-09 00:00:00,17.1,60.5,10.4,9,4,0,0,0,169.49
2022-09-09 01:00:00,18.1,66.0,5.6,9,4,1,0,0,157.84
2022-09-09 02:00:00,20.5,64.2,9.4,9,4,2,0,0,145.27
2022-09-09 03:00:00,16.1,63.9,15.5,9,4,3,0,0,137.91
2022-09-09 04:00:00,16.3,74.9,4.9,9,4,4,0,0,132.35
2022-09-09 05:00:00,20.2,74.0,23.5,9,4,5,0,0,163.23
2022-09-09 06:00:00,19.4,66.6,3.9,9,4,6,0,0,151.7
2022-09-09 07:00:00,23.1,83.9,22.1,9,4,7,0,0,174.68
2022-09-09 08:00:00,26.2,52.9,2.2,9,4,8,0,0,208.66
2022-09-09 09:00:00,24.5,68.2,8.3,9,4,9,0,0,192.72
2022-09-09 10:00:00,24.2,66.2,35.7,9,4,10,0,0,185.76
2022-09-09 11:00:00,27.7,61.8,9.5,9,4,11,0,0,169.22
2022-09-09 12:00:00,29.4,59.7,8.5,9,4,12,0,0,169.74
2022-09-09 13:00:00,24.1,67.9,11.2,9,4,13,0,0,179.72
2022-09-09 14:00:00,28.7,63.9,4.7,9,4,14,0,0,159.17
2022-09-09 15:00:00,27.9,62.9,2.4,9,4,15,0,0,144.22
2022-09-09 16:00:00,27.1,56.1,4.3,9,4,16,0,0,137.01
2022-09-09 17:00:00,26.4,53.8,3.6,9,4,17,0,0,164.08
2022-09-09 18:00:00,27.1,64.1,22.6,9,4,18,0,0,170.29
2022-09-09 19:00:00,20.7,66.4,17.3,9,4,19,0,0,196.98
2022-09-09 20:00:00,20.4,68.2,5.1,9,4,20,0,0,178.73
2022-09-09 21:00:00,18.3,70.0,16.5,9,4,21,0,0,207.09
2022-09-09 22:00:00,18.4,66.6,3.9,9,4,22,0,0,162.4
2022-09-09 23:00:00,20.9,67.8,3.8,9,4,23,0,0,148.94
2022-09-10 00:00:00,14.8,65.8,13.7,9,5,0,1,0,131.62
2022-09-10 01:00:00,15.9,84.2,5.2,9,5,1,1,0,130.69
2022-09-10 02:00:00,20.9,63.2,2.5,9,5,2,1,0,119.06
2022-09-10 03:00:00,20.9,66.6,12.2,9,5,3,1,0,86.58
2022-09-10 04:00:00,19.2,64.6,38.5,9,5,4,1,0,100.03
2022-09-10 05:00:00,22.9,62.6,8.7,9,5,5,1,0,88.65
2022-09-10 06:00:00,23.1,68.6,4.4,9,5,6,1,0,93.32
2022-09-10 07:00:00,26.7,65.8,5.7,9,5,7,1,0,166.94
2022-09-10 08:00:00,25.1,63.8,10.4,9,5,8,1,0,159.35
2022-09-10 09:00:00,28.0,63.7,11.7,9,5,9,1,0,158.56
2022-09-10 10:00:00,32.1,58.2,19.4,9,5,10,1,0,142.67
2022-09-10 11:00:00,28.5,69.0,21.2,9,5,11,1,0,150.17
2022-09-10 12:00:00,27.5,82.7,17.8,9,5,12,1,0,158.52
2022-09-10 13:00:00,28.7,58.6,10.4,9,5,13,1,0,136.61
2022-09-10 14:00:00,26.0,70.1,6.8,9,5,14,1,0,159.66
2022-09-10 15:00:00,30.8,65.0,11.1,9,5,15,1,0,155.62
2022-09-10 16:00:00,25.3,72.7,10.8,9,5,16,1,0,121.04
2022-09-10 17:00:00,23.2,74.0,4.0,9,5,17,1,0,119.68
2022-09-10 18:00:00,20.8,71.3,7.7,9,5,18,1,0,165.31
2022-09-10 19:00:00,23.3,68.0,3.9,9,5,19,1,0,176.84
2022-09-10 20:00:00,21.7,65.7,20.4,9,5,20,1,0,170.9
2022-09-10 21:00:00,17.9,64.9,5.1,9,5,21,1,0,191.67
2022-09-10 22:00:00,19.3,69.6,15.1,9,5,22,1,0,156.33
2022-09-10 23:00:00,14.6,62.4,5.8,9,5,23,1,0,153.93
2022-09-11 00:00:00,17.6,66.5,13.5,9,6,0,1,0,133.08
2022-09-11 01:00:00,18.3,79.7,4.0,9,6,1,1,0,141.8
2022-09-11 02:00:00,21.3,70.2,13.5,9,6,2,1,0,117.08
2022-09-11 03:00:00,17.1,78.6,3.6,9,6,3,1,0,118.3
2022-09-11 04:00:00,17.1,83.2,7.4,9,6,4,1,0,134.39
2022-09-11 05:00:00,19.1,69.0,3.0,9,6,5,1,0,121.96
2022-09-11 06:00:00,19.5,,8.0,9,6,6,1,0,119.36
2022-09-11 07:00:00,26.2,64.5,15.8,9,6,7,1,0,134.65
2022-09-11 08:00:00,27.8,59.6,13.3,9,6,8,1,0,142.14
2022-09-11 09:00:00,26.4,59.2,2.4,9,6,9,1,0,156.27
2022-09-11 10:00:00,29.0,72.3,7.4,9,6,10,1,0,157.34
2022-09-11 11:00:00,27.3,68.0,17.3,9,6,11,1,0,170.2
2022-09-11 12:00:00,27.0,81.3,10.4,9,6,12,1,0,156.84
2022-09-11 13:00:00,26.4,74.6,2.5,9,6,13,1,0,156.35
2022-09-11 14:00:00,25.9,61.2,5.2,9,6,14,1,0,141.32
2022-09-11 15:00:00,22.6,75.4,8.5,9,6,15,1,0,118.01
2022-09-11 16:00:00,25.2,65.0,3.5,9,6,16,1,0,155.91
2022-09-11 17:00:00,23.4,78.0,11.2,9,6,17,1,0,137.99
2022-09-11 18:00:00,23.7,64.3,10.1,9,6,18,1,0,143.81
2022-09-11 19:00:00,,61.0,3.8,9,6,19,1,0,165.14
2022-09-11 20:00:00,19.4,64.0,8.4,9,6,20,1,0,170.24
2022-09-11 21:00:00,16.9,65.6,15.4,9,6,21,1,0,202.79
2022-09-11 22:00:00,18.0,64.3,5.8,9,6,22,1,0,163.61
2022-09-11 23:00:00,18.8,66.0,4.3,9,6,23,1,0,135.87
2022-09-12 00:00:00,14.6,79.5,11.7,9,0,0,0,0,188.53
2022-09-12 01:00:00,17.3,85.7,2.6,9,0,1,0,0,128.42
2022-09-12 02:00:00,,60.3,16.3,9,0,2,0,0,123.94
2022-09-12 03:00:00,17.0,81.6,25.0,9,0,3,0,0,125.08
2022-09-12 04:00:00,18.3,67.1,28.8,9,0,4,0,0,126.85
2022-09-12 05:00:00,21.1,72.2,6.5,9,0,5,0,0,147.99
2022-09-12 06:00:00,19.7,56.9,9.8,9,0,6,0,0,152.64
2022-09-12 07:00:00,23.9,72.2,17.6,9,0,7,0,0,162.1
2022-09-12 08:00:00,22.6,52.6,4.0,9,0,8,0,0,175.65
2022-09-12 09:00:00,27.6,68.7,2.2,9,0,9,0,0,187.67
2022-09-12 10:00:00,30.9,66.6,5.9,9,0,10,0,0,221.3
2022-09-12 11:00:00,25.0,69.0,19.3,9,0,11,0,0,150.67
2022-09-12 12:00:00,28.0,60.1,7.6,9,0,12,0,0,138.15
2022-09-12 13:00:00,25.3,71.7,8.0,9,0,13,0,0,176.17
2022-09-12 14:00:00,28.3,69.0,11.4,9,0,14,0,0,159.58
2022-09-12 15:00:00,22.9,66.9,8.8,9,0,15,0,0,179.69
2022-09-12 16:00:00,25.4,72.7,2.4,9,0,16,0,0,179.84
2022-09-12 17:00:00,21.5,68.5,8.6,9,0,17,0,0,173.21
2022-09-12 18:00:00,21.5,73.5,10.4,9,0,18,0,0,168.89
2022-09-12 19:00:00,18.6,69.7,10.2,9,0,19,0,0,199.18
2022-09-12 20:00:00,21.1,71.2,12.4,9,0,20,0,0,184.41
2022-09-12 21:00:00,16.7,76.2,7.9,9,0,21,0,0,197.1
2022-09-12 22:00:00,18.7,67.5,20.4,9,0,22,0,0,167.11
2022-09-12 23:00:00,16.4,61.9,7.0,9,0,23,0,0,174.76
2022-09-13 00:00:00,16.4,74.0,7.8,9,1,0,0,0,150.73
2022-09-13 01:00:00,17.1,80.9,14.1,9,1,1,0,0,161.01
2022-09-13 02:00:00,15.8,74.5,16.3,9,1,2,0,0,147.88
2022-09-13 03:00:00,18.6,73.3,10.4,9,1,3,0,0,127.19
2022-09-13 04:00:00,22.2,68.5,3.1,9,1,4,0,0,130.01
2022-09-13 05:00:00,18.8,76.5,5.2,9,1,5,0,0,127.99
2022-09-13 06:00:00,24.0,66.5,2.2,9,1,6,0,0,123.17
2022-09-13 07:00:00,26.0,63.4,4.8,9,1,7,0,0,176.57
2022-09-13 08:00:00,22.5,77.6,8.8,9,1,8,0,0,165.94
2022-09-13 09:00:00,22.3,64.6,15.1,9,1,9,0,0,154.85
2022-09-13 10:00:00,26.6,73.8,9.0,9,1,10,0,0,194.55
2022-09-13 11:00:00,25.4,76.1,2.3,9,1,11,0,0,175.23
2022-09-13 12:00:00,30.4,69.3,4.4,9,1,12,0,0,188.46
2022-09-13 13:00:00,26.6,56.7,8.9,9,1,13,0,0,143.24
2022-09-13 14:00:00,24.4,68.0,11.9,9,1,14,0,0,165.15
2022-09-13 15:00:00,22.9,66.9,18.1,9,1,15,0,0,150.63
2022-09-13 16:00:00,26.4,62.9,29.4,9,1,16,0,0,157.12
2022-09-13 17:00:00,21.8,70.2,19.8,9,1,17,0,0,152.82
2022-09-13 18:00:00,21.8,75.3,7.0,9,1,18,0,0,182.05
2022-09-13 19:00:00,22.3,65.2,13.0,9,1,19,0,0,161.55
2022-09-13 20:00:00,18.2,69.5,4.2,9,1,20,0,0,231.47
2022-09-13 21:00:00,18.0,69.0,2.5,9,1,21,0,0,199.88
2022-09-13 22:00:00,17.3,80.7,2.5,9,1,22,0,0,213.34
2022-09-13 23:00:00,18.2,68.8,4.2,9,1,23,0,0,166.13
2022-09-14 00:00:00,17.6,61.3,2.3,9,2,0,0,0,134.84
2022-09-14 01:00:00,16.1,59.3,17.2,9,2,1,0,0,133.26
2022-09-14 02:00:00,17.2,74.3,7.4,9,2,2,0,0,141.02
2022-09-14 03:00:00,17.1,65.3,15.3,9,2,3,0,0,131.17
2022-09-14 04:00:00,16.0,77.4,24.5,9,2,4,0,0,165.68
2022-09-14 05:00:00,20.6,59.0,42.8,9,2,5,0,0,108.12
2022-09-14 06:00:00,25.2,63.1,24.1,9,2,6,0,0,132.92
2022-09-14 07:00:00,,58.9,12.1,9,2,7,0,0,164.63
2022-09-14 08:00:00,22.4,72.3,6.7,9,2,8,0,0,146.91
2022-09-14 09:00:00,23.2,73.6,9.3,9,2,9,0,0,178.44
2022-09-14 10:00:00,27.2,69.1,15.6,9,2,10,0,0,186.79
2022-09-14 11:00:00,27.1,57.7,20.2,9,2,11,0,0,181.8
2022-09-14 12:00:00,26.1,61.0,27.1,9,2,12,0,0,167.4
2022-09-14 13:00:00,24.4,69.7,12.5,9,2,13,0,0,190.75
2022-09-14 14:00:00,25.9,53.5,8.2,9,2,14,0,0,142.05
2022-09-14 15:00:00,21.8,67.2,29.6,9,2,15,0,0,133.75
2022-09-14 16:00:00,24.2,80.0,27.5,9,2,16,0,0,161.37
2022-09-14 17:00:00,24.5,66.3,7.2,9,2,17,0,0,169.26
2022-09-14 18:00:00,18.9,58.6,10.4,9,2,18,0,0,179.32
2022-09-14 19:00:00,17.1,66.6,15.3,9,2,19,0,0,167.68
2022-09-14 20:00:00,22.1,63.9,6.5,9,2,20,0,0,223.62
2022-09-14 21:00:00,,88.8,16.1,9,2,21,0,0,202.77
2022-09-14 22:00:00,19.4,83.6,2.9,9,2,22,0,0,160.89
2022-09-14 23:00:00,16.3,77.7,7.2,9,2,23,0,0,185.02
2022-09-15 00:00:00,15.8,69.3,7.3,9,3,0,0,0,138.62
2022-09-15 01:00:00,17.2,81.0,11.2,9,3,1,0,0,161.23
2022-09-15 02:00:00,15.1,63.4,3.0,9,3,2,0,0,127.18
2022-09-15 03:00:00,17.9,79.7,2.9,9,3,3,0,0,156.84
2022-09-15 04:00:00,17.9,78.5,20.5,9,3,4,0,0,116.89
2022-09-15 05:00:00,17.2,70.2,4.9,9,3,5,0,0,133.88
2022-09-15 06:00:00,21.8,78.2,5.2,9,3,6,0,0,155.51
2022-09-15 07:00:00,21.9,65.5,14.0,9,3,7,0,0,145.5
2022-09-15 08:00:00,23.3,58.2,6.3,9,3,8,0,0,158.77
2022-09-15 09:00:00,22.3,76.7,16.3,9,3,9,0,0,153.17
2022-09-15 10:00:00,28.7,65.0,6.1,9,3,10,0,0,187.59
2022-09-15 11:00:00,27.7,70.9,13.4,9,3,11,0,0,197.54
2022-09-15 12:00:00,28.1,80.5,8.0,9,3,12,0,0,210.83
2022-09-15 13:00:00,25.4,61.5,24.0,9,3,13,0,0,166.57
2022-09-15 14:00:00,22.0,67.8,5.2,9,3,14,0,0,167.54
2022-09-15 15:00:00,28.6,78.3,5.6,9,3,15,0,0,144.32
2022-09-15 16:00:00,23.5,73.6,30.0,9,3,16,0,0,147.96
2022-09-15 17:00:00,21.0,63.9,12.7,9,3,17,0,0,151.38
2022-09-15 18:00:00,22.0,61.4,13.8,9,3,18,0,0,148.1
2022-09-15 19:00:00,22.2,64.7,4.8,9,3,19,0,0,168.23
2022-09-15 20:00:00,18.6,64.8,8.1,9,3,20,0,0,203.28
2022-09-15 21:00:00,20.2,71.8,5.0,9,3,21,0,0,181.8
2022-09-15 22:00:00,19.0,71.1,4.4,9,3,22,0,0,158.53
2022-09-15 23:00:00,14.2,75.1,8.1,9,3,23,0,0,172.21
2022-09-16 00:00:00,14.6,66.0,37.2,9,4,0,0,0,147.89
2022-09-16 01:00:00,18.0,70.4,3.9,9,4,1,0,0,135.94
2022-09-16 02:00:00,11.1,58.0,4.2,9,4,2,0,0,143.93
2022-09-16 03:00:00,17.1,72.6,4.2,9,4,3,0,0,127.02
2022-09-16 04:00:00,15.5,81.6,14.6,9,4,4,0,0,158.59
2022-09-16 05:00:00,18.7,59.3,7.7,9,4,5,0,0,109.74
2022-09-16 06:00:00,20.3,73.7,5.9,9,4,6,0,0,148.44
2022-09-16 07:00:00,21.5,64.4,16.9,9,4,7,0,0,151.26
2022-09-16 08:00:00,22.3,75.3,4.8,9,4,8,0,0,161.17
2022-09-16 09:00:00,22.2,70.1,6.0,9,4,9,0,0,164.95
2022-09-16 10:00:00,29.8,68.3,2.6,9,4,10,0,0,214.18
2022-09-16 11:00:00,29.5,65.8,3.0,9,4,11,0,0,208.34
2022-09-16 12:00:00,23.6,78.8,3.2,9,4,12,0,0,177.47
2022-09-16 13:00:00,28.9,68.3,5.4,9,4,13,0,0,166.36
2022-09-16 14:00:00,24.4,62.1,7.9,9,4,14,0,0,157.35
2022-09-16 15:00:00,24.7,68.4,2.0,9,4,15,0,0,165.49
2022-09-16 16:00:00,23.3,65.4,3.7,9,4,16,0,0,157.26
2022-09-16 17:00:00,20.9,70.9,3.5,9,4,17,0,0,174.32
2022-09-16 18:00:00,22.9,65.2,4.3,9,4,18,0,0,171.55
2022-09-16 19:00:00,19.9,64.7,3.5,9,4,19,0,0,141.85
2022-09-16 20:00:00,17.5,72.9,3.7,9,4,20,0,0,197.27
2022-09-16 21:00:00,14.8,73.1,35.0,9,4,21,0,0,198.09
2022-09-16 22:00:00,14.8,81.1,9.2,9,4,22,0,0,192.45
2022-09-16 23:00:00,12.8,70.3,13.5,9,4,23,0,0,188.68
2022-09-17 00:00:00,15.7,56.3,15.7,9,5,0,1,0,118.51
2022-09-17 01:00:00,13.4,70.4,10.8,9,5,1,1,0,129.08
2022-09-17 02:00:00,,59.1,11.7,9,5,2,1,0,116.44
2022-09-17 03:00:00,19.9,73.4,10.0,9,5,3,1,0,137.39
2022-09-17 04:00:00,20.5,56.3,10.4,9,5,4,1,0,117.56
2022-09-17 05:00:00,19.3,62.4,23.1,9,5,5,1,0,118.86
2022-09-17 06:00:00,20.5,66.9,3.6,9,5,6,1,0,129.46
2022-09-17 07:00:00,25.7,79.5,4.6,9,5,7,1,0,122.04
2022-09-17 08:00:00,24.2,59.3,2.8,9,5,8,1,0,163.3
2022-09-17 09:00:00,23.5,68.3,16.5,9,5,9,1,0,162.68
2022-09-17 10:00:00,22.1,73.6,6.8,9,5,10,1,0,164.14
2022-09-17 11:00:00,26.3,78.7,21.0,9,5,11,1,0,153.47
2022-09-17 12:00:00,27.3,72.6,6.2,9,5,12,1,0,162.08
2022-09-17 13:00:00,24.2,76.6,6.7,9,5,13,1,0,137.24
2022-09-17 14:00:00,25.6,74.1,6.8,9,5,14,1,0,147.45
2022-09-17 15:00:00,23.5,58.6,9.6,9,5,15,1,0,113.82
2022-09-17 16:00:00,22.8,71.5,13.6,9,5,16,1,0,101.88
2022-09-17 17:00:00,17.0,78.3,5.5,9,5,17,1,0,132.14
2022-09-17 18:00:00,20.2,62.2,10.0,9,5,18,1,0,150.89
2022-09-17 19:00:00,21.3,64.7,3.8,9,5,19,1,0,158.4
2022-09-17 20:00:00,16.9,65.1,8.5,9,5,20,1,0,169.64
2022-09-17 21:00:00,17.2,77.6,8.3,9,5,21,1,0,150.69
2022-09-17 22:00:00,14.8,72.0,19.6,9,5,22,1,0,163.57
2022-09-17 23:00:00,16.5,69.2,20.1,9,5,23,1,0,125.6
2022-09-18 00:00:00,15.0,62.3,7.3,9,6,0,1,0,138.38
2022-09-18 01:00:00,13.7,72.6,2.2,9,6,1,1,0,114.64
2022-09-18 02:00:00,18.7,66.1,16.9,9,6,2,1,0,93.85
2022-09-18 03:00:00,18.7,72.6,2.0,9,6,3,1,0,98.95
2022-09-18 04:00:00,16.7,62.5,7.2,9,6,4,1,0,123.53
2022-09-18 05:00:00,20.1,71.4,2.2,9,6,5,1,0,113.51
2022-09-18 06:00:00,21.5,65.8,5.5,9,6,6,1,0,131.0
2022-09-18 07:00:00,23.0,58.5,10.1,9,6,7,1,0,146.88
2022-09-18 08:00:00,19.5,59.6,5.7,9,6,8,1,0,170.62
2022-09-18 09:00:00,25.9,57.6,22.9,9,6,9,1,0,149.41
2022-09-18 10:00:00,23.6,66.6,10.2,9,6,10,1,0,138.92
2022-09-18 11:00:00,24.5,68.7,10.3,9,6,11,1,0,172.26
2022-09-18 12:00:00,30.7,66.8,5.8,9,6,12,1,0,186.81
2022-09-18 13:00:00,25.8,69.6,2.3,9,6,13,1,0,142.29
2022-09-18 14:00:00,23.9,62.0,12.7,9,6,14,1,0,147.46
2022-09-18 15:00:00,19.5,78.7,12.1,9,6,15,1,0,137.2
2022-09-18 16:00:00,25.7,63.6,8.0,9,6,16,1,0,109.29
2022-09-18 17:00:00,19.0,74.1,6.3,9,6,17,1,0,134.93
2022-09-18 18:00:00,18.4,69.5,8.2,9,6,18,1,0,146.73
2022-09-18 19:00:00,18.4,73.8,13.0,9,6,19,1,0,158.67
2022-09-18 20:00:00,20.7,67.9,12.0,9,6,20,1,0,150.8
2022-09-18 21:00:00,18.4,73.9,10.6,9,6,21,1,0,150.96
2022-09-18 22:00:00,15.7,72.1,20.7,9,6,22,1,0,175.5
2022-09-18 23:00:00,16.2,78.4,9.5,9,6,23,1,0,124.18
2022-09-19 00:00:00,13.9,66.5,2.1,9,0,0,0,0,152.82
2022-09-19 01:00:00,15.6,58.1,9.7,9,0,1,0,0,155.06
2022-09-19 02:00:00,15.9,64.2,9.6,9,0,2,0,0,132.64
2022-09-19 03:00:00,18.5,79.3,2.6,9,0,3,0,0,146.58
2022-09-19 04:00:00,19.6,69.0,6.5,9,0,4,0,0,130.61
2022-09-19 05:00:00,19.8,70.8,10.4,9,0,5,0,0,147.97
2022-09-19 06:00:00,19.4,61.9,11.8,9,0,6,0,0,131.37
2022-09-19 07:00:00,22.9,69.1,19.9,9,0,7,0,0,125.14
2022-09-19 08:00:00,22.4,60.6,16.7,9,0,8,0,0,156.16
2022-09-19 09:00:00,21.5,62.2,3.0,9,0,9,0,0,151.67
2022-09-19 10:00:00,23.7,65.0,9.5,9,0,10,0,0,179.37
2022-09-19 11:00:00,25.1,71.0,9.3,9,0,11,0,0,163.53
2022-09-19 12:00:00,26.9,70.9,4.9,9,0,12,0,0,161.3
2022-09-19 13:00:00,24.6,72.3,3.6,9,0,13,0,0,188.47
2022-09-19 14:00:00,22.0,56.3,3.8,9,0,14,0,0,158.6
2022-09-19 15:00:00,23.8,68.1,3.6,9,0,15,0,0,134.46
2022-09-19 16:00:00,22.9,67.0,15.1,9,0,16,0,0,152.74
2022-09-19 17:00:00,21.8,56.8,3.3,9,0,17,0,0,161.33
2022-09-19 18:00:00,22.0,69.1,4.5,9,0,18,0,0,146.76
2022-09-19 19:00:00,20.9,67.6,4.0,9,0,19,0,0,194.12
2022-09-19 20:00:00,16.4,75.9,12.0,9,0,20,0,0,213.79
2022-09-19 21:00:00,15.4,73.0,3.4,9,0,21,0,0,195.18
2022-09-19 22:00:00,13.7,68.7,2.2,9,0,22,0,0,191.55
2022-09-19 23:00:00,16.7,79.1,5.8,9,0,23,0,0,167.5
2022-09-20 00:00:00,17.8,53.3,4.9,9,1,0,0,0,152.31
2022-09-20 01:00:00,14.4,72.3,6.1,9,1,1,0,0,152.18
2022-09-20 02:00:00,15.1,58.4,13.2,9,1,2,0,0,137.17
2022-09-20 03:00:00,19.3,63.1,2.1,9,1,3,0,0,122.66
2022-09-20 04:00:00,18.4,75.0,2.3,9,1,4,0,0,172.92
2022-09-20 05:00:00,19.4,60.1,4.4,9,1,5,0,0,137.76
2022-09-20 06:00:00,17.5,59.9,19.6,9,1,6,0,0,156.32
2022-09-20 07:00:00,22.5,87.8,3.5,9,1,7,0,0,170.68
2022-09-20 08:00:00,20.5,58.9,48.6,9,1,8,0,0,107.85
2022-09-20 09:00:00,21.1,82.6,15.1,9,1,9,0,0,173.12
2022-09-20 10:00:00,23.5,66.9,6.9,9,1,10,0,0,164.85
2022-09-20 11:00:00,23.5,64.0,13.0,9,1,11,0,0,189.41
2022-09-20 12:00:00,24.4,72.3,7.9,9,1,12,0,0,153.46
2022-09-20 13:00:00,21.8,79.8,8.7,9,1,13,0,0,171.85
2022-09-20 14:00:00,26.1,57.8,9.0,9,1,14,0,0,171.55
2022-09-20 15:00:00,25.7,63.1,10.4,9,1,15,0,0,159.38
2022-09-20 16:00:00,18.5,77.5,2.5,9,1,16,0,0,165.92
2022-09-20 17:00:00,23.1,70.7,9.7,9,1,17,0,0,158.82
2022-09-20 18:00:00,18.2,79.7,12.1,9,1,18,0,0,178.79
2022-09-20 19:00:00,20.3,74.0,5.0,9,1,19,0,0,170.63
2022-09-20 20:00:00,17.2,85.8,32.7,9,1,20,0,0,192.73
2022-09-20 21:00:00,16.4,73.2,3.2,9,1,21,0,0,214.28
2022-09-20 22:00:00,15.2,74.2,21.3,9,1,22,0,0,169.44
2022-09-20 23:00:00,17.5,73.8,11.0,9,1,23,0,0,170.04
2022-09-21 00:00:00,12.1,72.8,10.7,9,2,0,0,0,167.76
2022-09-21 01:00:00,16.0,78.8,18.7,9,2,1,0,0,150.85
2022-09-21 02:00:00,17.5,73.2,16.3,9,2,2,0,0,128.23
2022-09-21 03:00:00,17.5,77.6,5.4,9,2,3,0,0,118.05
2022-09-21 04:00:00,21.8,76.7,11.8,9,2,4,0,0,118.01
2022-09-21 05:00:00,17.3,74.8,2.4,9,2,5,0,0,116.26
2022-09-21 06:00:00,21.5,73.3,7.0,9,2,6,0,0,162.74
2022-09-21 07:00:00,20.7,61.6,24.2,9,2,7,0,0,154.79
2022-09-21 08:00:00,24.6,63.3,4.6,9,2,8,0,0,170.47
2022-09-21 09:00:00,23.1,75.2,2.4,9,2,9,0,0,172.47
2022-09-21 10:00:00,23.2,79.8,9.0,9,2,10,0,0,182.31
2022-09-21 11:00:00,27.1,50.9,5.5,9,2,11,0,0,179.96
2022-09-21 12:00:00,23.6,63.6,5.8,9,2,12,0,0,162.24
2022-09-21 13:00:00,21.6,69.4,9.0,9,2,13,0,0,153.94
2022-09-21 14:00:00,22.9,61.5,9.8,9,2,14,0,0,172.92
2022-09-21 15:00:00,24.4,61.2,6.6,9,2,15,0,0,135.8
2022-09-21 16:00:00,24.9,71.4,7.7,9,2,16,0,0,175.31
2022-09-21 17:00:00,21.1,82.1,42.0,9,2,17,0,0,127.64
2022-09-21 18:00:00,22.2,52.6,27.2,9,2,18,0,0,185.59
2022-09-21 19:00:00,15.6,70.8,11.8,9,2,19,0,0,160.03
2022-09-21 20:00:00,16.2,75.6,3.4,9,2,20,0,0,211.29
2022-09-21 21:00:00,15.5,78.5,5.6,9,2,21,0,0,191.74
2022-09-21 22:00:00,15.1,75.0,19.2,9,2,22,0,0,181.74
2022-09-21 23:00:00,15.0,86.6,6.4,9,2,23,0,0,181.16
2022-09-22 00:00:00,15.7,72.4,26.9,9,3,0,0,0,155.67
2022-09-22 01:00:00,13.6,83.7,7.4,9,3,1,0,0,132.36
2022-09-22 02:00:00,15.3,67.2,17.8,9,3,2,0,0,139.35
2022-09-22 03:00:00,15.7,72.6,2.3,9,3,3,0,0,148.31
2022-09-22 04:00:00,15.0,62.8,6.6,9,3,4,0,0,135.56
2022-09-22 05:00:00,17.8,78.3,11.6,9,3,5,0,0,144.53
2022-09-22 06:00:00,19.1,69.5,17.9,9,3,6,0,0,136.64
2022-09-22 07:00:00,20.3,72.7,9.5,9,3,7,0,0,168.11
2022-09-22 08:00:00,21.9,66.5,3.5,9,3,8,0,0,175.98
2022-09-22 09:00:00,23.0,73.2,19.4,9,3,9,0,0,177.05
2022-09-22 10:00:00,22.8,71.8,8.8,9,3,10,0,0,192.17
2022-09-22 11:00:00,26.7,58.7,2.9,9,3,11,0,0,201.92
2022-09-22 12:00:00,22.0,61.5,7.0,9,3,12,0,0,153.29
2022-09-22 13:00:00,22.7,68.4,11.6,9,3,13,0,0,193.02
2022-09-22 14:00:00,29.2,70.7,6.8,9,3,14,0,0,176.32
2022-09-22 15:00:00,20.8,84.5,18.4,9,3,15,0,0,147.07
2022-09-22 16:00:00,19.1,72.9,6.4,9,3,16,0,0,195.93
2022-09-22 17:00:00,22.1,77.0,9.0,9,3,17,0,0,160.43
2022-09-22 18:00:00,15.2,59.5,3.9,9,3,18,0,0,168.56
2022-09-22 19:00:00,17.6,87.3,7.8,9,3,19,0,0,189.83
2022-09-22 20:00:00,21.1,74.3,4.0,9,3,20,0,0,187.09
2022-09-22 21:00:00,12.7,73.2,4.0,9,3,21,0,0,228.01
2022-09-22 22:00:00,11.1,73.2,4.6,9,3,22,0,0,207.12
2022-09-22 23:00:00,11.5,65.4,2.4,9,3,23,0,0,195.34
2022-09-23 00:00:00,15.9,65.5,3.4,9,4,0,0,0,156.71
2022-09-23 01:00:00,16.5,87.0,6.4,9,4,1,0,0,170.78
2022-09-23 02:00:00,,65.2,3.1,9,4,2,0,0,147.58
2022-09-23 03:00:00,16.9,63.5,3.1,9,4,3,0,0,135.89
2022-09-23 04:00:00,19.4,64.7,29.5,9,4,4,0,0,113.72
2022-09-23 05:00:00,21.4,59.7,6.5,9,4,5,0,0,132.66
2022-09-23 06:00:00,18.6,70.8,6.1,9,4,6,0,0,161.51
2022-09-23 07:00:00,15.8,80.8,4.5,9,4,7,0,0,184.61
2022-09-23 08:00:00,20.0,65.1,7.7,9,4,8,0,0,194.53
2022-09-23 09:00:00,21.8,58.1,9.3,9,4,9,0,0,172.52
2022-09-23 10:00:00,22.9,70.9,6.3,9,4,10,0,0,179.3
2022-09-23 11:00:00,23.6,67.8,6.0,9,4,11,0,0,185.36
2022-09-23 12:00:00,26.3,74.9,11.6,9,4,12,0,0,167.51
2022-09-23 13:00:00,26.5,63.1,25.9,9,4,13,0,0,146.2
2022-09-23 14:00:00,23.1,66.4,18.8,9,4,14,0,0,155.16
2022-09-23 15:00:00,24.8,66.4,3.0,9,4,15,0,0,152.61
2022-09-23 16:00:00,22.3,69.6,10.5,9,4,16,0,0,152.07
2022-09-23 17:00:00,20.5,66.6,2.1,9,4,17,0,0,176.64
2022-09-23 18:00:00,20.9,65.1,10.0,9,4,18,0,0,178.74
2022-09-23 19:00:00,17.9,56.2,7.0,9,4,19,0,0,217.79
2022-09-23 20:00:00,20.7,65.1,7.4,9,4,20,0,0,205.08
2022-09-23 21:00:00,12.7,79.4,9.1,9,4,21,0,0,199.75
2022-09-23 22:00:00,13.7,79.9,12.9,9,4,22,0,0,187.89
2022-09-23 23:00:00,14.0,69.2,12.5,9,4,23,0,0,157.88
2022-09-24 00:00:00,14.7,83.0,2.4,9,5,0,1,0,125.9
2022-09-24 01:00:00,16.5,71.5,12.7,9,5,1,1,0,139.36
2022-09-24 02:00:00,14.5,62.1,16.2,9,5,2,1,0,112.94
2022-09-24 03:00:00,12.5,60.6,2.6,9,5,3,1,0,108.91
2022-09-24 04:00:00,18.0,80.7,5.1,9,5,4,1,0,89.09
2022-09-24 05:00:00,19.1,67.5,14.6,9,5,5,1,0,92.24
2022-09-24 06:00:00,15.0,62.8,7.4,9,5,6,1,0,123.06
2022-09-24 07:00:00,20.1,51.9,11.5,9,5,7,1,0,127.78
2022-09-24 08:00:00,18.2,67.8,7.6,9,5,8,1,0,141.59
2022-09-24 09:00:00,21.0,72.7,32.6,9,5,9,1,0,152.46
2022-09-24 10:00:00,21.4,63.7,24.0,9,5,10,1,0,133.13
2022-09-24 11:00:00,25.3,58.9,4.6,9,5,11,1,0,172.93
2022-09-24 12:00:00,24.1,63.6,5.9,9,5,12,1,0,143.36
2022-09-24 13:00:00,21.1,79.4,6.5,9,5,13,1,0,147.47
2022-09-24 14:00:00,24.9,56.4,2.9,9,5,14,1,0,124.32
2022-09-24 15:00:00,19.5,65.1,6.1,9,5,15,1,0,146.35
2022-09-24 16:00:00,22.0,78.7,13.9,9,5,16,1,0,112.48
2022-09-24 17:00:00,18.5,74.7,17.0,9,5,17,1,0,121.5
2022-09-24 18:00:00,18.1,,19.4,9,5,18,1,0,135.54
2022-09-24 19:00:00,18.6,65.5,2.1,9,5,19,1,0,184.51
2022-09-24 20:00:00,17.4,71.6,14.4,9,5,20,1,0,166.02
2022-09-24 21:00:00,18.0,66.7,7.6,9,5,21,1,0,151.34
2022-09-24 22:00:00,14.3,66.0,3.8,9,5,22,1,0,163.83
2022-09-24 23:00:00,14.6,64.0,7.5,9,5,23,1,0,154.62
2022-09-25 00:00:00,12.7,79.9,16.9,9,6,0,1,0,124.48
2022-09-25 01:00:00,14.1,72.5,6.6,9,6,1,1,0,134.26
2022-09-25 02:00:00,15.1,75.0,39.2,9,6,2,1,0,104.99
2022-09-25 03:00:00,14.8,73.8,9.7,9,6,3,1,0,112.56
2022-09-25 04:00:00,12.5,77.3,7.4,9,6,4,1,0,115.87
2022-09-25 05:00:00,18.0,69.0,4.8,9,6,5,1,0,134.91
2022-09-25 06:00:00,19.3,66.5,2.1,9,6,6,1,0,121.25
2022-09-25 07:00:00,18.5,64.2,9.5,9,6,7,1,0,90.54
2022-09-25 08:00:00,18.5,59.4,8.9,9,6,8,1,0,149.08
2022-09-25 09:00:00,25.1,58.5,7.8,9,6,9,1,0,157.96
2022-09-25 10:00:00,23.9,65.1,8.2,9,6,10,1,0,170.3
2022-09-25 11:00:00,23.0,55.7,16.8,9,6,11,1,0,151.19
2022-09-25 12:00:00,21.3,58.3,5.0,9,6,12,1,0,145.37
2022-09-25 13:00:00,21.8,77.5,8.4,9,6,13,1,0,131.58
2022-09-25 14:00:00,25.5,69.0,11.1,9,6,14,1,0,125.49
2022-09-25 15:00:00,22.4,65.2,3.9,9,6,15,1,0,140.87
2022-09-25 16:00:00,20.0,88.2,22.7,9,6,16,1,0,129.52
2022-09-25 17:00:00,20.9,56.4,12.7,9,6,17,1,0,112.36
2022-09-25 18:00:00,17.0,79.3,2.4,9,6,18,1,0,158.06
2022-09-25 19:00:00,20.3,69.0,18.0,9,6,19,1,0,156.89
2022-09-25 20:00:00,18.8,76.9,23.3,9,6,20,1,0,134.16
2022-09-25 21:00:00,14.1,73.8,14.6,9,6,21,1,0,186.88
2022-09-25 22:00:00,13.0,58.5,6.4,9,6,22,1,0,168.88
2022-09-25 23:00:00,8.5,76.5,43.4,9,6,23,1,0,149.23
2022-09-26 00:00:00,10.4,77.5,3.1,9,0,0,0,0,179.63
2022-09-26 01:00:00,10.8,57.1,8.2,9,0,1,0,0,165.64
2022-09-26 02:00:00,14.3,88.4,3.5,9,0,2,0,0,171.28
2022-09-26 03:00:00,14.1,75.4,6.6,9,0,3,0,0,163.59
2022-09-26 04:00:00,13.1,78.8,23.0,9,0,4,0,0,165.65
2022-09-26 05:00:00,16.5,62.4,14.6,9,0,5,0,0,148.88
2022-09-26 06:00:00,19.3,75.9,14.2,9,0,6,0,0,140.2
2022-09-26 07:00:00,20.7,78.4,5.5,9,0,7,0,0,149.63
2022-09-26 08:00:00,17.0,73.5,23.8,9,0,8,0,0,158.16
2022-09-26 09:00:00,21.6,69.1,5.7,9,0,9,0,0,178.2
2022-09-26 10:00:00,19.9,62.9,2.3,9,0,10,0,0,183.4
2022-09-26 11:00:00,25.0,65.8,10.1,9,0,11,0,0,193.77
2022-09-26 12:00:00,24.9,63.5,5.6,9,0,12,0,0,167.72
2022-09-26 13:00:00,21.4,73.9,3.3,9,0,13,0,0,135.07
2022-09-26 14:00:00,21.1,62.6,23.8,9,0,14,0,0,128.69
2022-09-26 15:00:00,20.9,74.0,10.1,9,0,15,0,0,140.88
2022-09-26 16:00:00,16.3,65.1,24.6,9,0,16,0,0,141.41
2022-09-26 17:00:00,20.3,67.8,9.0,9,0,17,0,0,122.52
2022-09-26 18:00:00,17.8,76.0,2.5,9,0,18,0,0,208.81
2022-09-26 19:00:00,19.0,64.9,2.2,9,0,19,0,0,158.2
2022-09-26 20:00:00,13.6,78.4,20.5,9,0,20,0,0,197.2
2022-09-26 21:00:00,13.6,77.6,2.3,9,0,21,0,0,220.16
2022-09-26 22:00:00,11.0,72.3,9.6,9,0,22,0,0,215.34
2022-09-26 23:00:00,11.5,83.6,4.8,9,0,23,0,0,176.22
2022-09-27 00:00:00,10.7,75.3,11.3,9,1,0,0,0,195.43
2022-09-27 01:00:00,15.2,81.2,4.7,9,1,1,0,0,172.26
2022-09-27 02:00:00,12.3,88.2,2.3,9,1,2,0,0,163.26
2022-09-27 03:00:00,14.8,70.7,12.5,9,1,3,0,0,143.45
2022-09-27 04:00:00,14.8,77.8,5.0,9,1,4,0,0,137.75
2022-09-27 05:00:00,14.2,67.8,8.4,9,1,5,0,0,159.18
2022-09-27 06:00:00,17.7,62.9,13.9,9,1,6,0,0,152.43
2022-09-27 07:00:00,20.6,68.2,11.7,9,1,7,0,0,149.84
2022-09-27 08:00:00,18.2,60.0,5.4,9,1,8,0,0,180.99
2022-09-27 09:00:00,23.2,60.9,13.0,9,1,9,0,0,178.35
2022-09-27 10:00:00,20.7,74.4,22.8,9,1,10,0,0,224.5
2022-09-27 11:00:00,21.9,64.9,9.5,9,1,11,0,0,162.66
2022-09-27 12:00:00,24.1,73.6,11.7,9,1,12,0,0,190.56
2022-09-27 13:00:00,21.6,71.6,18.1,9,1,13,0,0,144.53
2022-09-27 14:00:00,22.5,83.6,16.8,9,1,14,0,0,164.12
2022-09-27 15:00:00,21.0,73.7,5.5,9,1,15,0,0,118.73
2022-09-27 16:00:00,20.8,78.5,40.3,9,1,16,0,0,136.79
2022-09-27 17:00:00,14.6,75.9,2.2,9,1,17,0,0,190.48
2022-09-27 18:00:00,14.4,75.3,36.6,9,1,18,0,0,181.58
2022-09-27 19:00:00,18.0,80.3,4.3,9,1,19,0,0,166.18
2022-09-27 20:00:00,17.6,76.5,6.6,9,1,20,0,0,193.2
2022-09-27 21:00:00,12.7,75.3,19.2,9,1,21,0,0,227.01
2022-09-27 22:00:00,13.3,75.0,4.2,9,1,22,0,0,214.22
2022-09-27 23:00:00,13.8,77.4,4.0,9,1,23,0,0,200.29
2022-09-28 00:00:00,14.2,67.5,10.2,9,2,0,0,0,194.14
2022-09-28 01:00:00,8.9,69.8,11.8,9,2,1,0,0,154.47
2022-09-28 02:00:00,11.7,85.5,2.1,9,2,2,0,0,162.55
2022-09-28 03:00:00,13.6,88.1,6.8,9,2,3,0,0,156.16
2022-09-28 04:00:00,16.7,64.2,7.4,9,2,4,0,0,129.26
2022-09-28 05:00:00,21.5,63.9,4.5,9,2,5,0,0,143.02
2022-09-28 06:00:00,17.4,80.5,8.3,9,2,6,0,0,177.45
2022-09-28 07:00:00,16.3,76.1,3.3,9,2,7,0,0,172.99
2022-09-28 08:00:00,21.1,74.9,5.1,9,2,8,0,0,139.34
2022-09-28 09:00:00,24.0,75.2,12.0,9,2,9,0,0,188.95
2022-09-28 10:00:00,22.4,66.9,18.6,9,2,10,0,0,175.55
2022-09-28 11:00:00,20.8,72.2,9.1,9,2,11,0,0,146.23
2022-09-28 12:00:00,24.7,69.7,2.6,9,2,12,0,0,165.42
2022-09-28 13:00:00,24.0,61.1,11.1,9,2,13,0,0,132.56
2022-09-28 14:00:00,20.1,72.5,20.2,9,2,14,0,0,147.73
2022-09-28 15:00:00,22.1,78.8,7.6,9,2,15,0,0,150.37
2022-09-28 16:00:00,22.3,66.2,7.4,9,2,16,0,0,134.02
2022-09-28 17:00:00,21.5,70.5,40.1,9,2,17,0,0,153.0
2022-09-28 18:00:00,17.7,72.8,10.1,9,2,18,0,0,164.49
2022-09-28 19:00:00,15.8,69.8,15.1,9,2,19,0,0,213.15
2022-09-28 20:00:00,17.8,76.5,10.3,9,2,20,0,0,199.8
2022-09-28 21:00:00,11.9,68.6,4.0,9,2,21,0,0,210.7
2022-09-28 22:00:00,14.4,83.5,4.7,9,2,22,0,0,215.37
2022-09-28 23:00:00,10.2,79.9,10.8,9,2,23,0,0,205.03
2022-09-29 00:00:00,14.7,65.2,6.9,9,3,0,0,0,163.18
2022-09-29 01:00:00,12.2,87.5,6.1,9,3,1,0,0,169.02
2022-09-29 02:00:00,15.8,73.5,2.2,9,3,2,0,0,143.32
2022-09-29 03:00:00,15.0,66.7,19.3,9,3,3,0,0,143.74
2022-09-29 04:00:00,12.6,82.5,19.3,9,3,4,0,0,177.71
2022-09-29 05:00:00,19.1,74.4,6.9,9,3,5,0,0,93.83
2022-09-29 06:00:00,20.7,55.5,11.7,9,3,6,0,0,171.86
2022-09-29 07:00:00,20.6,65.5,3.6,9,3,7,0,0,145.25
2022-09-29 08:00:00,18.5,73.0,7.6,9,3,8,0,0,176.29
2022-09-29 09:00:00,20.5,52.5,6.6,9,3,9,0,0,148.51
2022-09-29 10:00:00,22.2,69.6,10.6,9,3,10,0,0,202.94
2022-09-29 11:00:00,21.0,70.8,7.1,9,3,11,0,0,158.68
2022-09-29 12:00:00,25.9,57.6,7.5,9,3,12,0,0,187.44
2022-09-29 13:00:00,22.7,70.8,4.8,9,3,13,0,0,160.17
2022-09-29 14:00:00,16.5,71.8,2.4,9,3,14,0,0,165.02
2022-09-29 15:00:00,21.8,59.6,21.9,9,3,15,0,0,126.12
2022-09-29 16:00:00,19.4,77.7,2.1,9,3,16,0,0,183.03
2022-09-29 17:00:00,18.7,77.4,4.6,9,3,17,0,0,169.44
2022-09-29 18:00:00,,69.3,6.7,9,3,18,0,0,194.15
2022-09-29 19:00:00,17.9,69.5,5.1,9,3,19,0,0,161.86
2022-09-29 20:00:00,17.3,77.2,8.4,9,3,20,0,0,186.1
2022-09-29 21:00:00,14.6,71.1,7.0,9,3,21,0,0,205.65
2022-09-29 22:00:00,12.5,58.3,4.4,9,3,22,0,0,173.23
2022-09-29 23:00:00,12.6,77.6,2.7,9,3,23,0,0,197.18
2022-09-30 00:00:00,12.3,67.3,3.2,9,4,0,0,0,160.5
2022-09-30 01:00:00,10.9,71.4,7.3,9,4,1,0,0,159.95
2022-09-30 02:00:00,14.1,84.6,17.0,9,4,2,0,0,157.43
2022-09-30 03:00:00,14.7,71.6,2.8,9,4,3,0,0,151.04
2022-09-30 04:00:00,17.9,71.1,11.0,9,4,4,0,0,120.86
2022-09-30 05:00:00,18.5,74.8,14.6,9,4,5,0,0,159.22
2022-09-30 06:00:00,15.9,76.1,4.6,9,4,6,0,0,169.88
2022-09-30 07:00:00,20.2,62.5,10.8,9,4,7,0,0,125.94
2022-09-30 08:00:00,17.9,70.6,11.3,9,4,8,0,0,167.5
2022-09-30 09:00:00,22.2,69.2,11.8,9,4,9,0,0,181.7
2022-09-30 10:00:00,20.6,71.9,19.7,9,4,10,0,0,175.48
2022-09-30 11:00:00,20.1,72.3,6.1,9,4,11,0,0,131.18
2022-09-30 12:00:00,22.9,89.3,4.2,9,4,12,0,0,179.01
2022-09-30 13:00:00,16.8,62.2,8.3,9,4,13,0,0,177.51
2022-09-30 14:00:00,18.1,78.8,2.5,9,4,14,0,0,164.4
2022-09-30 15:00:00,20.5,79.2,5.3,9,4,15,0,0,160.62
2022-09-30 16:00:00,20.0,74.0,19.2,9,4,16,0,0,169.67
2022-09-30 17:00:00,17.9,65.9,8.1,9,4,17,0,0,144.3
2022-09-30 18:00:00,14.1,86.2,6.6,9,4,18,0,0,208.32
2022-09-30 19:00:00,14.4,55.3,4.5,9,4,19,0,0,204.28
2022-09-30 20:00:00,15.6,66.7,4.3,9,4,20,0,0,178.8
2022-09-30 21:00:00,14.9,81.9,4.2,9,4,21,0,0,215.75
2022-09-30 22:00:00,12.9,70.6,16.1,9,4,22,0,0,219.97
2022-09-30 23:00:00,14.8,85.4,35.6,9,4,23,0,0,173.81
2022-10-01 00:00:00,12.8,61.5,8.1,10,5,0,1,0,147.16
2022-10-01 01:00:00,10.7,65.7,2.7,10,5,1,1,0,132.06
2022-10-01 02:00:00,12.2,69.7,13.1,10,5,2,1,0,121.63
2022-10-01 03:00:00,10.7,78.0,18.8,10,5,3,1,0,120.68
2022-10-01 04:00:00,14.3,71.1,23.4,10,5,4,1,0,122.92
2022-10-01 05:00:00,18.0,67.1,9.9,10,5,5,1,0,110.62
2022-10-01 06:00:00,18.4,82.2,7.7,10,5,6,1,0,122.89
2022-10-01 07:00:00,21.1,81.5,9.8,10,5,7,1,0,147.35
2022-10-01 08:00:00,18.9,67.2,2.1,10,5,8,1,0,173.81
2022-10-01 09:00:00,23.3,54.7,10.5,10,5,9,1,0,146.49
2022-10-01 10:00:00,21.0,52.2,11.9,10,5,10,1,0,126.31
2022-10-01 11:00:00,24.8,69.5,12.2,10,5,11,1,0,153.79
2022-10-01 12:00:00,22.0,74.2,8.6,10,5,12,1,0,149.04
2022-10-01 13:00:00,23.3,68.9,11.6,10,5,13,1,0,147.56
2022-10-01 14:00:00,24.3,67.3,10.1,10,5,14,1,0,126.12
2022-10-01 15:00:00,20.2,63.5,3.0,10,5,15,1,0,144.65
2022-10-01 16:00:00,20.0,75.2,20.3,10,5,16,1,0,140.1
2022-10-01 17:00:00,20.9,83.0,9.8,10,5,17,1,0,138.86
2022-10-01 18:00:00,16.8,,12.4,10,5,18,1,0,163.33
2022-10-01 19:00:00,13.1,72.8,5.4,10,5,19,1,0,198.16
2022-10-01 20:00:00,18.8,62.8,22.1,10,5,20,1,0,143.92
2022-10-01 21:00:00,12.6,61.8,7.6,10,5,21,1,0,196.66
2022-10-01 22:00:00,13.0,64.4,11.1,10,5,22,1,0,166.33
2022-10-01 23:00:00,14.5,75.8,26.3,10,5,23,1,0,142.79
2022-10-02 00:00:00,10.6,77.9,21.8,10,6,0,1,1,116.96
2022-10-02 01:00:00,10.0,86.7,10.3,10,6,1,1,1,143.65
2022-10-02 02:00:00,13.0,73.6,3.4,10,6,2,1,1,121.65
2022-10-02 03:00:00,9.7,61.1,26.1,10,6,3,1,1,110.48
2022-10-02 04:00:00,13.7,71.2,35.1,10,6,4,1,1,87.66
2022-10-02 05:00:00,16.0,60.9,2.9,10,6,5,1,1,93.48
2022-10-02 06:00:00,,62.2,6.8,10,6,6,1,1,141.56
2022-10-02 07:00:00,15.0,77.1,8.4,10,6,7,1,1,107.96
2022-10-02 08:00:00,22.5,70.3,2.8,10,6,8,1,1,110.38
2022-10-02 09:00:00,20.5,74.4,3.7,10,6,9,1,1,131.81
2022-10-02 10:00:00,24.0,65.1,8.2,10,6,10,1,1,112.8
2022-10-02 11:00:00,21.1,75.8,28.4,10,6,11,1,1,130.93
2022-10-02 12:00:00,20.0,66.7,2.2,10,6,12,1,1,95.99
2022-10-02 13:00:00,22.2,77.9,21.5,10,6,13,1,1,91.74
2022-10-02 14:00:00,20.7,72.4,20.3,10,6,14,1,1,90.47
2022-10-02 15:00:00,18.0,69.4,17.6,10,6,15,1,1,84.07
2022-10-02 16:00:00,22.2,70.6,5.8,10,6,16,1,1,119.65
2022-10-02 17:00:00,16.8,71.4,7.4,10,6,17,1,1,97.7
2022-10-02 18:00:00,13.1,86.2,6.1,10,6,18,1,1,132.35
2022-10-02 19:00:00,18.2,72.9,25.6,10,6,19,1,1,117.91
2022-10-02 20:00:00,13.3,73.3,7.9,10,6,20,1,1,169.67
2022-10-02 21:00:00,12.0,72.1,2.7,10,6,21,1,1,182.14
2022-10-02 22:00:00,8.9,82.3,4.6,10,6,22,1,1,177.16
2022-10-02 23:00:00,15.4,77.9,7.0,10,6,23,1,1,103.91
2022-10-03 00:00:00,9.0,73.3,26.6,10,0,0,0,0,170.39
2022-10-03 01:00:00,11.8,64.8,8.7,10,0,1,0,0,187.38
2022-10-03 02:00:00,14.0,65.8,11.5,10,0,2,0,0,147.6
2022-10-03 03:00:00,13.9,71.6,2.7,10,0,3,0,0,130.08
2022-10-03 04:00:00,13.9,83.8,18.8,10,0,4,0,0,182.65
2022-10-03 05:00:00,11.8,72.1,8.2,10,0,5,0,0,158.93
2022-10-03 06:00:00,14.9,67.8,22.3,10,0,6,0,0,153.17
2022-10-03 07:00:00,18.2,56.8,6.7,10,0,7,0,0,149.03
2022-10-03 08:00:00,17.5,83.4,11.2,10,0,8,0,0,162.53
2022-10-03 09:00:00,20.5,74.3,7.1,10,0,9,0,0,200.01
2022-10-03 10:00:00,22.2,75.2,3.2,10,0,10,0,0,188.87
2022-10-03 11:00:00,23.3,76.0,4.5,10,0,11,0,0,187.16
2022-10-03 12:00:00,19.1,69.1,2.6,10,0,12,0,0,155.59
2022-10-03 13:00:00,25.8,67.8,6.6,10,0,13,0,0,160.9
2022-10-03 14:00:00,22.4,80.7,10.4,10,0,14,0,0,149.24
2022-10-03 15:00:00,20.1,71.4,4.2,10,0,15,0,0,145.92
2022-10-03 16:00:00,21.2,74.1,7.4,10,0,16,0,0,166.44
2022-10-03 17:00:00,22.6,75.7,6.9,10,0,17,0,0,162.31
2022-10-03 18:00:00,13.7,78.3,8.1,10,0,18,0,0,206.46
2022-10-03 19:00:00,14.8,71.6,3.6,10,0,19,0,0,213.73
2022-10-03 20:00:00,9.3,75.1,8.1,10,0,20,0,0,227.34
2022-10-03 21:00:00,13.4,79.5,5.6,10,0,21,0,0,216.67
2022-10-03 22:00:00,12.9,79.7,4.7,10,0,22,0,0,194.39
2022-10-03 23:00:00,11.6,83.5,9.1,10,0,23,0,0,183.54
2022-10-04 00:00:00,10.0,79.4,3.3,10,1,0,0,0,170.87
2022-10-04 01:00:00,7.4,81.1,20.5,10,1,1,0,0,191.79
2022-10-04 02:00:00,12.7,70.1,23.8,10,1,2,0,0,136.9
2022-10-04 03:00:00,15.7,67.5,10.6,10,1,3,0,0,160.69
2022-10-04 04:00:00,12.6,79.9,4.9,10,1,4,0,0,185.64
2022-10-04 05:00:00,15.9,67.5,9.9,10,1,5,0,0,155.98
2022-10-04 06:00:00,13.2,73.3,9.4,10,1,6,0,0,173.06
2022-10-04 07:00:00,18.5,81.8,6.0,10,1,7,0,0,166.92
2022-10-04 08:00:00,18.0,80.8,4.7,10,1,8,0,0,213.78
2022-10-04 09:00:00,18.3,73.3,3.5,10,1,9,0,0,214.34
2022-10-04 10:00:00,19.1,68.1,4.0,10,1,10,0,0,182.43
2022-10-04 11:00:00,20.3,68.8,10.5,10,1,11,0,0,174.6
2022-10-04 12:00:00,22.1,75.9,19.4,10,1,12,0,0,171.2
2022-10-04 13:00:00,18.5,70.5,5.9,10,1,13,0,0,148.39
2022-10-04 14:00:00,19.8,65.6,3.0,10,1,14,0,0,131.85
2022-10-04 15:00:00,19.7,79.9,2.1,10,1,15,0,0,142.18
2022-10-04 16:00:00,16.6,73.2,6.2,10,1,16,0,0,162.38
2022-10-04 17:00:00,21.2,64.8,4.1,10,1,17,0,0,151.42
2022-10-04 18:00:00,14.6,76.5,5.1,10,1,18,0,0,215.23
2022-10-04 19:00:00,13.7,80.9,4.2,10,1,19,0,0,187.82
2022-10-04 20:00:00,11.8,66.0,10.7,10,1,20,0,0,195.23
2022-10-04 21:00:00,16.4,70.2,10.1,10,1,21,0,0,166.74
2022-10-04 22:00:00,13.1,71.5,21.5,10,1,22,0,0,180.23
2022-10-04 23:00:00,9.6,78.8,11.6,10,1,23,0,0,198.34
2022-10-05 00:00:00,,78.4,3.4,10,2,0,0,0,168.23
2022-10-05 01:00:00,11.6,69.8,13.1,10,2,1,0,0,163.66
2022-10-05 02:00:00,12.2,61.9,3.6,10,2,2,0,0,148.68
2022-10-05 03:00:00,11.8,82.3,8.5,10,2,3,0,0,145.62
2022-10-05 04:00:00,12.0,65.0,2.6,10,2,4,0,0,166.92
2022-10-05 05:00:00,15.4,74.5,2.4,10,2,5,0,0,142.64
2022-10-05 06:00:00,15.0,71.5,7.0,10,2,6,0,0,174.64
2022-10-05 07:00:00,21.0,70.8,2.9,10,2,7,0,0,139.86
2022-10-05 08:00:00,16.0,85.2,4.9,10,2,8,0,0,173.17
2022-10-05 09:00:00,22.7,93.0,5.3,10,2,9,0,0,217.23
2022-10-05 10:00:00,20.2,56.9,13.7,10,2,10,0,0,208.68
2022-10-05 11:00:00,21.5,77.1,5.2,10,2,11,0,0,161.65
2022-10-05 12:00:00,22.7,67.4,7.5,10,2,12,0,0,187.94
2022-10-05 13:00:00,19.6,78.6,13.8,10,2,13,0,0,187.1
2022-10-05 14:00:00,22.1,76.6,3.8,10,2,14,0,0,176.52
2022-10-05 15:00:00,14.2,84.2,15.1,10,2,15,0,0,170.14
2022-10-05 16:00:00,17.1,73.7,16.3,10,2,16,0,0,131.78
2022-10-05 17:00:00,15.5,65.1,38.0,10,2,17,0,0,160.47
2022-10-05 18:00:00,13.5,80.7,6.7,10,2,18,0,0,204.19
2022-10-05 19:00:00,14.3,73.8,5.7,10,2,19,0,0,207.9
2022-10-05 20:00:00,14.3,71.0,11.7,10,2,20,0,0,212.36
2022-10-05 21:00:00,13.9,69.2,2.5,10,2,21,0,0,193.99
2022-10-05 22:00:00,12.2,82.0,2.3,10,2,22,0,0,199.45
2022-10-05 23:00:00,9.9,87.9,5.3,10,2,23,0,0,172.51
2022-10-06 00:00:00,11.5,64.7,12.5,10,3,0,0,0,182.41
2022-10-06 01:00:00,11.2,79.4,3.0,10,3,1,0,0,160.8
2022-10-06 02:00:00,13.3,70.4,10.1,10,3,2,0,0,148.45
2022-10-06 03:00:00,13.8,61.4,4.5,10,3,3,0,0,151.76
2022-10-06 04:00:00,13.4,74.5,10.4,10,3,4,0,0,145.08
2022-10-06 05:00:00,12.7,67.0,6.9,10,3,5,0,0,146.34
2022-10-06 06:00:00,14.5,60.1,3.0,10,3,6,0,0,167.05
2022-10-06 07:00:00,16.0,65.8,4.3,10,3,7,0,0,141.9
2022-10-06 08:00:00,17.7,62.9,4.0,10,3,8,0,0,185.41
2022-10-06 09:00:00,19.9,64.9,3.4,10,3,9,0,0,190.04
2022-10-06 10:00:00,21.6,58.6,7.1,10,3,10,0,0,170.82
2022-10-06 11:00:00,20.5,66.6,26.7,10,3,11,0,0,161.2
2022-10-06 12:00:00,20.8,63.9,10.6,10,3,12,0,0,152.61
2022-10-06 13:00:00,20.9,72.5,16.5,10,3,13,0,0,152.92
2022-10-06 14:00:00,19.1,75.2,33.7,10,3,14,0,0,144.29
2022-10-06 15:00:00,17.5,73.3,8.2,10,3,15,0,0,156.29
2022-10-06 16:00:00,14.8,70.7,4.2,10,3,16,0,0,194.62
2022-10-06 17:00:00,15.7,70.1,23.0,10,3,17,0,0,141.24
2022-10-06 18:00:00,16.7,64.9,11.6,10,3,18,0,0,166.24
2022-10-06 19:00:00,13.1,66.9,27.5,10,3,19,0,0,207.4
2022-10-06 20:00:00,12.8,79.2,10.4,10,3,20,0,0,245.44
2022-10-06 21:00:00,13.2,59.3,13.9,10,3,21,0,0,187.56
2022-10-06 22:00:00,12.5,73.1,19.7,10,3,22,0,0,209.05
2022-10-06 23:00:00,8.8,73.0,13.4,10,3,23,0,0,189.45
2022-10-07 00:00:00,12.5,78.5,8.6,10,4,0,0,0,164.27
2022-10-07 01:00:00,13.0,62.1,7.1,10,4,1,0,0,158.47
2022-10-07 02:00:00,9.0,75.6,15.9,10,4,2,0,0,164.27
2022-10-07 03:00:00,10.4,77.6,13.8,10,4,3,0,0,158.97
2022-10-07 04:00:00,15.4,57.0,5.7,10,4,4,0,0,122.3
2022-10-07 05:00:00,14.0,64.4,7.5,10,4,5,0,0,166.02
2022-10-07 06:00:00,11.1,73.7,10.1,10,4,6,0,0,165.83
2022-10-07 07:00:00,14.0,77.1,2.2,10,4,7,0,0,169.91
2022-10-07 08:00:00,17.6,72.7,4.3,10,4,8,0,0,165.21
2022-10-07 09:00:00,16.8,76.1,4.3,10,4,9,0,0,177.87
2022-10-07 10:00:00,19.1,61.8,19.2,10,4,10,0,0,178.26
2022-10-07 11:00:00,20.4,57.1,5.2,10,4,11,0,0,177.53
2022-10-07 12:00:00,23.5,68.9,8.3,10,4,12,0,0,208.06
2022-10-07 13:00:00,19.8,60.3,16.3,10,4,13,0,0,152.32
2022-10-07 14:00:00,22.0,62.1,4.4,10,4,14,0,0,154.41
2022-10-07 15:00:00,21.9,76.5,3.1,10,4,15,0,0,179.55
2022-10-07 16:00:00,20.9,71.1,25.7,10,4,16,0,0,152.88
2022-10-07 17:00:00,17.4,66.7,11.8,10,4,17,0,0,165.98
2022-10-07 18:00:00,11.6,68.6,3.6,10,4,18,0,0,202.99
2022-10-07 19:00:00,15.2,77.4,15.7,10,4,19,0,0,200.21
2022-10-07 20:00:00,15.1,74.1,14.4,10,4,20,0,0,216.41
2022-10-07 21:00:00,11.9,64.4,16.5,10,4,21,0,0,227.27
2022-10-07 22:00:00,14.7,57.1,4.6,10,4,22,0,0,202.85
2022-10-07 23:00:00,12.4,88.8,6.8,10,4,23,0,0,201.11
2022-10-08 00:00:00,11.4,64.5,11.5,10,5,0,1,0,148.16
2022-10-08 01:00:00,12.6,77.9,6.0,10,5,1,1,0,170.7
2022-10-08 02:00:00,11.6,86.3,2.6,10,5,2,1,0,136.67
2022-10-08 03:00:00,6.8,77.8,3.2,10,5,3,1,0,180.18
2022-10-08 04:00:00,11.8,69.3,9.3,10,5,4,1,0,152.43
2022-10-08 05:00:00,16.4,60.4,5.8,10,5,5,1,0,137.92
2022-10-08 06:00:00,13.7,61.6,2.0,10,5,6,1,0,130.87
2022-10-08 07:00:00,16.2,74.9,13.6,10,5,7,1,0,183.47
2022-10-08 08:00:00,15.7,83.8,6.3,10,5,8,1,0,184.22
2022-10-08 09:00:00,22.4,65.6,5.0,10,5,9,1,0,169.38
2022-10-08 10:00:00,23.0,64.1,12.0,10,5,10,1,0,138.32
2022-10-08 11:00:00,18.4,76.4,6.9,10,5,11,1,0,173.96
2022-10-08 12:00:00,20.6,64.2,11.5,10,5,12,1,0,107.54
2022-10-08 13:00:00,18.8,72.8,2.1,10,5,13,1,0,139.74
2022-10-08 14:00:00,20.9,69.9,2.1,10,5,14,1,0,136.36
2022-10-08 15:00:00,19.9,66.8,8.6,10,5,15,1,0,123.24
2022-10-08 16:00:00,19.4,70.2,34.2,10,5,16,1,0,145.08
2022-10-08 17:00:00,17.3,85.5,4.5,10,5,17,1,0,153.59
2022-10-08 18:00:00,21.2,74.2,11.2,10,5,18,1,0,136.7
2022-10-08 19:00:00,12.0,82.8,3.5,10,5,19,1,0,204.9
2022-10-08 20:00:00,9.4,68.0,5.0,10,5,20,1,0,213.67
2022-10-08 21:00:00,11.0,83.3,2.7,10,5,21,1,0,173.01
2022-10-08 22:00:00,7.8,81.2,19.0,10,5,22,1,0,219.33
2022-10-08 23:00:00,7.5,64.3,5.0,10,5,23,1,0,193.94
2022-10-09 00:00:00,8.1,80.3,4.1,10,6,0,1,0,188.93
2022-10-09 01:00:00,8.4,71.7,12.5,10,6,1,1,0,165.64
2022-10-09 02:00:00,8.8,63.2,3.8,10,6,2,1,0,147.82
2022-10-09 03:00:00,12.6,74.8,4.2,10,6,3,1,0,139.04
2022-10-09 04:00:00,11.5,78.5,2.9,10,6,4,1,0,140.62
2022-10-09 05:00:00,13.4,74.5,28.3,10,6,5,1,0,130.19
2022-10-09 06:00:00,16.8,70.7,4.3,10,6,6,1,0,142.3
2022-10-09 07:00:00,14.8,69.9,45.5,10,6,7,1,0,130.34
2022-10-09 08:00:00,17.0,91.2,3.6,10,6,8,1,0,166.06
2022-10-09 09:00:00,19.3,60.9,2.2,10,6,9,1,0,149.64
2022-10-09 10:00:00,15.5,79.2,20.1,10,6,10,1,0,155.66
2022-10-09 11:00:00,15.1,72.6,8.9,10,6,11,1,0,177.23
2022-10-09 12:00:00,20.8,62.8,5.5,10,6,12,1,0,166.46
2022-10-09 13:00:00,20.9,69.2,7.8,10,6,13,1,0,129.25
2022-10-09 14:00:00,23.5,57.1,4.4,10,6,14,1,0,134.73
2022-10-09 15:00:00,18.9,65.8,10.1,10,6,15,1,0,109.03
2022-10-09 16:00:00,19.2,70.0,9.7,10,6,16,1,0,160.95
2022-10-09 17:00:00,16.0,59.6,2.7,10,6,17,1,0,165.91
2022-10-09 18:00:00,,76.2,21.3,10,6,18,1,0,147.79
2022-10-09 19:00:00,17.1,63.7,6.9,10,6,19,1,0,161.67
2022-10-09 20:00:00,8.3,64.2,3.7,10,6,20,1,0,232.39
2022-10-09 21:00:00,12.4,65.2,4.9,10,6,21,1,0,188.3
2022-10-09 22:00:00,15.0,89.9,18.1,10,6,22,1,0,173.93
2022-10-09 23:00:00,10.8,58.8,5.9,10,6,23,1,0,154.29
2022-10-10 00:00:00,13.1,76.9,8.6,10,0,0,0,0,175.67
2022-10-10 01:00:00,8.7,69.6,25.6,10,0,1,0,0,172.76
2022-10-10 02:00:00,10.4,72.0,10.4,10,0,2,0,0,171.74
2022-10-10 03:00:00,11.3,79.2,11.0,10,0,3,0,0,155.72
2022-10-10 04:00:00,7.9,80.5,4.3,10,0,4,0,0,186.36
2022-10-10 05:00:00,11.2,69.0,10.8,10,0,5,0,0,170.26
2022-10-10 06:00:00,12.6,62.8,6.0,10,0,6,0,0,161.62
2022-10-10 07:00:00,17.8,76.1,21.4,10,0,7,0,0,192.72
2022-10-10 08:00:00,19.1,74.9,3.1,10,0,8,0,0,159.57
2022-10-10 09:00:00,19.0,68.2,4.7,10,0,9,0,0,189.12
2022-10-10 10:00:00,20.8,73.1,2.5,10,0,10,0,0,190.53
2022-10-10 11:00:00,19.3,66.8,5.8,10,0,11,0,0,191.8
2022-10-10 12:00:00,22.2,62.3,3.3,10,0,12,0,0,132.75
2022-10-10 13:00:00,19.7,70.2,16.9,10,0,13,0,0,133.49
2022-10-10 14:00:00,19.3,74.5,22.7,10,0,14,0,0,144.15
2022-10-10 15:00:00,17.8,73.6,10.9,10,0,15,0,0,172.89
2022-10-10 16:00:00,18.7,74.7,2.9,10,0,16,0,0,160.52
2022-10-10 17:00:00,15.3,66.3,5.3,10,0,17,0,0,172.02
2022-10-10 18:00:00,16.8,84.3,28.7,10,0,18,0,0,177.28
2022-10-10 19:00:00,11.3,71.6,3.2,10,0,19,0,0,206.44
2022-10-10 20:00:00,10.1,74.0,8.5,10,0,20,0,0,235.29
2022-10-10 21:00:00,12.7,63.1,5.5,10,0,21,0,0,211.21
2022-10-10 22:00:00,10.3,73.3,50.0,10,0,22,0,0,197.96
2022-10-10 23:00:00,9.1,79.7,4.7,10,0,23,0,0,234.04
2022-10-11 00:00:00,11.4,80.4,2.4,10,1,0,0,0,176.32
2022-10-11 01:00:00,8.5,88.2,11.7,10,1,1,0,0,190.51
2022-10-11 02:00:00,9.8,79.2,5.2,10,1,2,0,0,160.71
2022-10-11 03:00:00,13.8,75.3,10.6,10,1,3,0,0,130.24
2022-10-11 04:00:00,15.2,68.9,2.9,10,1,4,0,0,148.51
2022-10-11 05:00:00,16.4,66.5,7.9,10,1,5,0,0,149.49
2022-10-11 06:00:00,14.0,80.8,5.8,10,1,6,0,0,180.21
2022-10-11 07:00:00,18.3,78.4,8.2,10,1,7,0,0,173.49
2022-10-11 08:00:00,15.2,63.8,17.4,10,1,8,0,0,178.23
2022-10-11 09:00:00,16.3,77.6,30.8,10,1,9,0,0,202.54
2022-10-11 10:00:00,14.2,78.1,13.2,10,1,10,0,0,192.31
2022-10-11 11:00:00,22.7,59.7,13.6,10,1,11,0,0,169.86
2022-10-11 12:00:00,17.8,75.4,8.0,10,1,12,0,0,180.38
2022-10-11 13:00:00,19.2,62.0,2.8,10,1,13,0,0,146.3
2022-10-11 14:00:00,17.1,52.0,10.8,10,1,14,0,0,166.07
2022-10-11 15:00:00,19.5,69.0,3.3,10,1,15,0,0,159.76
2022-10-11 16:00:00,16.3,73.9,4.3,10,1,16,0,0,170.2
2022-10-11 17:00:00,13.3,72.5,11.8,10,1,17,0,0,191.11
2022-10-11 18:00:00,15.5,95.2,10.6,10,1,18,0,0,198.89
2022-10-11 19:00:00,10.4,77.8,5.0,10,1,19,0,0,230.87
2022-10-11 20:00:00,10.4,76.0,13.8,10,1,20,0,0,218.68
2022-10-11 21:00:00,6.8,80.0,24.4,10,1,21,0,0,263.21
2022-10-11 22:00:00,7.4,72.8,8.3,10,1,22,0,0,208.33
2022-10-11 23:00:00,10.1,82.4,11.1,10,1,23,0,0,192.28
2022-10-12 00:00:00,5.4,80.2,4.5,10,2,0,0,0,210.85
2022-10-12 01:00:00,6.5,79.3,30.3,10,2,1,0,0,180.43
2022-10-12 02:00:00,10.0,70.0,4.6,10,2,2,0,0,145.89
2022-10-12 03:00:00,9.7,62.6,19.5,10,2,3,0,0,186.53
2022-10-12 04:00:00,15.8,68.1,23.0,10,2,4,0,0,145.78
2022-10-12 05:00:00,16.7,73.9,12.2,10,2,5,0,0,137.8
2022-10-12 06:00:00,12.6,70.1,15.4,10,2,6,0,0,178.49
2022-10-12 07:00:00,16.7,74.0,6.9,10,2,7,0,0,165.27
2022-10-12 08:00:00,18.3,69.0,22.2,10,2,8,0,0,160.93
2022-10-12 09:00:00,16.7,75.1,12.9,10,2,9,0,0,170.04
2022-10-12 10:00:00,15.7,64.3,5.2,10,2,10,0,0,191.94
2022-10-12 11:00:00,19.1,72.0,2.3,10,2,11,0,0,174.48
2022-10-12 12:00:00,19.0,65.4,8.2,10,2,12,0,0,156.39
2022-10-12 13:00:00,18.3,58.5,16.7,10,2,13,0,0,171.81
2022-10-12 14:00:00,19.5,68.9,17.8,10,2,14,0,0,140.46
2022-10-12 15:00:00,16.4,84.1,16.4,10,2,15,0,0,184.09
2022-10-12 16:00:00,14.5,61.1,3.9,10,2,16,0,0,160.33
2022-10-12 17:00:00,15.8,73.0,6.4,10,2,17,0,0,153.66
2022-10-12 18:00:00,15.1,78.8,9.6,10,2,18,0,0,197.87
2022-10-12 19:00:00,10.7,93.1,10.8,10,2,19,0,0,218.11
2022-10-12 20:00:00,13.7,69.2,5.3,10,2,20,0,0,186.68
2022-10-12 21:00:00,7.3,71.3,11.4,10,2,21,0,0,244.13
2022-10-12 22:00:00,8.8,66.2,9.2,10,2,22,0,0,198.21
2022-10-12 23:00:00,9.0,84.6,8.7,10,2,23,0,0,181.51
2022-10-13 00:00:00,7.8,69.1,10.7,10,3,0,0,0,204.3
2022-10-13 01:00:00,8.1,73.0,9.4,10,3,1,0,0,210.45
2022-10-13 02:00:00,13.5,58.5,3.5,10,3,2,0,0,145.27
2022-10-13 03:00:00,8.9,82.6,18.6,10,3,3,0,0,191.91
2022-10-13 04:00:00,16.5,81.0,4.2,10,3,4,0,0,159.54
2022-10-13 05:00:00,13.7,79.9,12.9,10,3,5,0,0,169.04
2022-10-13 06:00:00,14.3,60.0,3.6,10,3,6,0,0,161.15
2022-10-13 07:00:00,16.3,76.7,10.7,10,3,7,0,0,158.77
2022-10-13 08:00:00,21.7,55.8,20.1,10,3,8,0,0,164.2
2022-10-13 09:00:00,15.6,72.6,2.1,10,3,9,0,0,201.82
2022-10-13 10:00:00,16.2,73.5,33.2,10,3,10,0,0,159.98
2022-10-13 11:00:00,17.4,73.8,2.2,10,3,11,0,0,182.87
2022-10-13 12:00:00,19.2,74.7,2.1,10,3,12,0,0,173.75
2022-10-13 13:00:00,15.5,72.2,17.6,10,3,13,0,0,164.1
2022-10-13 14:00:00,18.5,55.1,11.9,10,3,14,0,0,143.08
2022-10-13 15:00:00,21.0,73.8,2.9,10,3,15,0,0,139.01
2022-10-13 16:00:00,16.9,72.3,24.2,10,3,16,0,0,152.3
2022-10-13 17:00:00,14.8,65.4,10.9,10,3,17,0,0,170.98
2022-10-13 18:00:00,12.9,61.0,2.9,10,3,18,0,0,189.9
2022-10-13 19:00:00,14.6,85.0,17.8,10,3,19,0,0,210.36
2022-10-13 20:00:00,9.9,84.9,7.2,10,3,20,0,0,212.65
2022-10-13 21:00:00,14.3,78.5,4.6,10,3,21,0,0,210.76
2022-10-13 22:00:00,13.6,67.8,15.9,10,3,22,0,0,162.22
2022-10-13 23:00:00,9.8,55.0,12.7,10,3,23,0,0,194.45
2022-10-14 00:00:00,8.8,81.7,9.8,10,4,0,0,0,157.6
2022-10-14 01:00:00,11.1,77.4,20.3,10,4,1,0,0,152.34
2022-10-14 02:00:00,11.7,71.1,17.8,10,4,2,0,0,155.9
2022-10-14 03:00:00,8.7,84.6,4.1,10,4,3,0,0,161.2
2022-10-14 04:00:00,10.3,81.6,18.9,10,4,4,0,0,145.64
2022-10-14 05:00:00,9.9,76.4,5.7,10,4,5,0,0,195.45
2022-10-14 06:00:00,14.7,72.9,6.5,10,4,6,0,0,140.66
2022-10-14 07:00:00,16.5,72.2,30.7,10,4,7,0,0,154.15
2022-10-14 08:00:00,13.7,78.6,13.4,10,4,8,0,0,208.72
2022-10-14 09:00:00,16.5,64.9,5.1,10,4,9,0,0,187.91
2022-10-14 10:00:00,15.5,75.7,10.4,10,4,10,0,0,193.49
2022-10-14 11:00:00,16.9,64.2,8.2,10,4,11,0,0,172.45
2022-10-14 12:00:00,20.0,80.7,3.0,10,4,12,0,0,166.31
2022-10-14 13:00:00,17.2,75.6,19.5,10,4,13,0,0,160.96
2022-10-14 14:00:00,17.6,65.7,15.8,10,4,14,0,0,126.23
2022-10-14 15:00:00,14.1,73.6,14.0,10,4,15,0,0,183.77
2022-10-14 16:00:00,16.7,64.8,8.6,10,4,16,0,0,165.96
2022-10-14 17:00:00,15.1,84.5,4.0,10,4,17,0,0,157.21
2022-10-14 18:00:00,12.4,86.8,19.2,10,4,18,0,0,214.11
2022-10-14 19:00:00,12.2,79.5,5.5,10,4,19,0,0,225.66
2022-10-14 20:00:00,11.7,86.6,2.2,10,4,20,0,0,232.9
2022-10-14 21:00:00,8.7,76.9,34.0,10,4,21,0,0,254.14
2022-10-14 22:00:00,6.6,82.8,17.8,10,4,22,0,0,236.12
2022-10-14 23:00:00,12.6,83.5,9.8,10,4,23,0,0,212.98
2022-10-15 00:00:00,7.4,76.3,2.1,10,5,0,1,0,179.32
2022-10-15 01:00:00,8.6,76.3,4.1,10,5,1,1,0,170.38
2022-10-15 02:00:00,11.3,81.8,6.8,10,5,2,1,0,133.73
2022-10-15 03:00:00,17.1,76.6,9.9,10,5,3,1,0,85.7
2022-10-15 04:00:00,8.6,69.6,11.9,10,5,4,1,0,124.9
2022-10-15 05:00:00,13.2,55.9,14.4,10,5,5,1,0,126.7
2022-10-15 06:00:00,12.2,72.5,8.5,10,5,6,1,0,145.47
2022-10-15 07:00:00,13.8,56.3,10.5,10,5,7,1,0,127.59
2022-10-15 08:00:00,14.7,64.7,15.3,10,5,8,1,0,148.29
2022-10-15 09:00:00,14.9,65.6,12.2,10,5,9,1,0,169.15
2022-10-15 10:00:00,17.9,66.5,26.8,10,5,10,1,0,170.15
2022-10-15 11:00:00,15.5,78.8,18.6,10,5,11,1,0,150.97
2022-10-15 12:00:00,20.5,78.0,3.5,10,5,12,1,0,156.32
2022-10-15 13:00:00,18.6,74.8,25.6,10,5,13,1,0,158.52
2022-10-15 14:00:00,18.8,75.7,3.8,10,5,14,1,0,149.1
2022-10-15 15:00:00,16.2,77.1,39.9,10,5,15,1,0,113.04
2022-10-15 16:00:00,15.4,52.3,11.7,10,5,16,1,0,138.05
2022-10-15 17:00:00,15.5,72.3,9.9,10,5,17,1,0,153.15
2022-10-15 18:00:00,11.3,60.0,5.1,10,5,18,1,0,187.9
2022-10-15 19:00:00,11.6,78.3,3.1,10,5,19,1,0,194.76
2022-10-15 20:00:00,9.4,58.6,3.1,10,5,20,1,0,212.93
2022-10-15 21:00:00,8.3,74.4,18.1,10,5,21,1,0,220.72
2022-10-15 22:00:00,5.1,81.8,6.5,10,5,22,1,0,211.38
2022-10-15 23:00:00,11.5,65.3,8.6,10,5,23,1,0,146.19
2022-10-16 00:00:00,7.0,84.2,23.5,10,6,0,1,0,182.26
2022-10-16 01:00:00,10.9,78.6,4.4,10,6,1,1,0,147.84
2022-10-16 02:00:00,11.2,77.4,13.5,10,6,2,1,0,150.93
2022-10-16 03:00:00,7.3,81.9,7.1,10,6,3,1,0,181.56
2022-10-16 04:00:00,8.7,72.8,3.9,10,6,4,1,0,128.92
2022-10-16 05:00:00,17.2,72.6,17.3,10,6,5,1,0,105.46
2022-10-16 06:00:00,16.9,71.6,11.1,10,6,6,1,0,128.14
2022-10-16 07:00:00,14.6,72.6,2.8,10,6,7,1,0,135.66
2022-10-16 08:00:00,16.4,66.4,8.2,10,6,8,1,0,143.85
2022-10-16 09:00:00,15.7,62.2,17.3,10,6,9,1,0,137.13
2022-10-16 10:00:00,18.6,68.0,2.6,10,6,10,1,0,155.42
2022-10-16 11:00:00,16.8,68.5,6.3,10,6,11,1,0,146.16
2022-10-16 12:00:00,14.3,66.9,15.1,10,6,12,1,0,160.63
2022-10-16 13:00:00,15.6,79.0,17.6,10,6,13,1,0,158.56
2022-10-16 14:00:00,17.8,61.7,13.9,10,6,14,1,0,136.67
2022-10-16 15:00:00,14.7,71.3,4.9,10,6,15,1,0,184.42
2022-10-16 16:00:00,15.8,81.5,7.7,10,6,16,1,0,160.18
2022-10-16 17:00:00,12.5,81.0,12.8,10,6,17,1,0,176.85
2022-10-16 18:00:00,11.8,83.8,3.3,10,6,18,1,0,182.39
2022-10-16 19:00:00,13.8,68.4,9.2,10,6,19,1,0,173.39
2022-10-16 20:00:00,11.4,80.6,12.2,10,6,20,1,0,215.33
2022-10-16 21:00:00,9.8,66.6,17.2,10,6,21,1,0,189.87
2022-10-16 22:00:00,10.8,72.4,2.9,10,6,22,1,0,186.27
2022-10-16 23:00:00,9.5,73.8,5.2,10,6,23,1,0,178.85
2022-10-17 00:00:00,11.1,69.9,8.2,10,0,0,0,0,183.4
2022-10-17 01:00:00,7.4,73.4,11.7,10,0,1,0,0,205.64
2022-10-17 02:00:00,8.0,72.1,12.5,10,0,2,0,0,197.9
2022-10-17 03:00:00,7.0,68.6,4.3,10,0,3,0,0,185.0
2022-10-17 04:00:00,9.8,81.9,2.1,10,0,4,0,0,181.13
2022-10-17 05:00:00,13.8,71.6,11.5,10,0,5,0,0,161.74
2022-10-17 06:00:00,15.8,73.7,21.2,10,0,6,0,0,175.79
2022-10-17 07:00:00,16.4,73.1,14.8,10,0,7,0,0,137.7
2022-10-17 08:00:00,12.1,74.4,9.8,10,0,8,0,0,194.55
2022-10-17 09:00:00,18.9,71.3,32.4,10,0,9,0,0,159.27
2022-10-17 10:00:00,13.8,70.6,6.5,10,0,10,0,0,191.64
2022-10-17 11:00:00,19.8,81.5,8.0,10,0,11,0,0,170.39
2022-10-17 12:00:00,17.4,77.4,2.1,10,0,12,0,0,188.69
2022-10-17 13:00:00,,70.4,25.3,10,0,13,0,0,118.22
2022-10-17 14:00:00,14.8,69.0,9.0,10,0,14,0,0,166.49
2022-10-17 15:00:00,19.0,69.5,6.0,10,0,15,0,0,130.82
2022-10-17 16:00:00,12.7,77.0,2.4,10,0,16,0,0,173.75
2022-10-17 17:00:00,13.1,85.4,5.6,10,0,17,0,0,187.4
2022-10-17 18:00:00,11.2,63.4,2.0,10,0,18,0,0,200.55
2022-10-17 19:00:00,8.4,81.1,5.1,10,0,19,0,0,248.8
2022-10-17 20:00:00,10.9,83.6,26.2,10,0,20,0,0,236.8
2022-10-17 21:00:00,13.2,61.5,3.3,10,0,21,0,0,235.64
2022-10-17 22:00:00,14.2,71.5,8.3,10,0,22,0,0,191.78
2022-10-17 23:00:00,8.5,67.2,3.7,10,0,23,0,0,229.13
2022-10-18 00:00:00,10.2,78.4,14.2,10,1,0,0,0,201.87
2022-10-18 01:00:00,8.6,72.8,8.6,10,1,1,0,0,178.39
2022-10-18 02:00:00,9.6,74.2,3.8,10,1,2,0,0,194.64
2022-10-18 03:00:00,8.7,72.4,18.1,10,1,3,0,0,139.23
2022-10-18 04:00:00,10.8,80.3,14.3,10,1,4,0,0,170.36
2022-10-18 05:00:00,12.7,75.5,26.2,10,1,5,0,0,179.38
2022-10-18 06:00:00,11.8,76.0,2.0,10,1,6,0,0,181.98
2022-10-18 07:00:00,14.1,74.2,6.9,10,1,7,0,0,173.72
2022-10-18 08:00:00,15.3,76.9,50.0,10,1,8,0,0,158.63
2022-10-18 09:00:00,18.1,68.8,15.3,10,1,9,0,0,200.03
2022-10-18 10:00:00,15.1,86.0,16.2,10,1,10,0,0,170.57
2022-10-18 11:00:00,17.7,61.3,9.8,10,1,11,0,0,173.82
2022-10-18 12:00:00,21.8,55.3,12.0,10,1,12,0,0,176.46
2022-10-18 13:00:00,20.1,55.5,15.1,10,1,13,0,0,159.61
2022-10-18 14:00:00,20.0,53.4,2.8,10,1,14,0,0,172.97
2022-10-18 15:00:00,16.5,77.1,11.4,10,1,15,0,0,173.25
2022-10-18 16:00:00,16.1,76.4,15.5,10,1,16,0,0,157.6
2022-10-18 17:00:00,16.2,81.5,2.3,10,1,17,0,0,188.39
2022-10-18 18:00:00,16.1,63.5,4.8,10,1,18,0,0,164.97
2022-10-18 19:00:00,7.7,82.1,5.1,10,1,19,0,0,212.98
2022-10-18 20:00:00,,76.6,17.4,10,1,20,0,0,230.48
2022-10-18 21:00:00,12.0,75.3,14.1,10,1,21,0,0,211.95
2022-10-18 22:00:00,8.0,81.0,10.5,10,1,22,0,0,214.77
2022-10-18 23:00:00,6.8,70.6,15.1,10,1,23,0,0,222.31
2022-10-19 00:00:00,5.2,98.1,6.8,10,2,0,0,0,225.98
2022-10-19 01:00:00,6.8,87.3,18.6,10,2,1,0,0,169.85
2022-10-19 02:00:00,5.6,73.0,4.1,10,2,2,0,0,196.56
2022-10-19 03:00:00,13.4,64.6,11.8,10,2,3,0,0,161.38
2022-10-19 04:00:00,10.2,74.2,4.2,10,2,4,0,0,180.18
2022-10-19 05:00:00,11.3,75.8,2.3,10,2,5,0,0,163.97
2022-10-19 06:00:00,13.9,81.6,4.7,10,2,6,0,0,180.46
2022-10-19 07:00:00,15.9,62.7,7.4,10,2,7,0,0,192.68
2022-10-19 08:00:00,17.1,73.7,16.8,10,2,8,0,0,165.66
2022-10-19 09:00:00,18.4,58.6,7.7,10,2,9,0,0,189.36
2022-10-19 10:00:00,15.8,75.6,3.6,10,2,10,0,0,204.29
2022-10-19 11:00:00,16.9,70.7,41.4,10,2,11,0,0,161.2
2022-10-19 12:00:00,19.2,85.9,4.5,10,2,12,0,0,161.62
2022-10-19 13:00:00,16.5,59.4,35.8,10,2,13,0,0,177.14
2022-10-19 14:00:00,17.0,82.5,24.0,10,2,14,0,0,174.74
2022-10-19 15:00:00,17.0,57.8,8.3,10,2,15,0,0,153.29
2022-10-19 16:00:00,16.8,61.0,2.8,10,2,16,0,0,182.68
2022-10-19 17:00:00,10.4,61.4,11.5,10,2,17,0,0,202.41
2022-10-19 18:00:00,14.1,74.9,17.0,10,2,18,0,0,206.83
2022-10-19 19:00:00,10.9,65.1,6.7,10,2,19,0,0,190.15
2022-10-19 20:00:00,11.6,63.4,4.2,10,2,20,0,0,212.74
2022-10-19 21:00:00,10.7,76.3,15.0,10,2,21,0,0,241.07
2022-10-19 22:00:00,11.6,77.8,8.3,10,2,22,0,0,245.32
2022-10-19 23:00:00,10.6,75.0,3.8,10,2,23,0,0,195.35
2022-10-20 00:00:00,10.2,73.6,25.9,10,3,0,0,0,166.5
2022-10-20 01:00:00,10.5,89.4,25.7,10,3,1,0,0,179.93
2022-10-20 02:00:00,8.7,76.8,5.7,10,3,2,0,0,186.73
2022-10-20 03:00:00,9.0,81.9,2.5,10,3,3,0,0,188.57
2022-10-20 04:00:00,11.7,75.3,10.0,10,3,4,0,0,129.23
2022-10-20 05:00:00,12.7,64.9,5.1,10,3,5,0,0,159.4
2022-10-20 06:00:00,11.9,78.5,2.5,10,3,6,0,0,192.6
2022-10-20 07:00:00,14.6,67.5,19.8,10,3,7,0,0,130.81
2022-10-20 08:00:00,14.9,71.8,50.0,10,3,8,0,0,137.16
2022-10-20 09:00:00,14.3,75.3,5.5,10,3,9,0,0,169.29
2022-10-20 10:00:00,19.4,54.8,12.9,10,3,10,0,0,186.39
2022-10-20 11:00:00,17.4,58.4,2.5,10,3,11,0,0,169.02
2022-10-20 12:00:00,21.6,76.5,5.7,10,3,12,0,0,155.34
2022-10-20 13:00:00,14.1,67.7,2.9,10,3,13,0,0,180.25
2022-10-20 14:00:00,15.7,67.2,2.5,10,3,14,0,0,149.76
2022-10-20 15:00:00,16.1,73.3,9.1,10,3,15,0,0,171.04
2022-10-20 16:00:00,,68.3,15.0,10,3,16,0,0,195.59
2022-10-20 17:00:00,14.6,76.1,6.8,10,3,17,0,0,175.71
2022-10-20 18:00:00,13.1,73.0,7.9,10,3,18,0,0,167.86
2022-10-20 19:00:00,8.9,77.1,4.5,10,3,19,0,0,227.07
2022-10-20 20:00:00,7.7,70.6,12.7,10,3,20,0,0,248.54
2022-10-20 21:00:00,9.6,76.8,5.6,10,3,21,0,0,234.88
2022-10-20 22:00:00,5.4,86.1,2.6,10,3,22,0,0,265.1
2022-10-20 23:00:00,6.6,72.2,3.4,10,3,23,0,0,218.39
2022-10-21 00:00:00,8.3,83.2,3.1,10,4,0,0,0,194.9
2022-10-21 01:00:00,5.5,76.9,6.6,10,4,1,0,0,174.21
2022-10-21 02:00:00,11.1,80.3,2.5,10,4,2,0,0,178.88
2022-10-21 03:00:00,11.2,75.4,15.1,10,4,3,0,0,139.79
2022-10-21 04:00:00,6.6,76.4,21.1,10,4,4,0,0,192.23
2022-10-21 05:00:00,9.1,78.2,4.3,10,4,5,0,0,174.05
2022-10-21 06:00:00,7.7,85.9,7.3,10,4,6,0,0,204.58
2022-10-21 07:00:00,12.0,75.9,7.9,10,4,7,0,0,200.31
2022-10-21 08:00:00,16.3,75.7,35.6,10,4,8,0,0,158.81
2022-10-21 09:00:00,15.0,69.6,2.5,10,4,9,0,0,182.12
2022-10-21 10:00:00,17.5,83.8,10.8,10,4,10,0,0,189.77
2022-10-21 11:00:00,14.0,78.1,5.4,10,4,11,0,0,188.39
2022-10-21 12:00:00,18.9,71.2,7.6,10,4,12,0,0,159.13
2022-10-21 13:00:00,16.0,71.0,4.0,10,4,13,0,0,201.22
2022-10-21 14:00:00,,79.5,3.4,10,4,14,0,0,141.09
2022-10-21 15:00:00,15.6,67.3,4.2,10,4,15,0,0,176.18
2022-10-21 16:00:00,12.2,59.6,2.6,10,4,16,0,0,179.24
2022-10-21 17:00:00,11.2,75.0,4.6,10,4,17,0,0,184.75
2022-10-21 18:00:00,14.2,82.4,11.4,10,4,18,0,0,198.75
2022-10-21 19:00:00,11.8,86.8,10.4,10,4,19,0,0,217.85
2022-10-21 20:00:00,11.9,73.2,8.5,10,4,20,0,0,238.25
2022-10-21 21:00:00,9.4,75.7,2.0,10,4,21,0,0,214.84
2022-10-21 22:00:00,8.2,80.0,3.1,10,4,22,0,0,221.5
2022-10-21 23:00:00,4.0,75.9,16.8,10,4,23,0,0,258.73
2022-10-22 00:00:00,6.5,80.9,4.5,10,5,0,1,0,182.5
2022-10-22 01:00:00,7.2,75.7,21.5,10,5,1,1,0,173.16
2022-10-22 02:00:00,11.6,82.3,18.6,10,5,2,1,0,152.93
2022-10-22 03:00:00,9.9,80.8,3.3,10,5,3,1,0,157.82
2022-10-22 04:00:00,12.6,80.2,20.3,10,5,4,1,0,119.47
2022-10-22 05:00:00,11.9,72.4,9.9,10,5,5,1,0,135.99
2022-10-22 06:00:00,10.6,90.1,10.0,10,5,6,1,0,180.36
2022-10-22 07:00:00,13.6,77.1,17.3,10,5,7,1,0,151.6
2022-10-22 08:00:00,15.0,74.5,6.2,10,5,8,1,0,155.74
2022-10-22 09:00:00,13.7,67.1,12.6,10,5,9,1,0,173.05
2022-10-22 10:00:00,,71.4,10.8,10,5,10,1,0,146.95
2022-10-22 11:00:00,16.5,72.7,13.8,10,5,11,1,0,155.5
2022-10-22 12:00:00,20.3,63.6,10.6,10,5,12,1,0,141.55
2022-10-22 13:00:00,12.7,71.3,2.7,10,5,13,1,0,160.05
2022-10-22 14:00:00,18.8,69.3,4.8,10,5,14,1,0,129.58
2022-10-22 15:00:00,13.7,73.6,24.5,10,5,15,1,0,135.49
2022-10-22 16:00:00,11.8,60.0,4.0,10,5,16,1,0,156.06
2022-10-22 17:00:00,15.7,71.1,7.1,10,5,17,1,0,172.67
2022-10-22 18:00:00,13.5,70.2,5.5,10,5,18,1,0,137.58
2022-10-22 19:00:00,13.3,73.2,2.7,10,5,19,1,0,195.51
2022-10-22 20:00:00,11.1,82.7,3.6,10,5,20,1,0,201.2
2022-10-22 21:00:00,,90.1,4.7,10,5,21,1,0,191.03
2022-10-22 22:00:00,8.8,81.0,7.0,10,5,22,1,0,192.37
2022-10-22 23:00:00,6.9,66.7,18.6,10,5,23,1,0,198.24
2022-10-23 00:00:00,7.5,73.5,7.8,10,6,0,1,0,188.42
2022-10-23 01:00:00,9.5,80.0,10.4,10,6,1,1,0,127.41
2022-10-23 02:00:00,5.9,80.9,6.4,10,6,2,1,0,209.36
2022-10-23 03:00:00,7.0,84.4,18.3,10,6,3,1,0,164.77
2022-10-23 04:00:00,8.7,74.9,10.7,10,6,4,1,0,155.64
2022-10-23 05:00:00,6.3,73.9,2.8,10,6,5,1,0,160.55
2022-10-23 06:00:00,12.1,88.0,7.2,10,6,6,1,0,146.31
2022-10-23 07:00:00,9.3,75.8,16.0,10,6,7,1,0,192.18
2022-10-23 08:00:00,14.4,64.7,12.6,10,6,8,1,0,155.79
2022-10-23 09:00:00,17.1,83.3,20.9,10,6,9,1,0,163.07
2022-10-23 10:00:00,15.2,60.4,4.1,10,6,10,1,0,160.7
2022-10-23 11:00:00,20.0,42.0,32.2,10,6,11,1,0,163.52
2022-10-23 12:00:00,13.9,79.2,4.7,10,6,12,1,0,163.73
2022-10-23 13:00:00,19.0,77.8,2.4,10,6,13,1,0,161.11
2022-10-23 14:00:00,17.5,74.6,7.5,10,6,14,1,0,135.92
2022-10-23 15:00:00,11.9,63.6,2.9,10,6,15,1,0,161.28
2022-10-23 16:00:00,19.7,69.7,11.1,10,6,16,1,0,137.63
2022-10-23 17:00:00,13.0,71.3,20.5,10,6,17,1,0,168.38
2022-10-23 18:00:00,10.1,70.7,22.3,10,6,18,1,0,190.99
2022-10-23 19:00:00,7.7,87.4,9.5,10,6,19,1,0,210.71
2022-10-23 20:00:00,8.9,67.2,8.1,10,6,20,1,0,226.5
2022-10-23 21:00:00,8.0,78.5,42.9,10,6,21,1,0,181.33
2022-10-23 22:00:00,7.7,85.7,8.9,10,6,22,1,0,188.9
2022-10-23 23:00:00,6.4,79.9,23.0,10,6,23,1,0,191.95
2022-10-24 00:00:00,7.9,86.0,21.9,10,0,0,0,1,169.17
2022-10-24 01:00:00,6.0,81.5,4.7,10,0,1,0,1,163.61
2022-10-24 02:00:00,3.4,81.7,2.1,10,0,2,0,1,196.09
2022-10-24 03:00:00,7.8,79.0,6.6,10,0,3,0,1,135.31
2022-10-24 04:00:00,4.4,82.7,17.8,10,0,4,0,1,177.25
2022-10-24 05:00:00,11.0,71.4,16.5,10,0,5,0,1,152.09
2022-10-24 06:00:00,9.6,64.8,9.4,10,0,6,0,1,142.79
2022-10-24 07:00:00,13.2,81.0,3.4,10,0,7,0,1,135.57
2022-10-24 08:00:00,16.7,80.9,2.9,10,0,8,0,1,157.75
2022-10-24 09:00:00,13.2,75.4,26.8,10,0,9,0,1,147.85
2022-10-24 10:00:00,18.1,66.6,6.4,10,0,10,0,1,191.97
2022-10-24 11:00:00,15.6,59.8,10.4,10,0,11,0,1,157.44
2022-10-24 12:00:00,20.1,70.6,20.9,10,0,12,0,1,150.21
2022-10-24 13:00:00,15.7,61.4,18.3,10,0,13,0,1,114.26
2022-10-24 14:00:00,14.3,61.0,8.7,10,0,14,0,1,145.3
2022-10-24 15:00:00,16.5,71.6,7.4,10,0,15,0,1,118.3
2022-10-24 16:00:00,13.2,67.3,12.6,10,0,16,0,1,141.13
2022-10-24 17:00:00,11.2,77.2,5.4,10,0,17,0,1,156.26
2022-10-24 18:00:00,10.7,73.4,9.9,10,0,18,0,1,194.16
2022-10-24 19:00:00,10.2,70.0,2.2,10,0,19,0,1,199.71
2022-10-24 20:00:00,11.8,60.5,15.9,10,0,20,0,1,183.0
2022-10-24 21:00:00,4.2,71.1,50.0,10,0,21,0,1,236.23
2022-10-24 22:00:00,7.3,69.8,26.8,10,0,22,0,1,190.92
2022-10-24 23:00:00,8.0,66.2,5.6,10,0,23,0,1,199.33
2022-10-25 00:00:00,6.8,74.0,8.1,10,1,0,0,1,201.59
2022-10-25 01:00:00,9.2,66.2,4.2,10,1,1,0,1,153.83
2022-10-25 02:00:00,6.9,75.2,4.9,10,1,2,0,1,168.27
2022-10-25 03:00:00,7.5,78.2,6.9,10,1,3,0,1,172.04
2022-10-25 04:00:00,10.1,68.4,13.0,10,1,4,0,1,158.77
2022-10-25 05:00:00,10.3,78.3,2.1,10,1,5,0,1,152.75
2022-10-25 06:00:00,10.6,63.8,6.0,10,1,6,0,1,141.56
2022-10-25 07:00:00,13.7,64.2,8.5,10,1,7,0,1,157.19
2022-10-25 08:00:00,12.6,72.8,3.9,10,1,8,0,1,172.91
2022-10-25 09:00:00,13.7,78.6,2.7,10,1,9,0,1,183.57
2022-10-25 10:00:00,14.7,79.6,8.2,10,1,10,0,1,178.66
2022-10-25 11:00:00,18.9,83.4,10.1,10,1,11,0,1,156.9
2022-10-25 12:00:00,10.0,72.0,10.2,10,1,12,0,1,179.98
2022-10-25 13:00:00,17.0,,5.5,10,1,13,0,1,149.95
2022-10-25 14:00:00,15.8,63.8,4.2,10,1,14,0,1,114.46
2022-10-25 15:00:00,11.6,64.2,4.0,10,1,15,0,1,172.49
2022-10-25 16:00:00,14.5,74.6,2.3,10,1,16,0,1,152.72
2022-10-25 17:00:00,13.6,67.0,3.6,10,1,17,0,1,141.11
2022-10-25 18:00:00,12.6,83.6,15.7,10,1,18,0,1,171.51
2022-10-25 19:00:00,4.8,65.9,2.0,10,1,19,0,1,252.84
2022-10-25 20:00:00,11.6,78.1,2.4,10,1,20,0,1,198.5
2022-10-25 21:00:00,6.4,68.8,3.1,10,1,21,0,1,209.38
2022-10-25 22:00:00,8.4,69.2,6.4,10,1,22,0,1,173.72
2022-10-25 23:00:00,8.0,80.3,5.2,10,1,23,0,1,225.1
2022-10-26 00:00:00,4.4,72.4,3.6,10,2,0,0,0,199.53
2022-10-26 01:00:00,7.7,72.0,2.9,10,2,1,0,0,199.37
2022-10-26 02:00:00,6.1,70.5,24.4,10,2,2,0,0,180.87
2022-10-26 03:00:00,3.5,92.5,21.4,10,2,3,0,0,233.29
2022-10-26 04:00:00,11.0,69.6,13.8,10,2,4,0,0,143.54
2022-10-26 05:00:00,8.3,76.2,4.3,10,2,5,0,0,215.68
2022-10-26 06:00:00,9.5,73.6,5.1,10,2,6,0,0,189.44
2022-10-26 07:00:00,11.7,75.9,10.8,10,2,7,0,0,182.8
2022-10-26 08:00:00,14.2,68.0,4.8,10,2,8,0,0,180.73
2022-10-26 09:00:00,14.6,71.1,8.1,10,2,9,0,0,183.34
2022-10-26 10:00:00,16.6,74.8,10.4,10,2,10,0,0,183.93
2022-10-26 11:00:00,13.3,66.4,7.9,10,2,11,0,0,207.02
2022-10-26 12:00:00,14.7,81.4,6.3,10,2,12,0,0,161.99
2022-10-26 13:00:00,15.8,81.6,5.4,10,2,13,0,0,165.03
2022-10-26 14:00:00,19.3,75.2,14.0,10,2,14,0,0,179.29
2022-10-26 15:00:00,14.5,73.3,12.7,10,2,15,0,0,166.44
2022-10-26 16:00:00,15.9,48.1,11.5,10,2,16,0,0,150.28
2022-10-26 17:00:00,12.6,77.1,5.8,10,2,17,0,0,171.49
2022-10-26 18:00:00,10.2,71.8,14.0,10,2,18,0,0,190.98
2022-10-26 19:00:00,9.4,73.3,27.3,10,2,19,0,0,233.1
2022-10-26 20:00:00,8.3,60.6,11.3,10,2,20,0,0,221.79
2022-10-26 21:00:00,8.9,79.5,6.2,10,2,21,0,0,246.33
2022-10-26 22:00:00,9.6,63.6,14.7,10,2,22,0,0,194.69
2022-10-26 23:00:00,7.1,77.4,9.5,10,2,23,0,0,220.27
2022-10-27 00:00:00,8.3,83.1,18.8,10,3,0,0,0,189.57
2022-10-27 01:00:00,4.2,74.1,12.0,10,3,1,0,0,206.88
2022-10-27 02:00:00,5.8,86.8,13.8,10,3,2,0,0,203.16
2022-10-27 03:00:00,6.0,71.0,10.8,10,3,3,0,0,163.3
2022-10-27 04:00:00,9.1,80.3,2.8,10,3,4,0,0,180.62
2022-10-27 05:00:00,9.0,65.1,7.3,10,3,5,0,0,189.22
2022-10-27 06:00:00,12.4,82.0,2.5,10,3,6,0,0,166.29
2022-10-27 07:00:00,10.4,81.8,6.7,10,3,7,0,0,199.99
2022-10-27 08:00:00,13.6,77.0,12.1,10,3,8,0,0,189.47
2022-10-27 09:00:00,15.9,68.9,6.4,10,3,9,0,0,190.99
2022-10-27 10:00:00,11.2,63.2,2.0,10,3,10,0,0,192.03
2022-10-27 11:00:00,20.0,66.9,5.7,10,3,11,0,0,181.06
2022-10-27 12:00:00,15.4,81.2,2.6,10,3,12,0,0,161.31
2022-10-27 13:00:00,11.8,75.2,14.1,10,3,13,0,0,177.11
2022-10-27 14:00:00,15.6,59.8,14.3,10,3,14,0,0,160.42
2022-10-27 15:00:00,14.6,63.7,15.1,10,3,15,0,0,166.52
2022-10-27 16:00:00,13.3,83.4,2.2,10,3,16,0,0,165.37
2022-10-27 17:00:00,14.3,76.8,2.3,10,3,17,0,0,180.7
2022-10-27 18:00:00,12.5,63.9,20.7,10,3,18,0,0,202.71
2022-10-27 19:00:00,10.3,60.7,3.1,10,3,19,0,0,206.65
2022-10-27 20:00:00,9.4,70.3,10.9,10,3,20,0,0,198.19
2022-10-27 21:00:00,7.2,61.6,14.7,10,3,21,0,0,243.9
2022-10-27 22:00:00,10.2,73.7,6.8,10,3,22,0,0,198.68
2022-10-27 23:00:00,3.2,98.0,8.3,10,3,23,0,0,252.12
2022-10-28 00:00:00,6.1,64.2,4.1,10,4,0,0,0,211.29
2022-10-28 01:00:00,6.1,75.5,22.6,10,4,1,0,0,198.82
2022-10-28 02:00:00,,86.5,4.9,10,4,2,0,0,204.72
2022-10-28 03:00:00,5.5,83.2,4.0,10,4,3,0,0,202.09
2022-10-28 04:00:00,4.8,76.4,8.0,10,4,4,0,0,211.76
2022-10-28 05:00:00,9.8,73.9,3.7,10,4,5,0,0,156.4
2022-10-28 06:00:00,11.3,65.1,11.3,10,4,6,0,0,184.32
2022-10-28 07:00:00,15.0,70.3,7.8,10,4,7,0,0,160.96
2022-10-28 08:00:00,10.7,76.6,3.3,10,4,8,0,0,253.87
2022-10-28 09:00:00,16.6,80.5,2.6,10,4,9,0,0,188.18
2022-10-28 10:00:00,19.8,65.1,3.2,10,4,10,0,0,190.44
2022-10-28 11:00:00,14.8,71.1,3.2,10,4,11,0,0,203.56
2022-10-28 12:00:00,13.2,65.8,5.0,10,4,12,0,0,188.53
2022-10-28 13:00:00,14.8,74.4,16.3,10,4,13,0,0,178.54
2022-10-28 14:00:00,15.1,78.7,2.5,10,4,14,0,0,207.51
2022-10-28 15:00:00,15.4,77.3,3.1,10,4,15,0,0,159.2
2022-10-28 16:00:00,12.1,64.6,4.9,10,4,16,0,0,148.59
2022-10-28 17:00:00,15.2,73.6,8.4,10,4,17,0,0,158.01
2022-10-28 18:00:00,8.5,70.3,13.5,10,4,18,0,0,233.85
2022-10-28 19:00:00,6.0,85.1,22.3,10,4,19,0,0,241.49
2022-10-28 20:00:00,10.5,73.5,6.2,10,4,20,0,0,262.05
2022-10-28 21:00:00,2.7,66.5,2.9,10,4,21,0,0,292.97
2022-10-28 22:00:00,6.0,75.2,3.9,10,4,22,0,0,233.81
2022-10-28 23:00:00,12.2,77.6,4.7,10,4,23,0,0,181.35
2022-10-29 00:00:00,5.5,79.2,14.3,10,5,0,1,0,181.09
2022-10-29 01:00:00,3.5,74.2,11.3,10,5,1,1,0,169.1
2022-10-29 02:00:00,6.1,72.3,3.9,10,5,2,1,0,179.28
2022-10-29 03:00:00,6.9,68.6,16.6,10,5,3,1,0,169.53
2022-10-29 04:00:00,8.4,72.6,17.7,10,5,4,1,0,137.44
2022-10-29 05:00:00,10.6,67.9,19.1,10,5,5,1,0,119.2
2022-10-29 06:00:00,8.5,83.5,4.6,10,5,6,1,0,162.3
2022-10-29 07:00:00,15.2,65.2,3.1,10,5,7,1,0,161.4
2022-10-29 08:00:00,13.6,74.2,2.9,10,5,8,1,0,178.0
2022-10-29 09:00:00,15.6,72.7,6.1,10,5,9,1,0,168.61
2022-10-29 10:00:00,13.6,80.7,6.5,10,5,10,1,0,203.03
2022-10-29 11:00:00,18.0,79.7,18.2,10,5,11,1,0,130.0
2022-10-29 12:00:00,15.1,78.0,4.5,10,5,12,1,0,158.31
2022-10-29 13:00:00,16.0,74.8,9.9,10,5,13,1,0,154.88
2022-10-29 14:00:00,13.0,65.1,14.4,10,5,14,1,0,158.77
2022-10-29 15:00:00,12.1,65.4,4.5,10,5,15,1,0,166.95
2022-10-29 16:00:00,14.4,66.0,4.5,10,5,16,1,0,158.44
2022-10-29 17:00:00,11.0,80.5,10.8,10,5,17,1,0,191.96
2022-10-29 18:00:00,8.9,76.2,12.4,10,5,18,1,0,205.51
2022-10-29 19:00:00,8.0,83.0,27.7,10,5,19,1,0,188.1
2022-10-29 20:00:00,9.5,83.3,17.2,10,5,20,1,0,198.85
2022-10-29 21:00:00,5.8,71.3,15.8,10,5,21,1,0,199.17
2022-10-29 22:00:00,6.0,77.3,11.4,10,5,22,1,0,230.64
2022-10-29 23:00:00,5.8,77.0,3.0,10,5,23,1,0,228.37
2022-10-30 00:00:00,1.5,76.6,15.3,10,6,0,1,0,205.27
2022-10-30 01:00:00,2.6,74.4,23.9,10,6,1,1,0,196.66
2022-10-30 02:00:00,6.7,86.1,6.0,10,6,2,1,0,147.32
2022-10-30 03:00:00,5.4,77.7,5.0,10,6,3,1,0,178.29
2022-10-30 04:00:00,10.0,75.1,7.9,10,6,4,1,0,134.96
2022-10-30 05:00:00,11.0,68.1,27.1,10,6,5,1,0,118.76
2022-10-30 06:00:00,11.8,79.5,2.4,10,6,6,1,0,155.81
2022-10-30 07:00:00,15.3,64.3,11.9,10,6,7,1,0,169.83
2022-10-30 08:00:00,12.7,77.3,15.5,10,6,8,1,0,176.3
2022-10-30 09:00:00,15.2,76.3,14.4,10,6,9,1,0,159.69
2022-10-30 10:00:00,13.5,69.9,8.7,10,6,10,1,0,173.8
2022-10-30 11:00:00,20.1,72.5,22.3,10,6,11,1,0,176.16
2022-10-30 12:00:00,19.3,71.8,3.2,10,6,12,1,0,168.83
2022-10-30 13:00:00,15.2,72.1,4.2,10,6,13,1,0,146.15
2022-10-30 14:00:00,15.5,,4.9,10,6,14,1,0,151.92
2022-10-30 15:00:00,16.6,72.2,2.1,10,6,15,1,0,125.94
2022-10-30 16:00:00,12.6,74.8,5.7,10,6,16,1,0,157.9
2022-10-30 17:00:00,10.4,75.3,3.4,10,6,17,1,0,189.34
2022-10-30 18:00:00,12.1,65.1,12.3,10,6,18,1,0,187.37
2022-10-30 19:00:00,9.2,74.2,6.3,10,6,19,1,0,195.56
2022-10-30 20:00:00,8.2,78.0,11.8,10,6,20,1,0,229.92
2022-10-30 21:00:00,5.2,78.2,4.8,10,6,21,1,0,239.45
2022-10-30 22:00:00,2.6,86.3,3.1,10,6,22,1,0,248.32
2022-10-30 23:00:00,6.0,82.0,3.1,10,6,23,1,0,238.55
2022-10-31 00:00:00,7.0,69.5,3.8,10,0,0,0,0,198.44
2022-10-31 01:00:00,4.9,76.2,3.0,10,0,1,0,0,200.8
2022-10-31 02:00:00,8.7,73.2,4.0,10,0,2,0,0,171.34
2022-10-31 03:00:00,5.2,77.4,8.9,10,0,3,0,0,215.01
2022-10-31 04:00:00,5.6,77.2,4.4,10,0,4,0,0,191.4
2022-10-31 05:00:00,8.7,80.5,5.4,10,0,5,0,0,202.03
2022-10-31 06:00:00,10.0,76.4,2.4,10,0,6,0,0,177.43
2022-10-31 07:00:00,13.0,83.3,19.8,10,0,7,0,0,176.22
2022-10-31 08:00:00,11.1,76.4,3.2,10,0,8,0,0,236.36
2022-10-31 09:00:00,16.4,65.1,5.4,10,0,9,0,0,172.56
2022-10-31 10:00:00,18.4,67.0,5.8,10,0,10,0,0,155.03
2022-10-31 11:00:00,14.9,77.4,13.8,10,0,11,0,0,210.79
2022-10-31 12:00:00,17.7,58.3,7.3,10,0,12,0,0,150.72
2022-10-31 13:00:00,12.9,62.8,5.9,10,0,13,0,0,169.3
2022-10-31 14:00:00,16.7,71.8,11.5,10,0,14,0,0,173.35
2022-10-31 15:00:00,15.8,79.7,9.3,10,0,15,0,0,177.28
2022-10-31 16:00:00,14.4,83.3,2.7,10,0,16,0,0,143.23
2022-10-31 17:00:00,11.4,72.5,5.0,10,0,17,0,0,190.07
2022-10-31 18:00:00,4.3,86.4,32.8,10,0,18,0,0,260.22
2022-10-31 19:00:00,7.6,76.8,7.3,10,0,19,0,0,272.0
2022-10-31 20:00:00,6.4,64.5,6.4,10,0,20,0,0,233.25
2022-10-31 21:00:00,4.7,77.6,3.3,10,0,21,0,0,282.94
2022-10-31 22:00:00,6.1,72.0,16.6,10,0,22,0,0,225.93
2022-10-31 23:00:00,4.5,85.1,3.1,10,0,23,0,0,264.08
2022-11-01 00:00:00,3.3,78.1,2.9,11,1,0,0,1,192.04
2022-11-01 01:00:00,3.0,68.3,6.6,11,1,1,0,1,196.53
2022-11-01 02:00:00,4.2,65.9,6.6,11,1,2,0,1,188.69
2022-11-01 03:00:00,8.7,75.5,33.9,11,1,3,0,1,149.38
2022-11-01 04:00:00,6.2,57.6,3.1,11,1,4,0,1,174.71
2022-11-01 05:00:00,7.7,72.0,7.3,11,1,5,0,1,157.16
2022-11-01 06:00:00,9.1,77.3,3.8,11,1,6,0,1,158.15
2022-11-01 07:00:00,12.0,65.6,11.7,11,1,7,0,1,177.79
2022-11-01 08:00:00,13.4,81.3,6.0,11,1,8,0,1,166.39
2022-11-01 09:00:00,7.4,85.8,10.4,11,1,9,0,1,197.79
2022-11-01 10:00:00,16.4,63.7,5.3,11,1,10,0,1,167.46
2022-11-01 11:00:00,17.7,68.8,8.7,11,1,11,0,1,161.78
2022-11-01 12:00:00,12.9,81.5,7.1,11,1,12,0,1,144.63
2022-11-01 13:00:00,12.9,73.6,5.8,11,1,13,0,1,162.18
2022-11-01 14:00:00,13.4,62.1,8.2,11,1,14,0,1,119.92
2022-11-01 15:00:00,12.0,72.9,5.9,11,1,15,0,1,142.31
2022-11-01 16:00:00,12.9,66.7,15.1,11,1,16,0,1,128.99
2022-11-01 17:00:00,7.4,85.2,7.5,11,1,17,0,1,191.37
2022-11-01 18:00:00,7.7,81.0,20.7,11,1,18,0,1,187.48
2022-11-01 19:00:00,11.8,71.6,4.0,11,1,19,0,1,182.97
2022-11-01 20:00:00,5.6,78.3,3.0,11,1,20,0,1,205.65
2022-11-01 21:00:00,8.9,65.1,5.8,11,1,21,0,1,198.46
2022-11-01 22:00:00,6.4,70.8,3.6,11,1,22,0,1,193.32
2022-11-01 23:00:00,1.5,91.7,6.0,11,1,23,0,1,281.49
2022-11-02 00:00:00,6.1,77.4,3.9,11,2,0,0,0,207.33
2022-11-02 01:00:00,4.7,85.1,18.2,11,2,1,0,0,210.04
2022-11-02 02:00:00,4.5,79.6,8.7,11,2,2,0,0,223.45
2022-11-02 03:00:00,6.7,87.1,7.5,11,2,3,0,0,215.49
2022-11-02 04:00:00,8.2,59.9,14.4,11,2,4,0,0,158.14
2022-11-02 05:00:00,9.9,73.5,3.1,11,2,5,0,0,189.83
2022-11-02 06:00:00,12.1,87.1,17.6,11,2,6,0,0,188.69
2022-11-02 07:00:00,11.9,81.7,7.3,11,2,7,0,0,191.18
2022-11-02 08:00:00,9.5,85.8,3.2,11,2,8,0,0,217.78
2022-11-02 09:00:00,12.4,73.8,15.7,11,2,9,0,0,191.01
2022-11-02 10:00:00,20.0,65.7,6.9,11,2,10,0,0,177.36
2022-11-02 11:00:00,16.1,63.7,9.4,11,2,11,0,0,183.07
2022-11-02 12:00:00,19.5,61.5,19.9,11,2,12,0,0,156.82
2022-11-02 13:00:00,17.4,77.8,19.7,11,2,13,0,0,176.89
2022-11-02 14:00:00,14.6,76.8,19.9,11,2,14,0,0,153.22
2022-11-02 15:00:00,13.9,72.5,6.3,11,2,15,0,0,185.8
2022-11-02 16:00:00,12.2,78.0,13.1,11,2,16,0,0,201.45
2022-11-02 17:00:00,7.6,77.3,4.1,11,2,17,0,0,226.53
2022-11-02 18:00:00,9.8,82.8,16.2,11,2,18,0,0,186.21
2022-11-02 19:00:00,10.9,82.2,5.3,11,2,19,0,0,232.18
2022-11-02 20:00:00,6.1,68.4,7.0,11,2,20,0,0,245.67
2022-11-02 21:00:00,7.1,78.7,19.8,11,2,21,0,0,231.78
2022-11-02 22:00:00,7.2,63.1,15.1,11,2,22,0,0,231.1
2022-11-02 23:00:00,3.1,79.5,26.4,11,2,23,0,0,264.16
2022-11-03 00:00:00,3.7,83.0,5.6,11,3,0,0,0,209.41
2022-11-03 01:00:00,2.7,68.1,3.3,11,3,1,0,0,235.3
2022-11-03 02:00:00,3.6,74.9,21.3,11,3,2,0,0,243.44
2022-11-03 03:00:00,3.5,78.3,7.4,11,3,3,0,0,204.02
2022-11-03 04:00:00,5.3,79.2,19.6,11,3,4,0,0,198.36
2022-11-03 05:00:00,11.1,72.2,12.5,11,3,5,0,0,159.79
2022-11-03 06:00:00,7.8,66.7,18.6,11,3,6,0,0,204.45
2022-11-03 07:00:00,11.1,74.0,10.5,11,3,7,0,0,169.66
2022-11-03 08:00:00,11.1,61.2,15.4,11,3,8,0,0,169.17
2022-11-03 09:00:00,15.5,70.4,3.0,11,3,9,0,0,203.92
2022-11-03 10:00:00,16.6,68.2,29.6,11,3,10,0,0,181.61
2022-11-03 11:00:00,16.2,70.8,3.6,11,3,11,0,0,171.66
2022-11-03 12:00:00,15.2,67.9,2.2,11,3,12,0,0,182.97
2022-11-03 13:00:00,14.0,61.0,8.1,11,3,13,0,0,155.99
2022-11-03 14:00:00,11.5,71.3,12.0,11,3,14,0,0,196.06
2022-11-03 15:00:00,17.0,78.9,12.1,11,3,15,0,0,166.08
2022-11-03 16:00:00,10.6,84.8,5.3,11,3,16,0,0,185.41
2022-11-03 17:00:00,12.2,93.4,13.2,11,3,17,0,0,184.67
2022-11-03 18:00:00,11.7,87.7,16.8,11,3,18,0,0,196.71
2022-11-03 19:00:00,7.2,66.8,9.5,11,3,19,0,0,224.25
2022-11-03 20:00:00,9.2,72.1,5.9,11,3,20,0,0,254.9
2022-11-03 21:00:00,7.6,76.0,9.6,11,3,21,0,0,257.64
2022-11-03 22:00:00,8.7,75.0,17.9,11,3,22,0,0,210.85
2022-11-03 23:00:00,3.8,78.6,20.5,11,3,23,0,0,239.15
2022-11-04 00:00:00,1.8,98.3,2.3,11,4,0,0,0,241.6
2022-11-04 01:00:00,3.6,69.6,3.0,11,4,1,0,0,224.67
2022-11-04 02:00:00,5.5,71.5,2.0,11,4,2,0,0,213.17
2022-11-04 03:00:00,6.0,90.2,7.4,11,4,3,0,0,220.14
2022-11-04 04:00:00,6.1,72.0,6.6,11,4,4,0,0,185.52
2022-11-04 05:00:00,4.3,81.0,8.3,11,4,5,0,0,197.35
2022-11-04 06:00:00,10.4,83.1,11.2,11,4,6,0,0,170.67
2022-11-04 07:00:00,14.7,76.6,5.6,11,4,7,0,0,184.01
2022-11-04 08:00:00,12.8,75.1,3.9,11,4,8,0,0,193.22
2022-11-04 09:00:00,14.2,80.4,6.0,11,4,9,0,0,212.58
2022-11-04 10:00:00,14.9,65.4,2.1,11,4,10,0,0,196.8
2022-11-04 11:00:00,15.0,68.5,16.1,11,4,11,0,0,210.29
2022-11-04 12:00:00,16.3,76.1,5.9,11,4,12,0,0,157.51
2022-11-04 13:00:00,15.0,55.9,9.8,11,4,13,0,0,131.47
2022-11-04 14:00:00,13.1,84.8,5.1,11,4,14,0,0,202.37
2022-11-04 15:00:00,11.4,76.7,9.6,11,4,15,0,0,172.65
2022-11-04 16:00:00,11.4,75.5,8.2,11,4,16,0,0,189.35
2022-11-04 17:00:00,11.3,61.3,3.9,11,4,17,0,0,194.93
2022-11-04 18:00:00,8.8,65.3,9.9,11,4,18,0,0,222.51
2022-11-04 19:00:00,8.8,72.4,2.9,11,4,19,0,0,227.35
2022-11-04 20:00:00,7.8,82.6,7.2,11,4,20,0,0,232.32
2022-11-04 21:00:00,7.5,,12.2,11,4,21,0,0,218.84
2022-11-04 22:00:00,7.7,82.5,8.4,11,4,22,0,0,240.34
2022-11-04 23:00:00,4.7,74.7,13.0,11,4,23,0,0,249.95
2022-11-05 00:00:00,1.6,77.4,4.6,11,5,0,1,0,224.54
2022-11-05 01:00:00,3.7,80.2,2.4,11,5,1,1,0,195.35
2022-11-05 02:00:00,5.0,79.7,2.5,11,5,2,1,0,195.87
2022-11-05 03:00:00,2.0,73.3,4.5,11,5,3,1,0,187.3
2022-11-05 04:00:00,9.5,80.2,6.2,11,5,4,1,0,181.89
2022-11-05 05:00:00,8.2,57.3,8.2,11,5,5,1,0,166.52
2022-11-05 06:00:00,,71.4,13.3,11,5,6,1,0,155.94
2022-11-05 07:00:00,13.3,74.6,16.6,11,5,7,1,0,162.64
2022-11-05 08:00:00,10.5,72.0,11.5,11,5,8,1,0,185.85
2022-11-05 09:00:00,13.9,58.4,7.0,11,5,9,1,0,170.15
2022-11-05 10:00:00,13.3,79.4,4.5,11,5,10,1,0,151.92
2022-11-05 11:00:00,13.7,63.2,6.5,11,5,11,1,0,175.59
2022-11-05 12:00:00,12.7,73.1,4.6,11,5,12,1,0,191.37
2022-11-05 13:00:00,17.4,72.5,9.8,11,5,13,1,0,133.64
2022-11-05 14:00:00,12.8,73.8,15.6,11,5,14,1,0,164.29
2022-11-05 15:00:00,14.2,82.3,7.8,11,5,15,1,0,161.9
2022-11-05 16:00:00,8.0,75.6,2.4,11,5,16,1,0,190.75
2022-11-05 17:00:00,12.9,77.0,24.5,11,5,17,1,0,157.21
2022-11-05 18:00:00,11.3,73.9,4.8,11,5,18,1,0,190.85
2022-11-05 19:00:00,8.1,80.8,21.7,11,5,19,1,0,213.01
2022-11-05 20:00:00,6.3,88.0,15.4,11,5,20,1,0,258.83
2022-11-05 21:00:00,6.5,77.9,6.3,11,5,21,1,0,240.09
2022-11-05 22:00:00,9.5,81.5,2.5,11,5,22,1,0,207.26
2022-11-05 23:00:00,0.9,91.2,25.6,11,5,23,1,0,264.93
2022-11-06 00:00:00,5.6,88.0,10.6,11,6,0,1,0,202.3
2022-11-06 01:00:00,2.4,75.7,4.3,11,6,1,1,0,183.23
2022-11-06 02:00:00,4.7,85.9,8.1,11,6,2,1,0,187.28
2022-11-06 03:00:00,5.0,79.5,10.1,11,6,3,1,0,171.61
2022-11-06 04:00:00,5.7,86.1,4.1,11,6,4,1,0,187.82
2022-11-06 05:00:00,7.7,80.7,2.8,11,6,5,1,0,164.47
2022-11-06 06:00:00,6.8,78.8,4.5,11,6,6,1,0,195.68
2022-11-06 07:00:00,12.4,77.3,2.4,11,6,7,1,0,155.7
2022-11-06 08:00:00,8.0,78.1,2.6,11,6,8,1,0,224.13
2022-11-06 09:00:00,13.7,75.5,3.4,11,6,9,1,0,199.32
2022-11-06 10:00:00,12.7,72.4,3.4,11,6,10,1,0,159.74
2022-11-06 11:00:00,11.5,72.2,4.3,11,6,11,1,0,188.17
2022-11-06 12:00:00,14.5,86.9,24.2,11,6,12,1,0,149.46
2022-11-06 13:00:00,10.8,78.4,8.9,11,6,13,1,0,174.22
2022-11-06 14:00:00,13.5,68.7,6.4,11,6,14,1,0,158.92
2022-11-06 15:00:00,9.7,72.9,8.6,11,6,15,1,0,148.99
2022-11-06 16:00:00,12.5,82.2,2.0,11,6,16,1,0,147.44
2022-11-06 17:00:00,8.5,69.9,20.0,11,6,17,1,0,166.82
2022-11-06 18:00:00,8.2,64.1,8.1,11,6,18,1,0,189.1
2022-11-06 19:00:00,8.4,64.6,6.8,11,6,19,1,0,200.01
2022-11-06 20:00:00,5.0,63.7,24.7,11,6,20,1,0,240.84
2022-11-06 21:00:00,5.4,66.9,12.5,11,6,21,1,0,231.31
2022-11-06 22:00:00,1.7,69.7,5.3,11,6,22,1,0,242.49
2022-11-06 23:00:00,5.5,88.3,24.0,11,6,23,1,0,200.84
2022-11-07 00:00:00,7.4,75.9,17.3,11,0,0,0,0,160.3
2022-11-07 01:00:00,9.6,72.3,26.7,11,0,1,0,0,199.7
2022-11-07 02:00:00,4.7,66.1,2.8,11,0,2,0,0,210.58
2022-11-07 03:00:00,6.9,75.4,26.9,11,0,3,0,0,195.98
2022-11-07 04:00:00,2.8,64.7,8.3,11,0,4,0,0,236.82
2022-11-07 05:00:00,10.6,71.7,10.9,11,0,5,0,0,172.24
2022-11-07 06:00:00,10.4,91.3,3.9,11,0,6,0,0,155.72
2022-11-07 07:00:00,9.2,80.7,3.2,11,0,7,0,0,197.18
2022-11-07 08:00:00,13.9,71.4,2.7,11,0,8,0,0,194.29
2022-11-07 09:00:00,11.9,79.6,6.4,11,0,9,0,0,208.32
2022-11-07 10:00:00,12.3,69.7,4.0,11,0,10,0,0,223.01
2022-11-07 11:00:00,14.7,66.3,2.7,11,0,11,0,0,193.44
2022-11-07 12:00:00,11.8,87.8,26.8,11,0,12,0,0,220.0
2022-11-07 13:00:00,15.8,63.0,12.6,11,0,13,0,0,151.29
2022-11-07 14:00:00,11.1,71.6,7.8,11,0,14,0,0,194.54
2022-11-07 15:00:00,10.3,77.3,12.9,11,0,15,0,0,173.51
2022-11-07 16:00:00,9.6,67.7,9.6,11,0,16,0,0,208.67
2022-11-07 17:00:00,11.7,79.4,3.6,11,0,17,0,0,185.33
2022-11-07 18:00:00,7.6,73.7,10.0,11,0,18,0,0,201.52
2022-11-07 19:00:00,4.9,82.9,11.1,11,0,19,0,0,240.47
2022-11-07 20:00:00,5.2,82.1,4.2,11,0,20,0,0,261.28
2022-11-07 21:00:00,5.3,75.4,5.1,11,0,21,0,0,283.63
2022-11-07 22:00:00,2.2,92.6,5.9,11,0,22,0,0,293.34
2022-11-07 23:00:00,1.7,73.8,9.4,11,0,23,0,0,274.67
2022-11-08 00:00:00,7.9,86.8,3.1,11,1,0,0,0,201.51
2022-11-08 01:00:00,2.2,88.3,12.9,11,1,1,0,0,224.44
2022-11-08 02:00:00,3.7,92.3,5.4,11,1,2,0,0,211.77
2022-11-08 03:00:00,4.4,79.2,11.4,11,1,3,0,0,201.92
2022-11-08 04:00:00,5.4,71.0,23.6,11,1,4,0,0,186.71
2022-11-08 05:00:00,8.7,92.3,18.3,11,1,5,0,0,177.36
2022-11-08 06:00:00,10.6,72.0,12.7,11,1,6,0,0,166.0
2022-11-08 07:00:00,9.4,68.8,3.7,11,1,7,0,0,200.64
2022-11-08 08:00:00,8.7,74.1,12.5,11,1,8,0,0,200.99
2022-11-08 09:00:00,14.8,64.7,10.1,11,1,9,0,0,205.59
2022-11-08 10:00:00,12.8,77.8,13.8,11,1,10,0,0,219.13
2022-11-08 11:00:00,17.0,66.7,18.2,11,1,11,0,0,187.61
2022-11-08 12:00:00,9.2,73.1,5.0,11,1,12,0,0,220.77
2022-11-08 13:00:00,13.9,80.8,10.3,11,1,13,0,0,156.92
2022-11-08 14:00:00,16.9,76.6,4.6,11,1,14,0,0,201.11
2022-11-08 15:00:00,11.5,74.4,5.4,11,1,15,0,0,180.82
2022-11-08 16:00:00,10.8,76.0,7.9,11,1,16,0,0,203.1
2022-11-08 17:00:00,10.6,74.8,6.6,11,1,17,0,0,212.23
2022-11-08 18:00:00,7.6,72.8,9.3,11,1,18,0,0,212.7
2022-11-08 19:00:00,6.8,76.6,13.4,11,1,19,0,0,234.99
2022-11-08 20:00:00,5.5,81.2,9.4,11,1,20,0,0,268.38
2022-11-08 21:00:00,3.9,77.0,30.0,11,1,21,0,0,236.94
2022-11-08 22:00:00,6.8,79.9,12.7,11,1,22,0,0,233.02
2022-11-08 23:00:00,4.8,70.9,35.6,11,1,23,0,0,189.47
2022-11-09 00:00:00,4.0,73.1,12.9,11,2,0,0,0,224.78
2022-11-09 01:00:00,5.3,71.5,7.7,11,2,1,0,0,230.58
2022-11-09 02:00:00,3.7,73.6,6.2,11,2,2,0,0,220.18
2022-11-09 03:00:00,3.5,88.6,12.6,11,2,3,0,0,199.32
2022-11-09 04:00:00,4.8,83.4,11.3,11,2,4,0,0,202.41
2022-11-09 05:00:00,7.3,67.8,10.8,11,2,5,0,0,202.7
2022-11-09 06:00:00,6.4,80.3,12.2,11,2,6,0,0,213.7
2022-11-09 07:00:00,8.8,72.5,18.5,11,2,7,0,0,204.65
2022-11-09 08:00:00,10.0,69.5,4.1,11,2,8,0,0,204.5
2022-11-09 09:00:00,16.3,60.0,8.7,11,2,9,0,0,171.47
2022-11-09 10:00:00,7.3,84.1,9.4,11,2,10,0,0,241.22
2022-11-09 11:00:00,13.0,62.6,4.8,11,2,11,0,0,199.07
2022-11-09 12:00:00,17.0,71.1,37.3,11,2,12,0,0,177.54
2022-11-09 13:00:00,13.6,65.6,14.3,11,2,13,0,0,167.88
2022-11-09 14:00:00,14.4,79.0,5.1,11,2,14,0,0,175.91
2022-11-09 15:00:00,12.3,71.2,5.6,11,2,15,0,0,178.11
2022-11-09 16:00:00,9.7,74.1,12.1,11,2,16,0,0,228.79
2022-11-09 17:00:00,5.4,76.5,2.1,11,2,17,0,0,227.96
2022-11-09 18:00:00,9.0,77.9,7.0,11,2,18,0,0,215.95
2022-11-09 19:00:00,5.7,77.3,5.4,11,2,19,0,0,242.89
2022-11-09 20:00:00,4.4,77.4,17.4,11,2,20,0,0,286.17
2022-11-09 21:00:00,4.0,73.8,14.5,11,2,21,0,0,286.78
2022-11-09 22:00:00,7.7,63.6,5.2,11,2,22,0,0,223.57
2022-11-09 23:00:00,8.5,66.8,18.0,11,2,23,0,0,222.22
2022-11-10 00:00:00,3.8,83.8,21.6,11,3,0,0,0,230.49
2022-11-10 01:00:00,2.6,76.2,8.4,11,3,1,0,0,245.98
2022-11-10 02:00:00,1.7,73.8,3.4,11,3,2,0,0,226.0
2022-11-10 03:00:00,5.8,65.9,13.8,11,3,3,0,0,196.15
2022-11-10 04:00:00,9.4,61.5,5.1,11,3,4,0,0,201.11
2022-11-10 05:00:00,6.6,71.1,8.0,11,3,5,0,0,223.06
2022-11-10 06:00:00,3.6,85.3,2.4,11,3,6,0,0,253.52
2022-11-10 07:00:00,11.0,70.0,7.5,11,3,7,0,0,203.73
2022-11-10 08:00:00,12.8,76.8,5.8,11,3,8,0,0,229.87
2022-11-10 09:00:00,8.7,70.8,11.3,11,3,9,0,0,232.6
2022-11-10 10:00:00,13.1,78.6,2.3,11,3,10,0,0,197.42
2022-11-10 11:00:00,14.1,70.1,9.8,11,3,11,0,0,211.35
2022-11-10 12:00:00,13.2,63.5,13.8,11,3,12,0,0,183.47
2022-11-10 13:00:00,11.6,72.0,2.1,11,3,13,0,0,199.63
2022-11-10 14:00:00,14.7,87.3,13.1,11,3,14,0,0,174.11
2022-11-10 15:00:00,11.1,88.8,3.1,11,3,15,0,0,182.19
2022-11-10 16:00:00,7.9,79.9,11.6,11,3,16,0,0,213.22
2022-11-10 17:00:00,5.6,76.1,6.9,11,3,17,0,0,249.43
2022-11-10 18:00:00,10.9,77.0,8.4,11,3,18,0,0,220.05
2022-11-10 19:00:00,8.3,78.4,5.3,11,3,19,0,0,245.18
2022-11-10 20:00:00,6.1,76.7,4.3,11,3,20,0,0,256.44
2022-11-10 21:00:00,4.0,81.5,2.6,11,3,21,0,0,249.94
2022-11-10 22:00:00,3.0,80.2,18.0,11,3,22,0,0,263.96
2022-11-10 23:00:00,1.4,76.8,9.5,11,3,23,0,0,280.7
2022-11-11 00:00:00,2.4,69.3,34.5,11,4,0,0,0,196.16
2022-11-11 01:00:00,-0.9,76.7,17.2,11,4,1,0,0,266.87
2022-11-11 02:00:00,2.4,85.2,18.3,11,4,2,0,0,228.26
2022-11-11 03:00:00,4.1,77.7,9.3,11,4,3,0,0,200.5
2022-11-11 04:00:00,6.9,78.9,2.7,11,4,4,0,0,208.17
2022-11-11 05:00:00,6.8,74.3,21.6,11,4,5,0,0,207.31
2022-11-11 06:00:00,9.8,66.6,3.0,11,4,6,0,0,215.44
2022-11-11 07:00:00,12.2,72.0,7.8,11,4,7,0,0,183.27
2022-11-11 08:00:00,12.8,65.4,17.6,11,4,8,0,0,203.55
2022-11-11 09:00:00,12.7,65.0,7.1,11,4,9,0,0,186.56
2022-11-11 10:00:00,12.6,83.4,3.4,11,4,10,0,0,204.91
2022-11-11 11:00:00,11.1,71.1,5.7,11,4,11,0,0,219.92
2022-11-11 12:00:00,14.7,66.7,37.6,11,4,12,0,0,157.9
2022-11-11 13:00:00,16.4,84.7,50.0,11,4,13,0,0,150.64
2022-11-11 14:00:00,13.2,79.9,11.9,11,4,14,0,0,189.34
2022-11-11 15:00:00,15.6,69.2,19.5,11,4,15,0,0,159.29
2022-11-11 16:00:00,7.7,79.6,2.4,11,4,16,0,0,201.03
2022-11-11 17:00:00,7.2,74.5,4.6,11,4,17,0,0,214.02
2022-11-11 18:00:00,9.9,69.5,5.7,11,4,18,0,0,209.62
2022-11-11 19:00:00,7.4,80.1,2.1,11,4,19,0,0,255.02
2022-11-11 20:00:00,8.3,73.2,5.8,11,4,20,0,0,235.83
2022-11-11 21:00:00,4.6,78.3,2.8,11,4,21,0,0,230.92
2022-11-11 22:00:00,2.1,87.1,7.8,11,4,22,0,0,291.78
2022-11-11 23:00:00,3.0,85.8,2.0,11,4,23,0,0,273.04
2022-11-12 00:00:00,-0.0,75.6,4.5,11,5,0,1,0,229.03
2022-11-12 01:00:00,1.0,83.4,18.1,11,5,1,1,0,207.4
2022-11-12 02:00:00,5.7,68.1,3.9,11,5,2,1,0,197.76
2022-11-12 03:00:00,6.3,80.5,2.5,11,5,3,1,0,171.21
2022-11-12 04:00:00,6.3,78.0,4.3,11,5,4,1,0,187.01
2022-11-12 05:00:00,3.3,81.4,16.1,11,5,5,1,0,192.38
2022-11-12 06:00:00,7.3,74.0,9.1,11,5,6,1,0,188.77
2022-11-12 07:00:00,6.9,93.2,9.1,11,5,7,1,0,183.62
2022-11-12 08:00:00,12.9,66.3,2.0,11,5,8,1,0,173.21
2022-11-12 09:00:00,10.4,82.6,7.1,11,5,9,1,0,196.31
2022-11-12 10:00:00,10.2,66.6,4.5,11,5,10,1,0,161.46
2022-11-12 11:00:00,12.9,77.6,5.3,11,5,11,1,0,179.45
2022-11-12 12:00:00,11.8,78.7,9.3,11,5,12,1,0,162.52
2022-11-12 13:00:00,15.9,72.5,18.6,11,5,13,1,0,158.12
2022-11-12 14:00:00,10.9,70.6,3.6,11,5,14,1,0,168.11
2022-11-12 15:00:00,8.8,76.7,13.7,11,5,15,1,0,169.14
2022-11-12 16:00:00,6.3,79.0,2.4,11,5,16,1,0,223.04
2022-11-12 17:00:00,9.3,89.7,5.2,11,5,17,1,0,159.21
2022-11-12 18:00:00,6.9,69.6,4.0,11,5,18,1,0,238.81
2022-11-12 19:00:00,3.9,73.6,21.8,11,5,19,1,0,266.48
2022-11-12 20:00:00,7.9,78.3,3.6,11,5,20,1,0,215.31
2022-11-12 21:00:00,5.9,,8.9,11,5,21,1,0,241.83
2022-11-12 22:00:00,3.7,77.4,3.4,11,5,22,1,0,247.02
2022-11-12 23:00:00,6.0,85.6,7.1,11,5,23,1,0,172.17
2022-11-13 00:00:00,4.2,55.3,6.3,11,6,0,1,0,194.26
2022-11-13 01:00:00,1.4,74.5,2.3,11,6,1,1,0,205.88
2022-11-13 02:00:00,1.5,65.3,16.0,11,6,2,1,0,188.74
2022-11-13 03:00:00,6.0,67.4,14.1,11,6,3,1,0,162.91
2022-11-13 04:00:00,6.2,96.1,4.6,11,6,4,1,0,177.89
2022-11-13 05:00:00,6.9,81.3,9.6,11,6,5,1,0,193.65
2022-11-13 06:00:00,6.2,84.5,5.6,11,6,6,1,0,181.16
2022-11-13 07:00:00,10.4,74.1,13.7,11,6,7,1,0,160.06
2022-11-13 08:00:00,8.9,81.6,11.4,11,6,8,1,0,209.55
2022-11-13 09:00:00,11.2,60.3,2.8,11,6,9,1,0,179.17
2022-11-13 10:00:00,15.1,80.7,16.9,11,6,10,1,0,159.86
2022-11-13 11:00:00,11.4,67.7,3.6,11,6,11,1,0,195.89
2022-11-13 12:00:00,9.8,70.9,3.5,11,6,12,1,0,193.14
2022-11-13 13:00:00,10.6,78.7,12.6,11,6,13,1,0,170.99
2022-11-13 14:00:00,14.2,75.4,3.6,11,6,14,1,0,164.31
2022-11-13 15:00:00,11.9,74.7,3.0,11,6,15,1,0,140.51
2022-11-13 16:00:00,10.1,64.0,5.3,11,6,16,1,0,158.72
2022-11-13 17:00:00,8.2,76.7,16.6,11,6,17,1,0,215.5
2022-11-13 18:00:00,8.9,83.2,3.6,11,6,18,1,0,155.03
2022-11-13 19:00:00,4.9,73.3,5.3,11,6,19,1,0,227.55
2022-11-13 20:00:00,6.0,87.5,4.7,11,6,20,1,0,220.04
2022-11-13 21:00:00,2.9,71.6,5.5,11,6,21,1,0,256.23
2022-11-13 22:00:00,1.8,79.2,12.0,11,6,22,1,0,263.31
2022-11-13 23:00:00,1.8,91.4,6.2,11,6,23,1,0,265.95
2022-11-14 00:00:00,2.0,73.5,13.4,11,0,0,0,1,207.7
2022-11-14 01:00:00,2.8,87.0,10.2,11,0,1,0,1,191.97
2022-11-14 02:00:00,3.9,93.9,5.6,11,0,2,0,1,172.92
2022-11-14 03:00:00,-3.2,82.9,6.5,11,0,3,0,1,265.67
2022-11-14 04:00:00,3.6,74.0,11.7,11,0,4,0,1,220.22
2022-11-14 05:00:00,5.7,71.0,8.1,11,0,5,0,1,169.23
2022-11-14 06:00:00,10.8,85.1,18.2,11,0,6,0,1,149.47
2022-11-14 07:00:00,6.9,86.8,23.6,11,0,7,0,1,185.39
2022-11-14 08:00:00,10.6,86.3,12.1,11,0,8,0,1,168.43
2022-11-14 09:00:00,14.3,72.6,38.2,11,0,9,0,1,170.17
2022-11-14 10:00:00,9.5,83.6,9.3,11,0,10,0,1,212.88
2022-11-14 11:00:00,13.4,72.9,2.3,11,0,11,0,1,183.08
2022-11-14 12:00:00,11.1,67.4,7.6,11,0,12,0,1,183.46
2022-11-14 13:00:00,11.6,83.2,4.1,11,0,13,0,1,154.65
2022-11-14 14:00:00,10.5,87.8,5.2,11,0,14,0,1,149.21
2022-11-14 15:00:00,9.8,66.9,7.4,11,0,15,0,1,151.36
2022-11-14 16:00:00,15.7,63.8,4.8,11,0,16,0,1,141.64
2022-11-14 17:00:00,10.7,75.0,5.0,11,0,17,0,1,164.91
2022-11-14 18:00:00,10.0,82.7,6.1,11,0,18,0,1,195.82
2022-11-14 19:00:00,7.4,67.2,4.7,11,0,19,0,1,212.72
2022-11-14 20:00:00,2.0,80.8,3.5,11,0,20,0,1,247.01
2022-11-14 21:00:00,5.0,72.8,13.6,11,0,21,0,1,246.14
2022-11-14 22:00:00,5.6,82.8,6.0,11,0,22,0,1,210.93
2022-11-14 23:00:00,1.2,73.0,16.3,11,0,23,0,1,251.55
2022-11-15 00:00:00,4.5,83.9,19.1,11,1,0,0,0,207.65
2022-11-15 01:00:00,4.2,76.6,13.1,11,1,1,0,0,205.44
2022-11-15 02:00:00,7.0,69.0,6.0,11,1,2,0,0,177.52
2022-11-15 03:00:00,3.2,78.9,12.2,11,1,3,0,0,199.19
2022-11-15 04:00:00,2.9,63.0,3.3,11,1,4,0,0,204.92
2022-11-15 05:00:00,5.6,72.7,10.7,11,1,5,0,0,213.73
2022-11-15 06:00:00,10.5,77.5,6.2,11,1,6,0,0,172.01
2022-11-15 07:00:00,5.2,63.2,10.5,11,1,7,0,0,231.13
2022-11-15 08:00:00,6.0,56.4,13.2,11,1,8,0,0,228.41
2022-11-15 09:00:00,11.3,55.6,8.6,11,1,9,0,0,215.35
2022-11-15 10:00:00,11.0,85.1,10.2,11,1,10,0,0,200.07
2022-11-15 11:00:00,12.4,73.2,3.9,11,1,11,0,0,220.17
2022-11-15 12:00:00,14.5,68.5,9.2,11,1,12,0,0,169.66
2022-11-15 13:00:00,11.3,81.9,6.9,11,1,13,0,0,153.26
2022-11-15 14:00:00,8.2,72.7,6.5,11,1,14,0,0,208.61
2022-11-15 15:00:00,15.2,74.5,6.2,11,1,15,0,0,155.66
2022-11-15 16:00:00,8.1,76.2,5.0,11,1,16,0,0,231.83
2022-11-15 17:00:00,6.8,72.8,4.9,11,1,17,0,0,229.87
2022-11-15 18:00:00,9.8,77.4,11.6,11,1,18,0,0,212.55
2022-11-15 19:00:00,5.5,83.4,8.5,11,1,19,0,0,261.8
2022-11-15 20:00:00,5.0,76.0,2.2,11,1,20,0,0,261.67
2022-11-15 21:00:00,5.0,73.8,2.4,11,1,21,0,0,288.46
2022-11-15 22:00:00,5.4,,8.8,11,1,22,0,0,237.57
2022-11-15 23:00:00,2.1,60.6,17.0,11,1,23,0,0,263.54
2022-11-16 00:00:00,5.5,79.5,2.4,11,2,0,0,0,206.95
2022-11-16 01:00:00,-1.6,71.1,7.7,11,2,1,0,0,280.12
2022-11-16 02:00:00,4.7,82.7,17.2,11,2,2,0,0,190.25
2022-11-16 03:00:00,2.2,78.2,2.0,11,2,3,0,0,238.47
2022-11-16 04:00:00,7.7,77.0,4.6,11,2,4,0,0,190.54
2022-11-16 05:00:00,6.5,82.4,22.2,11,2,5,0,0,206.48
2022-11-16 06:00:00,6.1,69.5,2.7,11,2,6,0,0,222.19
2022-11-16 07:00:00,10.1,77.9,9.5,11,2,7,0,0,196.62
2022-11-16 08:00:00,11.7,76.3,7.7,11,2,8,0,0,228.24
2022-11-16 09:00:00,12.3,72.4,3.3,11,2,9,0,0,204.65
2022-11-16 10:00:00,9.7,67.7,2.3,11,2,10,0,0,222.31
2022-11-16 11:00:00,11.3,79.1,7.6,11,2,11,0,0,208.63
2022-11-16 12:00:00,12.5,79.4,12.6,11,2,12,0,0,196.54
2022-11-16 13:00:00,12.2,74.8,3.6,11,2,13,0,0,185.17
2022-11-16 14:00:00,13.3,64.8,11.4,11,2,14,0,0,166.68
2022-11-16 15:00:00,7.0,72.3,8.3,11,2,15,0,0,223.38
2022-11-16 16:00:00,10.6,74.2,5.5,11,2,16,0,0,191.83
2022-11-16 17:00:00,8.2,81.4,10.7,11,2,17,0,0,230.7
2022-11-16 18:00:00,5.8,64.4,3.7,11,2,18,0,0,214.08
2022-11-16 19:00:00,4.7,73.1,6.9,11,2,19,0,0,286.62
2022-11-16 20:00:00,4.5,74.5,8.4,11,2,20,0,0,282.88
2022-11-16 21:00:00,-3.3,81.0,6.9,11,2,21,0,0,350.09
2022-11-16 22:00:00,1.7,68.7,6.1,11,2,22,0,0,278.42
2022-11-16 23:00:00,0.9,77.8,12.8,11,2,23,0,0,286.05
2022-11-17 00:00:00,3.4,75.8,10.5,11,3,0,0,0,217.2
2022-11-17 01:00:00,0.9,71.3,10.2,11,3,1,0,0,251.25
2022-11-17 02:00:00,2.6,77.8,19.8,11,3,2,0,0,227.59
2022-11-17 03:00:00,6.9,72.2,42.3,11,3,3,0,0,142.16
2022-11-17 04:00:00,6.8,80.6,8.7,11,3,4,0,0,200.41
2022-11-17 05:00:00,7.8,69.0,5.4,11,3,5,0,0,172.08
2022-11-17 06:00:00,6.3,77.6,14.1,11,3,6,0,0,226.5
2022-11-17 07:00:00,9.7,68.7,3.2,11,3,7,0,0,218.91
2022-11-17 08:00:00,9.4,70.5,7.8,11,3,8,0,0,232.24
2022-11-17 09:00:00,10.5,77.1,7.9,11,3,9,0,0,208.85
2022-11-17 10:00:00,12.5,75.6,34.8,11,3,10,0,0,187.89
2022-11-17 11:00:00,11.0,71.2,39.7,11,3,11,0,0,163.82
2022-11-17 12:00:00,15.3,70.2,14.8,11,3,12,0,0,188.24
2022-11-17 13:00:00,11.8,62.5,7.1,11,3,13,0,0,163.23
2022-11-17 14:00:00,12.9,84.8,8.3,11,3,14,0,0,159.79
2022-11-17 15:00:00,13.8,78.6,5.1,11,3,15,0,0,171.5
2022-11-17 16:00:00,11.9,79.3,16.2,11,3,16,0,0,165.44
2022-11-17 17:00:00,5.8,64.3,13.0,11,3,17,0,0,212.07
2022-11-17 18:00:00,8.2,71.1,13.8,11,3,18,0,0,221.95
2022-11-17 19:00:00,7.7,73.5,3.2,11,3,19,0,0,254.88
2022-11-17 20:00:00,6.6,61.2,6.1,11,3,20,0,0,257.68
2022-11-17 21:00:00,1.6,86.3,8.2,11,3,21,0,0,299.42
2022-11-17 22:00:00,1.7,90.8,3.1,11,3,22,0,0,305.43
2022-11-17 23:00:00,4.5,94.3,5.7,11,3,23,0,0,252.07
2022-11-18 00:00:00,0.7,71.3,2.7,11,4,0,0,0,254.46
2022-11-18 01:00:00,1.8,80.1,27.5,11,4,1,0,0,224.03
2022-11-18 02:00:00,6.0,87.6,13.1,11,4,2,0,0,209.3
2022-11-18 03:00:00,3.6,76.2,9.8,11,4,3,0,0,201.59
2022-11-18 04:00:00,3.2,73.8,3.8,11,4,4,0,0,231.22
2022-11-18 05:00:00,4.1,63.0,5.3,11,4,5,0,0,213.82
2022-11-18 06:00:00,7.9,85.1,3.2,11,4,6,0,0,193.97
2022-11-18 07:00:00,5.8,76.9,8.1,11,4,7,0,0,213.72
2022-11-18 08:00:00,9.2,69.6,15.7,11,4,8,0,0,220.82
2022-11-18 09:00:00,11.4,76.6,2.2,11,4,9,0,0,198.44
2022-11-18 10:00:00,14.1,74.2,2.9,11,4,10,0,0,197.13
2022-11-18 11:00:00,13.3,74.7,4.1,11,4,11,0,0,193.51
2022-11-18 12:00:00,10.8,72.9,12.0,11,4,12,0,0,216.55
2022-11-18 13:00:00,14.4,85.8,20.0,11,4,13,0,0,198.21
2022-11-18 14:00:00,10.9,73.5,13.2,11,4,14,0,0,199.3
2022-11-18 15:00:00,8.2,88.8,8.0,11,4,15,0,0,202.38
2022-11-18 16:00:00,9.3,79.8,2.9,11,4,16,0,0,208.45
2022-11-18 17:00:00,11.4,77.1,13.2,11,4,17,0,0,179.25
2022-11-18 18:00:00,7.5,75.3,2.9,11,4,18,0,0,236.03
2022-11-18 19:00:00,5.9,84.8,5.4,11,4,19,0,0,231.36
2022-11-18 20:00:00,8.0,76.9,4.9,11,4,20,0,0,248.42
2022-11-18 21:00:00,0.8,72.1,5.6,11,4,21,0,0,300.84
2022-11-18 22:00:00,0.3,72.1,5.2,11,4,22,0,0,302.81
2022-11-18 23:00:00,-0.9,83.8,13.7,11,4,23,0,0,296.91
2022-11-19 00:00:00,2.8,71.3,3.5,11,5,0,1,0,227.86
2022-11-19 01:00:00,2.6,78.2,17.0,11,5,1,1,0,195.92
2022-11-19 02:00:00,5.8,85.6,17.6,11,5,2,1,0,186.1
2022-11-19 03:00:00,4.0,80.4,7.4,11,5,3,1,0,198.54
2022-11-19 04:00:00,3.7,72.4,2.9,11,5,4,1,0,212.6
2022-11-19 05:00:00,5.8,88.4,8.9,11,5,5,1,0,204.55
2022-11-19 06:00:00,7.3,80.7,15.8,11,5,6,1,0,163.74
2022-11-19 07:00:00,5.0,85.6,4.7,11,5,7,1,0,220.33
2022-11-19 08:00:00,15.0,54.4,16.5,11,5,8,1,0,130.21
2022-11-19 09:00:00,11.6,76.8,11.0,11,5,9,1,0,198.07
2022-11-19 10:00:00,11.8,80.8,36.9,11,5,10,1,0,158.96
2022-11-19 11:00:00,13.1,87.0,15.9,11,5,11,1,0,168.66
2022-11-19 12:00:00,13.5,61.6,3.8,11,5,12,1,0,166.22
2022-11-19 13:00:00,11.6,83.8,6.8,11,5,13,1,0,179.71
2022-11-19 14:00:00,10.1,88.1,2.9,11,5,14,1,0,180.35
2022-11-19 15:00:00,11.8,58.0,2.6,11,5,15,1,0,166.74
2022-11-19 16:00:00,10.3,78.7,11.8,11,5,16,1,0,167.72
2022-11-19 17:00:00,6.7,81.6,21.5,11,5,17,1,0,198.74
2022-11-19 18:00:00,9.9,72.4,31.1,11,5,18,1,0,150.62
2022-11-19 19:00:00,6.3,72.9,4.5,11,5,19,1,0,241.57
2022-11-19 20:00:00,6.0,82.3,3.8,11,5,20,1,0,232.33
2022-11-19 21:00:00,6.3,71.9,8.6,11,5,21,1,0,217.75
2022-11-19 22:00:00,2.8,76.9,3.8,11,5,22,1,0,276.96
2022-11-19 23:00:00,2.9,85.1,4.8,11,5,23,1,0,197.08
2022-11-20 00:00:00,3.5,92.3,16.5,11,6,0,1,0,209.5
2022-11-20 01:00:00,0.6,84.0,15.3,11,6,1,1,0,195.82
2022-11-20 02:00:00,2.7,79.7,20.0,11,6,2,1,0,204.45
2022-11-20 03:00:00,3.6,74.0,7.3,11,6,3,1,0,182.43
2022-11-20 04:00:00,2.5,70.7,8.6,11,6,4,1,0,160.49
2022-11-20 05:00:00,10.3,83.7,13.8,11,6,5,1,0,168.18
2022-11-20 06:00:00,4.1,76.7,4.2,11,6,6,1,0,189.16
2022-11-20 07:00:00,5.6,86.4,15.9,11,6,7,1,0,216.31
2022-11-20 08:00:00,12.1,71.3,2.1,11,6,8,1,0,157.76
2022-11-20 09:00:00,11.9,68.9,14.8,11,6,9,1,0,168.13
2022-11-20 10:00:00,9.2,78.8,14.0,11,6,10,1,0,163.29
2022-11-20 11:00:00,13.0,72.9,4.9,11,6,11,1,0,182.67
2022-11-20 12:00:00,14.9,62.9,12.4,11,6,12,1,0,145.02
2022-11-20 13:00:00,11.7,88.7,3.9,11,6,13,1,0,165.53
2022-11-20 14:00:00,16.5,66.8,8.9,11,6,14,1,0,136.37
2022-11-20 15:00:00,7.0,83.9,11.6,11,6,15,1,0,163.87
2022-11-20 16:00:00,10.8,81.3,12.0,11,6,16,1,0,175.79
2022-11-20 17:00:00,10.6,64.6,34.6,11,6,17,1,0,149.48
2022-11-20 18:00:00,8.7,67.6,3.6,11,6,18,1,0,231.36
2022-11-20 19:00:00,5.2,75.0,7.2,11,6,19,1,0,227.36
2022-11-20 20:00:00,3.8,71.2,19.0,11,6,20,1,0,238.43
2022-11-20 21:00:00,4.3,91.7,8.6,11,6,21,1,0,226.68
2022-11-20 22:00:00,4.2,76.3,18.7,11,6,22,1,0,202.56
2022-11-20 23:00:00,3.3,85.5,6.6,11,6,23,1,0,245.94
2022-11-21 00:00:00,3.9,82.2,14.7,11,0,0,0,0,243.81
2022-11-21 01:00:00,-0.1,,18.3,11,0,1,0,0,251.62
2022-11-21 02:00:00,2.0,79.3,17.0,11,0,2,0,0,234.34
2022-11-21 03:00:00,1.4,89.2,18.4,11,0,3,0,0,257.5
2022-11-21 04:00:00,3.5,71.6,4.0,11,0,4,0,0,226.83
2022-11-21 05:00:00,7.5,90.0,6.6,11,0,5,0,0,207.46
2022-11-21 06:00:00,7.0,66.2,3.5,11,0,6,0,0,208.1
2022-11-21 07:00:00,13.3,79.6,3.6,11,0,7,0,0,173.22
2022-11-21 08:00:00,9.7,63.9,7.4,11,0,8,0,0,211.5
2022-11-21 09:00:00,10.5,72.2,27.8,11,0,9,0,0,230.34
2022-11-21 10:00:00,11.3,75.1,9.2,11,0,10,0,0,203.48
2022-11-21 11:00:00,10.4,70.9,17.4,11,0,11,0,0,220.98
2022-11-21 12:00:00,11.7,72.7,24.1,11,0,12,0,0,192.27
2022-11-21 13:00:00,13.9,62.0,2.7,11,0,13,0,0,169.67
2022-11-21 14:00:00,11.4,66.4,3.4,11,0,14,0,0,199.47
2022-11-21 15:00:00,8.7,79.6,4.7,11,0,15,0,0,215.17
2022-11-21 16:00:00,7.4,76.5,9.7,11,0,16,0,0,220.5
2022-11-21 17:00:00,7.2,70.9,2.5,11,0,17,0,0,249.1
2022-11-21 18:00:00,6.9,87.1,14.4,11,0,18,0,0,262.41
2022-11-21 19:00:00,7.9,66.3,2.5,11,0,19,0,0,239.49
2022-11-21 20:00:00,1.6,76.3,3.4,11,0,20,0,0,298.46
2022-11-21 21:00:00,2.6,74.6,5.8,11,0,21,0,0,262.21
2022-11-21 22:00:00,2.8,83.5,8.5,11,0,22,0,0,295.62
2022-11-21 23:00:00,-1.7,81.2,19.1,11,0,23,0,0,302.12
2022-11-22 00:00:00,0.0,79.1,28.5,11,1,0,0,0,249.71
2022-11-22 01:00:00,0.5,65.0,19.3,11,1,1,0,0,234.4
2022-11-22 02:00:00,0.8,86.5,2.9,11,1,2,0,0,240.58
2022-11-22 03:00:00,3.5,76.5,10.0,11,1,3,0,0,244.71
2022-11-22 04:00:00,3.9,79.0,6.7,11,1,4,0,0,233.81
2022-11-22 05:00:00,4.3,71.9,3.1,11,1,5,0,0,200.44
2022-11-22 06:00:00,7.5,69.0,8.5,11,1,6,0,0,179.62
2022-11-22 07:00:00,11.4,86.3,5.5,11,1,7,0,0,194.97
2022-11-22 08:00:00,12.5,59.6,5.4,11,1,8,0,0,175.01
2022-11-22 09:00:00,6.4,68.4,2.8,11,1,9,0,0,237.67
2022-11-22 10:00:00,12.2,85.8,32.9,11,1,10,0,0,221.74
2022-11-22 11:00:00,11.2,79.5,12.4,11,1,11,0,0,224.61
2022-11-22 12:00:00,12.0,71.4,4.6,11,1,12,0,0,171.7
2022-11-22 13:00:00,10.7,84.6,22.0,11,1,13,0,0,175.92
2022-11-22 14:00:00,11.2,78.0,25.7,11,1,14,0,0,182.66
2022-11-22 15:00:00,10.5,76.6,15.3,11,1,15,0,0,203.31
2022-11-22 16:00:00,8.0,77.8,10.6,11,1,16,0,0,195.3
2022-11-22 17:00:00,6.2,80.6,5.8,11,1,17,0,0,237.44
2022-11-22 18:00:00,5.8,81.2,6.6,11,1,18,0,0,239.27
2022-11-22 19:00:00,5.9,94.6,6.9,11,1,19,0,0,286.72
2022-11-22 20:00:00,5.4,75.8,25.8,11,1,20,0,0,263.26
2022-11-22 21:00:00,4.9,76.3,13.4,11,1,21,0,0,257.1
2022-11-22 22:00:00,1.4,69.4,4.8,11,1,22,0,0,261.78
2022-11-22 23:00:00,2.4,78.4,9.8,11,1,23,0,0,246.53
2022-11-23 00:00:00,3.5,93.2,9.2,11,2,0,0,0,199.65
2022-11-23 01:00:00,4.1,85.8,15.4,11,2,1,0,0,225.44
2022-11-23 02:00:00,2.1,74.6,2.8,11,2,2,0,0,247.19
2022-11-23 03:00:00,2.6,78.9,11.7,11,2,3,0,0,237.9
2022-11-23 04:00:00,4.4,,5.2,11,2,4,0,0,203.13
2022-11-23 05:00:00,3.0,70.8,3.1,11,2,5,0,0,253.61
2022-11-23 06:00:00,6.2,78.1,12.5,11,2,6,0,0,236.1
2022-11-23 07:00:00,9.3,71.4,5.2,11,2,7,0,0,190.89
2022-11-23 08:00:00,10.3,66.5,12.5,11,2,8,0,0,217.69
2022-11-23 09:00:00,9.6,79.1,3.4,11,2,9,0,0,224.09
2022-11-23 10:00:00,11.3,73.7,36.1,11,2,10,0,0,189.58
2022-11-23 11:00:00,9.7,62.6,15.0,11,2,11,0,0,228.77
2022-11-23 12:00:00,13.0,56.9,4.7,11,2,12,0,0,170.21
2022-11-23 13:00:00,11.2,69.8,12.8,11,2,13,0,0,166.07
2022-11-23 14:00:00,10.3,62.1,3.2,11,2,14,0,0,184.6
2022-11-23 15:00:00,9.4,60.4,10.5,11,2,15,0,0,187.37
2022-11-23 16:00:00,8.9,84.6,2.5,11,2,16,0,0,182.88
2022-11-23 17:00:00,7.0,75.7,5.2,11,2,17,0,0,232.06
2022-11-23 18:00:00,7.9,73.9,32.7,11,2,18,0,0,203.25
2022-11-23 19:00:00,4.5,76.3,3.0,11,2,19,0,0,248.78
2022-11-23 20:00:00,7.2,67.3,9.3,11,2,20,0,0,254.69
2022-11-23 21:00:00,6.0,80.3,2.6,11,2,21,0,0,251.0
2022-11-23 22:00:00,0.4,78.7,10.9,11,2,22,0,0,309.43
2022-11-23 23:00:00,1.9,73.0,4.6,11,2,23,0,0,275.75
2022-11-24 00:00:00,0.1,75.1,5.0,11,3,0,0,0,264.95
2022-11-24 01:00:00,1.0,69.7,5.3,11,3,1,0,0,268.2
2022-11-24 02:00:00,6.1,73.7,3.8,11,3,2,0,0,206.86
2022-11-24 03:00:00,2.3,76.9,24.7,11,3,3,0,0,222.52
2022-11-24 04:00:00,4.7,74.2,20.9,11,3,4,0,0,212.25
2022-11-24 05:00:00,6.2,77.3,18.3,11,3,5,0,0,208.5
2022-11-24 06:00:00,4.4,77.1,2.9,11,3,6,0,0,214.86
2022-11-24 07:00:00,6.0,78.8,4.1,11,3,7,0,0,262.72
2022-11-24 08:00:00,6.5,84.3,9.6,11,3,8,0,0,233.6
2022-11-24 09:00:00,8.2,80.6,30.2,11,3,9,0,0,219.2
2022-11-24 10:00:00,5.1,85.1,9.4,11,3,10,0,0,230.99
2022-11-24 11:00:00,12.4,67.0,5.2,11,3,11,0,0,204.12
2022-11-24 12:00:00,15.6,68.2,15.6,11,3,12,0,0,178.8
2022-11-24 13:00:00,11.6,79.4,3.2,11,3,13,0,0,177.0
2022-11-24 14:00:00,7.9,81.4,19.1,11,3,14,0,0,188.16
2022-11-24 15:00:00,8.7,70.2,31.4,11,3,15,0,0,174.17
2022-11-24 16:00:00,8.0,80.9,29.4,11,3,16,0,0,194.64
2022-11-24 17:00:00,5.7,69.6,3.3,11,3,17,0,0,236.84
2022-11-24 18:00:00,8.2,79.8,8.4,11,3,18,0,0,223.48
2022-11-24 19:00:00,6.8,76.4,9.0,11,3,19,0,0,251.19
2022-11-24 20:00:00,1.6,68.1,3.7,11,3,20,0,0,307.34
2022-11-24 21:00:00,4.4,74.3,8.3,11,3,21,0,0,274.34
2022-11-24 22:00:00,5.2,94.9,10.3,11,3,22,0,0,258.81
2022-11-24 23:00:00,5.4,78.9,5.2,11,3,23,0,0,242.03
2022-11-25 00:00:00,7.1,94.9,5.0,11,4,0,0,0,214.5
2022-11-25 01:00:00,-0.3,68.6,2.5,11,4,1,0,0,264.24
2022-11-25 02:00:00,7.7,82.2,27.1,11,4,2,0,0,169.96
2022-11-25 03:00:00,2.1,58.7,15.0,11,4,3,0,0,222.79
2022-11-25 04:00:00,2.7,78.7,13.4,11,4,4,0,0,237.93
2022-11-25 05:00:00,5.7,82.2,2.2,11,4,5,0,0,223.89
2022-11-25 06:00:00,5.2,84.1,9.8,11,4,6,0,0,231.26
2022-11-25 07:00:00,8.4,69.4,3.6,11,4,7,0,0,199.94
2022-11-25 08:00:00,6.2,85.2,10.7,11,4,8,0,0,231.7
2022-11-25 09:00:00,9.4,71.0,9.8,11,4,9,0,0,214.19
2022-11-25 10:00:00,13.2,72.1,17.3,11,4,10,0,0,188.0
2022-11-25 11:00:00,11.1,71.0,4.4,11,4,11,0,0,223.94
2022-11-25 12:00:00,11.6,65.1,2.2,11,4,12,0,0,170.93
2022-11-25 13:00:00,12.1,86.5,21.6,11,4,13,0,0,214.69
2022-11-25 14:00:00,13.0,73.9,21.1,11,4,14,0,0,202.4
2022-11-25 15:00:00,6.6,85.4,6.9,11,4,15,0,0,220.57
2022-11-25 16:00:00,10.0,83.4,2.7,11,4,16,0,0,206.45
2022-11-25 17:00:00,7.1,68.7,7.5,11,4,17,0,0,233.16
2022-11-25 18:00:00,6.7,86.4,7.9,11,4,18,0,0,228.57
2022-11-25 19:00:00,7.2,80.4,15.8,11,4,19,0,0,250.06
2022-11-25 20:00:00,1.5,70.9,12.1,11,4,20,0,0,315.57
2022-11-25 21:00:00,0.8,83.2,2.6,11,4,21,0,0,279.5
2022-11-25 22:00:00,-1.9,72.7,11.8,11,4,22,0,0,295.91
2022-11-25 23:00:00,0.4,92.6,3.2,11,4,23,0,0,301.95
2022-11-26 00:00:00,3.9,84.6,2.7,11,5,0,1,0,205.38
2022-11-26 01:00:00,1.2,78.8,6.1,11,5,1,1,0,221.21
2022-11-26 02:00:00,-0.8,90.5,2.6,11,5,2,1,0,242.95
2022-11-26 03:00:00,1.7,66.5,16.1,11,5,3,1,0,187.76
2022-11-26 04:00:00,0.8,73.6,7.0,11,5,4,1,0,217.91
2022-11-26 05:00:00,2.7,76.6,9.1,11,5,5,1,0,191.04
2022-11-26 06:00:00,7.0,94.4,8.9,11,5,6,1,0,207.22
2022-11-26 07:00:00,5.2,68.8,32.6,11,5,7,1,0,194.1
2022-11-26 08:00:00,11.0,60.9,21.8,11,5,8,1,0,166.74
2022-11-26 09:00:00,9.6,63.6,17.1,11,5,9,1,0,195.03
2022-11-26 10:00:00,10.7,81.9,5.9,11,5,10,1,0,235.15
2022-11-26 11:00:00,10.5,70.0,3.3,11,5,11,1,0,173.06
2022-11-26 12:00:00,12.8,72.3,9.2,11,5,12,1,0,138.93
2022-11-26 13:00:00,12.6,79.8,6.6,11,5,13,1,0,161.92
2022-11-26 14:00:00,11.2,73.1,4.0,11,5,14,1,0,135.98
2022-11-26 15:00:00,10.9,76.2,2.8,11,5,15,1,0,160.23
2022-11-26 16:00:00,8.3,80.1,6.6,11,5,16,1,0,196.45
2022-11-26 17:00:00,8.6,72.2,10.4,11,5,17,1,0,207.23
2022-11-26 18:00:00,5.6,75.9,9.9,11,5,18,1,0,196.19
2022-11-26 19:00:00,4.9,79.5,13.9,11,5,19,1,0,220.75
2022-11-26 20:00:00,3.2,85.4,7.0,11,5,20,1,0,266.03
2022-11-26 21:00:00,1.8,72.8,5.1,11,5,21,1,0,278.04
2022-11-26 22:00:00,0.5,55.6,8.2,11,5,22,1,0,274.26
2022-11-26 23:00:00,2.3,84.3,31.5,11,5,23,1,0,251.25
2022-11-27 00:00:00,3.8,85.5,2.4,11,6,0,1,0,222.12
2022-11-27 01:00:00,3.6,79.8,8.0,11,6,1,1,0,200.19
2022-11-27 02:00:00,-0.7,82.5,5.2,11,6,2,1,0,259.35
2022-11-27 03:00:00,5.2,72.9,2.9,11,6,3,1,0,182.28
2022-11-27 04:00:00,3.0,82.5,6.6,11,6,4,1,0,208.53
2022-11-27 05:00:00,6.0,83.8,10.2,11,6,5,1,0,175.47
2022-11-27 06:00:00,4.3,78.3,8.0,11,6,6,1,0,207.52
2022-11-27 07:00:00,7.7,96.1,2.2,11,6,7,1,0,171.32
2022-11-27 08:00:00,9.3,62.9,8.9,11,6,8,1,0,197.79
2022-11-27 09:00:00,6.7,78.0,4.1,11,6,9,1,0,200.95
2022-11-27 10:00:00,11.7,64.8,5.3,11,6,10,1,0,170.01
2022-11-27 11:00:00,13.7,80.2,5.0,11,6,11,1,0,140.54
2022-11-27 12:00:00,10.8,62.0,17.6,11,6,12,1,0,157.07
2022-11-27 13:00:00,13.7,62.5,2.4,11,6,13,1,0,140.28
2022-11-27 14:00:00,10.1,69.9,5.4,11,6,14,1,0,171.5
2022-11-27 15:00:00,11.4,76.4,6.0,11,6,15,1,0,141.83
2022-11-27 16:00:00,4.2,73.1,9.7,11,6,16,1,0,205.39
2022-11-27 17:00:00,12.3,69.2,14.4,11,6,17,1,0,150.06
2022-11-27 18:00:00,9.1,74.0,12.4,11,6,18,1,0,165.29
2022-11-27 19:00:00,4.3,75.9,13.2,11,6,19,1,0,243.63
2022-11-27 20:00:00,-0.3,92.1,3.7,11,6,20,1,0,296.89
2022-11-27 21:00:00,3.2,83.9,21.4,11,6,21,1,0,248.94
2022-11-27 22:00:00,-1.1,77.9,6.3,11,6,22,1,0,300.16
2022-11-27 23:00:00,2.2,95.7,2.1,11,6,23,1,0,248.81
2022-11-28 00:00:00,1.9,83.0,10.8,11,0,0,0,0,244.38
2022-11-28 01:00:00,-0.7,72.6,9.4,11,0,1,0,0,282.3
2022-11-28 02:00:00,4.0,80.1,3.1,11,0,2,0,0,216.4
2022-11-28 03:00:00,4.1,82.2,27.7,11,0,3,0,0,198.27
2022-11-28 04:00:00,5.5,71.8,8.6,11,0,4,0,0,213.09
2022-11-28 05:00:00,4.8,69.2,7.1,11,0,5,0,0,203.99
2022-11-28 06:00:00,3.2,79.1,6.1,11,0,6,0,0,259.05
2022-11-28 07:00:00,9.3,72.5,3.9,11,0,7,0,0,204.63
2022-11-28 08:00:00,8.0,87.8,26.4,11,0,8,0,0,238.0
2022-11-28 09:00:00,6.8,82.5,11.7,11,0,9,0,0,237.07
2022-11-28 10:00:00,13.1,68.3,8.7,11,0,10,0,0,215.25
2022-11-28 11:00:00,15.1,75.9,10.0,11,0,11,0,0,166.67
2022-11-28 12:00:00,11.0,84.7,16.7,11,0,12,0,0,219.99
2022-11-28 13:00:00,15.2,61.3,10.1,11,0,13,0,0,180.11
2022-11-28 14:00:00,10.6,66.5,3.0,11,0,14,0,0,181.06
2022-11-28 15:00:00,8.8,75.5,11.6,11,0,15,0,0,211.39
2022-11-28 16:00:00,7.3,76.6,8.7,11,0,16,0,0,194.59
2022-11-28 17:00:00,10.6,74.3,29.1,11,0,17,0,0,180.76
2022-11-28 18:00:00,4.5,75.3,12.6,11,0,18,0,0,239.54
2022-11-28 19:00:00,6.2,74.3,5.4,11,0,19,0,0,265.99
2022-11-28 20:00:00,2.4,81.9,3.2,11,0,20,0,0,312.54
2022-11-28 21:00:00,1.6,88.3,7.3,11,0,21,0,0,290.63
2022-11-28 22:00:00,3.8,74.3,11.1,11,0,22,0,0,240.01
2022-11-28 23:00:00,0.4,99.3,3.6,11,0,23,0,0,277.44
2022-11-29 00:00:00,0.1,95.6,10.4,11,1,0,0,0,272.88
2022-11-29 01:00:00,3.4,88.9,16.0,11,1,1,0,0,228.66
2022-11-29 02:00:00,4.8,82.6,3.4,11,1,2,0,0,209.21
2022-11-29 03:00:00,3.7,94.2,11.8,11,1,3,0,0,208.71
2022-11-29 04:00:00,2.1,76.6,2.6,11,1,4,0,0,262.44
2022-11-29 05:00:00,3.6,71.5,2.1,11,1,5,0,0,219.66
2022-11-29 06:00:00,6.1,72.7,2.3,11,1,6,0,0,203.91
2022-11-29 07:00:00,7.9,68.0,10.0,11,1,7,0,0,224.48
2022-11-29 08:00:00,6.5,77.7,31.0,11,1,8,0,0,216.19
2022-11-29 09:00:00,10.9,76.9,13.8,11,1,9,0,0,215.75
2022-11-29 10:00:00,10.4,76.4,4.3,11,1,10,0,0,205.93
2022-11-29 11:00:00,7.3,76.2,2.6,11,1,11,0,0,244.32
2022-11-29 12:00:00,9.1,76.5,9.7,11,1,12,0,0,224.03
2022-11-29 13:00:00,9.8,89.0,2.0,11,1,13,0,0,191.18
2022-11-29 14:00:00,10.1,79.9,14.6,11,1,14,0,0,183.39
2022-11-29 15:00:00,13.3,80.7,4.2,11,1,15,0,0,165.71
2022-11-29 16:00:00,8.9,77.1,4.8,11,1,16,0,0,196.27
2022-11-29 17:00:00,5.6,64.3,5.4,11,1,17,0,0,256.24
2022-11-29 18:00:00,6.4,62.3,13.5,11,1,18,0,0,235.98
2022-11-29 19:00:00,3.9,94.7,4.5,11,1,19,0,0,307.16
2022-11-29 20:00:00,4.1,73.7,4.7,11,1,20,0,0,297.15
2022-11-29 21:00:00,3.6,73.3,8.2,11,1,21,0,0,290.03
2022-11-29 22:00:00,4.0,79.9,7.0,11,1,22,0,0,282.26
2022-11-29 23:00:00,1.1,83.9,26.9,11,1,23,0,0,286.62
2022-11-30 00:00:00,4.1,83.3,4.4,11,2,0,0,0,256.63
2022-11-30 01:00:00,2.8,92.8,2.8,11,2,1,0,0,249.22
2022-11-30 02:00:00,0.1,91.9,8.2,11,2,2,0,0,270.88
2022-11-30 03:00:00,6.7,70.1,3.6,11,2,3,0,0,202.36
2022-11-30 04:00:00,4.0,85.7,6.3,11,2,4,0,0,214.57
2022-11-30 05:00:00,2.9,75.5,3.7,11,2,5,0,0,248.95
2022-11-30 06:00:00,9.2,74.3,19.0,11,2,6,0,0,205.4
2022-11-30 07:00:00,11.3,65.6,5.2,11,2,7,0,0,178.7
2022-11-30 08:00:00,8.3,62.3,13.9,11,2,8,0,0,198.16
2022-11-30 09:00:00,8.4,75.6,25.7,11,2,9,0,0,209.11
2022-11-30 10:00:00,9.8,67.4,24.6,11,2,10,0,0,230.19
2022-11-30 11:00:00,12.1,81.4,8.0,11,2,11,0,0,202.76
2022-11-30 12:00:00,13.4,71.0,34.7,11,2,12,0,0,159.03
2022-11-30 13:00:00,11.8,76.6,10.5,11,2,13,0,0,172.81
2022-11-30 14:00:00,10.4,85.7,3.1,11,2,14,0,0,183.81
2022-11-30 15:00:00,12.4,61.9,19.5,11,2,15,0,0,159.28
2022-11-30 16:00:00,7.7,70.3,7.1,11,2,16,0,0,188.22
2022-11-30 17:00:00,9.2,76.8,3.3,11,2,17,0,0,219.39
2022-11-30 18:00:00,5.3,79.9,14.5,11,2,18,0,0,242.99
2022-11-30 19:00:00,5.4,86.1,9.8,11,2,19,0,0,267.91
2022-11-30 20:00:00,3.1,85.4,19.1,11,2,20,0,0,245.6
2022-11-30 21:00:00,2.2,79.7,16.1,11,2,21,0,0,300.16
2022-11-30 22:00:00,0.8,82.0,5.1,11,2,22,0,0,292.74
2022-11-30 23:00:00,3.7,80.8,4.4,11,2,23,0,0,261.09
2022-12-01 00:00:00,-0.7,68.6,12.6,12,3,0,0,0,294.33
2022-12-01 01:00:00,-0.5,79.0,8.8,12,3,1,0,0,274.65
2022-12-01 02:00:00,5.7,79.1,2.6,12,3,2,0,0,238.02
2022-12-01 03:00:00,4.2,81.6,3.6,12,3,3,0,0,188.8
2022-12-01 04:00:00,-1.5,73.4,3.3,12,3,4,0,0,271.28
2022-12-01 05:00:00,3.3,68.2,9.1,12,3,5,0,0,199.98
2022-12-01 06:00:00,2.2,77.0,2.7,12,3,6,0,0,257.54
2022-12-01 07:00:00,5.2,93.2,3.9,12,3,7,0,0,240.03
2022-12-01 08:00:00,2.0,72.4,8.3,12,3,8,0,0,253.54
2022-12-01 09:00:00,9.0,84.9,3.1,12,3,9,0,0,259.76
2022-12-01 10:00:00,7.8,88.8,4.3,12,3,10,0,0,234.32
2022-12-01 11:00:00,10.7,75.0,21.0,12,3,11,0,0,172.17
2022-12-01 12:00:00,7.5,70.8,11.6,12,3,12,0,0,231.26
2022-12-01 13:00:00,10.8,78.7,4.9,12,3,13,0,0,207.94
2022-12-01 14:00:00,9.3,76.9,18.8,12,3,14,0,0,186.48
2022-12-01 15:00:00,12.3,67.0,4.3,12,3,15,0,0,191.29
2022-12-01 16:00:00,11.1,69.2,9.1,12,3,16,0,0,172.41
2022-12-01 17:00:00,8.6,79.3,5.7,12,3,17,0,0,207.38
2022-12-01 18:00:00,5.1,84.9,13.2,12,3,18,0,0,255.29
2022-12-01 19:00:00,8.5,73.2,5.7,12,3,19,0,0,249.16
2022-12-01 20:00:00,0.2,79.4,4.3,12,3,20,0,0,312.45
2022-12-01 21:00:00,-0.6,85.6,9.5,12,3,21,0,0,311.34
2022-12-01 22:00:00,1.3,78.0,12.9,12,3,22,0,0,282.93
2022-12-01 23:00:00,5.5,74.9,8.1,12,3,23,0,0,204.13
2022-12-02 00:00:00,0.3,73.8,12.1,12,4,0,0,0,258.25
2022-12-02 01:00:00,0.5,73.6,6.4,12,4,1,0,0,227.62
2022-12-02 02:00:00,-1.5,100.0,14.7,12,4,2,0,0,265.68
2022-12-02 03:00:00,4.1,76.4,9.0,12,4,3,0,0,192.67
2022-12-02 04:00:00,5.1,88.4,3.7,12,4,4,0,0,221.64
2022-12-02 05:00:00,6.0,90.5,19.7,12,4,5,0,0,194.68
2022-12-02 06:00:00,4.4,76.3,16.5,12,4,6,0,0,242.9
2022-12-02 07:00:00,5.6,80.2,28.6,12,4,7,0,0,191.53
2022-12-02 08:00:00,,78.0,8.7,12,4,8,0,0,234.87
2022-12-02 09:00:00,9.4,62.4,11.0,12,4,9,0,0,215.44
2022-12-02 10:00:00,7.9,63.7,17.9,12,4,10,0,0,232.39
2022-12-02 11:00:00,8.2,76.3,2.4,12,4,11,0,0,263.27
2022-12-02 12:00:00,9.8,71.7,21.5,12,4,12,0,0,171.4
2022-12-02 13:00:00,9.5,90.4,4.5,12,4,13,0,0,197.08
2022-12-02 14:00:00,8.9,73.6,2.5,12,4,14,0,0,232.9
2022-12-02 15:00:00,10.2,90.5,4.2,12,4,15,0,0,184.36
2022-12-02 16:00:00,8.4,72.0,9.1,12,4,16,0,0,211.01
2022-12-02 17:00:00,6.4,92.1,2.4,12,4,17,0,0,221.13
2022-12-02 18:00:00,6.1,81.0,2.0,12,4,18,0,0,225.18
2022-12-02 19:00:00,2.4,83.3,10.2,12,4,19,0,0,273.84
2022-12-02 20:00:00,3.4,74.2,6.8,12,4,20,0,0,309.95
2022-12-02 21:00:00,2.5,83.4,16.9,12,4,21,0,0,264.83
2022-12-02 22:00:00,-1.6,94.4,4.4,12,4,22,0,0,320.63
2022-12-02 23:00:00,2.9,77.4,4.6,12,4,23,0,0,256.69
2022-12-03 00:00:00,-1.1,77.9,2.6,12,5,0,1,0,273.19
2022-12-03 01:00:00,1.0,77.5,8.2,12,5,1,1,0,244.54
2022-12-03 02:00:00,3.6,91.2,5.6,12,5,2,1,0,202.97
2022-12-03 03:00:00,3.9,84.9,5.3,12,5,3,1,0,146.61
2022-12-03 04:00:00,3.2,90.0,6.9,12,5,4,1,0,191.37
2022-12-03 05:00:00,3.6,80.7,17.2,12,5,5,1,0,181.49
2022-12-03 06:00:00,7.5,76.6,2.9,12,5,6,1,0,198.93
2022-12-03 07:00:00,8.3,79.3,7.9,12,5,7,1,0,170.21
2022-12-03 08:00:00,6.9,85.1,3.7,12,5,8,1,0,233.37
2022-12-03 09:00:00,7.6,74.2,3.9,12,5,9,1,0,214.79
2022-12-03 10:00:00,5.8,88.0,4.4,12,5,10,1,0,246.78
2022-12-03 11:00:00,10.8,77.5,6.9,12,5,11,1,0,221.71
2022-12-03 12:00:00,10.5,55.5,7.5,12,5,12,1,0,160.31
2022-12-03 13:00:00,12.7,80.7,18.4,12,5,13,1,0,132.06
2022-12-03 14:00:00,10.7,64.5,19.8,12,5,14,1,0,158.86
2022-12-03 15:00:00,11.8,81.0,9.1,12,5,15,1,0,173.03
2022-12-03 16:00:00,6.7,83.8,4.6,12,5,16,1,0,186.94
2022-12-03 17:00:00,9.2,78.0,15.6,12,5,17,1,0,180.21
2022-12-03 18:00:00,4.6,82.1,14.6,12,5,18,1,0,245.88
2022-12-03 19:00:00,5.9,85.9,14.8,12,5,19,1,0,245.39
2022-12-03 20:00:00,0.2,75.9,2.1,12,5,20,1,0,281.78
2022-12-03 21:00:00,2.6,85.1,13.2,12,5,21,1,0,262.82
2022-12-03 22:00:00,-2.7,90.6,17.3,12,5,22,1,0,291.04
2022-12-03 23:00:00,0.3,94.0,9.4,12,5,23,1,0,242.91
2022-12-04 00:00:00,1.4,70.4,13.1,12,6,0,1,0,244.24
2022-12-04 01:00:00,-0.3,83.4,14.0,12,6,1,1,0,208.5
2022-12-04 02:00:00,-0.9,72.7,7.7,12,6,2,1,0,244.13
2022-12-04 03:00:00,3.7,70.1,15.4,12,6,3,1,0,181.51
2022-12-04 04:00:00,2.8,81.5,14.6,12,6,4,1,0,209.83
2022-12-04 05:00:00,3.3,79.0,21.8,12,6,5,1,0,189.35
2022-12-04 06:00:00,5.6,86.3,22.3,12,6,6,1,0,206.4
2022-12-04 07:00:00,12.1,71.2,8.0,12,6,7,1,0,155.46
2022-12-04 08:00:00,10.4,73.8,2.3,12,6,8,1,0,203.99
2022-12-04 09:00:00,11.4,76.0,2.2,12,6,9,1,0,189.3
2022-12-04 10:00:00,10.7,67.7,24.4,12,6,10,1,0,163.99
2022-12-04 11:00:00,10.7,68.9,5.3,12,6,11,1,0,194.48
2022-12-04 12:00:00,5.8,86.1,5.8,12,6,12,1,0,223.36
2022-12-04 13:00:00,9.0,71.1,7.1,12,6,13,1,0,178.14
2022-12-04 14:00:00,8.9,85.0,4.5,12,6,14,1,0,169.34
2022-12-04 15:00:00,5.3,82.2,9.1,12,6,15,1,0,215.51
2022-12-04 16:00:00,5.7,64.8,14.3,12,6,16,1,0,179.71
2022-12-04 17:00:00,2.9,82.8,4.4,12,6,17,1,0,224.19
2022-12-04 18:00:00,5.5,81.4,12.9,12,6,18,1,0,228.48
2022-12-04 19:00:00,5.9,80.4,10.9,12,6,19,1,0,225.68
2022-12-04 20:00:00,5.3,76.2,8.0,12,6,20,1,0,209.46
2022-12-04 21:00:00,2.8,71.1,5.1,12,6,21,1,0,241.37
2022-12-04 22:00:00,-0.7,91.1,18.5,12,6,22,1,0,287.36
2022-12-04 23:00:00,-3.1,80.8,6.1,12,6,23,1,0,298.18
2022-12-05 00:00:00,-3.0,74.4,5.8,12,0,0,0,0,303.11
2022-12-05 01:00:00,-1.9,84.6,10.2,12,0,1,0,0,289.72
2022-12-05 02:00:00,-0.6,74.4,22.2,12,0,2,0,0,263.39
2022-12-05 03:00:00,1.6,71.6,7.7,12,0,3,0,0,238.22
2022-12-05 04:00:00,1.0,76.5,12.3,12,0,4,0,0,195.34
2022-12-05 05:00:00,4.9,72.2,6.9,12,0,5,0,0,214.99
2022-12-05 06:00:00,5.0,70.2,4.0,12,0,6,0,0,216.0
2022-12-05 07:00:00,6.8,83.1,3.1,12,0,7,0,0,223.67
2022-12-05 08:00:00,10.3,74.0,3.2,12,0,8,0,0,223.38
2022-12-05 09:00:00,6.7,86.7,2.2,12,0,9,0,0,228.95
2022-12-05 10:00:00,10.6,67.8,8.4,12,0,10,0,0,214.36
2022-12-05 11:00:00,10.3,61.0,3.1,12,0,11,0,0,219.7
2022-12-05 12:00:00,9.8,76.3,18.1,12,0,12,0,0,199.54
2022-12-05 13:00:00,12.1,88.8,34.5,12,0,13,0,0,159.16
2022-12-05 14:00:00,11.6,78.5,7.5,12,0,14,0,0,168.45
2022-12-05 15:00:00,7.1,100.0,6.8,12,0,15,0,0,219.5
2022-12-05 16:00:00,,78.8,5.4,12,0,16,0,0,204.1
2022-12-05 17:00:00,7.3,78.2,10.1,12,0,17,0,0,191.28
2022-12-05 18:00:00,4.9,60.3,9.5,12,0,18,0,0,233.44
2022-12-05 19:00:00,5.4,80.7,5.4,12,0,19,0,0,241.58
2022-12-05 20:00:00,3.5,79.6,5.4,12,0,20,0,0,292.58
2022-12-05 21:00:00,5.6,73.9,10.3,12,0,21,0,0,232.23
2022-12-05 22:00:00,-1.9,79.9,8.5,12,0,22,0,0,343.21
2022-12-05 23:00:00,0.4,79.3,12.1,12,0,23,0,0,314.66
2022-12-06 00:00:00,-1.4,79.3,24.7,12,1,0,0,0,265.7
2022-12-06 01:00:00,1.8,95.8,14.1,12,1,1,0,0,237.4
2022-12-06 02:00:00,-2.1,78.1,4.9,12,1,2,0,0,298.26
2022-12-06 03:00:00,2.6,80.1,13.4,12,1,3,0,0,242.98
2022-12-06 04:00:00,1.7,75.9,6.8,12,1,4,0,0,233.14
2022-12-06 05:00:00,2.7,84.9,14.0,12,1,5,0,0,229.61
2022-12-06 06:00:00,2.5,80.2,19.4,12,1,6,0,0,235.25
2022-12-06 07:00:00,5.8,74.9,4.3,12,1,7,0,0,215.32
2022-12-06 08:00:00,10.1,59.5,4.2,12,1,8,0,0,217.24
2022-12-06 09:00:00,8.9,77.5,6.5,12,1,9,0,0,226.45
2022-12-06 10:00:00,11.0,72.0,2.4,12,1,10,0,0,204.7
2022-12-06 11:00:00,13.6,72.7,11.3,12,1,11,0,0,196.36
2022-12-06 12:00:00,10.9,65.1,13.1,12,1,12,0,0,191.06
2022-12-06 13:00:00,9.1,86.9,5.4,12,1,13,0,0,247.16
2022-12-06 14:00:00,10.7,81.5,7.0,12,1,14,0,0,188.74
2022-12-06 15:00:00,7.9,87.5,9.1,12,1,15,0,0,220.81
2022-12-06 16:00:00,6.9,85.7,2.6,12,1,16,0,0,228.61
2022-12-06 17:00:00,3.7,82.9,11.9,12,1,17,0,0,248.67
2022-12-06 18:00:00,7.3,67.2,8.0,12,1,18,0,0,236.29
2022-12-06 19:00:00,3.4,93.1,9.8,12,1,19,0,0,283.4
2022-12-06 20:00:00,3.3,70.9,12.3,12,1,20,0,0,315.02
2022-12-06 21:00:00,-0.2,77.9,11.0,12,1,21,0,0,309.82
2022-12-06 22:00:00,2.0,84.7,2.8,12,1,22,0,0,244.56
2022-12-06 23:00:00,-0.9,86.5,14.2,12,1,23,0,0,331.18
2022-12-07 00:00:00,0.1,84.5,9.5,12,2,0,0,0,261.62
2022-12-07 01:00:00,2.3,75.7,12.0,12,2,1,0,0,238.01
2022-12-07 02:00:00,2.6,73.8,4.4,12,2,2,0,0,223.12
2022-12-07 03:00:00,1.8,99.4,4.0,12,2,3,0,0,236.11
2022-12-07 04:00:00,-0.7,80.0,16.0,12,2,4,0,0,245.47
2022-12-07 05:00:00,10.1,73.7,6.0,12,2,5,0,0,148.97
2022-12-07 06:00:00,8.9,69.9,8.9,12,2,6,0,0,181.56
2022-12-07 07:00:00,8.1,77.9,8.4,12,2,7,0,0,217.22
2022-12-07 08:00:00,6.4,78.4,9.0,12,2,8,0,0,207.83
2022-12-07 09:00:00,8.7,75.5,2.6,12,2,9,0,0,234.64
2022-12-07 10:00:00,8.6,78.8,4.9,12,2,10,0,0,265.81
2022-12-07 11:00:00,12.7,87.7,2.6,12,2,11,0,0,212.36
2022-12-07 12:00:00,10.9,69.8,7.2,12,2,12,0,0,180.58
2022-12-07 13:00:00,8.6,76.0,20.6,12,2,13,0,0,208.13
2022-12-07 14:00:00,8.7,70.4,5.9,12,2,14,0,0,215.93
2022-12-07 15:00:00,11.1,76.8,14.2,12,2,15,0,0,203.07
2022-12-07 16:00:00,11.1,69.9,4.7,12,2,16,0,0,192.11
2022-12-07 17:00:00,9.7,70.9,17.5,12,2,17,0,0,207.4
2022-12-07 18:00:00,6.9,64.9,6.4,12,2,18,0,0,245.51
2022-12-07 19:00:00,3.6,79.0,5.5,12,2,19,0,0,285.28
2022-12-07 20:00:00,-3.6,85.2,11.6,12,2,20,0,0,363.7
2022-12-07 21:00:00,2.4,93.7,7.8,12,2,21,0,0,280.8
2022-12-07 22:00:00,1.0,83.2,5.3,12,2,22,0,0,305.88
2022-12-07 23:00:00,0.8,76.0,2.5,12,2,23,0,0,273.76
2022-12-08 00:00:00,0.4,68.9,3.5,12,3,0,0,0,302.98
2022-12-08 01:00:00,-2.2,71.3,13.8,12,3,1,0,0,273.87
2022-12-08 02:00:00,2.1,68.6,22.3,12,3,2,0,0,237.93
2022-12-08 03:00:00,3.0,93.5,3.5,12,3,3,0,0,212.14
2022-12-08 04:00:00,4.2,80.2,8.7,12,3,4,0,0,209.7
2022-12-08 05:00:00,5.9,72.4,2.3,12,3,5,0,0,200.69
2022-12-08 06:00:00,6.5,69.1,4.7,12,3,6,0,0,190.36
2022-12-08 07:00:00,5.8,70.3,6.8,12,3,7,0,0,216.89
2022-12-08 08:00:00,,71.3,12.7,12,3,8,0,0,224.16
2022-12-08 09:00:00,9.0,86.0,2.4,12,3,9,0,0,224.26
2022-12-08 10:00:00,9.9,74.8,14.2,12,3,10,0,0,235.12
2022-12-08 11:00:00,12.1,62.4,3.8,12,3,11,0,0,188.64
2022-12-08 12:00:00,11.6,92.7,13.4,12,3,12,0,0,211.85
2022-12-08 13:00:00,14.3,63.7,9.9,12,3,13,0,0,164.99
2022-12-08 14:00:00,14.0,68.2,5.3,12,3,14,0,0,190.06
2022-12-08 15:00:00,9.0,86.0,12.3,12,3,15,0,0,211.72
2022-12-08 16:00:00,0.1,83.3,4.2,12,3,16,0,0,298.39
2022-12-08 17:00:00,9.1,71.7,4.0,12,3,17,0,0,206.92
2022-12-08 18:00:00,4.2,68.0,2.5,12,3,18,0,0,277.35
2022-12-08 19:00:00,2.4,71.1,6.0,12,3,19,0,0,259.68
2022-12-08 20:00:00,2.0,71.7,2.8,12,3,20,0,0,301.72
2022-12-08 21:00:00,0.9,79.6,6.4,12,3,21,0,0,304.63
2022-12-08 22:00:00,2.2,80.4,2.1,12,3,22,0,0,292.87
2022-12-08 23:00:00,-2.6,80.1,3.3,12,3,23,0,0,321.03
2022-12-09 00:00:00,-1.9,80.6,23.5,12,4,0,0,0,268.96
2022-12-09 01:00:00,1.1,71.0,14.7,12,4,1,0,0,229.52
2022-12-09 02:00:00,2.2,81.3,4.2,12,4,2,0,0,237.77
2022-12-09 03:00:00,3.0,88.7,12.1,12,4,3,0,0,221.93
2022-12-09 04:00:00,1.2,78.1,10.8,12,4,4,0,0,256.9
2022-12-09 05:00:00,2.0,77.5,3.6,12,4,5,0,0,259.92
2022-12-09 06:00:00,4.2,78.5,5.7,12,4,6,0,0,232.82
2022-12-09 07:00:00,7.0,85.4,21.6,12,4,7,0,0,213.27
2022-12-09 08:00:00,10.7,67.5,12.7,12,4,8,0,0,213.93
2022-12-09 09:00:00,4.7,89.3,13.4,12,4,9,0,0,252.49
2022-12-09 10:00:00,9.1,78.8,8.6,12,4,10,0,0,222.53
2022-12-09 11:00:00,7.4,76.5,10.8,12,4,11,0,0,212.34
2022-12-09 12:00:00,7.0,86.2,7.7,12,4,12,0,0,245.03
2022-12-09 13:00:00,12.0,64.5,12.8,12,4,13,0,0,181.34
2022-12-09 14:00:00,10.7,78.8,12.6,12,4,14,0,0,205.99
2022-12-09 15:00:00,9.7,78.6,2.3,12,4,15,0,0,180.3
2022-12-09 16:00:00,9.6,67.7,10.0,12,4,16,0,0,187.15
2022-12-09 17:00:00,5.6,80.9,9.9,12,4,17,0,0,248.85
2022-12-09 18:00:00,4.4,80.1,2.6,12,4,18,0,0,264.43
2022-12-09 19:00:00,8.3,74.4,6.2,12,4,19,0,0,218.46
2022-12-09 20:00:00,2.3,85.8,20.3,12,4,20,0,0,301.8
2022-12-09 21:00:00,3.2,73.8,26.5,12,4,21,0,0,248.06
2022-12-09 22:00:00,0.9,81.7,14.2,12,4,22,0,0,299.99
2022-12-09 23:00:00,-3.3,80.6,3.3,12,4,23,0,0,315.45
2022-12-10 00:00:00,-3.9,77.0,5.8,12,5,0,1,0,309.33
2022-12-10 01:00:00,-0.8,84.4,3.6,12,5,1,1,0,252.78
2022-12-10 02:00:00,3.0,76.8,10.4,12,5,2,1,0,205.67
2022-12-10 03:00:00,3.3,66.6,13.9,12,5,3,1,0,189.77
2022-12-10 04:00:00,4.5,63.3,19.2,12,5,4,1,0,179.61
2022-12-10 05:00:00,1.9,85.3,17.8,12,5,5,1,0,217.73
2022-12-10 06:00:00,8.4,66.0,2.8,12,5,6,1,0,182.49
2022-12-10 07:00:00,4.6,79.9,3.1,12,5,7,1,0,214.44
2022-12-10 08:00:00,8.1,76.4,21.2,12,5,8,1,0,209.6
2022-12-10 09:00:00,8.7,72.7,16.9,12,5,9,1,0,182.64
2022-12-10 10:00:00,9.2,91.1,6.9,12,5,10,1,0,217.72
2022-12-10 11:00:00,12.7,75.1,6.5,12,5,11,1,0,185.75
2022-12-10 12:00:00,8.8,81.6,8.4,12,5,12,1,0,210.54
2022-12-10 13:00:00,7.3,78.6,9.3,12,5,13,1,0,194.31
2022-12-10 14:00:00,9.6,73.4,4.3,12,5,14,1,0,177.84
2022-12-10 15:00:00,7.9,75.9,6.1,12,5,15,1,0,186.91
2022-12-10 16:00:00,14.5,84.4,9.7,12,5,16,1,0,132.16
2022-12-10 17:00:00,7.9,84.8,3.8,12,5,17,1,0,202.47
2022-12-10 18:00:00,4.4,93.4,50.0,12,5,18,1,0,263.86
2022-12-10 19:00:00,1.8,80.9,4.7,12,5,19,1,0,293.33
2022-12-10 20:00:00,-1.0,73.5,8.4,12,5,20,1,0,288.96
2022-12-10 21:00:00,-0.4,76.7,8.5,12,5,21,1,0,262.22
2022-12-10 22:00:00,1.1,69.9,6.8,12,5,22,1,0,261.72
2022-12-10 23:00:00,3.2,84.5,4.2,12,5,23,1,0,250.51
2022-12-11 00:00:00,2.4,74.1,8.7,12,6,0,1,0,216.74
2022-12-11 01:00:00,0.8,55.2,2.8,12,6,1,1,0,253.75
2022-12-11 02:00:00,0.2,99.6,5.9,12,6,2,1,0,226.47
2022-12-11 03:00:00,2.2,74.3,4.0,12,6,3,1,0,212.02
2022-12-11 04:00:00,1.6,74.6,3.1,12,6,4,1,0,215.6
2022-12-11 05:00:00,7.3,89.7,22.8,12,6,5,1,0,179.62
2022-12-11 06:00:00,4.8,67.9,11.6,12,6,6,1,0,208.17
2022-12-11 07:00:00,6.3,85.9,3.5,12,6,7,1,0,220.6
2022-12-11 08:00:00,3.2,73.7,25.9,12,6,8,1,0,222.63
2022-12-11 09:00:00,8.3,65.3,3.9,12,6,9,1,0,219.55
2022-12-11 10:00:00,11.2,88.1,4.1,12,6,10,1,0,198.78
2022-12-11 11:00:00,7.9,83.5,3.1,12,6,11,1,0,230.29
2022-12-11 12:00:00,8.7,83.0,12.4,12,6,12,1,0,213.84
2022-12-11 13:00:00,11.6,77.1,8.8,12,6,13,1,0,165.98
2022-12-11 14:00:00,6.5,81.5,2.5,12,6,14,1,0,187.31
2022-12-11 15:00:00,10.8,64.7,2.2,12,6,15,1,0,165.69
2022-12-11 16:00:00,6.6,77.6,8.1,12,6,16,1,0,209.09
2022-12-11 17:00:00,5.7,69.7,10.4,12,6,17,1,0,182.71
2022-12-11 18:00:00,2.9,67.4,15.8,12,6,18,1,0,230.15
2022-12-11 19:00:00,4.6,81.0,7.2,12,6,19,1,0,251.64
2022-12-11 20:00:00,7.6,85.5,11.0,12,6,20,1,0,183.22
2022-12-11 21:00:00,3.2,75.3,12.6,12,6,21,1,0,234.48
2022-12-11 22:00:00,-0.9,78.7,9.6,12,6,22,1,0,274.87
2022-12-11 23:00:00,2.6,69.6,5.5,12,6,23,1,0,233.85
2022-12-12 00:00:00,-0.5,80.3,3.1,12,0,0,0,0,272.77
2022-12-12 01:00:00,3.1,84.6,10.3,12,0,1,0,0,228.27
2022-12-12 02:00:00,2.4,85.1,13.7,12,0,2,0,0,211.95
2022-12-12 03:00:00,-4.3,86.5,3.7,12,0,3,0,0,338.49
2022-12-12 04:00:00,0.6,74.7,7.5,12,0,4,0,0,241.48
2022-12-12 05:00:00,5.7,71.9,6.0,12,0,5,0,0,180.39
2022-12-12 06:00:00,5.4,83.6,3.8,12,0,6,0,0,241.35
2022-12-12 07:00:00,4.4,84.3,4.3,12,0,7,0,0,231.19
2022-12-12 08:00:00,6.4,75.4,4.2,12,0,8,0,0,215.79
2022-12-12 09:00:00,4.9,74.2,6.3,12,0,9,0,0,263.98
2022-12-12 10:00:00,9.3,84.7,6.0,12,0,10,0,0,220.01
2022-12-12 11:00:00,14.4,69.9,8.5,12,0,11,0,0,195.24
2022-12-12 12:00:00,11.7,80.1,2.8,12,0,12,0,0,192.64
2022-12-12 13:00:00,14.3,71.7,9.0,12,0,13,0,0,169.58
2022-12-12 14:00:00,11.2,66.0,2.2,12,0,14,0,0,172.34
2022-12-12 15:00:00,10.7,87.5,4.4,12,0,15,0,0,175.72
2022-12-12 16:00:00,11.6,75.2,7.6,12,0,16,0,0,238.72
2022-12-12 17:00:00,7.2,70.7,11.3,12,0,17,0,0,206.1
2022-12-12 18:00:00,4.8,66.5,13.8,12,0,18,0,0,224.69
2022-12-12 19:00:00,5.9,66.7,2.3,12,0,19,0,0,270.9
2022-12-12 20:00:00,5.5,74.2,8.2,12,0,20,0,0,264.91
2022-12-12 21:00:00,0.6,95.1,5.5,12,0,21,0,0,310.42
2022-12-12 22:00:00,-0.6,75.6,11.5,12,0,22,0,0,297.03
2022-12-12 23:00:00,0.6,91.3,4.7,12,0,23,0,0,281.63
2022-12-13 00:00:00,1.8,78.1,12.9,12,1,0,0,0,243.39
2022-12-13 01:00:00,1.9,69.6,9.4,12,1,1,0,0,257.44
2022-12-13 02:00:00,-2.1,77.3,14.5,12,1,2,0,0,274.5
2022-12-13 03:00:00,5.4,67.1,35.3,12,1,3,0,0,203.68
2022-12-13 04:00:00,1.3,72.5,21.1,12,1,4,0,0,234.98
2022-12-13 05:00:00,3.3,71.3,9.2,12,1,5,0,0,225.53
2022-12-13 06:00:00,3.3,63.1,19.9,12,1,6,0,0,213.68
2022-12-13 07:00:00,11.8,86.2,3.3,12,1,7,0,0,224.45
2022-12-13 08:00:00,8.1,77.6,2.4,12,1,8,0,0,223.06
2022-12-13 09:00:00,6.9,71.0,8.1,12,1,9,0,0,235.24
2022-12-13 10:00:00,11.2,76.2,31.3,12,1,10,0,0,229.42
2022-12-13 11:00:00,11.5,67.6,11.9,12,1,11,0,0,209.77
2022-12-13 12:00:00,9.7,53.8,4.9,12,1,12,0,0,212.46
2022-12-13 13:00:00,11.6,97.8,10.8,12,1,13,0,0,196.64
2022-12-13 14:00:00,7.8,77.6,2.3,12,1,14,0,0,200.57
2022-12-13 15:00:00,7.7,71.5,7.1,12,1,15,0,0,225.7
2022-12-13 16:00:00,3.6,62.7,4.2,12,1,16,0,0,221.06
2022-12-13 17:00:00,3.7,66.2,2.4,12,1,17,0,0,235.34
2022-12-13 18:00:00,8.7,88.9,4.3,12,1,18,0,0,216.24
2022-12-13 19:00:00,7.1,88.5,12.3,12,1,19,0,0,250.06
2022-12-13 20:00:00,2.7,84.7,8.4,12,1,20,0,0,288.76
2022-12-13 21:00:00,4.9,68.6,2.2,12,1,21,0,0,235.03
2022-12-13 22:00:00,0.5,91.9,6.2,12,1,22,0,0,334.56
2022-12-13 23:00:00,-0.2,83.7,13.2,12,1,23,0,0,301.3
2022-12-14 00:00:00,0.2,85.1,26.7,12,2,0,0,0,252.27
2022-12-14 01:00:00,-0.0,83.6,18.6,12,2,1,0,0,266.21
2022-12-14 02:00:00,0.3,67.8,2.0,12,2,2,0,0,260.98
2022-12-14 03:00:00,3.8,68.5,4.0,12,2,3,0,0,211.26
2022-12-14 04:00:00,2.9,74.5,3.9,12,2,4,0,0,235.46
2022-12-14 05:00:00,5.2,82.5,6.3,12,2,5,0,0,222.43
2022-12-14 06:00:00,7.1,65.4,10.3,12,2,6,0,0,218.64
2022-12-14 07:00:00,7.1,75.0,3.3,12,2,7,0,0,219.09
2022-12-14 08:00:00,5.6,75.8,21.8,12,2,8,0,0,235.95
2022-12-14 09:00:00,5.9,83.4,14.0,12,2,9,0,0,240.91
2022-12-14 10:00:00,9.7,80.5,6.3,12,2,10,0,0,217.26
2022-12-14 11:00:00,9.6,67.1,9.0,12,2,11,0,0,204.25
2022-12-14 12:00:00,10.2,86.4,8.2,12,2,12,0,0,197.49
2022-12-14 13:00:00,9.9,65.8,9.0,12,2,13,0,0,189.87
2022-12-14 14:00:00,14.6,81.5,17.7,12,2,14,0,0,165.33
2022-12-14 15:00:00,5.9,72.6,3.8,12,2,15,0,0,237.47
2022-12-14 16:00:00,3.6,79.5,11.2,12,2,16,0,0,238.01
2022-12-14 17:00:00,7.0,78.3,2.9,12,2,17,0,0,221.11
2022-12-14 18:00:00,4.3,79.4,6.9,12,2,18,0,0,253.39
2022-12-14 19:00:00,4.4,83.2,10.1,12,2,19,0,0,266.84
2022-12-14 20:00:00,3.7,81.3,2.1,12,2,20,0,0,307.15
2022-12-14 21:00:00,4.1,84.2,2.9,12,2,21,0,0,268.47
2022-12-14 22:00:00,-2.3,84.9,2.8,12,2,22,0,0,339.02
2022-12-14 23:00:00,-0.9,70.3,5.8,12,2,23,0,0,302.2
2022-12-15 00:00:00,0.9,81.7,9.8,12,3,0,0,0,260.28
2022-12-15 01:00:00,1.8,74.6,46.1,12,3,1,0,0,210.23
2022-12-15 02:00:00,5.1,68.6,4.3,12,3,2,0,0,214.96
2022-12-15 03:00:00,3.4,76.0,3.2,12,3,3,0,0,193.64
2022-12-15 04:00:00,2.4,80.2,6.3,12,3,4,0,0,218.99
2022-12-15 05:00:00,2.0,81.0,3.3,12,3,5,0,0,238.98
2022-12-15 06:00:00,3.9,86.5,2.2,12,3,6,0,0,235.75
2022-12-15 07:00:00,5.2,87.9,8.6,12,3,7,0,0,236.24
2022-12-15 08:00:00,8.9,78.3,18.9,12,3,8,0,0,230.36
2022-12-15 09:00:00,9.1,79.6,17.8,12,3,9,0,0,227.3
2022-12-15 10:00:00,6.7,77.4,2.8,12,3,10,0,0,247.55
2022-12-15 11:00:00,9.0,81.6,3.3,12,3,11,0,0,221.48
2022-12-15 12:00:00,,78.0,7.4,12,3,12,0,0,194.01
2022-12-15 13:00:00,10.6,74.3,5.7,12,3,13,0,0,179.84
2022-12-15 14:00:00,10.5,92.0,11.7,12,3,14,0,0,162.58
2022-12-15 15:00:00,9.4,71.0,7.5,12,3,15,0,0,176.5
2022-12-15 16:00:00,10.8,86.2,2.2,12,3,16,0,0,214.44
2022-12-15 17:00:00,6.8,65.8,4.7,12,3,17,0,0,212.4
2022-12-15 18:00:00,4.3,84.4,20.5,12,3,18,0,0,244.96
2022-12-15 19:00:00,1.9,90.5,7.7,12,3,19,0,0,309.67
2022-12-15 20:00:00,3.0,63.2,14.8,12,3,20,0,0,236.72
2022-12-15 21:00:00,-3.4,82.8,6.1,12,3,21,0,0,344.16
2022-12-15 22:00:00,0.4,85.5,11.0,12,3,22,0,0,280.1
2022-12-15 23:00:00,-0.2,82.1,3.5,12,3,23,0,0,298.39
2022-12-16 00:00:00,-2.7,84.4,12.7,12,4,0,0,0,308.33
2022-12-16 01:00:00,-1.7,81.9,14.4,12,4,1,0,0,288.75
2022-12-16 02:00:00,2.3,70.1,2.8,12,4,2,0,0,256.45
2022-12-16 03:00:00,2.0,98.0,3.6,12,4,3,0,0,251.38
2022-12-16 04:00:00,2.7,74.6,7.0,12,4,4,0,0,233.1
2022-12-16 05:00:00,4.3,81.3,10.1,12,4,5,0,0,257.9
2022-12-16 06:00:00,5.2,72.2,10.1,12,4,6,0,0,187.68
2022-12-16 07:00:00,8.8,57.4,10.8,12,4,7,0,0,230.33
2022-12-16 08:00:00,7.8,68.7,12.0,12,4,8,0,0,243.61
2022-12-16 09:00:00,5.7,65.6,7.6,12,4,9,0,0,241.71
2022-12-16 10:00:00,12.6,82.4,8.8,12,4,10,0,0,196.64
2022-12-16 11:00:00,10.6,69.8,2.1,12,4,11,0,0,204.0
2022-12-16 12:00:00,8.9,71.5,3.5,12,4,12,0,0,211.8
2022-12-16 13:00:00,7.4,67.8,7.5,12,4,13,0,0,232.98
2022-12-16 14:00:00,10.2,75.7,13.0,12,4,14,0,0,153.82
2022-12-16 15:00:00,8.3,70.1,15.2,12,4,15,0,0,228.33
2022-12-16 16:00:00,10.7,82.6,12.4,12,4,16,0,0,191.33
2022-12-16 17:00:00,5.6,79.6,7.3,12,4,17,0,0,252.88
2022-12-16 18:00:00,3.4,73.7,4.6,12,4,18,0,0,247.53
2022-12-16 19:00:00,5.5,84.0,6.7,12,4,19,0,0,270.84
2022-12-16 20:00:00,4.4,77.9,2.1,12,4,20,0,0,280.73
2022-12-16 21:00:00,1.8,79.3,9.3,12,4,21,0,0,299.57
2022-12-16 22:00:00,2.1,67.3,2.6,12,4,22,0,0,267.22
2022-12-16 23:00:00,0.1,79.4,3.3,12,4,23,0,0,284.04
2022-12-17 00:00:00,0.5,82.3,9.9,12,5,0,1,0,220.48
2022-12-17 01:00:00,2.5,89.4,2.1,12,5,1,1,0,230.0
2022-12-17 02:00:00,,73.0,8.8,12,5,2,1,0,230.62
2022-12-17 03:00:00,1.1,97.7,10.1,12,5,3,1,0,227.28
2022-12-17 04:00:00,5.2,81.8,14.4,12,5,4,1,0,140.22
2022-12-17 05:00:00,-1.0,68.3,2.6,12,5,5,1,0,271.09
2022-12-17 06:00:00,9.1,68.7,2.0,12,5,6,1,0,170.41
2022-12-17 07:00:00,2.9,89.9,13.6,12,5,7,1,0,188.58
2022-12-17 08:00:00,6.3,86.8,4.7,12,5,8,1,0,187.36
2022-12-17 09:00:00,8.5,75.9,19.5,12,5,9,1,0,179.25
2022-12-17 10:00:00,9.1,76.7,3.6,12,5,10,1,0,203.03
2022-12-17 11:00:00,11.9,64.8,9.0,12,5,11,1,0,161.76
2022-12-17 12:00:00,7.9,86.6,2.9,12,5,12,1,0,189.08
2022-12-17 13:00:00,10.4,66.9,6.1,12,5,13,1,0,184.37
2022-12-17 14:00:00,8.2,82.7,19.1,12,5,14,1,0,195.24
2022-12-17 15:00:00,9.1,86.2,9.5,12,5,15,1,0,189.77
2022-12-17 16:00:00,7.4,76.7,11.4,12,5,16,1,0,161.92
2022-12-17 17:00:00,6.5,84.5,4.0,12,5,17,1,0,220.61
2022-12-17 18:00:00,3.9,92.8,22.5,12,5,18,1,0,225.44
2022-12-17 19:00:00,2.7,80.8,9.8,12,5,19,1,0,287.17
2022-12-17 20:00:00,3.1,77.1,2.9,12,5,20,1,0,264.96
2022-12-17 21:00:00,3.4,77.8,2.1,12,5,21,1,0,272.6
2022-12-17 22:00:00,-0.5,74.3,2.1,12,5,22,1,0,290.51
2022-12-17 23:00:00,-1.6,74.7,2.4,12,5,23,1,0,289.32
2022-12-18 00:00:00,1.2,82.9,21.4,12,6,0,1,0,219.97
2022-12-18 01:00:00,0.1,78.6,5.6,12,6,1,1,0,256.57
2022-12-18 02:00:00,2.3,81.5,4.8,12,6,2,1,0,225.0
2022-12-18 03:00:00,-0.3,68.3,6.3,12,6,3,1,0,227.19
2022-12-18 04:00:00,-1.1,79.8,6.2,12,6,4,1,0,239.76
2022-12-18 05:00:00,2.6,86.9,4.2,12,6,5,1,0,206.12
2022-12-18 06:00:00,3.5,69.3,2.8,12,6,6,1,0,225.04
2022-12-18 07:00:00,6.1,77.1,2.9,12,6,7,1,0,205.09
2022-12-18 08:00:00,6.2,62.0,9.3,12,6,8,1,0,207.74
2022-12-18 09:00:00,10.0,64.5,6.0,12,6,9,1,0,183.04
2022-12-18 10:00:00,8.8,82.1,20.6,12,6,10,1,0,219.96
2022-12-18 11:00:00,10.1,72.5,7.0,12,6,11,1,0,167.56
2022-12-18 12:00:00,10.3,89.4,7.6,12,6,12,1,0,197.06
2022-12-18 13:00:00,10.2,78.3,23.1,12,6,13,1,0,181.18
2022-12-18 14:00:00,9.3,79.6,7.6,12,6,14,1,0,170.23
2022-12-18 15:00:00,9.6,66.6,7.6,12,6,15,1,0,146.19
2022-12-18 16:00:00,5.9,74.0,5.6,12,6,16,1,0,205.55
2022-12-18 17:00:00,9.1,69.6,11.9,12,6,17,1,0,197.52
2022-12-18 18:00:00,4.5,69.2,6.0,12,6,18,1,0,254.89
2022-12-18 19:00:00,1.1,84.8,9.1,12,6,19,1,0,285.35
2022-12-18 20:00:00,2.9,85.5,6.7,12,6,20,1,0,254.43
2022-12-18 21:00:00,-0.2,83.3,8.0,12,6,21,1,0,300.24
2022-12-18 22:00:00,2.0,72.4,16.0,12,6,22,1,0,255.39
2022-12-18 23:00:00,4.6,80.3,6.3,12,6,23,1,0,224.5
2022-12-19 00:00:00,-1.6,65.5,4.1,12,0,0,0,0,271.75
2022-12-19 01:00:00,0.8,90.2,8.8,12,0,1,0,0,266.49
2022-12-19 02:00:00,-2.8,71.0,24.2,12,0,2,0,0,287.88
2022-12-19 03:00:00,2.4,69.8,11.5,12,0,3,0,0,263.01
2022-12-19 04:00:00,0.7,80.6,4.9,12,0,4,0,0,253.79
2022-12-19 05:00:00,2.5,80.4,28.4,12,0,5,0,0,255.03
2022-12-19 06:00:00,2.8,78.0,5.4,12,0,6,0,0,266.34
2022-12-19 07:00:00,7.8,67.2,34.7,12,0,7,0,0,196.29
2022-12-19 08:00:00,9.5,84.3,3.7,12,0,8,0,0,233.28
2022-12-19 09:00:00,8.6,62.2,50.0,12,0,9,0,0,188.17
2022-12-19 10:00:00,7.6,64.3,2.6,12,0,10,0,0,231.88
2022-12-19 11:00:00,13.0,72.6,12.0,12,0,11,0,0,189.43
2022-12-19 12:00:00,8.5,65.6,12.8,12,0,12,0,0,209.7
2022-12-19 13:00:00,5.5,87.0,11.1,12,0,13,0,0,203.32
2022-12-19 14:00:00,10.2,65.5,14.0,12,0,14,0,0,213.64
2022-12-19 15:00:00,6.3,89.3,7.1,12,0,15,0,0,218.15
2022-12-19 16:00:00,9.5,83.5,2.4,12,0,16,0,0,215.59
2022-12-19 17:00:00,5.5,87.1,5.5,12,0,17,0,0,242.88
2022-12-19 18:00:00,6.2,92.0,10.2,12,0,18,0,0,240.02
2022-12-19 19:00:00,6.5,77.4,10.3,12,0,19,0,0,229.19
2022-12-19 20:00:00,0.1,71.9,3.7,12,0,20,0,0,301.06
2022-12-19 21:00:00,0.3,79.0,4.3,12,0,21,0,0,305.66
2022-12-19 22:00:00,0.5,75.2,7.3,12,0,22,0,0,286.39
2022-12-19 23:00:00,3.2,72.7,12.4,12,0,23,0,0,236.89
2022-12-20 00:00:00,-1.3,81.9,17.3,12,1,0,0,0,270.01
2022-12-20 01:00:00,-1.0,78.0,2.7,12,1,1,0,0,284.29
2022-12-20 02:00:00,1.6,73.2,22.8,12,1,2,0,0,244.84
2022-12-20 03:00:00,0.3,77.9,23.0,12,1,3,0,0,227.04
2022-12-20 04:00:00,2.8,83.0,2.1,12,1,4,0,0,220.46
2022-12-20 05:00:00,0.6,87.3,7.6,12,1,5,0,0,264.25
2022-12-20 06:00:00,9.4,62.5,9.1,12,1,6,0,0,183.82
2022-12-20 07:00:00,3.6,75.8,8.5,12,1,7,0,0,239.7
2022-12-20 08:00:00,6.9,75.4,9.7,12,1,8,0,0,241.29
2022-12-20 09:00:00,8.5,66.3,7.6,12,1,9,0,0,225.88
2022-12-20 10:00:00,13.2,72.5,4.8,12,1,10,0,0,179.51
2022-12-20 11:00:00,7.2,77.6,2.8,12,1,11,0,0,226.26
2022-12-20 12:00:00,14.0,77.2,3.9,12,1,12,0,0,165.64
2022-12-20 13:00:00,11.3,74.9,12.8,12,1,13,0,0,186.62
2022-12-20 14:00:00,10.2,67.9,4.2,12,1,14,0,0,172.86
2022-12-20 15:00:00,6.6,92.8,16.2,12,1,15,0,0,190.97
2022-12-20 16:00:00,8.6,82.3,6.1,12,1,16,0,0,176.15
2022-12-20 17:00:00,4.8,82.0,6.3,12,1,17,0,0,272.83
2022-12-20 18:00:00,7.5,84.3,18.2,12,1,18,0,0,207.28
2022-12-20 19:00:00,1.8,81.1,3.9,12,1,19,0,0,290.3
2022-12-20 20:00:00,2.3,89.2,3.7,12,1,20,0,0,298.08
2022-12-20 21:00:00,0.4,80.3,35.8,12,1,21,0,0,295.4
2022-12-20 22:00:00,-1.3,80.7,8.2,12,1,22,0,0,324.44
2022-12-20 23:00:00,1.7,84.3,3.7,12,1,23,0,0,274.15
2022-12-21 00:00:00,1.1,92.1,3.5,12,2,0,0,0,257.07
2022-12-21 01:00:00,2.6,90.8,17.8,12,2,1,0,0,238.66
2022-12-21 02:00:00,-2.9,86.2,9.3,12,2,2,0,0,296.53
2022-12-21 03:00:00,3.6,82.3,3.0,12,2,3,0,0,223.71
2022-12-21 04:00:00,7.5,81.8,19.4,12,2,4,0,0,194.58
2022-12-21 05:00:00,2.8,86.5,6.7,12,2,5,0,0,229.5
2022-12-21 06:00:00,8.8,86.0,38.3,12,2,6,0,0,179.78
2022-12-21 07:00:00,5.8,75.2,4.6,12,2,7,0,0,208.23
2022-12-21 08:00:00,4.8,,8.0,12,2,8,0,0,245.4
2022-12-21 09:00:00,7.9,78.8,3.5,12,2,9,0,0,223.06
2022-12-21 10:00:00,11.4,79.5,6.6,12,2,10,0,0,229.25
2022-12-21 11:00:00,8.2,87.0,3.6,12,2,11,0,0,211.76
2022-12-21 12:00:00,8.8,81.6,4.9,12,2,12,0,0,211.63
2022-12-21 13:00:00,11.0,81.8,4.5,12,2,13,0,0,189.39
2022-12-21 14:00:00,9.3,72.2,4.7,12,2,14,0,0,208.97
2022-12-21 15:00:00,9.7,87.1,30.0,12,2,15,0,0,167.84
2022-12-21 16:00:00,8.0,81.6,2.3,12,2,16,0,0,213.26
2022-12-21 17:00:00,7.3,77.4,7.5,12,2,17,0,0,223.04
2022-12-21 18:00:00,4.1,86.7,9.9,12,2,18,0,0,273.93
2022-12-21 19:00:00,4.2,98.6,10.6,12,2,19,0,0,261.19
2022-12-21 20:00:00,0.6,70.3,13.2,12,2,20,0,0,283.84
2022-12-21 21:00:00,4.0,71.5,13.4,12,2,21,0,0,272.76
2022-12-21 22:00:00,-0.6,100.0,26.9,12,2,22,0,0,282.53
2022-12-21 23:00:00,2.4,82.2,13.3,12,2,23,0,0,253.9
2022-12-22 00:00:00,-0.5,81.8,15.9,12,3,0,0,0,267.58
2022-12-22 01:00:00,0.6,78.8,8.1,12,3,1,0,0,266.35
2022-12-22 02:00:00,-0.3,89.8,10.6,12,3,2,0,0,240.31
2022-12-22 03:00:00,-0.6,100.0,7.2,12,3,3,0,0,264.22
2022-12-22 04:00:00,-1.0,75.2,4.6,12,3,4,0,0,270.33
2022-12-22 05:00:00,1.6,78.4,5.0,12,3,5,0,0,236.27
2022-12-22 06:00:00,4.4,75.0,5.6,12,3,6,0,0,224.68
2022-12-22 07:00:00,6.7,82.5,5.3,12,3,7,0,0,235.75
2022-12-22 08:00:00,9.5,85.0,8.1,12,3,8,0,0,205.03
2022-12-22 09:00:00,7.7,89.1,4.3,12,3,9,0,0,231.84
2022-12-22 10:00:00,7.6,82.3,7.8,12,3,10,0,0,251.04
2022-12-22 11:00:00,7.0,96.7,21.8,12,3,11,0,0,232.87
2022-12-22 12:00:00,11.0,69.9,6.2,12,3,12,0,0,221.58
2022-12-22 13:00:00,12.6,67.0,4.0,12,3,13,0,0,160.41
2022-12-22 14:00:00,11.9,85.8,5.4,12,3,14,0,0,184.08
2022-12-22 15:00:00,10.0,76.0,18.8,12,3,15,0,0,199.34
2022-12-22 16:00:00,8.8,64.6,24.7,12,3,16,0,0,180.6
2022-12-22 17:00:00,9.7,72.6,19.4,12,3,17,0,0,194.43
2022-12-22 18:00:00,5.7,79.2,4.7,12,3,18,0,0,266.25
2022-12-22 19:00:00,5.0,72.3,5.9,12,3,19,0,0,249.59
2022-12-22 20:00:00,1.9,70.9,31.5,12,3,20,0,0,289.09
2022-12-22 21:00:00,-1.2,79.0,5.1,12,3,21,0,0,337.74
2022-12-22 22:00:00,-0.7,71.8,3.2,12,3,22,0,0,309.04
2022-12-22 23:00:00,0.2,85.0,4.7,12,3,23,0,0,290.97
2022-12-23 00:00:00,0.1,64.4,28.6,12,4,0,0,0,237.56
2022-12-23 01:00:00,4.0,78.7,6.3,12,4,1,0,0,234.88
2022-12-23 02:00:00,0.9,83.7,23.7,12,4,2,0,0,223.57
2022-12-23 03:00:00,3.8,77.4,2.9,12,4,3,0,0,225.1
2022-12-23 04:00:00,1.7,87.9,13.6,12,4,4,0,0,232.97
2022-12-23 05:00:00,3.1,67.5,2.8,12,4,5,0,0,226.36
2022-12-23 06:00:00,2.4,73.2,3.8,12,4,6,0,0,246.01
2022-12-23 07:00:00,4.8,74.9,9.7,12,4,7,0,0,240.86
2022-12-23 08:00:00,8.6,81.4,6.6,12,4,8,0,0,241.93
2022-12-23 09:00:00,8.6,77.5,10.8,12,4,9,0,0,225.83
2022-12-23 10:00:00,11.2,91.5,31.0,12,4,10,0,0,195.05
2022-12-23 11:00:00,10.2,68.4,2.4,12,4,11,0,0,193.91
2022-12-23 12:00:00,9.3,64.2,3.7,12,4,12,0,0,228.22
2022-12-23 13:00:00,14.1,87.2,10.2,12,4,13,0,0,183.95
2022-12-23 14:00:00,9.2,64.0,20.1,12,4,14,0,0,186.33
2022-12-23 15:00:00,10.9,80.0,14.8,12,4,15,0,0,186.45
2022-12-23 16:00:00,6.7,68.8,7.0,12,4,16,0,0,227.74
2022-12-23 17:00:00,7.7,59.6,12.9,12,4,17,0,0,204.16
2022-12-23 18:00:00,6.9,73.6,3.9,12,4,18,0,0,226.57
2022-12-23 19:00:00,4.1,85.1,2.1,12,4,19,0,0,254.82
2022-12-23 20:00:00,-2.2,71.3,8.8,12,4,20,0,0,322.07
2022-12-23 21:00:00,1.5,83.8,15.4,12,4,21,0,0,287.38
2022-12-23 22:00:00,3.2,84.5,6.5,12,4,22,0,0,286.26
2022-12-23 23:00:00,1.2,69.2,8.7,12,4,23,0,0,264.4
2022-12-24 00:00:00,0.9,77.7,6.4,12,5,0,1,0,238.5
2022-12-24 01:00:00,-3.2,94.2,7.8,12,5,1,1,0,298.31
2022-12-24 02:00:00,-0.7,85.6,19.3,12,5,2,1,0,243.3
2022-12-24 03:00:00,2.3,76.7,7.2,12,5,3,1,0,235.85
2022-12-24 04:00:00,3.4,81.6,2.1,12,5,4,1,0,204.02
2022-12-24 05:00:00,6.2,71.4,14.9,12,5,5,1,0,173.43
2022-12-24 06:00:00,4.8,86.5,9.7,12,5,6,1,0,197.34
2022-12-24 07:00:00,7.1,85.3,12.5,12,5,7,1,0,221.44
2022-12-24 08:00:00,7.6,77.2,20.5,12,5,8,1,0,210.54
2022-12-24 09:00:00,6.6,78.5,4.7,12,5,9,1,0,194.85
2022-12-24 10:00:00,4.9,69.6,7.6,12,5,10,1,0,262.14
2022-12-24 11:00:00,10.7,63.8,9.4,12,5,11,1,0,190.14
2022-12-24 12:00:00,10.4,71.8,5.4,12,5,12,1,0,182.7
2022-12-24 13:00:00,8.6,75.0,17.0,12,5,13,1,0,186.28
2022-12-24 14:00:00,6.1,85.4,11.6,12,5,14,1,0,182.92
2022-12-24 15:00:00,9.8,82.5,12.6,12,5,15,1,0,171.48
2022-12-24 16:00:00,7.0,78.0,15.2,12,5,16,1,0,183.1
2022-12-24 17:00:00,7.4,85.8,4.4,12,5,17,1,0,194.13
2022-12-24 18:00:00,8.8,68.1,13.0,12,5,18,1,0,206.37
2022-12-24 19:00:00,-0.5,88.9,13.9,12,5,19,1,0,288.03
2022-12-24 20:00:00,1.1,73.1,16.8,12,5,20,1,0,273.81
2022-12-24 21:00:00,1.1,89.4,7.4,12,5,21,1,0,282.7
2022-12-24 22:00:00,3.6,78.1,7.6,12,5,22,1,0,252.49
2022-12-24 23:00:00,-3.1,65.5,2.8,12,5,23,1,0,317.29
2022-12-25 00:00:00,3.9,83.9,17.3,12,6,0,1,1,171.85
2022-12-25 01:00:00,0.5,86.2,8.1,12,6,1,1,1,199.54
2022-12-25 02:00:00,0.5,76.1,9.2,12,6,2,1,1,224.27
2022-12-25 03:00:00,1.1,76.5,3.0,12,6,3,1,1,151.68
2022-12-25 04:00:00,1.7,77.9,9.4,12,6,4,1,1,197.51
2022-12-25 05:00:00,5.9,61.7,2.3,12,6,5,1,1,149.45
2022-12-25 06:00:00,2.9,59.6,22.5,12,6,6,1,1,183.72
2022-12-25 07:00:00,7.0,86.9,17.9,12,6,7,1,1,160.65
2022-12-25 08:00:00,6.8,70.0,3.7,12,6,8,1,1,193.49
2022-12-25 09:00:00,7.1,91.3,9.2,12,6,9,1,1,191.04
2022-12-25 10:00:00,14.6,83.7,9.4,12,6,10,1,1,122.88
2022-12-25 11:00:00,10.7,87.2,15.0,12,6,11,1,1,134.88
2022-12-25 12:00:00,11.3,69.2,13.3,12,6,12,1,1,137.76
2022-12-25 13:00:00,12.2,61.0,42.0,12,6,13,1,1,120.44
2022-12-25 14:00:00,6.5,68.0,5.5,12,6,14,1,1,181.48
2022-12-25 15:00:00,12.1,70.4,3.1,12,6,15,1,1,117.11
2022-12-25 16:00:00,2.5,59.7,8.8,12,6,16,1,1,160.73
2022-12-25 17:00:00,4.8,73.8,13.6,12,6,17,1,1,188.69
2022-12-25 18:00:00,4.1,76.3,4.7,12,6,18,1,1,205.17
2022-12-25 19:00:00,4.9,67.2,4.2,12,6,19,1,1,208.37
2022-12-25 20:00:00,3.0,70.2,15.0,12,6,20,1,1,207.31
2022-12-25 21:00:00,1.2,77.6,13.2,12,6,21,1,1,258.12
2022-12-25 22:00:00,0.7,82.5,3.8,12,6,22,1,1,228.2
2022-12-25 23:00:00,-1.7,73.7,18.3,12,6,23,1,1,251.3
2022-12-26 00:00:00,-2.9,83.8,3.2,12,0,0,0,0,311.3
2022-12-26 01:00:00,1.7,80.2,2.9,12,0,1,0,0,256.65
2022-12-26 02:00:00,2.1,79.3,5.5,12,0,2,0,0,225.82
2022-12-26 03:00:00,4.7,72.4,19.4,12,0,3,0,0,187.89
2022-12-26 04:00:00,1.0,68.8,11.5,12,0,4,0,0,255.55
2022-12-26 05:00:00,5.2,91.0,6.0,12,0,5,0,0,227.51
2022-12-26 06:00:00,4.5,82.8,3.4,12,0,6,0,0,237.14
2022-12-26 07:00:00,8.8,83.7,12.0,12,0,7,0,0,221.83
2022-12-26 08:00:00,9.6,74.5,9.3,12,0,8,0,0,213.39
2022-12-26 09:00:00,9.0,74.2,37.2,12,0,9,0,0,201.32
2022-12-26 10:00:00,8.7,79.6,13.6,12,0,10,0,0,233.76
2022-12-26 11:00:00,11.8,59.4,2.9,12,0,11,0,0,210.43
2022-12-26 12:00:00,11.4,65.4,12.4,12,0,12,0,0,201.94
2022-12-26 13:00:00,8.5,69.3,4.4,12,0,13,0,0,195.44
2022-12-26 14:00:00,6.8,73.0,28.1,12,0,14,0,0,190.7
2022-12-26 15:00:00,8.0,68.9,2.2,12,0,15,0,0,219.57
2022-12-26 16:00:00,10.6,77.4,4.2,12,0,16,0,0,192.03
2022-12-26 17:00:00,8.7,76.3,7.5,12,0,17,0,0,182.43
2022-12-26 18:00:00,2.9,89.7,2.7,12,0,18,0,0,255.85
2022-12-26 19:00:00,1.5,99.1,5.4,12,0,19,0,0,283.06
2022-12-26 20:00:00,5.1,67.3,7.5,12,0,20,0,0,278.56
2022-12-26 21:00:00,-0.7,81.5,6.7,12,0,21,0,0,319.72
2022-12-26 22:00:00,1.8,80.3,6.9,12,0,22,0,0,282.67
2022-12-26 23:00:00,-1.0,80.4,18.9,12,0,23,0,0,289.31
2022-12-27 00:00:00,3.4,69.6,7.6,12,1,0,0,0,216.65
2022-12-27 01:00:00,-1.3,73.3,24.6,12,1,1,0,0,279.12
2022-12-27 02:00:00,3.1,80.4,3.3,12,1,2,0,0,239.18
2022-12-27 03:00:00,2.0,71.5,4.6,12,1,3,0,0,224.11
2022-12-27 04:00:00,3.1,79.7,10.5,12,1,4,0,0,246.46
2022-12-27 05:00:00,-0.1,78.1,4.7,12,1,5,0,0,278.76
2022-12-27 06:00:00,0.7,80.8,5.4,12,1,6,0,0,254.59
2022-12-27 07:00:00,6.0,69.4,20.5,12,1,7,0,0,212.53
2022-12-27 08:00:00,8.1,77.2,8.2,12,1,8,0,0,214.1
2022-12-27 09:00:00,6.4,69.8,5.3,12,1,9,0,0,245.06
2022-12-27 10:00:00,7.3,77.7,14.0,12,1,10,0,0,214.07
2022-12-27 11:00:00,11.1,85.2,2.6,12,1,11,0,0,205.03
2022-12-27 12:00:00,11.2,76.5,8.6,12,1,12,0,0,212.68
2022-12-27 13:00:00,9.7,77.7,2.8,12,1,13,0,0,180.93
2022-12-27 14:00:00,11.0,81.0,3.6,12,1,14,0,0,189.28
2022-12-27 15:00:00,6.3,65.6,2.5,12,1,15,0,0,199.7
2022-12-27 16:00:00,6.9,90.3,20.6,12,1,16,0,0,228.22
2022-12-27 17:00:00,9.7,66.7,2.4,12,1,17,0,0,209.8
2022-12-27 18:00:00,5.3,84.4,7.8,12,1,18,0,0,228.79
2022-12-27 19:00:00,4.1,83.9,4.0,12,1,19,0,0,258.15
2022-12-27 20:00:00,7.2,69.2,5.9,12,1,20,0,0,247.57
2022-12-27 21:00:00,-1.2,88.7,7.4,12,1,21,0,0,293.34
2022-12-27 22:00:00,2.4,82.8,6.8,12,1,22,0,0,260.45
2022-12-27 23:00:00,3.6,93.3,13.0,12,1,23,0,0,241.61
2022-12-28 00:00:00,-0.5,81.8,21.4,12,2,0,0,0,288.15
2022-12-28 01:00:00,2.0,78.1,4.9,12,2,1,0,0,234.82
2022-12-28 02:00:00,-1.1,76.5,2.2,12,2,2,0,0,282.99
2022-12-28 03:00:00,0.2,65.9,20.0,12,2,3,0,0,236.13
2022-12-28 04:00:00,3.4,75.7,32.8,12,2,4,0,0,221.46
2022-12-28 05:00:00,5.5,75.1,6.5,12,2,5,0,0,188.59
2022-12-28 06:00:00,7.4,78.4,6.9,12,2,6,0,0,195.15
2022-12-28 07:00:00,9.6,63.8,3.2,12,2,7,0,0,196.45
2022-12-28 08:00:00,7.5,74.3,7.2,12,2,8,0,0,226.15
2022-12-28 09:00:00,11.1,79.1,4.9,12,2,9,0,0,217.23
2022-12-28 10:00:00,8.8,81.0,43.5,12,2,10,0,0,214.01
2022-12-28 11:00:00,11.8,59.2,3.6,12,2,11,0,0,211.1
2022-12-28 12:00:00,10.6,80.4,5.8,12,2,12,0,0,206.93
2022-12-28 13:00:00,10.9,72.6,9.7,12,2,13,0,0,195.34
2022-12-28 14:00:00,10.3,73.4,5.4,12,2,14,0,0,177.68
2022-12-28 15:00:00,5.5,58.3,7.1,12,2,15,0,0,195.99
2022-12-28 16:00:00,5.4,89.2,31.0,12,2,16,0,0,204.1
2022-12-28 17:00:00,6.7,78.1,7.7,12,2,17,0,0,201.24
2022-12-28 18:00:00,1.8,66.9,21.3,12,2,18,0,0,274.3
2022-12-28 19:00:00,5.5,80.2,2.4,12,2,19,0,0,275.19
2022-12-28 20:00:00,4.4,80.6,3.0,12,2,20,0,0,260.93
2022-12-28 21:00:00,2.3,88.6,25.1,12,2,21,0,0,296.77
2022-12-28 22:00:00,-1.4,78.2,3.1,12,2,22,0,0,325.1
2022-12-28 23:00:00,3.1,78.6,12.7,12,2,23,0,0,246.39
2022-12-29 00:00:00,4.3,72.7,6.7,12,3,0,0,0,220.36
2022-12-29 01:00:00,0.7,84.5,6.2,12,3,1,0,0,275.76
2022-12-29 02:00:00,1.9,72.8,10.6,12,3,2,0,0,200.23
2022-12-29 03:00:00,2.1,71.8,12.4,12,3,3,0,0,246.51
2022-12-29 04:00:00,3.8,77.6,23.5,12,3,4,0,0,225.91
2022-12-29 05:00:00,3.7,68.4,4.4,12,3,5,0,0,217.79
2022-12-29 06:00:00,5.1,90.3,11.6,12,3,6,0,0,223.69
2022-12-29 07:00:00,8.3,91.3,5.4,12,3,7,0,0,238.09
2022-12-29 08:00:00,12.4,70.2,12.1,12,3,8,0,0,170.8
2022-12-29 09:00:00,5.9,65.9,3.2,12,3,9,0,0,241.29
2022-12-29 10:00:00,9.3,78.0,6.9,12,3,10,0,0,234.87
2022-12-29 11:00:00,7.7,72.3,3.6,12,3,11,0,0,235.92
2022-12-29 12:00:00,13.4,82.7,5.3,12,3,12,0,0,194.76
2022-12-29 13:00:00,8.8,69.3,12.1,12,3,13,0,0,230.1
2022-12-29 14:00:00,6.6,81.0,4.1,12,3,14,0,0,204.16
2022-12-29 15:00:00,10.0,75.9,11.2,12,3,15,0,0,175.27
2022-12-29 16:00:00,11.2,69.0,7.5,12,3,16,0,0,149.29
2022-12-29 17:00:00,7.8,78.0,2.8,12,3,17,0,0,204.22
2022-12-29 18:00:00,5.6,84.2,5.9,12,3,18,0,0,238.85
2022-12-29 19:00:00,4.7,78.3,18.3,12,3,19,0,0,264.17
2022-12-29 20:00:00,5.5,78.0,38.3,12,3,20,0,0,261.56
2022-12-29 21:00:00,-0.1,73.1,5.7,12,3,21,0,0,296.96
2022-12-29 22:00:00,0.6,88.8,2.5,12,3,22,0,0,296.65
2022-12-29 23:00:00,-0.5,88.6,3.1,12,3,23,0,0,321.03
2022-12-30 00:00:00,-2.1,77.8,14.4,12,4,0,0,0,287.05
2022-12-30 01:00:00,-0.3,79.1,10.5,12,4,1,0,0,272.93
2022-12-30 02:00:00,3.1,89.8,4.7,12,4,2,0,0,247.89
2022-12-30 03:00:00,2.8,69.5,6.0,12,4,3,0,0,210.85
2022-12-30 04:00:00,4.0,82.8,15.3,12,4,4,0,0,198.67
2022-12-30 05:00:00,4.2,73.4,6.3,12,4,5,0,0,246.32
2022-12-30 06:00:00,6.3,91.1,13.3,12,4,6,0,0,223.73
2022-12-30 07:00:00,4.9,78.0,4.8,12,4,7,0,0,216.02
2022-12-30 08:00:00,7.1,86.5,12.3,12,4,8,0,0,211.66
2022-12-30 09:00:00,9.2,69.3,7.0,12,4,9,0,0,216.8
2022-12-30 10:00:00,10.1,65.0,8.3,12,4,10,0,0,236.49
2022-12-30 11:00:00,10.7,72.8,9.3,12,4,11,0,0,225.28
2022-12-30 12:00:00,10.0,77.1,6.8,12,4,12,0,0,225.22
2022-12-30 13:00:00,9.3,71.3,7.0,12,4,13,0,0,196.42
2022-12-30 14:00:00,15.9,78.1,4.5,12,4,14,0,0,169.96
2022-12-30 15:00:00,10.6,73.0,36.0,12,4,15,0,0,162.59
2022-12-30 16:00:00,8.6,59.1,20.9,12,4,16,0,0,186.95
2022-12-30 17:00:00,6.1,81.4,8.0,12,4,17,0,0,215.15
2022-12-30 18:00:00,4.3,70.8,2.3,12,4,18,0,0,244.34
2022-12-30 19:00:00,3.7,75.3,3.5,12,4,19,0,0,264.18
2022-12-30 20:00:00,3.3,90.8,17.4,12,4,20,0,0,278.61
2022-12-30 21:00:00,-2.1,95.2,23.4,12,4,21,0,0,338.25
2022-12-30 22:00:00,-2.2,76.5,3.4,12,4,22,0,0,352.35
2022-12-30 23:00:00,-0.9,85.1,12.6,12,4,23,0,0,292.48
2022-12-31 00:00:00,0.7,75.2,9.8,12,5,0,1,1,213.47
2022-12-31 01:00:00,-0.0,77.7,4.9,12,5,1,1,1,207.36
2022-12-31 02:00:00,3.9,73.2,6.6,12,5,2,1,1,177.32
2022-12-31 03:00:00,-1.2,66.8,11.0,12,5,3,1,1,190.55
2022-12-31 04:00:00,1.3,80.1,2.9,12,5,4,1,1,184.61
2022-12-31 05:00:00,7.0,78.8,3.7,12,5,5,1,1,156.98
2022-12-31 06:00:00,5.5,71.9,2.3,12,5,6,1,1,174.42
2022-12-31 07:00:00,8.3,84.5,20.6,12,5,7,1,1,157.71
2022-12-31 08:00:00,11.9,70.6,8.8,12,5,8,1,1,160.8
2022-12-31 09:00:00,7.4,71.2,7.9,12,5,9,1,1,150.72
2022-12-31 10:00:00,9.4,79.5,11.8,12,5,10,1,1,148.71
2022-12-31 11:00:00,9.6,62.9,37.6,12,5,11,1,1,153.6
2022-12-31 12:00:00,6.4,84.1,3.5,12,5,12,1,1,194.94
2022-12-31 13:00:00,9.5,72.0,3.1,12,5,13,1,1,158.82
2022-12-31 14:00:00,11.4,82.2,4.8,12,5,14,1,1,175.64
2022-12-31 15:00:00,9.9,85.4,20.7,12,5,15,1,1,121.19
2022-12-31 16:00:00,9.0,80.6,6.2,12,5,16,1,1,154.48
2022-12-31 17:00:00,5.8,70.6,14.6,12,5,17,1,1,171.28
2022-12-31 18:00:00,4.0,68.0,3.8,12,5,18,1,1,213.37
2022-12-31 19:00:00,6.5,65.3,7.4,12,5,19,1,1,196.67
2022-12-31 20:00:00,1.8,87.9,3.1,12,5,20,1,1,239.22
2022-12-31 21:00:00,2.3,77.8,6.3,12,5,21,1,1,238.01
2022-12-31 22:00:00,1.3,74.6,4.4,12,5,22,1,1,233.03
2022-12-31 23:00:00,3.4,77.3,8.4,12,5,23,1,1,200.63
2023-01-01 00:00:00,,87.5,14.1,1,6,0,1,1,206.97
2023-01-01 01:00:00,-2.1,87.3,24.3,1,6,1,1,1,264.17
2023-01-01 02:00:00,-1.4,84.2,4.7,1,6,2,1,1,193.15
2023-01-01 03:00:00,3.0,83.6,12.9,1,6,3,1,1,188.73
2023-01-01 04:00:00,2.7,80.1,19.3,1,6,4,1,1,179.76
2023-01-01 05:00:00,3.1,80.9,3.1,1,6,5,1,1,169.82
2023-01-01 06:00:00,7.4,78.1,9.1,1,6,6,1,1,144.58
2023-01-01 07:00:00,7.0,76.5,9.6,1,6,7,1,1,174.67
2023-01-01 08:00:00,7.9,82.1,4.5,1,6,8,1,1,169.86
2023-01-01 09:00:00,10.4,77.7,2.2,1,6,9,1,1,161.21
2023-01-01 10:00:00,8.9,68.5,4.4,1,6,10,1,1,160.84
2023-01-01 11:00:00,13.3,77.6,9.0,1,6,11,1,1,132.77
2023-01-01 12:00:00,8.8,77.6,3.7,1,6,12,1,1,148.98
2023-01-01 13:00:00,11.5,79.2,4.7,1,6,13,1,1,131.26
2023-01-01 14:00:00,12.5,72.9,11.8,1,6,14,1,1,120.94
2023-01-01 15:00:00,6.1,83.4,6.1,1,6,15,1,1,173.49
2023-01-01 16:00:00,7.1,75.9,2.5,1,6,16,1,1,150.07
2023-01-01 17:00:00,8.9,81.3,6.1,1,6,17,1,1,168.58
2023-01-01 18:00:00,7.6,72.5,50.0,1,6,18,1,1,138.91
2023-01-01 19:00:00,3.7,75.1,4.4,1,6,19,1,1,230.91
2023-01-01 20:00:00,1.4,84.1,4.5,1,6,20,1,1,236.49
2023-01-01 21:00:00,3.7,75.5,3.5,1,6,21,1,1,250.1
2023-01-01 22:00:00,3.4,96.0,4.5,1,6,22,1,1,227.28
2023-01-01 23:00:00,-1.8,85.4,8.8,1,6,23,1,1,268.74
2023-01-02 00:00:00,-2.0,81.2,28.7,1,0,0,0,0,280.16
2023-01-02 01:00:00,1.0,86.1,9.5,1,0,1,0,0,263.2
2023-01-02 02:00:00,2.3,75.0,6.2,1,0,2,0,0,214.82
2023-01-02 03:00:00,1.3,86.8,5.9,1,0,3,0,0,231.07
2023-01-02 04:00:00,4.2,85.0,2.2,1,0,4,0,0,216.28
2023-01-02 05:00:00,2.7,88.7,2.0,1,0,5,0,0,265.93
2023-01-02 06:00:00,1.2,75.9,14.8,1,0,6,0,0,271.64
2023-01-02 07:00:00,5.8,67.3,7.4,1,0,7,0,0,190.31
2023-01-02 08:00:00,8.0,71.1,2.3,1,0,8,0,0,206.62
2023-01-02 09:00:00,8.4,73.6,4.7,1,0,9,0,0,226.1
2023-01-02 10:00:00,7.4,89.6,5.5,1,0,10,0,0,261.21
2023-01-02 11:00:00,6.6,94.3,14.2,1,0,11,0,0,245.69
2023-01-02 12:00:00,9.4,78.1,6.6,1,0,12,0,0,175.23
2023-01-02 13:00:00,12.0,74.1,14.5,1,0,13,0,0,167.16
2023-01-02 14:00:00,12.2,71.1,10.0,1,0,14,0,0,190.47
2023-01-02 15:00:00,11.3,80.9,2.3,1,0,15,0,0,192.91
2023-01-02 16:00:00,6.3,94.4,29.7,1,0,16,0,0,218.19
2023-01-02 17:00:00,4.4,92.1,3.6,1,0,17,0,0,268.22
2023-01-02 18:00:00,6.4,85.9,4.6,1,0,18,0,0,238.55
2023-01-02 19:00:00,5.4,86.3,15.3,1,0,19,0,0,268.23
2023-01-02 20:00:00,3.7,84.8,3.7,1,0,20,0,0,307.05
2023-01-02 21:00:00,-2.2,80.7,6.1,1,0,21,0,0,340.94
2023-01-02 22:00:00,-0.7,74.4,18.0,1,0,22,0,0,287.71
2023-01-02 23:00:00,0.5,79.6,10.1,1,0,23,0,0,275.98
2023-01-03 00:00:00,1.4,82.7,4.9,1,1,0,0,0,243.17
2023-01-03 01:00:00,2.2,67.3,10.3,1,1,1,0,0,202.78
2023-01-03 02:00:00,1.4,78.1,15.4,1,1,2,0,0,227.24
2023-01-03 03:00:00,2.6,72.1,6.1,1,1,3,0,0,237.49
2023-01-03 04:00:00,3.1,86.6,8.8,1,1,4,0,0,228.52
2023-01-03 05:00:00,5.5,72.8,37.3,1,1,5,0,0,215.6
2023-01-03 06:00:00,6.1,79.6,28.7,1,1,6,0,0,207.65
2023-01-03 07:00:00,6.9,71.0,7.7,1,1,7,0,0,229.92
2023-01-03 08:00:00,7.4,89.1,2.8,1,1,8,0,0,204.44
2023-01-03 09:00:00,9.1,61.8,11.6,1,1,9,0,0,208.69
2023-01-03 10:00:00,10.7,78.4,4.5,1,1,10,0,0,213.85
2023-01-03 11:00:00,10.8,64.4,10.9,1,1,11,0,0,194.26
2023-01-03 12:00:00,11.2,70.3,5.5,1,1,12,0,0,223.56
2023-01-03 13:00:00,13.0,75.2,12.1,1,1,13,0,0,152.77
2023-01-03 14:00:00,10.3,76.9,5.7,1,1,14,0,0,192.2
2023-01-03 15:00:00,7.7,78.0,24.7,1,1,15,0,0,217.34
2023-01-03 16:00:00,9.7,76.4,3.2,1,1,16,0,0,211.24
2023-01-03 17:00:00,4.0,72.9,2.6,1,1,17,0,0,243.83
2023-01-03 18:00:00,3.3,77.0,14.2,1,1,18,0,0,249.36
2023-01-03 19:00:00,4.8,77.8,6.1,1,1,19,0,0,280.7
2023-01-03 20:00:00,4.0,79.6,7.0,1,1,20,0,0,268.71
2023-01-03 21:00:00,-0.6,79.8,23.7,1,1,21,0,0,297.34
2023-01-03 22:00:00,0.4,85.7,9.1,1,1,22,0,0,312.54
2023-01-03 23:00:00,-0.6,81.0,10.6,1,1,23,0,0,299.2
2023-01-04 00:00:00,-0.5,81.8,2.2,1,2,0,0,0,272.81
2023-01-04 01:00:00,2.6,75.7,10.9,1,2,1,0,0,239.37
2023-01-04 02:00:00,2.6,70.3,5.9,1,2,2,0,0,236.28
2023-01-04 03:00:00,1.9,80.3,6.9,1,2,3,0,0,235.47
2023-01-04 04:00:00,1.9,88.7,15.2,1,2,4,0,0,239.78
2023-01-04 05:00:00,1.5,82.8,7.9,1,2,5,0,0,217.47
2023-01-04 06:00:00,8.4,69.3,36.7,1,2,6,0,0,179.99
2023-01-04 07:00:00,8.0,82.5,14.7,1,2,7,0,0,198.88
2023-01-04 08:00:00,6.6,74.0,12.4,1,2,8,0,0,215.6
2023-01-04 09:00:00,10.5,80.5,9.1,1,2,9,0,0,203.7
2023-01-04 10:00:00,9.7,72.2,6.3,1,2,10,0,0,213.84
2023-01-04 11:00:00,9.8,77.9,2.4,1,2,11,0,0,216.58
2023-01-04 12:00:00,11.4,70.2,2.1,1,2,12,0,0,203.85
2023-01-04 13:00:00,8.9,71.6,2.4,1,2,13,0,0,197.28
2023-01-04 14:00:00,9.2,62.9,27.5,1,2,14,0,0,193.62
2023-01-04 15:00:00,9.3,79.5,5.1,1,2,15,0,0,210.76
2023-01-04 16:00:00,7.0,79.5,11.6,1,2,16,0,0,225.78
2023-01-04 17:00:00,8.1,79.3,9.2,1,2,17,0,0,229.25
2023-01-04 18:00:00,9.3,77.6,8.8,1,2,18,0,0,210.26
2023-01-04 19:00:00,2.7,72.5,8.9,1,2,19,0,0,276.56
2023-01-04 20:00:00,-0.3,87.9,4.9,1,2,20,0,0,327.13
2023-01-04 21:00:00,-2.0,89.0,19.4,1,2,21,0,0,325.21
2023-01-04 22:00:00,0.9,73.3,22.1,1,2,22,0,0,264.28
2023-01-04 23:00:00,-0.6,84.6,10.3,1,2,23,0,0,288.85
2023-01-05 00:00:00,1.0,86.5,18.0,1,3,0,0,0,280.26
2023-01-05 01:00:00,1.0,75.7,2.5,1,3,1,0,0,243.25
2023-01-05 02:00:00,-2.0,78.6,2.8,1,3,2,0,0,271.06
2023-01-05 03:00:00,-1.6,85.1,8.6,1,3,3,0,0,267.14
2023-01-05 04:00:00,3.7,66.1,17.0,1,3,4,0,0,221.32
2023-01-05 05:00:00,4.6,69.0,5.0,1,3,5,0,0,223.64
2023-01-05 06:00:00,4.7,69.7,8.4,1,3,6,0,0,234.45
2023-01-05 07:00:00,3.6,63.8,2.1,1,3,7,0,0,283.12
2023-01-05 08:00:00,9.0,84.2,36.5,1,3,8,0,0,213.71
2023-01-05 09:00:00,,58.3,13.7,1,3,9,0,0,212.11
2023-01-05 10:00:00,10.5,77.5,5.6,1,3,10,0,0,261.55
2023-01-05 11:00:00,8.7,82.1,34.6,1,3,11,0,0,220.26
2023-01-05 12:00:00,10.7,72.3,2.8,1,3,12,0,0,199.72
2023-01-05 13:00:00,7.7,70.8,7.0,1,3,13,0,0,209.29
2023-01-05 14:00:00,12.0,75.8,2.5,1,3,14,0,0,201.72
2023-01-05 15:00:00,9.3,75.4,5.3,1,3,15,0,0,179.71
2023-01-05 16:00:00,4.5,85.8,4.0,1,3,16,0,0,211.44
2023-01-05 17:00:00,6.3,55.8,5.0,1,3,17,0,0,211.78
2023-01-05 18:00:00,6.5,69.4,25.6,1,3,18,0,0,239.59
2023-01-05 19:00:00,3.6,82.7,6.5,1,3,19,0,0,285.2
2023-01-05 20:00:00,2.5,79.1,5.1,1,3,20,0,0,288.53
2023-01-05 21:00:00,-0.4,86.2,10.2,1,3,21,0,0,332.56
2023-01-05 22:00:00,2.4,80.9,11.2,1,3,22,0,0,283.23
2023-01-05 23:00:00,-0.5,79.2,35.0,1,3,23,0,0,286.47
2023-01-06 00:00:00,-3.7,79.4,8.3,1,4,0,0,0,312.47
2023-01-06 01:00:00,0.1,98.6,13.2,1,4,1,0,0,279.37
2023-01-06 02:00:00,3.3,90.6,5.9,1,4,2,0,0,240.48
2023-01-06 03:00:00,1.3,83.3,3.5,1,4,3,0,0,240.84
2023-01-06 04:00:00,6.6,77.3,6.5,1,4,4,0,0,208.87
2023-01-06 05:00:00,5.2,81.7,6.3,1,4,5,0,0,206.11
2023-01-06 06:00:00,6.3,83.4,6.4,1,4,6,0,0,219.3
2023-01-06 07:00:00,6.7,80.0,11.5,1,4,7,0,0,224.85
2023-01-06 08:00:00,8.0,70.0,6.2,1,4,8,0,0,214.06
2023-01-06 09:00:00,8.7,89.9,26.7,1,4,9,0,0,221.37
2023-01-06 10:00:00,9.4,77.3,34.5,1,4,10,0,0,219.82
2023-01-06 11:00:00,11.5,90.3,7.9,1,4,11,0,0,195.68
2023-01-06 12:00:00,8.8,77.1,8.5,1,4,12,0,0,218.49
2023-01-06 13:00:00,8.3,73.9,6.2,1,4,13,0,0,243.8
2023-01-06 14:00:00,7.7,87.2,5.5,1,4,14,0,0,201.35
2023-01-06 15:00:00,13.3,75.8,35.8,1,4,15,0,0,177.36
2023-01-06 16:00:00,9.2,76.5,2.3,1,4,16,0,0,201.93
2023-01-06 17:00:00,7.6,66.6,6.2,1,4,17,0,0,234.8
2023-01-06 18:00:00,3.5,83.5,3.3,1,4,18,0,0,257.0
2023-01-06 19:00:00,5.6,73.2,12.4,1,4,19,0,0,253.35
2023-01-06 20:00:00,2.9,75.0,3.7,1,4,20,0,0,319.76
2023-01-06 21:00:00,2.5,74.8,19.3,1,4,21,0,0,275.09
2023-01-06 22:00:00,-0.6,83.8,5.8,1,4,22,0,0,319.03
2023-01-06 23:00:00,1.1,67.1,21.9,1,4,23,0,0,274.79
2023-01-07 00:00:00,-0.1,78.4,36.5,1,5,0,1,0,200.6
2023-01-07 01:00:00,-0.6,88.2,13.8,1,5,1,1,0,252.1
2023-01-07 02:00:00,2.9,68.6,9.8,1,5,2,1,0,180.94
2023-01-07 03:00:00,-0.9,81.8,3.3,1,5,3,1,0,253.29
2023-01-07 04:00:00,4.4,72.8,23.6,1,5,4,1,0,182.22
2023-01-07 05:00:00,5.8,73.9,14.0,1,5,5,1,0,163.16
2023-01-07 06:00:00,4.0,91.3,4.7,1,5,6,1,0,195.95
2023-01-07 07:00:00,5.4,64.1,7.1,1,5,7,1,0,200.64
2023-01-07 08:00:00,7.8,82.2,2.6,1,5,8,1,0,238.42
2023-01-07 09:00:00,9.8,71.3,10.6,1,5,9,1,0,213.68
2023-01-07 10:00:00,9.8,70.9,3.1,1,5,10,1,0,202.55
2023-01-07 11:00:00,11.4,65.4,10.4,1,5,11,1,0,186.53
2023-01-07 12:00:00,14.3,78.9,10.9,1,5,12,1,0,170.43
2023-01-07 13:00:00,9.5,73.7,5.1,1,5,13,1,0,170.11
2023-01-07 14:00:00,6.6,74.1,25.8,1,5,14,1,0,172.51
2023-01-07 15:00:00,10.9,75.4,14.1,1,5,15,1,0,172.11
2023-01-07 16:00:00,11.6,72.8,7.5,1,5,16,1,0,151.86
2023-01-07 17:00:00,7.8,60.1,22.1,1,5,17,1,0,201.97
2023-01-07 18:00:00,3.6,74.3,17.5,1,5,18,1,0,212.53
2023-01-07 19:00:00,4.2,85.1,11.4,1,5,19,1,0,230.86
2023-01-07 20:00:00,1.0,67.4,3.3,1,5,20,1,0,300.09
2023-01-07 21:00:00,3.5,69.5,7.5,1,5,21,1,0,243.82
2023-01-07 22:00:00,-1.3,77.2,18.0,1,5,22,1,0,282.31
2023-01-07 23:00:00,0.3,74.0,9.5,1,5,23,1,0,267.8
2023-01-08 00:00:00,-1.2,80.4,8.3,1,6,0,1,0,275.32
2023-01-08 01:00:00,1.2,70.6,26.8,1,6,1,1,0,222.53
2023-01-08 02:00:00,0.8,76.5,2.1,1,6,2,1,0,231.41
2023-01-08 03:00:00,2.6,78.3,2.1,1,6,3,1,0,218.28
2023-01-08 04:00:00,3.4,83.5,19.9,1,6,4,1,0,200.8
2023-01-08 05:00:00,2.5,88.7,2.3,1,6,5,1,0,235.5
2023-01-08 06:00:00,7.1,74.4,5.2,1,6,6,1,0,225.84
2023-01-08 07:00:00,7.0,91.6,22.6,1,6,7,1,0,196.94
2023-01-08 08:00:00,6.3,75.4,11.4,1,6,8,1,0,192.64
2023-01-08 09:00:00,13.8,79.7,10.4,1,6,9,1,0,187.24
2023-01-08 10:00:00,11.1,89.9,10.6,1,6,10,1,0,189.16
2023-01-08 11:00:00,10.3,75.9,5.1,1,6,11,1,0,195.78
2023-01-08 12:00:00,13.6,62.2,8.0,1,6,12,1,0,165.79
2023-01-08 13:00:00,14.3,73.6,10.0,1,6,13,1,0,142.9
2023-01-08 14:00:00,9.9,70.2,4.9,1,6,14,1,0,164.41
2023-01-08 15:00:00,10.0,72.8,14.7,1,6,15,1,0,128.66
2023-01-08 16:00:00,6.3,92.7,5.1,1,6,16,1,0,200.79
2023-01-08 17:00:00,6.8,66.8,2.6,1,6,17,1,0,207.85
2023-01-08 18:00:00,5.4,79.7,3.8,1,6,18,1,0,225.24
2023-01-08 19:00:00,4.9,70.5,6.2,1,6,19,1,0,229.63
2023-01-08 20:00:00,4.0,75.5,21.1,1,6,20,1,0,248.94
2023-01-08 21:00:00,3.4,84.3,6.3,1,6,21,1,0,239.78
2023-01-08 22:00:00,2.0,81.6,2.8,1,6,22,1,0,241.87
2023-01-08 23:00:00,-1.4,78.9,3.7,1,6,23,1,0,289.97
2023-01-09 00:00:00,-1.0,75.3,8.3,1,0,0,0,0,287.62
2023-01-09 01:00:00,-0.0,82.5,3.6,1,0,1,0,0,274.74
2023-01-09 02:00:00,1.0,93.2,2.5,1,0,2,0,0,249.71
2023-01-09 03:00:00,4.5,70.6,12.0,1,0,3,0,0,223.46
2023-01-09 04:00:00,1.1,94.8,14.3,1,0,4,0,0,231.57
2023-01-09 05:00:00,3.9,87.6,17.2,1,0,5,0,0,219.39
2023-01-09 06:00:00,7.8,87.1,16.9,1,0,6,0,0,211.82
2023-01-09 07:00:00,6.6,79.2,5.8,1,0,7,0,0,235.09
2023-01-09 08:00:00,9.3,84.7,12.6,1,0,8,0,0,200.02
2023-01-09 09:00:00,9.2,67.4,9.0,1,0,9,0,0,250.32
2023-01-09 10:00:00,,69.3,2.2,1,0,10,0,0,214.35
2023-01-09 11:00:00,10.3,81.0,6.1,1,0,11,0,0,218.4
2023-01-09 12:00:00,12.2,76.2,2.4,1,0,12,0,0,213.37
2023-01-09 13:00:00,7.6,75.0,2.7,1,0,13,0,0,240.8
2023-01-09 14:00:00,9.5,55.2,2.5,1,0,14,0,0,194.79
2023-01-09 15:00:00,10.0,71.5,27.9,1,0,15,0,0,198.97
2023-01-09 16:00:00,9.5,65.9,16.9,1,0,16,0,0,184.48
2023-01-09 17:00:00,10.2,78.9,6.6,1,0,17,0,0,228.34
2023-01-09 18:00:00,5.1,75.9,4.3,1,0,18,0,0,251.72
2023-01-09 19:00:00,7.6,71.2,2.6,1,0,19,0,0,247.15
2023-01-09 20:00:00,2.1,100.0,6.5,1,0,20,0,0,295.7
2023-01-09 21:00:00,5.0,85.8,9.3,1,0,21,0,0,266.66
2023-01-09 22:00:00,3.2,86.8,14.8,1,0,22,0,0,255.27
2023-01-09 23:00:00,,98.0,2.4,1,0,23,0,0,304.68
2023-01-10 00:00:00,1.6,85.6,6.3,1,1,0,0,0,255.26
2023-01-10 01:00:00,1.1,73.3,32.1,1,1,1,0,0,222.58
2023-01-10 02:00:00,2.9,71.4,3.0,1,1,2,0,0,219.78
2023-01-10 03:00:00,2.0,86.7,6.1,1,1,3,0,0,206.44
2023-01-10 04:00:00,2.9,62.1,4.6,1,1,4,0,0,206.83
2023-01-10 05:00:00,7.4,75.7,3.2,1,1,5,0,0,198.12
2023-01-10 06:00:00,5.8,59.7,16.6,1,1,6,0,0,222.23
2023-01-10 07:00:00,8.9,76.3,11.6,1,1,7,0,0,196.44
2023-01-10 08:00:00,8.0,82.8,6.2,1,1,8,0,0,222.29
2023-01-10 09:00:00,12.9,75.8,5.7,1,1,9,0,0,219.46
2023-01-10 10:00:00,9.0,83.0,16.1,1,1,10,0,0,236.8
2023-01-10 11:00:00,9.6,90.9,2.8,1,1,11,0,0,238.13
2023-01-10 12:00:00,14.0,71.8,3.3,1,1,12,0,0,190.75
2023-01-10 13:00:00,9.9,97.5,21.0,1,1,13,0,0,192.65
2023-01-10 14:00:00,13.5,74.9,15.6,1,1,14,0,0,178.08
2023-01-10 15:00:00,11.3,81.9,13.9,1,1,15,0,0,203.49
2023-01-10 16:00:00,8.2,71.0,9.8,1,1,16,0,0,231.98
2023-01-10 17:00:00,3.7,91.1,4.8,1,1,17,0,0,293.18
2023-01-10 18:00:00,6.0,85.4,23.8,1,1,18,0,0,260.27
2023-01-10 19:00:00,4.9,89.3,7.4,1,1,19,0,0,267.13
2023-01-10 20:00:00,5.8,77.5,4.6,1,1,20,0,0,243.3
2023-01-10 21:00:00,5.6,67.1,5.6,1,1,21,0,0,263.61
2023-01-10 22:00:00,,83.5,2.1,1,1,22,0,0,317.51
2023-01-10 23:00:00,2.8,65.0,4.4,1,1,23,0,0,219.51
2023-01-11 00:00:00,2.6,76.0,3.7,1,2,0,0,0,221.21
2023-01-11 01:00:00,3.4,79.8,3.2,1,2,1,0,0,224.84
2023-01-11 02:00:00,2.8,97.6,2.3,1,2,2,0,0,226.59
2023-01-11 03:00:00,-1.3,83.2,4.1,1,2,3,0,0,249.98
2023-01-11 04:00:00,3.3,79.5,2.9,1,2,4,0,0,233.44
2023-01-11 05:00:00,2.5,78.3,2.4,1,2,5,0,0,260.34
2023-01-11 06:00:00,5.7,66.4,3.2,1,2,6,0,0,214.65
2023-01-11 07:00:00,9.3,76.0,3.8,1,2,7,0,0,178.09
2023-01-11 08:00:00,9.2,76.2,6.3,1,2,8,0,0,216.11
2023-01-11 09:00:00,11.9,66.3,9.0,1,2,9,0,0,185.39
2023-01-11 10:00:00,11.1,65.0,5.1,1,2,10,0,0,196.46
2023-01-11 11:00:00,8.3,72.0,3.2,1,2,11,0,0,242.64
2023-01-11 12:00:00,6.0,77.5,24.6,1,2,12,0,0,245.82
2023-01-11 13:00:00,11.2,70.7,7.8,1,2,13,0,0,186.9
2023-01-11 14:00:00,10.0,66.6,12.8,1,2,14,0,0,200.1
2023-01-11 15:00:00,7.7,78.5,11.5,1,2,15,0,0,191.11
2023-01-11 16:00:00,5.2,81.7,4.7,1,2,16,0,0,241.54
2023-01-11 17:00:00,5.9,78.0,8.6,1,2,17,0,0,226.13
2023-01-11 18:00:00,5.7,72.6,9.4,1,2,18,0,0,222.93
2023-01-11 19:00:00,6.1,81.7,5.5,1,2,19,0,0,241.48
2023-01-11 20:00:00,4.0,76.5,10.9,1,2,20,0,0,279.98
2023-01-11 21:00:00,5.8,67.6,14.5,1,2,21,0,0,226.99
2023-01-11 22:00:00,-0.3,88.4,5.6,1,2,22,0,0,303.24
2023-01-11 23:00:00,3.0,81.3,2.1,1,2,23,0,0,277.41
2023-01-12 00:00:00,1.3,78.4,5.4,1,3,0,0,0,249.25
2023-01-12 01:00:00,2.7,66.1,3.0,1,3,1,0,0,210.76
2023-01-12 02:00:00,1.0,73.5,3.4,1,3,2,0,0,244.03
2023-01-12 03:00:00,4.8,93.8,5.6,1,3,3,0,0,224.55
2023-01-12 04:00:00,4.3,65.8,3.9,1,3,4,0,0,194.56
2023-01-12 05:00:00,3.5,76.2,23.9,1,3,5,0,0,238.2
2023-01-12 06:00:00,6.2,76.8,10.5,1,3,6,0,0,224.54
2023-01-12 07:00:00,7.0,79.1,7.8,1,3,7,0,0,223.33
2023-01-12 08:00:00,9.7,63.2,2.1,1,3,8,0,0,216.94
2023-01-12 09:00:00,7.4,77.7,2.9,1,3,9,0,0,238.61
2023-01-12 10:00:00,10.5,61.3,14.4,1,3,10,0,0,214.45
2023-01-12 11:00:00,11.8,74.9,6.0,1,3,11,0,0,208.01
2023-01-12 12:00:00,11.3,69.2,2.4,1,3,12,0,0,214.9
2023-01-12 13:00:00,13.7,66.2,16.0,1,3,13,0,0,193.29
2023-01-12 14:00:00,12.1,80.6,4.9,1,3,14,0,0,173.63
2023-01-12 15:00:00,9.7,73.3,5.9,1,3,15,0,0,184.36
2023-01-12 16:00:00,9.1,79.2,31.3,1,3,16,0,0,184.47
2023-01-12 17:00:00,8.1,80.0,2.1,1,3,17,0,0,210.37
2023-01-12 18:00:00,7.0,86.7,12.2,1,3,18,0,0,252.48
2023-01-12 19:00:00,1.2,69.7,25.8,1,3,19,0,0,263.57
2023-01-12 20:00:00,3.1,85.8,2.5,1,3,20,0,0,297.09
2023-01-12 21:00:00,-0.3,80.3,18.1,1,3,21,0,0,330.68
2023-01-12 22:00:00,4.4,74.8,6.3,1,3,22,0,0,247.19
2023-01-12 23:00:00,1.2,70.2,18.8,1,3,23,0,0,289.51
2023-01-13 00:00:00,0.9,84.4,4.9,1,4,0,0,0,280.0
2023-01-13 01:00:00,3.3,71.0,34.4,1,4,1,0,0,209.58
2023-01-13 02:00:00,2.8,82.7,10.3,1,4,2,0,0,241.43
2023-01-13 03:00:00,0.5,95.2,9.9,1,4,3,0,0,241.89
2023-01-13 04:00:00,3.6,86.0,15.1,1,4,4,0,0,203.62
2023-01-13 05:00:00,4.3,89.0,6.6,1,4,5,0,0,218.74
2023-01-13 06:00:00,2.8,,4.4,1,4,6,0,0,264.65
2023-01-13 07:00:00,6.2,83.0,4.4,1,4,7,0,0,220.24
2023-01-13 08:00:00,8.4,66.6,5.2,1,4,8,0,0,216.42
2023-01-13 09:00:00,9.6,73.3,9.7,1,4,9,0,0,201.82
2023-01-13 10:00:00,7.7,90.1,16.6,1,4,10,0,0,248.15
2023-01-13 11:00:00,13.4,68.4,7.5,1,4,11,0,0,209.1
2023-01-13 12:00:00,11.1,83.3,6.1,1,4,12,0,0,194.37
2023-01-13 13:00:00,11.2,82.5,14.6,1,4,13,0,0,156.71
2023-01-13 14:00:00,11.4,82.9,4.7,1,4,14,0,0,184.56
2023-01-13 15:00:00,8.2,65.7,11.3,1,4,15,0,0,206.05
2023-01-13 16:00:00,9.7,79.4,2.9,1,4,16,0,0,200.72
2023-01-13 17:00:00,6.8,75.3,3.0,1,4,17,0,0,227.77
2023-01-13 18:00:00,4.5,86.5,10.3,1,4,18,0,0,261.93
2023-01-13 19:00:00,6.1,63.7,2.7,1,4,19,0,0,243.28
2023-01-13 20:00:00,6.8,79.6,3.3,1,4,20,0,0,236.34
2023-01-13 21:00:00,4.2,79.7,9.8,1,4,21,0,0,279.57
2023-01-13 22:00:00,3.8,62.2,6.6,1,4,22,0,0,244.11
2023-01-13 23:00:00,0.4,72.7,8.6,1,4,23,0,0,263.93
2023-01-14 00:00:00,-1.8,66.3,32.2,1,5,0,1,0,256.42
2023-01-14 01:00:00,4.5,71.9,10.0,1,5,1,1,0,174.03
2023-01-14 02:00:00,6.2,81.3,9.1,1,5,2,1,0,162.52
2023-01-14 03:00:00,5.9,78.6,5.8,1,5,3,1,0,198.88
2023-01-14 04:00:00,3.2,79.7,10.0,1,5,4,1,0,223.59
2023-01-14 05:00:00,2.8,70.3,2.1,1,5,5,1,0,229.33
2023-01-14 06:00:00,4.3,86.8,8.5,1,5,6,1,0,219.39
2023-01-14 07:00:00,4.3,77.7,2.6,1,5,7,1,0,234.53
2023-01-14 08:00:00,8.7,75.9,4.0,1,5,8,1,0,221.9
2023-01-14 09:00:00,13.1,81.0,8.6,1,5,9,1,0,192.26
2023-01-14 10:00:00,10.4,66.8,10.8,1,5,10,1,0,191.77
2023-01-14 11:00:00,11.8,75.9,5.9,1,5,11,1,0,195.26
2023-01-14 12:00:00,14.1,76.3,6.3,1,5,12,1,0,156.38
2023-01-14 13:00:00,10.4,70.4,7.5,1,5,13,1,0,172.94
2023-01-14 14:00:00,14.8,77.8,13.4,1,5,14,1,0,146.99
2023-01-14 15:00:00,13.9,76.9,2.1,1,5,15,1,0,149.33
2023-01-14 16:00:00,8.6,74.9,6.7,1,5,16,1,0,174.79
2023-01-14 17:00:00,6.5,75.7,2.1,1,5,17,1,0,223.82
2023-01-14 18:00:00,7.8,80.3,5.1,1,5,18,1,0,192.01
2023-01-14 19:00:00,4.4,84.1,7.9,1,5,19,1,0,246.2
2023-01-14 20:00:00,1.6,79.7,2.7,1,5,20,1,0,257.47
2023-01-14 21:00:00,5.4,86.3,7.3,1,5,21,1,0,206.11
2023-01-14 22:00:00,4.5,83.0,22.7,1,5,22,1,0,242.34
2023-01-14 23:00:00,1.9,64.8,11.3,1,5,23,1,0,257.32
2023-01-15 00:00:00,-1.0,69.3,14.2,1,6,0,1,0,242.39
2023-01-15 01:00:00,-0.8,89.8,8.9,1,6,1,1,0,250.88
2023-01-15 02:00:00,2.4,76.8,20.1,1,6,2,1,0,197.14
2023-01-15 03:00:00,2.0,80.3,3.3,1,6,3,1,0,208.5
2023-01-15 04:00:00,3.3,87.5,6.8,1,6,4,1,0,195.41
2023-01-15 05:00:00,7.3,76.3,9.3,1,6,5,1,0,178.7
2023-01-15 06:00:00,8.0,76.3,18.5,1,6,6,1,0,164.67
2023-01-15 07:00:00,10.6,67.8,4.9,1,6,7,1,0,173.86
2023-01-15 08:00:00,7.0,79.4,2.0,1,6,8,1,0,231.23
2023-01-15 09:00:00,9.4,80.0,31.3,1,6,9,1,0,190.41
2023-01-15 10:00:00,12.4,69.2,2.2,1,6,10,1,0,184.75
2023-01-15 11:00:00,12.2,66.5,3.3,1,6,11,1,0,170.05
2023-01-15 12:00:00,14.6,93.7,6.4,1,6,12,1,0,166.72
2023-01-15 13:00:00,12.2,73.2,7.5,1,6,13,1,0,137.1
2023-01-15 14:00:00,14.5,67.3,16.4,1,6,14,1,0,163.53
2023-01-15 15:00:00,11.1,80.1,6.8,1,6,15,1,0,148.94
2023-01-15 16:00:00,11.1,74.0,8.3,1,6,16,1,0,134.54
2023-01-15 17:00:00,7.2,67.7,3.8,1,6,17,1,0,195.02
2023-01-15 18:00:00,6.5,80.6,8.7,1,6,18,1,0,219.19
2023-01-15 19:00:00,7.0,69.7,5.4,1,6,19,1,0,239.35
2023-01-15 20:00:00,7.2,89.0,2.8,1,6,20,1,0,233.48
2023-01-15 21:00:00,4.4,81.7,25.4,1,6,21,1,0,248.18
2023-01-15 22:00:00,2.0,76.8,2.7,1,6,22,1,0,269.81
2023-01-15 23:00:00,4.4,78.7,11.1,1,6,23,1,0,230.7
2023-01-16 00:00:00,-2.8,88.6,21.1,1,0,0,0,0,280.84
2023-01-16 01:00:00,-1.1,82.0,3.6,1,0,1,0,0,286.22
2023-01-16 02:00:00,3.7,95.2,4.2,1,0,2,0,0,207.2
2023-01-16 03:00:00,3.1,87.5,6.5,1,0,3,0,0,257.2
2023-01-16 04:00:00,5.3,81.2,4.8,1,0,4,0,0,219.58
2023-01-16 05:00:00,5.5,69.8,13.4,1,0,5,0,0,197.49
2023-01-16 06:00:00,7.8,74.9,5.3,1,0,6,0,0,208.72
2023-01-16 07:00:00,6.3,80.7,36.1,1,0,7,0,0,194.79
2023-01-16 08:00:00,10.3,68.3,17.7,1,0,8,0,0,175.1
2023-01-16 09:00:00,12.1,84.3,20.1,1,0,9,0,0,213.94
2023-01-16 10:00:00,13.4,65.5,2.5,1,0,10,0,0,187.16
2023-01-16 11:00:00,15.5,67.2,3.6,1,0,11,0,0,187.77
2023-01-16 12:00:00,12.1,69.4,3.5,1,0,12,0,0,199.84
2023-01-16 13:00:00,12.0,80.0,10.9,1,0,13,0,0,185.63
2023-01-16 14:00:00,7.9,69.6,2.1,1,0,14,0,0,193.59
2023-01-16 15:00:00,9.1,61.1,15.1,1,0,15,0,0,191.38
2023-01-16 16:00:00,8.7,84.3,8.3,1,0,16,0,0,208.1
2023-01-16 17:00:00,10.0,71.4,8.7,1,0,17,0,0,214.12
2023-01-16 18:00:00,5.4,68.8,8.2,1,0,18,0,0,281.39
2023-01-16 19:00:00,6.9,70.5,8.1,1,0,19,0,0,214.6
2023-01-16 20:00:00,4.1,91.7,3.8,1,0,20,0,0,268.59
2023-01-16 21:00:00,2.7,73.4,4.7,1,0,21,0,0,286.16
2023-01-16 22:00:00,2.8,77.6,7.3,1,0,22,0,0,286.31
2023-01-16 23:00:00,1.0,75.9,11.1,1,0,23,0,0,280.59
2023-01-17 00:00:00,0.9,69.7,4.5,1,1,0,0,0,275.5
2023-01-17 01:00:00,-1.5,74.8,15.1,1,1,1,0,0,253.62
2023-01-17 02:00:00,1.9,68.6,15.3,1,1,2,0,0,226.4
2023-01-17 03:00:00,2.2,86.5,4.6,1,1,3,0,0,258.25
2023-01-17 04:00:00,3.2,79.2,8.6,1,1,4,0,0,212.55
2023-01-17 05:00:00,6.3,96.7,5.4,1,1,5,0,0,168.79
2023-01-17 06:00:00,8.1,70.3,3.7,1,1,6,0,0,188.17
2023-01-17 07:00:00,8.5,68.9,15.1,1,1,7,0,0,207.28
2023-01-17 08:00:00,11.2,86.7,40.1,1,1,8,0,0,186.19
2023-01-17 09:00:00,11.4,82.8,8.7,1,1,9,0,0,190.42
2023-01-17 10:00:00,10.5,77.8,21.6,1,1,10,0,0,199.86
2023-01-17 11:00:00,10.6,65.8,10.2,1,1,11,0,0,188.38
2023-01-17 12:00:00,12.4,87.8,8.7,1,1,12,0,0,180.22
2023-01-17 13:00:00,12.7,73.1,7.2,1,1,13,0,0,171.49
2023-01-17 14:00:00,13.9,69.6,4.2,1,1,14,0,0,176.44
2023-01-17 15:00:00,12.7,82.8,2.7,1,1,15,0,0,147.57
2023-01-17 16:00:00,8.2,75.7,6.7,1,1,16,0,0,228.53
2023-01-17 17:00:00,7.8,66.8,8.6,1,1,17,0,0,212.44
2023-01-17 18:00:00,8.1,76.3,7.7,1,1,18,0,0,210.14
2023-01-17 19:00:00,7.6,70.0,11.5,1,1,19,0,0,222.91
2023-01-17 20:00:00,6.1,52.9,3.7,1,1,20,0,0,242.55
2023-01-17 21:00:00,3.1,71.4,5.5,1,1,21,0,0,278.6
2023-01-17 22:00:00,-0.1,75.8,6.3,1,1,22,0,0,303.22
2023-01-17 23:00:00,-0.1,70.8,3.7,1,1,23,0,0,286.47
2023-01-18 00:00:00,2.4,83.4,21.0,1,2,0,0,0,227.69
2023-01-18 01:00:00,2.7,72.4,11.2,1,2,1,0,0,231.82
2023-01-18 02:00:00,0.3,83.7,2.8,1,2,2,0,0,227.32
2023-01-18 03:00:00,3.4,68.4,12.0,1,2,3,0,0,197.72
2023-01-18 04:00:00,5.6,84.5,8.3,1,2,4,0,0,195.75
2023-01-18 05:00:00,3.3,68.2,7.9,1,2,5,0,0,208.28
2023-01-18 06:00:00,9.1,56.7,38.7,1,2,6,0,0,168.76
2023-01-18 07:00:00,7.4,86.2,9.7,1,2,7,0,0,196.26
2023-01-18 08:00:00,11.9,67.2,20.2,1,2,8,0,0,213.71
2023-01-18 09:00:00,9.3,89.4,21.6,1,2,9,0,0,195.54
2023-01-18 10:00:00,9.1,79.9,2.9,1,2,10,0,0,251.54
2023-01-18 11:00:00,10.8,80.9,2.1,1,2,11,0,0,186.14
2023-01-18 12:00:00,11.7,82.5,6.6,1,2,12,0,0,231.43
2023-01-18 13:00:00,10.9,75.4,13.7,1,2,13,0,0,200.08
2023-01-18 14:00:00,10.8,75.6,15.9,1,2,14,0,0,197.69
2023-01-18 15:00:00,11.1,84.7,14.4,1,2,15,0,0,165.71
2023-01-18 16:00:00,9.0,76.4,6.7,1,2,16,0,0,197.57
2023-01-18 17:00:00,8.0,70.2,13.1,1,2,17,0,0,207.53
2023-01-18 18:00:00,3.4,83.0,12.1,1,2,18,0,0,262.66
2023-01-18 19:00:00,6.4,59.9,5.0,1,2,19,0,0,266.08
2023-01-18 20:00:00,4.2,88.5,3.5,1,2,20,0,0,289.53
2023-01-18 21:00:00,6.5,87.5,9.8,1,2,21,0,0,248.87
2023-01-18 22:00:00,0.7,89.3,11.0,1,2,22,0,0,309.43
2023-01-18 23:00:00,-1.6,90.1,8.7,1,2,23,0,0,327.46
2023-01-19 00:00:00,3.2,77.7,3.9,1,3,0,0,0,229.47
2023-01-19 01:00:00,2.9,77.7,4.6,1,3,1,0,0,226.6
2023-01-19 02:00:00,0.6,69.8,11.9,1,3,2,0,0,278.86
2023-01-19 03:00:00,0.4,93.8,28.3,1,3,3,0,0,242.17
2023-01-19 04:00:00,7.6,72.3,25.2,1,3,4,0,0,169.26
2023-01-19 05:00:00,8.5,78.5,7.9,1,3,5,0,0,186.89
2023-01-19 06:00:00,2.0,81.0,19.4,1,3,6,0,0,263.15
2023-01-19 07:00:00,7.4,65.6,2.2,1,3,7,0,0,224.91
2023-01-19 08:00:00,12.8,59.6,17.8,1,3,8,0,0,180.51
2023-01-19 09:00:00,9.6,75.3,7.2,1,3,9,0,0,228.03
2023-01-19 10:00:00,10.3,71.2,14.2,1,3,10,0,0,216.99
2023-01-19 11:00:00,11.3,73.7,2.0,1,3,11,0,0,209.29
2023-01-19 12:00:00,9.7,83.7,18.2,1,3,12,0,0,202.22
2023-01-19 13:00:00,8.4,77.6,9.2,1,3,13,0,0,211.9
2023-01-19 14:00:00,13.4,79.4,4.2,1,3,14,0,0,173.36
2023-01-19 15:00:00,6.8,80.1,5.4,1,3,15,0,0,217.94
2023-01-19 16:00:00,10.0,72.5,3.8,1,3,16,0,0,195.96
2023-01-19 17:00:00,10.1,67.0,6.4,1,3,17,0,0,178.84
2023-01-19 18:00:00,4.1,80.1,5.2,1,3,18,0,0,252.98
2023-01-19 19:00:00,3.8,78.7,8.1,1,3,19,0,0,268.39
2023-01-19 20:00:00,6.9,83.9,15.5,1,3,20,0,0,277.2
2023-01-19 21:00:00,4.5,76.5,34.3,1,3,21,0,0,250.13
2023-01-19 22:00:00,1.4,76.9,4.3,1,3,22,0,0,290.12
2023-01-19 23:00:00,4.6,75.9,2.9,1,3,23,0,0,277.58
2023-01-20 00:00:00,4.5,70.4,6.0,1,4,0,0,0,199.21
2023-01-20 01:00:00,2.8,90.2,3.2,1,4,1,0,0,217.18
2023-01-20 02:00:00,1.0,88.6,16.4,1,4,2,0,0,234.46
2023-01-20 03:00:00,2.8,68.9,7.6,1,4,3,0,0,219.55
2023-01-20 04:00:00,5.2,83.8,9.7,1,4,4,0,0,205.12
2023-01-20 05:00:00,,62.5,3.3,1,4,5,0,0,202.12
2023-01-20 06:00:00,9.0,83.4,13.1,1,4,6,0,0,174.81
2023-01-20 07:00:00,5.4,71.8,31.1,1,4,7,0,0,231.91
2023-01-20 08:00:00,6.6,79.6,7.3,1,4,8,0,0,224.8
2023-01-20 09:00:00,11.0,59.1,28.3,1,4,9,0,0,212.77
2023-01-20 10:00:00,10.5,65.2,2.3,1,4,10,0,0,201.37
2023-01-20 11:00:00,10.7,78.4,2.3,1,4,11,0,0,245.2
2023-01-20 12:00:00,8.6,70.1,27.8,1,4,12,0,0,180.38
2023-01-20 13:00:00,12.0,67.3,11.6,1,4,13,0,0,184.04
2023-01-20 14:00:00,11.3,85.5,3.7,1,4,14,0,0,176.73
2023-01-20 15:00:00,12.0,91.7,5.6,1,4,15,0,0,188.51
2023-01-20 16:00:00,9.8,82.6,7.7,1,4,16,0,0,184.48
2023-01-20 17:00:00,8.1,67.2,11.7,1,4,17,0,0,178.15
2023-01-20 18:00:00,9.5,89.4,16.8,1,4,18,0,0,205.23
2023-01-20 19:00:00,3.2,65.9,2.7,1,4,19,0,0,301.03
2023-01-20 20:00:00,5.7,74.7,10.6,1,4,20,0,0,243.63
2023-01-20 21:00:00,0.2,80.3,7.2,1,4,21,0,0,316.8
2023-01-20 22:00:00,1.1,94.8,9.3,1,4,22,0,0,292.24
2023-01-20 23:00:00,-0.1,87.4,7.7,1,4,23,0,0,286.04
2023-01-21 00:00:00,3.8,,6.8,1,5,0,1,0,235.73
2023-01-21 01:00:00,2.3,71.3,3.8,1,5,1,1,0,209.72
2023-01-21 02:00:00,2.9,86.6,7.1,1,5,2,1,0,208.56
2023-01-21 03:00:00,1.5,75.0,3.7,1,5,3,1,0,217.03
2023-01-21 04:00:00,4.2,79.7,2.4,1,5,4,1,0,218.65
2023-01-21 05:00:00,4.4,66.8,5.7,1,5,5,1,0,171.05
2023-01-21 06:00:00,8.0,80.5,2.2,1,5,6,1,0,213.15
2023-01-21 07:00:00,6.6,80.6,8.6,1,5,7,1,0,219.27
2023-01-21 08:00:00,12.4,63.9,2.6,1,5,8,1,0,174.12
2023-01-21 09:00:00,7.4,84.5,6.6,1,5,9,1,0,220.6
2023-01-21 10:00:00,10.0,79.5,33.4,1,5,10,1,0,179.88
2023-01-21 11:00:00,15.4,78.2,2.1,1,5,11,1,0,171.91
2023-01-21 12:00:00,11.4,71.3,5.7,1,5,12,1,0,181.25
2023-01-21 13:00:00,9.5,76.7,10.9,1,5,13,1,0,163.09
2023-01-21 14:00:00,12.0,74.5,3.4,1,5,14,1,0,182.85
2023-01-21 15:00:00,9.8,73.9,8.6,1,5,15,1,0,171.3
2023-01-21 16:00:00,8.1,77.3,4.4,1,5,16,1,0,187.31
2023-01-21 17:00:00,6.4,86.9,4.0,1,5,17,1,0,195.3
2023-01-21 18:00:00,12.8,82.2,20.0,1,5,18,1,0,187.67
2023-01-21 19:00:00,5.5,67.8,3.8,1,5,19,1,0,231.48
2023-01-21 20:00:00,0.9,87.4,5.8,1,5,20,1,0,276.75
2023-01-21 21:00:00,6.7,86.2,3.5,1,5,21,1,0,211.61
2023-01-21 22:00:00,4.1,76.7,4.7,1,5,22,1,0,232.22
2023-01-21 23:00:00,0.9,83.6,4.8,1,5,23,1,0,239.55
2023-01-22 00:00:00,0.5,83.7,5.2,1,6,0,1,0,246.52
2023-01-22 01:00:00,3.9,71.2,10.2,1,6,1,1,0,207.59
2023-01-22 02:00:00,2.6,75.7,12.9,1,6,2,1,0,197.15
2023-01-22 03:00:00,0.0,86.0,7.7,1,6,3,1,0,236.51
2023-01-22 04:00:00,8.5,71.8,9.5,1,6,4,1,0,173.55
2023-01-22 05:00:00,5.2,85.2,15.4,1,6,5,1,0,184.76
2023-01-22 06:00:00,10.4,85.2,50.0,1,6,6,1,0,140.31
2023-01-22 07:00:00,11.2,83.5,6.9,1,6,7,1,0,167.67
2023-01-22 08:00:00,7.9,91.9,24.0,1,6,8,1,0,186.04
2023-01-22 09:00:00,13.0,72.8,7.4,1,6,9,1,0,169.4
2023-01-22 10:00:00,10.4,76.2,14.2,1,6,10,1,0,177.73
2023-01-22 11:00:00,8.5,78.3,8.8,1,6,11,1,0,207.65
2023-01-22 12:00:00,11.5,73.7,19.2,1,6,12,1,0,166.99
2023-01-22 13:00:00,13.0,77.8,6.8,1,6,13,1,0,168.96
2023-01-22 14:00:00,10.8,,11.5,1,6,14,1,0,173.73
2023-01-22 15:00:00,10.3,76.5,7.0,1,6,15,1,0,150.9
2023-01-22 16:00:00,12.2,62.9,17.6,1,6,16,1,0,137.4
2023-01-22 17:00:00,8.9,67.9,43.4,1,6,17,1,0,174.98
2023-01-22 18:00:00,5.7,83.0,4.2,1,6,18,1,0,219.63
2023-01-22 19:00:00,7.5,74.7,7.1,1,6,19,1,0,217.89
2023-01-22 20:00:00,5.3,82.9,2.7,1,6,20,1,0,244.63
2023-01-22 21:00:00,,78.8,3.2,1,6,21,1,0,287.54
2023-01-22 22:00:00,3.9,86.9,23.2,1,6,22,1,0,238.08
2023-01-22 23:00:00,3.3,76.4,8.3,1,6,23,1,0,232.51
2023-01-23 00:00:00,2.6,63.1,6.0,1,0,0,0,0,223.65
2023-01-23 01:00:00,4.5,79.6,10.9,1,0,1,0,0,215.49
2023-01-23 02:00:00,1.9,61.7,8.6,1,0,2,0,0,231.39
2023-01-23 03:00:00,4.7,66.0,4.7,1,0,3,0,0,218.81
2023-01-23 04:00:00,1.9,72.0,4.1,1,0,4,0,0,255.87
2023-01-23 05:00:00,7.1,68.4,9.1,1,0,5,0,0,195.87
2023-01-23 06:00:00,11.4,69.9,3.7,1,0,6,0,0,154.38
2023-01-23 07:00:00,6.8,68.2,3.2,1,0,7,0,0,229.28
2023-01-23 08:00:00,,64.5,5.1,1,0,8,0,0,247.58
2023-01-23 09:00:00,9.6,87.5,17.8,1,0,9,0,0,227.51
2023-01-23 10:00:00,12.1,68.5,2.3,1,0,10,0,0,204.66
2023-01-23 11:00:00,10.2,57.0,16.3,1,0,11,0,0,211.03
2023-01-23 12:00:00,13.4,70.4,9.8,1,0,12,0,0,200.06
2023-01-23 13:00:00,14.1,,2.3,1,0,13,0,0,180.33
2023-01-23 14:00:00,12.9,66.5,9.4,1,0,14,0,0,195.04
2023-01-23 15:00:00,7.5,81.9,6.4,1,0,15,0,0,194.78
2023-01-23 16:00:00,12.0,70.4,16.7,1,0,16,0,0,172.33
2023-01-23 17:00:00,10.7,65.4,21.0,1,0,17,0,0,195.97
2023-01-23 18:00:00,9.2,79.0,4.7,1,0,18,0,0,232.09
2023-01-23 19:00:00,7.0,85.7,14.3,1,0,19,0,0,237.04
2023-01-23 20:00:00,5.5,81.6,5.0,1,0,20,0,0,258.48
2023-01-23 21:00:00,6.1,57.3,4.8,1,0,21,0,0,238.61
2023-01-23 22:00:00,7.0,67.6,3.7,1,0,22,0,0,222.38
2023-01-23 23:00:00,0.8,80.0,11.1,1,0,23,0,0,286.62
2023-01-24 00:00:00,4.8,75.6,4.4,1,1,0,0,0,222.09
2023-01-24 01:00:00,2.7,76.0,7.0,1,1,1,0,0,255.0
2023-01-24 02:00:00,,70.6,15.4,1,1,2,0,0,203.86
2023-01-24 03:00:00,1.1,68.2,14.6,1,1,3,0,0,235.42
2023-01-24 04:00:00,4.6,93.8,17.5,1,1,4,0,0,223.73
2023-01-24 05:00:00,4.4,78.0,3.4,1,1,5,0,0,228.59
2023-01-24 06:00:00,6.8,81.8,9.1,1,1,6,0,0,194.23
2023-01-24 07:00:00,6.8,76.7,21.7,1,1,7,0,0,229.41
2023-01-24 08:00:00,,75.7,2.3,1,1,8,0,0,215.75
2023-01-24 09:00:00,10.4,74.3,14.7,1,1,9,0,0,238.6
2023-01-24 10:00:00,12.2,64.9,4.3,1,1,10,0,0,204.33
2023-01-24 11:00:00,9.3,63.2,10.9,1,1,11,0,0,232.85
2023-01-24 12:00:00,9.8,78.2,12.1,1,1,12,0,0,202.53
2023-01-24 13:00:00,13.2,74.9,22.8,1,1,13,0,0,171.58
2023-01-24 14:00:00,10.4,82.3,7.7,1,1,14,0,0,201.33
2023-01-24 15:00:00,13.4,79.2,17.1,1,1,15,0,0,146.41
2023-01-24 16:00:00,10.6,68.2,2.4,1,1,16,0,0,162.07
2023-01-24 17:00:00,10.2,84.0,6.4,1,1,17,0,0,194.8
2023-01-24 18:00:00,10.5,80.9,6.6,1,1,18,0,0,193.79
2023-01-24 19:00:00,5.8,82.6,8.2,1,1,19,0,0,223.07
2023-01-24 20:00:00,4.0,96.0,7.3,1,1,20,0,0,292.05
2023-01-24 21:00:00,5.9,93.4,29.5,1,1,21,0,0,236.61
2023-01-24 22:00:00,4.4,83.3,2.7,1,1,22,0,0,255.51
2023-01-24 23:00:00,2.5,83.3,4.5,1,1,23,0,0,268.15
2023-01-25 00:00:00,5.6,85.8,29.7,1,2,0,0,0,214.14
2023-01-25 01:00:00,2.6,74.0,6.7,1,2,1,0,0,240.32
2023-01-25 02:00:00,3.6,73.7,8.8,1,2,2,0,0,223.09
2023-01-25 03:00:00,4.3,83.2,2.7,1,2,3,0,0,223.76
2023-01-25 04:00:00,3.5,71.4,4.7,1,2,4,0,0,215.23
2023-01-25 05:00:00,6.7,81.4,2.3,1,2,5,0,0,195.37
2023-01-25 06:00:00,10.6,75.9,3.2,1,2,6,0,0,151.38
2023-01-25 07:00:00,10.0,68.1,10.0,1,2,7,0,0,202.97
2023-01-25 08:00:00,10.4,75.0,13.5,1,2,8,0,0,191.47
2023-01-25 09:00:00,11.0,84.9,18.3,1,2,9,0,0,237.35
2023-01-25 10:00:00,12.8,74.2,4.3,1,2,10,0,0,217.21
2023-01-25 11:00:00,14.2,73.6,5.2,1,2,11,0,0,210.57
2023-01-25 12:00:00,14.0,75.6,8.7,1,2,12,0,0,197.93
2023-01-25 13:00:00,12.0,77.7,2.7,1,2,13,0,0,199.78
2023-01-25 14:00:00,12.8,70.9,15.1,1,2,14,0,0,181.48
2023-01-25 15:00:00,12.3,76.6,7.3,1,2,15,0,0,189.38
2023-01-25 16:00:00,8.3,67.5,28.9,1,2,16,0,0,195.98
2023-01-25 17:00:00,9.5,68.9,3.0,1,2,17,0,0,197.3
2023-01-25 18:00:00,3.5,72.9,3.1,1,2,18,0,0,247.41
2023-01-25 19:00:00,7.5,80.0,5.4,1,2,19,0,0,250.51
2023-01-25 20:00:00,6.6,78.0,3.9,1,2,20,0,0,274.76
2023-01-25 21:00:00,5.8,76.0,11.5,1,2,21,0,0,251.18
2023-01-25 22:00:00,2.7,84.2,25.5,1,2,22,0,0,267.11
2023-01-25 23:00:00,3.6,81.2,2.8,1,2,23,0,0,235.71
2023-01-26 00:00:00,5.8,74.8,4.2,1,3,0,0,1,177.41
2023-01-26 01:00:00,6.0,68.7,4.2,1,3,1,0,1,157.15
2023-01-26 02:00:00,3.6,71.6,7.7,1,3,2,0,1,172.34
2023-01-26 03:00:00,4.7,65.9,6.8,1,3,3,0,1,177.54
2023-01-26 04:00:00,7.7,77.3,12.4,1,3,4,0,1,154.92
2023-01-26 05:00:00,3.7,71.3,12.6,1,3,5,0,1,204.97
2023-01-26 06:00:00,7.3,72.4,8.8,1,3,6,0,1,185.15
2023-01-26 07:00:00,11.9,73.0,9.2,1,3,7,0,1,141.53
2023-01-26 08:00:00,12.4,82.1,16.8,1,3,8,0,1,132.43
2023-01-26 09:00:00,12.3,81.3,6.0,1,3,9,0,1,162.14
2023-01-26 10:00:00,9.3,74.9,2.1,1,3,10,0,1,186.06
2023-01-26 11:00:00,12.7,83.8,3.9,1,3,11,0,1,184.5
2023-01-26 12:00:00,11.8,58.0,2.3,1,3,12,0,1,174.66
2023-01-26 13:00:00,13.5,88.3,6.0,1,3,13,0,1,155.8
2023-01-26 14:00:00,10.7,80.2,5.5,1,3,14,0,1,173.87
2023-01-26 15:00:00,9.5,76.1,2.8,1,3,15,0,1,207.21
2023-01-26 16:00:00,6.3,69.7,13.3,1,3,16,0,1,184.48
2023-01-26 17:00:00,11.7,70.6,8.4,1,3,17,0,1,157.96
2023-01-26 18:00:00,7.2,81.3,4.0,1,3,18,0,1,193.93
2023-01-26 19:00:00,7.0,81.6,13.4,1,3,19,0,1,219.11
2023-01-26 20:00:00,5.5,82.6,10.8,1,3,20,0,1,249.7
2023-01-26 21:00:00,2.3,73.0,3.7,1,3,21,0,1,249.81
2023-01-26 22:00:00,1.1,72.0,34.5,1,3,22,0,1,236.6
2023-01-26 23:00:00,1.1,81.0,3.6,1,3,23,0,1,241.47
2023-01-27 00:00:00,1.7,85.3,13.8,1,4,0,0,0,233.06
2023-01-27 01:00:00,4.0,78.0,29.6,1,4,1,0,0,214.13
2023-01-27 02:00:00,2.2,90.7,12.3,1,4,2,0,0,238.83
2023-01-27 03:00:00,8.1,76.2,10.8,1,4,3,0,0,180.28
2023-01-27 04:00:00,7.7,76.1,20.7,1,4,4,0,0,208.96
2023-01-27 05:00:00,8.5,81.1,4.5,1,4,5,0,0,198.12
2023-01-27 06:00:00,7.9,85.8,4.6,1,4,6,0,0,188.99
2023-01-27 07:00:00,12.5,63.0,10.2,1,4,7,0,0,188.07
2023-01-27 08:00:00,10.2,66.0,19.1,1,4,8,0,0,192.27
2023-01-27 09:00:00,11.6,71.7,9.7,1,4,9,0,0,199.98
2023-01-27 10:00:00,12.8,98.9,32.2,1,4,10,0,0,197.05
2023-01-27 11:00:00,14.4,70.7,4.0,1,4,11,0,0,190.96
2023-01-27 12:00:00,14.4,71.8,16.0,1,4,12,0,0,185.22
2023-01-27 13:00:00,12.0,78.9,23.0,1,4,13,0,0,213.68
2023-01-27 14:00:00,11.4,82.1,6.5,1,4,14,0,0,183.48
2023-01-27 15:00:00,13.0,74.9,28.2,1,4,15,0,0,168.27
2023-01-27 16:00:00,12.1,83.3,3.8,1,4,16,0,0,192.01
2023-01-27 17:00:00,8.6,66.1,26.4,1,4,17,0,0,191.58
2023-01-27 18:00:00,5.0,71.4,20.6,1,4,18,0,0,236.92
2023-01-27 19:00:00,6.4,86.1,2.5,1,4,19,0,0,270.38
2023-01-27 20:00:00,6.9,76.6,7.9,1,4,20,0,0,243.52
2023-01-27 21:00:00,8.2,65.8,8.0,1,4,21,0,0,220.24
2023-01-27 22:00:00,1.4,68.7,2.5,1,4,22,0,0,311.37
2023-01-27 23:00:00,2.5,72.3,2.3,1,4,23,0,0,245.95
2023-01-28 00:00:00,2.5,78.8,2.0,1,5,0,1,0,234.26
2023-01-28 01:00:00,6.2,80.7,7.9,1,5,1,1,0,177.66
2023-01-28 02:00:00,3.9,75.4,7.0,1,5,2,1,0,175.21
2023-01-28 03:00:00,2.9,81.6,24.6,1,5,3,1,0,187.38
2023-01-28 04:00:00,6.9,73.0,5.4,1,5,4,1,0,165.44
2023-01-28 05:00:00,6.2,86.7,10.6,1,5,5,1,0,157.92
2023-01-28 06:00:00,5.8,97.5,2.1,1,5,6,1,0,207.43
2023-01-28 07:00:00,7.8,73.0,10.7,1,5,7,1,0,188.85
2023-01-28 08:00:00,14.3,76.7,21.6,1,5,8,1,0,149.28
2023-01-28 09:00:00,12.6,76.9,5.5,1,5,9,1,0,185.76
2023-01-28 10:00:00,12.8,74.7,5.0,1,5,10,1,0,183.89
2023-01-28 11:00:00,12.6,78.9,9.9,1,5,11,1,0,196.59
2023-01-28 12:00:00,13.9,76.9,5.2,1,5,12,1,0,149.0
2023-01-28 13:00:00,13.7,69.4,6.1,1,5,13,1,0,150.48
2023-01-28 14:00:00,13.2,83.9,4.6,1,5,14,1,0,171.74
2023-01-28 15:00:00,12.1,75.6,5.4,1,5,15,1,0,165.88
2023-01-28 16:00:00,12.5,70.7,11.1,1,5,16,1,0,119.27
2023-01-28 17:00:00,9.6,94.7,22.4,1,5,17,1,0,153.43
2023-01-28 18:00:00,6.3,75.9,9.0,1,5,18,1,0,213.86
2023-01-28 19:00:00,5.8,79.2,2.1,1,5,19,1,0,258.4
2023-01-28 20:00:00,1.8,80.5,4.5,1,5,20,1,0,267.08
2023-01-28 21:00:00,8.8,74.6,26.3,1,5,21,1,0,207.7
2023-01-28 22:00:00,5.7,80.7,21.3,1,5,22,1,0,215.57
2023-01-28 23:00:00,1.8,72.3,3.0,1,5,23,1,0,253.83
2023-01-29 00:00:00,2.9,83.3,21.1,1,6,0,1,0,225.25
2023-01-29 01:00:00,2.4,64.8,28.7,1,6,1,1,0,213.58
2023-01-29 02:00:00,7.2,66.0,5.1,1,6,2,1,0,177.89
2023-01-29 03:00:00,2.1,93.6,11.7,1,6,3,1,0,202.25
2023-01-29 04:00:00,6.2,66.9,8.6,1,6,4,1,0,168.7
2023-01-29 05:00:00,6.9,60.8,5.3,1,6,5,1,0,179.22
2023-01-29 06:00:00,10.1,65.1,3.3,1,6,6,1,0,167.99
2023-01-29 07:00:00,9.5,89.1,5.7,1,6,7,1,0,188.65
2023-01-29 08:00:00,7.4,61.9,23.0,1,6,8,1,0,160.84
2023-01-29 09:00:00,11.5,66.6,15.3,1,6,9,1,0,194.13
2023-01-29 10:00:00,10.8,62.9,5.2,1,6,10,1,0,161.79
2023-01-29 11:00:00,13.4,71.1,8.3,1,6,11,1,0,160.64
2023-01-29 12:00:00,16.3,68.3,6.2,1,6,12,1,0,156.6
2023-01-29 13:00:00,9.8,71.2,7.0,1,6,13,1,0,174.4
2023-01-29 14:00:00,11.2,89.3,13.5,1,6,14,1,0,185.06
2023-01-29 15:00:00,10.9,65.0,8.3,1,6,15,1,0,141.73
2023-01-29 16:00:00,10.2,74.1,3.6,1,6,16,1,0,165.55
2023-01-29 17:00:00,11.2,77.1,4.5,1,6,17,1,0,143.37
2023-01-29 18:00:00,8.1,68.1,8.7,1,6,18,1,0,200.54
2023-01-29 19:00:00,8.0,79.9,11.4,1,6,19,1,0,209.45
2023-01-29 20:00:00,4.7,74.4,7.7,1,6,20,1,0,224.66
2023-01-29 21:00:00,5.4,80.3,9.7,1,6,21,1,0,253.19
2023-01-29 22:00:00,5.7,76.3,14.5,1,6,22,1,0,232.67
2023-01-29 23:00:00,2.2,62.5,8.3,1,6,23,1,0,237.03
2023-01-30 00:00:00,5.2,87.9,32.2,1,0,0,0,0,226.48
2023-01-30 01:00:00,3.9,94.6,4.1,1,0,1,0,0,229.69
2023-01-30 02:00:00,6.4,75.4,22.2,1,0,2,0,0,200.54
2023-01-30 03:00:00,4.7,70.5,4.3,1,0,3,0,0,221.95
2023-01-30 04:00:00,6.9,88.6,8.1,1,0,4,0,0,181.3
2023-01-30 05:00:00,7.3,91.5,6.9,1,0,5,0,0,209.08
2023-01-30 06:00:00,8.4,74.4,5.7,1,0,6,0,0,200.57
2023-01-30 07:00:00,10.4,73.0,28.3,1,0,7,0,0,167.85
2023-01-30 08:00:00,12.2,73.3,4.5,1,0,8,0,0,176.88
2023-01-30 09:00:00,9.7,61.8,11.0,1,0,9,0,0,219.82
2023-01-30 10:00:00,15.8,69.8,15.0,1,0,10,0,0,183.68
2023-01-30 11:00:00,9.7,88.9,3.8,1,0,11,0,0,201.88
2023-01-30 12:00:00,12.3,72.5,30.9,1,0,12,0,0,191.92
2023-01-30 13:00:00,13.3,65.0,8.3,1,0,13,0,0,193.27
2023-01-30 14:00:00,13.8,77.1,21.7,1,0,14,0,0,151.12
2023-01-30 15:00:00,15.3,67.0,10.7,1,0,15,0,0,163.97
2023-01-30 16:00:00,7.4,75.8,10.4,1,0,16,0,0,234.29
2023-01-30 17:00:00,8.9,65.4,5.4,1,0,17,0,0,194.18
2023-01-30 18:00:00,4.4,69.5,13.8,1,0,18,0,0,276.54
2023-01-30 19:00:00,7.4,82.2,2.2,1,0,19,0,0,242.31
2023-01-30 20:00:00,6.7,77.6,8.5,1,0,20,0,0,251.74
2023-01-30 21:00:00,8.3,69.7,2.3,1,0,21,0,0,216.26
2023-01-30 22:00:00,4.5,78.7,4.9,1,0,22,0,0,236.27
2023-01-30 23:00:00,5.9,72.2,2.8,1,0,23,0,0,223.33
2023-01-31 00:00:00,5.0,71.2,21.4,1,1,0,0,0,225.03
2023-01-31 01:00:00,3.1,87.8,9.9,1,1,1,0,0,268.7
2023-01-31 02:00:00,1.6,85.4,10.8,1,1,2,0,0,280.22
2023-01-31 03:00:00,5.8,76.9,17.2,1,1,3,0,0,193.21
2023-01-31 04:00:00,3.3,79.5,12.6,1,1,4,0,0,217.22
2023-01-31 05:00:00,10.1,74.9,3.1,1,1,5,0,0,165.81
2023-01-31 06:00:00,8.5,79.7,9.7,1,1,6,0,0,214.1
2023-01-31 07:00:00,12.5,67.4,32.6,1,1,7,0,0,157.71
2023-01-31 08:00:00,10.3,81.7,3.9,1,1,8,0,0,205.33
2023-01-31 09:00:00,12.9,76.4,9.7,1,1,9,0,0,207.6
2023-01-31 10:00:00,,71.1,8.6,1,1,10,0,0,206.62
2023-01-31 11:00:00,13.5,69.3,6.0,1,1,11,0,0,188.04
2023-01-31 12:00:00,12.9,80.3,26.7,1,1,12,0,0,183.05
2023-01-31 13:00:00,14.4,71.6,5.5,1,1,13,0,0,169.19
2023-01-31 14:00:00,11.3,68.8,2.8,1,1,14,0,0,175.02
2023-01-31 15:00:00,9.9,72.0,28.3,1,1,15,0,0,166.68
2023-01-31 16:00:00,13.8,79.3,12.5,1,1,16,0,0,153.11
2023-01-31 17:00:00,11.5,61.3,5.4,1,1,17,0,0,196.54
2023-01-31 18:00:00,8.9,72.7,4.6,1,1,18,0,0,217.88
2023-01-31 19:00:00,10.8,83.1,23.1,1,1,19,0,0,197.87
2023-01-31 20:00:00,5.8,75.8,4.6,1,1,20,0,0,242.97
2023-01-31 21:00:00,7.9,78.2,8.2,1,1,21,0,0,220.7
2023-01-31 22:00:00,4.8,86.3,3.9,1,1,22,0,0,247.82
2023-01-31 23:00:00,1.9,86.2,44.7,1,1,23,0,0,269.2
2023-02-01 00:00:00,7.7,72.6,13.7,2,2,0,0,0,184.59
2023-02-01 01:00:00,6.1,,8.7,2,2,1,0,0,212.69
2023-02-01 02:00:00,4.4,85.0,13.0,2,2,2,0,0,237.27
2023-02-01 03:00:00,6.9,84.1,21.9,2,2,3,0,0,188.99
2023-02-01 04:00:00,5.7,76.5,28.4,2,2,4,0,0,181.69
2023-02-01 05:00:00,9.3,,14.3,2,2,5,0,0,178.26
2023-02-01 06:00:00,4.2,80.0,17.1,2,2,6,0,0,226.7
2023-02-01 07:00:00,8.2,86.8,6.1,2,2,7,0,0,238.42
2023-02-01 08:00:00,13.4,81.8,6.0,2,2,8,0,0,166.26
2023-02-01 09:00:00,12.0,79.5,15.2,2,2,9,0,0,219.22
2023-02-01 10:00:00,13.7,64.5,13.4,2,2,10,0,0,168.63
2023-02-01 11:00:00,11.1,72.2,20.5,2,2,11,0,0,214.75
2023-02-01 12:00:00,17.7,69.4,3.1,2,2,12,0,0,171.01
2023-02-01 13:00:00,16.2,83.3,11.4,2,2,13,0,0,199.97
2023-02-01 14:00:00,12.9,71.6,10.3,2,2,14,0,0,186.64
2023-02-01 15:00:00,11.7,84.2,14.8,2,2,15,0,0,191.07
2023-02-01 16:00:00,,68.7,2.2,2,2,16,0,0,164.07
2023-02-01 17:00:00,14.2,69.0,16.0,2,2,17,0,0,202.92
2023-02-01 18:00:00,10.9,78.4,5.2,2,2,18,0,0,253.38
2023-02-01 19:00:00,12.0,86.5,11.3,2,2,19,0,0,245.69
2023-02-01 20:00:00,4.6,76.0,9.7,2,2,20,0,0,253.4
2023-02-01 21:00:00,3.8,57.6,6.6,2,2,21,0,0,264.27
2023-02-01 22:00:00,2.3,66.4,13.0,2,2,22,0,0,252.27
2023-02-01 23:00:00,5.0,79.9,28.0,2,2,23,0,0,220.86
2023-02-02 00:00:00,4.5,66.0,5.1,2,3,0,0,0,226.58
2023-02-02 01:00:00,4.0,71.1,13.0,2,3,1,0,0,229.51
2023-02-02 02:00:00,6.4,76.9,5.0,2,3,2,0,0,206.49
2023-02-02 03:00:00,8.1,56.4,16.9,2,3,3,0,0,146.17
2023-02-02 04:00:00,3.6,75.2,6.6,2,3,4,0,0,221.08
2023-02-02 05:00:00,6.7,67.4,6.8,2,3,5,0,0,207.62
2023-02-02 06:00:00,10.8,62.6,13.8,2,3,6,0,0,190.11
2023-02-02 07:00:00,9.5,68.8,7.5,2,3,7,0,0,204.4
2023-02-02 08:00:00,10.0,66.4,4.5,2,3,8,0,0,213.04
2023-02-02 09:00:00,14.7,76.4,45.3,2,3,9,0,0,171.21
2023-02-02 10:00:00,10.9,84.1,9.7,2,3,10,0,0,220.22
2023-02-02 11:00:00,13.4,70.4,10.3,2,3,11,0,0,234.83
2023-02-02 12:00:00,14.8,67.8,10.3,2,3,12,0,0,199.45
2023-02-02 13:00:00,12.8,70.3,19.2,2,3,13,0,0,182.82
2023-02-02 14:00:00,15.0,63.6,3.6,2,3,14,0,0,179.81
2023-02-02 15:00:00,11.5,63.9,2.5,2,3,15,0,0,184.48
2023-02-02 16:00:00,14.5,59.6,5.9,2,3,16,0,0,170.94
2023-02-02 17:00:00,10.2,64.3,8.7,2,3,17,0,0,212.14
2023-02-02 18:00:00,10.5,87.8,4.7,2,3,18,0,0,207.42
2023-02-02 19:00:00,9.3,69.8,11.3,2,3,19,0,0,223.67
2023-02-02 20:00:00,5.4,53.8,2.6,2,3,20,0,0,238.24
2023-02-02 21:00:00,1.5,74.6,14.5,2,3,21,0,0,302.09
2023-02-02 22:00:00,5.5,64.5,12.1,2,3,22,0,0,256.35
2023-02-02 23:00:00,4.5,78.2,3.9,2,3,23,0,0,255.45
2023-02-03 00:00:00,5.4,76.9,4.8,2,4,0,0,0,214.23
2023-02-03 01:00:00,4.0,78.4,15.2,2,4,1,0,0,218.77
2023-02-03 02:00:00,4.1,77.6,13.9,2,4,2,0,0,215.71
2023-02-03 03:00:00,9.8,72.1,15.4,2,4,3,0,0,182.57
2023-02-03 04:00:00,3.9,66.4,5.1,2,4,4,0,0,232.68
2023-02-03 05:00:00,9.5,74.7,29.9,2,4,5,0,0,149.16
2023-02-03 06:00:00,8.2,84.1,12.1,2,4,6,0,0,186.36
2023-02-03 07:00:00,9.9,89.5,2.5,2,4,7,0,0,210.46
2023-02-03 08:00:00,11.2,72.5,7.2,2,4,8,0,0,179.6
2023-02-03 09:00:00,11.3,,10.7,2,4,9,0,0,220.53
2023-02-03 10:00:00,14.8,76.6,3.5,2,4,10,0,0,195.04
2023-02-03 11:00:00,16.9,83.5,20.6,2,4,11,0,0,193.25
2023-02-03 12:00:00,15.3,68.5,13.2,2,4,12,0,0,178.99
2023-02-03 13:00:00,14.4,78.4,2.7,2,4,13,0,0,180.1
2023-02-03 14:00:00,11.7,67.6,21.6,2,4,14,0,0,159.31
2023-02-03 15:00:00,13.9,75.7,6.1,2,4,15,0,0,165.92
2023-02-03 16:00:00,16.1,79.7,6.8,2,4,16,0,0,168.11
2023-02-03 17:00:00,,64.7,14.2,2,4,17,0,0,194.99
2023-02-03 18:00:00,8.6,71.5,10.3,2,4,18,0,0,231.53
2023-02-03 19:00:00,6.9,84.2,6.6,2,4,19,0,0,239.55
2023-02-03 20:00:00,5.8,82.0,4.4,2,4,20,0,0,262.19
2023-02-03 21:00:00,0.3,88.1,7.8,2,4,21,0,0,333.13
2023-02-03 22:00:00,5.8,83.9,8.9,2,4,22,0,0,257.86
2023-02-03 23:00:00,2.8,75.9,10.0,2,4,23,0,0,259.45
2023-02-04 00:00:00,1.3,,9.4,2,5,0,1,0,213.26
2023-02-04 01:00:00,6.2,78.0,9.7,2,5,1,1,0,158.35
2023-02-04 02:00:00,3.0,54.0,7.2,2,5,2,1,0,204.67
2023-02-04 03:00:00,5.3,75.1,8.6,2,5,3,1,0,189.15
2023-02-04 04:00:00,9.9,71.3,4.7,2,5,4,1,0,118.88
2023-02-04 05:00:00,5.4,83.7,3.4,2,5,5,1,0,202.02
2023-02-04 06:00:00,6.4,73.2,9.5,2,5,6,1,0,176.86
2023-02-04 07:00:00,11.3,83.1,2.4,2,5,7,1,0,163.1
2023-02-04 08:00:00,14.3,77.3,2.5,2,5,8,1,0,177.37
2023-02-04 09:00:00,9.9,67.1,4.3,2,5,9,1,0,201.85
2023-02-04 10:00:00,14.7,71.6,3.7,2,5,10,1,0,171.57
2023-02-04 11:00:00,15.5,66.0,5.7,2,5,11,1,0,174.3
2023-02-04 12:00:00,10.4,76.3,5.7,2,5,12,1,0,176.48
2023-02-04 13:00:00,15.9,65.8,3.0,2,5,13,1,0,135.41
2023-02-04 14:00:00,15.6,72.8,4.3,2,5,14,1,0,163.38
2023-02-04 15:00:00,12.4,71.6,2.0,2,5,15,1,0,176.37
2023-02-04 16:00:00,14.5,71.5,5.5,2,5,16,1,0,138.84
2023-02-04 17:00:00,13.1,89.9,14.7,2,5,17,1,0,154.55
2023-02-04 18:00:00,9.7,72.3,4.5,2,5,18,1,0,204.82
2023-02-04 19:00:00,7.3,60.9,10.2,2,5,19,1,0,201.98
2023-02-04 20:00:00,5.1,85.6,2.8,2,5,20,1,0,258.0
2023-02-04 21:00:00,5.9,,2.1,2,5,21,1,0,219.24
2023-02-04 22:00:00,6.3,61.0,7.5,2,5,22,1,0,205.99
2023-02-04 23:00:00,4.0,72.4,7.0,2,5,23,1,0,236.63
2023-02-05 00:00:00,0.3,83.3,3.7,2,6,0,1,0,229.85
2023-02-05 01:00:00,7.4,80.5,4.7,2,6,1,1,0,164.12
2023-02-05 02:00:00,5.7,77.1,2.2,2,6,2,1,0,186.07
2023-02-05 03:00:00,5.4,77.4,14.8,2,6,3,1,0,147.83
2023-02-05 04:00:00,8.9,68.0,4.9,2,6,4,1,0,154.6
2023-02-05 05:00:00,11.4,55.1,4.0,2,6,5,1,0,158.97
2023-02-05 06:00:00,4.1,94.4,15.1,2,6,6,1,0,221.5
2023-02-05 07:00:00,11.9,66.3,2.3,2,6,7,1,0,160.75
2023-02-05 08:00:00,9.3,76.7,4.7,2,6,8,1,0,188.37
2023-02-05 09:00:00,14.2,71.6,4.4,2,6,9,1,0,193.0
2023-02-05 10:00:00,14.3,80.0,4.4,2,6,10,1,0,197.2
2023-02-05 11:00:00,15.8,73.0,2.1,2,6,11,1,0,165.54
2023-02-05 12:00:00,13.7,74.4,23.8,2,6,12,1,0,146.4
2023-02-05 13:00:00,10.8,53.5,18.0,2,6,13,1,0,171.25
2023-02-05 14:00:00,13.1,66.8,6.3,2,6,14,1,0,168.05
2023-02-05 15:00:00,14.0,78.9,6.7,2,6,15,1,0,169.91
2023-02-05 16:00:00,14.2,78.1,7.9,2,6,16,1,0,159.08
2023-02-05 17:00:00,8.6,68.1,7.2,2,6,17,1,0,179.12
2023-02-05 18:00:00,11.7,61.5,14.1,2,6,18,1,0,146.91
2023-02-05 19:00:00,7.1,77.5,7.4,2,6,19,1,0,249.4
2023-02-05 20:00:00,7.9,52.8,3.7,2,6,20,1,0,237.61
2023-02-05 21:00:00,5.1,68.2,3.0,2,6,21,1,0,223.84
2023-02-05 22:00:00,5.7,91.2,22.0,2,6,22,1,0,219.66
2023-02-05 23:00:00,6.6,88.2,2.4,2,6,23,1,0,203.87
2023-02-06 00:00:00,2.4,82.7,20.2,2,0,0,0,0,239.94
2023-02-06 01:00:00,3.7,80.6,11.4,2,0,1,0,0,219.14
2023-02-06 02:00:00,5.9,61.4,6.1,2,0,2,0,0,207.71
2023-02-06 03:00:00,11.2,68.5,3.7,2,0,3,0,0,146.2
2023-02-06 04:00:00,5.7,74.8,5.0,2,0,4,0,0,198.51
2023-02-06 05:00:00,12.7,67.9,8.0,2,0,5,0,0,175.41
2023-02-06 06:00:00,13.9,70.3,10.6,2,0,6,0,0,135.2
2023-02-06 07:00:00,11.0,84.9,11.4,2,0,7,0,0,196.77
2023-02-06 08:00:00,11.8,69.8,6.7,2,0,8,0,0,187.74
2023-02-06 09:00:00,12.0,71.3,5.7,2,0,9,0,0,228.81
2023-02-06 10:00:00,14.1,78.9,13.7,2,0,10,0,0,202.4
2023-02-06 11:00:00,11.9,62.7,22.8,2,0,11,0,0,182.59
2023-02-06 12:00:00,14.7,65.9,21.7,2,0,12,0,0,197.14
2023-02-06 13:00:00,17.7,65.2,8.4,2,0,13,0,0,165.13
2023-02-06 14:00:00,13.0,73.9,2.7,2,0,14,0,0,182.62
2023-02-06 15:00:00,12.9,70.8,2.6,2,0,15,0,0,191.84
2023-02-06 16:00:00,9.0,73.0,6.1,2,0,16,0,0,192.87
2023-02-06 17:00:00,11.9,68.7,12.6,2,0,17,0,0,209.47
2023-02-06 18:00:00,10.4,66.2,7.5,2,0,18,0,0,217.61
2023-02-06 19:00:00,8.7,80.5,9.9,2,0,19,0,0,224.0
2023-02-06 20:00:00,6.9,73.8,16.8,2,0,20,0,0,238.87
2023-02-06 21:00:00,5.8,82.1,2.3,2,0,21,0,0,240.83
2023-02-06 22:00:00,6.6,67.8,22.6,2,0,22,0,0,232.55
2023-02-06 23:00:00,5.0,72.2,5.2,2,0,23,0,0,236.65
2023-02-07 00:00:00,5.7,75.4,2.4,2,1,0,0,0,221.0
2023-02-07 01:00:00,5.7,76.1,16.4,2,1,1,0,0,178.59
2023-02-07 02:00:00,8.0,82.0,23.8,2,1,2,0,0,171.29
2023-02-07 03:00:00,7.9,72.6,13.7,2,1,3,0,0,165.01
2023-02-07 04:00:00,8.0,82.0,15.1,2,1,4,0,0,191.42
2023-02-07 05:00:00,11.8,77.1,18.4,2,1,5,0,0,155.0
2023-02-07 06:00:00,10.9,73.7,7.9,2,1,6,0,0,188.49
2023-02-07 07:00:00,14.0,65.4,11.1,2,1,7,0,0,164.18
2023-02-07 08:00:00,13.8,79.2,4.7,2,1,8,0,0,214.96
2023-02-07 09:00:00,9.9,67.6,4.3,2,1,9,0,0,216.6
2023-02-07 10:00:00,17.0,71.3,9.5,2,1,10,0,0,201.55
2023-02-07 11:00:00,15.2,72.0,12.6,2,1,11,0,0,186.7
2023-02-07 12:00:00,15.0,70.9,6.0,2,1,12,0,0,197.63
2023-02-07 13:00:00,15.5,69.2,6.1,2,1,13,0,0,161.6
2023-02-07 14:00:00,13.7,66.6,26.7,2,1,14,0,0,162.67
2023-02-07 15:00:00,14.1,60.0,7.8,2,1,15,0,0,160.93
2023-02-07 16:00:00,11.4,85.5,36.3,2,1,16,0,0,204.41
2023-02-07 17:00:00,13.9,69.1,17.9,2,1,17,0,0,158.34
2023-02-07 18:00:00,9.8,74.1,10.2,2,1,18,0,0,244.37
2023-02-07 19:00:00,8.0,74.9,2.1,2,1,19,0,0,220.01
2023-02-07 20:00:00,5.7,85.9,4.8,2,1,20,0,0,275.62
2023-02-07 21:00:00,7.1,91.9,6.3,2,1,21,0,0,241.06
2023-02-07 22:00:00,6.1,78.2,10.5,2,1,22,0,0,244.37
2023-02-07 23:00:00,6.0,75.7,6.0,2,1,23,0,0,228.95
2023-02-08 00:00:00,3.2,69.4,16.1,2,2,0,0,0,217.04
2023-02-08 01:00:00,2.2,67.3,10.7,2,2,1,0,0,236.57
2023-02-08 02:00:00,7.2,62.2,5.4,2,2,2,0,0,181.88
2023-02-08 03:00:00,9.7,68.8,14.3,2,2,3,0,0,174.93
2023-02-08 04:00:00,5.7,60.4,4.9,2,2,4,0,0,184.56
2023-02-08 05:00:00,12.2,82.6,2.5,2,2,5,0,0,179.01
2023-02-08 06:00:00,10.8,78.0,3.5,2,2,6,0,0,198.31
2023-02-08 07:00:00,11.6,72.2,2.0,2,2,7,0,0,188.36
2023-02-08 08:00:00,12.0,82.9,16.3,2,2,8,0,0,174.32
2023-02-08 09:00:00,11.0,65.9,9.9,2,2,9,0,0,232.11
2023-02-08 10:00:00,16.6,65.2,8.8,2,2,10,0,0,194.48
2023-02-08 11:00:00,13.5,57.8,10.7,2,2,11,0,0,180.5
2023-02-08 12:00:00,13.7,79.3,10.5,2,2,12,0,0,196.35
2023-02-08 13:00:00,17.1,65.0,8.7,2,2,13,0,0,140.89
2023-02-08 14:00:00,10.8,74.7,16.8,2,2,14,0,0,202.34
2023-02-08 15:00:00,10.8,82.6,6.7,2,2,15,0,0,223.0
2023-02-08 16:00:00,12.7,84.6,15.1,2,2,16,0,0,192.42
2023-02-08 17:00:00,12.2,73.7,14.4,2,2,17,0,0,172.18
2023-02-08 18:00:00,11.2,77.5,3.8,2,2,18,0,0,179.73
2023-02-08 19:00:00,8.4,68.6,6.8,2,2,19,0,0,254.34
2023-02-08 20:00:00,12.8,87.1,16.4,2,2,20,0,0,211.71
2023-02-08 21:00:00,6.3,75.5,16.2,2,2,21,0,0,240.77
2023-02-08 22:00:00,5.5,77.9,2.2,2,2,22,0,0,267.25
2023-02-08 23:00:00,3.8,74.8,4.0,2,2,23,0,0,241.95
2023-02-09 00:00:00,5.7,86.7,6.4,2,3,0,0,0,229.05
2023-02-09 01:00:00,6.9,78.2,2.4,2,3,1,0,0,202.72
2023-02-09 02:00:00,8.5,81.8,4.4,2,3,2,0,0,188.66
2023-02-09 03:00:00,4.0,80.9,4.4,2,3,3,0,0,242.98
2023-02-09 04:00:00,7.5,74.5,3.9,2,3,4,0,0,183.47
2023-02-09 05:00:00,10.1,82.4,6.0,2,3,5,0,0,172.78
2023-02-09 06:00:00,11.6,76.9,15.4,2,3,6,0,0,171.73
2023-02-09 07:00:00,11.8,66.4,4.2,2,3,7,0,0,167.93
2023-02-09 08:00:00,,65.1,9.0,2,3,8,0,0,197.18
2023-02-09 09:00:00,12.4,75.0,8.5,2,3,9,0,0,214.65
2023-02-09 10:00:00,17.9,78.3,15.6,2,3,10,0,0,184.67
2023-02-09 11:00:00,17.3,84.5,6.0,2,3,11,0,0,175.51
2023-02-09 12:00:00,12.8,59.4,4.0,2,3,12,0,0,149.09
2023-02-09 13:00:00,13.1,73.6,19.8,2,3,13,0,0,164.12
2023-02-09 14:00:00,12.7,77.6,16.3,2,3,14,0,0,172.75
2023-02-09 15:00:00,15.4,74.7,9.8,2,3,15,0,0,138.13
2023-02-09 16:00:00,10.4,82.9,2.8,2,3,16,0,0,235.28
2023-02-09 17:00:00,11.1,79.7,2.1,2,3,17,0,0,206.83
2023-02-09 18:00:00,11.4,66.4,3.6,2,3,18,0,0,213.77
2023-02-09 19:00:00,9.0,67.4,3.8,2,3,19,0,0,228.36
2023-02-09 20:00:00,8.5,78.3,3.2,2,3,20,0,0,253.61
2023-02-09 21:00:00,4.8,85.5,4.4,2,3,21,0,0,263.18
2023-02-09 22:00:00,7.3,77.5,5.3,2,3,22,0,0,231.24
2023-02-09 23:00:00,4.4,65.2,13.2,2,3,23,0,0,259.33
2023-02-10 00:00:00,5.0,69.1,11.9,2,4,0,0,0,231.85
2023-02-10 01:00:00,6.3,82.4,2.9,2,4,1,0,0,207.48
2023-02-10 02:00:00,6.5,73.9,32.2,2,4,2,0,0,213.48
2023-02-10 03:00:00,7.2,77.4,13.2,2,4,3,0,0,185.36
2023-02-10 04:00:00,6.7,85.2,3.4,2,4,4,0,0,192.71
2023-02-10 05:00:00,8.8,66.0,3.1,2,4,5,0,0,188.08
2023-02-10 06:00:00,10.7,71.3,2.7,2,4,6,0,0,189.19
2023-02-10 07:00:00,9.2,71.2,12.5,2,4,7,0,0,180.12
2023-02-10 08:00:00,12.2,76.7,4.2,2,4,8,0,0,204.36
2023-02-10 09:00:00,15.0,78.7,2.6,2,4,9,0,0,227.6
2023-02-10 10:00:00,12.4,61.9,6.4,2,4,10,0,0,217.42
2023-02-10 11:00:00,17.8,71.0,11.9,2,4,11,0,0,191.2
2023-02-10 12:00:00,18.2,77.9,4.9,2,4,12,0,0,184.91
2023-02-10 13:00:00,13.0,58.7,7.3,2,4,13,0,0,164.03
2023-02-10 14:00:00,17.7,70.6,3.7,2,4,14,0,0,148.48
2023-02-10 15:00:00,13.9,63.3,6.5,2,4,15,0,0,172.61
2023-02-10 16:00:00,14.0,67.9,5.6,2,4,16,0,0,167.88
2023-02-10 17:00:00,11.0,54.5,6.6,2,4,17,0,0,169.83
2023-02-10 18:00:00,12.5,84.9,7.0,2,4,18,0,0,198.46
2023-02-10 19:00:00,10.2,72.1,2.8,2,4,19,0,0,232.18
2023-02-10 20:00:00,6.5,70.3,2.8,2,4,20,0,0,263.14
2023-02-10 21:00:00,4.8,80.2,4.4,2,4,21,0,0,253.6
2023-02-10 22:00:00,3.4,70.0,3.0,2,4,22,0,0,264.38
2023-02-10 23:00:00,6.2,67.8,4.3,2,4,23,0,0,234.67
2023-02-11 00:00:00,7.0,88.6,2.2,2,5,0,1,0,166.07
2023-02-11 01:00:00,7.3,90.8,5.5,2,5,1,1,0,164.49
2023-02-11 02:00:00,6.3,72.1,3.9,2,5,2,1,0,173.4
2023-02-11 03:00:00,5.0,86.0,19.8,2,5,3,1,0,164.38
2023-02-11 04:00:00,7.0,79.3,17.6,2,5,4,1,0,158.94
2023-02-11 05:00:00,11.9,62.7,4.9,2,5,5,1,0,178.61
2023-02-11 06:00:00,9.9,67.6,7.2,2,5,6,1,0,138.25
2023-02-11 07:00:00,12.5,86.2,27.0,2,5,7,1,0,173.56
2023-02-11 08:00:00,11.2,63.0,7.9,2,5,8,1,0,176.41
2023-02-11 09:00:00,15.1,90.7,17.1,2,5,9,1,0,148.52
2023-02-11 10:00:00,14.3,68.3,16.0,2,5,10,1,0,177.49
2023-02-11 11:00:00,17.8,83.7,24.7,2,5,11,1,0,154.32
2023-02-11 12:00:00,17.4,68.8,4.9,2,5,12,1,0,169.73
2023-02-11 13:00:00,14.7,79.0,2.4,2,5,13,1,0,165.55
2023-02-11 14:00:00,14.9,83.7,2.9,2,5,14,1,0,153.54
2023-02-11 15:00:00,13.3,84.5,8.8,2,5,15,1,0,148.33
2023-02-11 16:00:00,10.5,70.1,8.0,2,5,16,1,0,183.14
2023-02-11 17:00:00,10.5,67.9,4.8,2,5,17,1,0,168.47
2023-02-11 18:00:00,11.3,73.7,4.3,2,5,18,1,0,162.03
2023-02-11 19:00:00,10.2,64.5,11.9,2,5,19,1,0,164.9
2023-02-11 20:00:00,8.7,77.6,5.3,2,5,20,1,0,196.49
2023-02-11 21:00:00,6.7,70.1,9.4,2,5,21,1,0,231.92
2023-02-11 22:00:00,8.4,84.5,12.0,2,5,22,1,0,194.35
2023-02-11 23:00:00,6.2,72.4,6.5,2,5,23,1,0,192.51
2023-02-12 00:00:00,7.5,62.3,3.7,2,6,0,1,0,166.51
2023-02-12 01:00:00,2.7,89.9,17.8,2,6,1,1,0,221.49
2023-02-12 02:00:00,-1.1,82.0,2.8,2,6,2,1,0,258.43
2023-02-12 03:00:00,8.1,76.2,16.2,2,6,3,1,0,155.5
2023-02-12 04:00:00,5.7,85.9,16.5,2,6,4,1,0,167.39
2023-02-12 05:00:00,9.4,82.3,8.8,2,6,5,1,0,153.57
2023-02-12 06:00:00,10.5,68.7,9.9,2,6,6,1,0,154.42
2023-02-12 07:00:00,15.5,68.6,5.5,2,6,7,1,0,131.84
2023-02-12 08:00:00,14.4,63.9,16.7,2,6,8,1,0,150.98
2023-02-12 09:00:00,14.9,60.8,4.4,2,6,9,1,0,150.51
2023-02-12 10:00:00,17.1,76.1,8.6,2,6,10,1,0,170.03
2023-02-12 11:00:00,16.6,74.8,2.0,2,6,11,1,0,172.25
2023-02-12 12:00:00,15.2,78.5,24.5,2,6,12,1,0,167.96
2023-02-12 13:00:00,18.1,81.2,25.7,2,6,13,1,0,139.15
2023-02-12 14:00:00,13.2,79.6,11.9,2,6,14,1,0,155.26
2023-02-12 15:00:00,15.3,79.3,6.4,2,6,15,1,0,132.47
2023-02-12 16:00:00,10.5,58.1,3.6,2,6,16,1,0,163.84
2023-02-12 17:00:00,12.8,71.2,7.4,2,6,17,1,0,146.59
2023-02-12 18:00:00,11.5,82.0,14.5,2,6,18,1,0,153.78
2023-02-12 19:00:00,13.1,64.1,9.4,2,6,19,1,0,175.47
2023-02-12 20:00:00,5.4,78.0,8.0,2,6,20,1,0,230.33
2023-02-12 21:00:00,6.3,81.0,17.1,2,6,21,1,0,231.49
2023-02-12 22:00:00,8.4,79.3,5.0,2,6,22,1,0,187.42
2023-02-12 23:00:00,6.9,79.5,17.7,2,6,23,1,0,237.02
2023-02-13 00:00:00,6.6,81.5,6.6,2,0,0,0,0,201.35
2023-02-13 01:00:00,4.5,79.2,2.0,2,0,1,0,0,220.72
2023-02-13 02:00:00,5.8,65.4,12.5,2,0,2,0,0,188.02
2023-02-13 03:00:00,10.2,78.9,18.8,2,0,3,0,0,175.56
2023-02-13 04:00:00,8.7,77.9,7.3,2,0,4,0,0,178.53
2023-02-13 05:00:00,10.7,63.0,6.9,2,0,5,0,0,156.65
2023-02-13 06:00:00,11.1,85.5,15.1,2,0,6,0,0,153.1
2023-02-13 07:00:00,10.2,79.2,19.3,2,0,7,0,0,199.46
2023-02-13 08:00:00,15.7,61.1,31.3,2,0,8,0,0,174.8
2023-02-13 09:00:00,15.8,65.5,5.4,2,0,9,0,0,192.88
2023-02-13 10:00:00,20.2,65.4,9.2,2,0,10,0,0,177.51
2023-02-13 11:00:00,14.1,68.4,15.8,2,0,11,0,0,184.94
2023-02-13 12:00:00,17.9,73.4,8.1,2,0,12,0,0,186.98
2023-02-13 13:00:00,13.5,65.4,7.0,2,0,13,0,0,177.55
2023-02-13 14:00:00,15.9,81.1,8.8,2,0,14,0,0,185.5
2023-02-13 15:00:00,16.8,80.0,5.5,2,0,15,0,0,164.64
2023-02-13 16:00:00,9.6,80.1,3.7,2,0,16,0,0,199.07
2023-02-13 17:00:00,12.2,74.3,2.6,2,0,17,0,0,198.77
2023-02-13 18:00:00,10.2,82.4,9.5,2,0,18,0,0,235.14
2023-02-13 19:00:00,8.6,73.5,5.8,2,0,19,0,0,252.05
2023-02-13 20:00:00,9.6,69.4,19.2,2,0,20,0,0,224.22
2023-02-13 21:00:00,10.0,84.5,4.0,2,0,21,0,0,224.08
2023-02-13 22:00:00,6.7,79.2,5.0,2,0,22,0,0,221.0
2023-02-13 23:00:00,6.9,71.1,30.2,2,0,23,0,0,221.84
2023-02-14 00:00:00,6.7,73.3,8.5,2,1,0,0,0,177.8
2023-02-14 01:00:00,6.7,70.8,5.4,2,1,1,0,0,225.7
2023-02-14 02:00:00,5.0,93.7,17.8,2,1,2,0,0,221.55
2023-02-14 03:00:00,10.2,74.9,12.9,2,1,3,0,0,154.84
2023-02-14 04:00:00,9.6,76.5,8.8,2,1,4,0,0,193.18
2023-02-14 05:00:00,11.0,80.3,19.6,2,1,5,0,0,176.97
2023-02-14 06:00:00,9.9,65.3,2.8,2,1,6,0,0,194.47
2023-02-14 07:00:00,11.9,82.8,6.0,2,1,7,0,0,185.5
2023-02-14 08:00:00,13.6,68.3,15.3,2,1,8,0,0,190.89
2023-02-14 09:00:00,12.0,88.7,5.9,2,1,9,0,0,188.81
2023-02-14 10:00:00,12.5,71.3,22.9,2,1,10,0,0,198.61
2023-02-14 11:00:00,,80.7,3.3,2,1,11,0,0,185.64
2023-02-14 12:00:00,17.5,51.3,5.3,2,1,12,0,0,166.58
2023-02-14 13:00:00,15.0,63.1,6.4,2,1,13,0,0,162.37
2023-02-14 14:00:00,13.8,70.8,11.3,2,1,14,0,0,162.36
2023-02-14 15:00:00,13.4,57.1,3.7,2,1,15,0,0,191.11
2023-02-14 16:00:00,13.1,78.3,2.1,2,1,16,0,0,161.55
2023-02-14 17:00:00,12.1,76.5,32.0,2,1,17,0,0,185.69
2023-02-14 18:00:00,15.8,64.2,20.3,2,1,18,0,0,160.91
2023-02-14 19:00:00,12.3,73.7,4.9,2,1,19,0,0,233.26
2023-02-14 20:00:00,11.0,80.9,7.3,2,1,20,0,0,232.03
2023-02-14 21:00:00,10.3,58.0,7.4,2,1,21,0,0,197.17
2023-02-14 22:00:00,5.2,67.2,18.3,2,1,22,0,0,246.11
2023-02-14 23:00:00,4.2,75.2,9.3,2,1,23,0,0,234.46
2023-02-15 00:00:00,4.5,77.9,16.0,2,2,0,0,0,223.85
2023-02-15 01:00:00,9.6,74.8,21.4,2,2,1,0,0,153.38
2023-02-15 02:00:00,6.3,84.0,8.7,2,2,2,0,0,218.39
2023-02-15 03:00:00,5.7,81.0,4.7,2,2,3,0,0,173.68
2023-02-15 04:00:00,8.4,81.4,7.5,2,2,4,0,0,172.8
2023-02-15 05:00:00,9.9,63.9,17.2,2,2,5,0,0,154.87
2023-02-15 06:00:00,12.3,75.0,9.0,2,2,6,0,0,180.03
2023-02-15 07:00:00,13.5,70.8,20.1,2,2,7,0,0,163.86
2023-02-15 08:00:00,12.6,85.4,20.1,2,2,8,0,0,187.44
2023-02-15 09:00:00,16.6,73.1,5.7,2,2,9,0,0,177.92
2023-02-15 10:00:00,14.8,67.3,6.8,2,2,10,0,0,174.32
2023-02-15 11:00:00,16.2,78.7,11.1,2,2,11,0,0,184.44
2023-02-15 12:00:00,18.1,75.5,2.9,2,2,12,0,0,158.66
2023-02-15 13:00:00,15.3,65.8,7.0,2,2,13,0,0,144.94
2023-02-15 14:00:00,14.9,69.8,3.3,2,2,14,0,0,180.76
2023-02-15 15:00:00,16.4,69.1,17.1,2,2,15,0,0,139.44
2023-02-15 16:00:00,12.5,83.6,24.9,2,2,16,0,0,197.8
2023-02-15 17:00:00,12.2,75.5,3.2,2,2,17,0,0,214.18
2023-02-15 18:00:00,12.8,79.4,10.8,2,2,18,0,0,212.02
2023-02-15 19:00:00,14.5,68.8,10.1,2,2,19,0,0,182.81
2023-02-15 20:00:00,10.4,77.5,13.4,2,2,20,0,0,256.85
2023-02-15 21:00:00,9.1,85.9,11.5,2,2,21,0,0,196.47
2023-02-15 22:00:00,8.4,72.9,4.0,2,2,22,0,0,211.84
2023-02-15 23:00:00,4.7,78.6,4.8,2,2,23,0,0,256.17
2023-02-16 00:00:00,7.2,65.5,3.4,2,3,0,0,0,212.81
2023-02-16 01:00:00,7.0,70.4,22.3,2,3,1,0,0,177.88
2023-02-16 02:00:00,8.2,73.2,7.9,2,3,2,0,0,170.9
2023-02-16 03:00:00,8.6,67.2,31.9,2,3,3,0,0,160.76
2023-02-16 04:00:00,10.2,85.5,6.8,2,3,4,0,0,173.51
2023-02-16 05:00:00,10.0,68.3,8.4,2,3,5,0,0,169.34
2023-02-16 06:00:00,12.0,80.3,14.5,2,3,6,0,0,199.05
2023-02-16 07:00:00,10.8,76.1,14.8,2,3,7,0,0,178.77
2023-02-16 08:00:00,13.8,73.4,4.1,2,3,8,0,0,211.12
2023-02-16 09:00:00,18.2,82.8,4.7,2,3,9,0,0,193.33
2023-02-16 10:00:00,16.9,53.5,2.8,2,3,10,0,0,201.38
2023-02-16 11:00:00,16.7,70.1,15.1,2,3,11,0,0,159.49
2023-02-16 12:00:00,20.7,61.0,14.6,2,3,12,0,0,180.02
2023-02-16 13:00:00,14.0,57.3,2.7,2,3,13,0,0,191.41
2023-02-16 14:00:00,14.0,63.4,4.4,2,3,14,0,0,162.19
2023-02-16 15:00:00,18.9,70.7,6.8,2,3,15,0,0,171.03
2023-02-16 16:00:00,14.5,66.9,8.2,2,3,16,0,0,148.49
2023-02-16 17:00:00,12.7,80.8,7.9,2,3,17,0,0,182.66
2023-02-16 18:00:00,9.5,73.5,34.6,2,3,18,0,0,220.38
2023-02-16 19:00:00,11.5,71.6,13.6,2,3,19,0,0,209.68
2023-02-16 20:00:00,10.5,72.2,3.0,2,3,20,0,0,224.16
2023-02-16 21:00:00,6.2,76.1,4.8,2,3,21,0,0,274.18
2023-02-16 22:00:00,7.3,73.0,5.4,2,3,22,0,0,203.04
2023-02-16 23:00:00,6.4,70.0,5.0,2,3,23,0,0,224.41
2023-02-17 00:00:00,7.7,84.1,14.3,2,4,0,0,0,196.98
2023-02-17 01:00:00,5.1,72.5,5.6,2,4,1,0,0,201.44
2023-02-17 02:00:00,10.3,71.8,7.4,2,4,2,0,0,189.88
2023-02-17 03:00:00,10.4,78.2,8.1,2,4,3,0,0,154.21
2023-02-17 04:00:00,8.9,78.1,4.5,2,4,4,0,0,168.14
2023-02-17 05:00:00,10.4,67.6,5.1,2,4,5,0,0,138.35
2023-02-17 06:00:00,11.9,80.1,14.1,2,4,6,0,0,191.83
2023-02-17 07:00:00,11.9,78.4,18.1,2,4,7,0,0,177.11
2023-02-17 08:00:00,13.8,74.5,2.3,2,4,8,0,0,185.58
2023-02-17 09:00:00,15.1,69.0,9.4,2,4,9,0,0,185.78
2023-02-17 10:00:00,19.7,66.9,10.0,2,4,10,0,0,199.23
2023-02-17 11:00:00,18.9,68.9,12.7,2,4,11,0,0,202.45
2023-02-17 12:00:00,19.0,60.6,11.5,2,4,12,0,0,141.9
2023-02-17 13:00:00,17.7,70.8,18.8,2,4,13,0,0,154.32
2023-02-17 14:00:00,14.2,80.0,2.7,2,4,14,0,0,160.19
2023-02-17 15:00:00,15.6,79.2,5.9,2,4,15,0,0,165.75
2023-02-17 16:00:00,16.6,68.7,14.2,2,4,16,0,0,160.2
2023-02-17 17:00:00,10.9,83.0,17.0,2,4,17,0,0,169.34
2023-02-17 18:00:00,13.4,88.5,4.5,2,4,18,0,0,207.53
2023-02-17 19:00:00,15.5,69.7,9.0,2,4,19,0,0,190.52
2023-02-17 20:00:00,11.8,79.6,3.6,2,4,20,0,0,234.95
2023-02-17 21:00:00,11.4,56.2,17.2,2,4,21,0,0,206.87
2023-02-17 22:00:00,8.3,65.8,12.5,2,4,22,0,0,194.25
2023-02-17 23:00:00,9.3,76.1,4.0,2,4,23,0,0,218.64
2023-02-18 00:00:00,5.9,69.0,9.8,2,5,0,1,0,163.72
2023-02-18 01:00:00,9.1,91.7,7.7,2,5,1,1,0,144.47
2023-02-18 02:00:00,9.3,80.1,4.4,2,5,2,1,0,149.46
2023-02-18 03:00:00,9.4,83.0,19.9,2,5,3,1,0,140.35
2023-02-18 04:00:00,12.5,73.5,3.3,2,5,4,1,0,109.35
2023-02-18 05:00:00,10.0,67.0,7.0,2,5,5,1,0,149.55
2023-02-18 06:00:00,12.0,69.9,9.0,2,5,6,1,0,147.71
2023-02-18 07:00:00,13.9,75.1,15.9,2,5,7,1,0,146.29
2023-02-18 08:00:00,12.8,68.5,3.3,2,5,8,1,0,142.0
2023-02-18 09:00:00,16.4,77.2,9.5,2,5,9,1,0,164.76
2023-02-18 10:00:00,13.3,79.1,2.1,2,5,10,1,0,191.03
2023-02-18 11:00:00,19.3,70.4,15.8,2,5,11,1,0,131.3
2023-02-18 12:00:00,17.5,56.7,4.1,2,5,12,1,0,132.15
2023-02-18 13:00:00,16.2,85.6,12.2,2,5,13,1,0,159.76
2023-02-18 14:00:00,15.0,70.8,9.4,2,5,14,1,0,166.9
2023-02-18 15:00:00,15.4,94.0,2.4,2,5,15,1,0,148.33
2023-02-18 16:00:00,16.2,77.1,3.6,2,5,16,1,0,138.6
2023-02-18 17:00:00,14.8,70.9,4.5,2,5,17,1,0,158.17
2023-02-18 18:00:00,11.0,78.1,19.4,2,5,18,1,0,198.81
2023-02-18 19:00:00,9.4,59.2,7.2,2,5,19,1,0,186.47
2023-02-18 20:00:00,11.2,82.6,21.6,2,5,20,1,0,185.98
2023-02-18 21:00:00,7.4,96.8,2.4,2,5,21,1,0,218.87
2023-02-18 22:00:00,8.2,59.2,2.1,2,5,22,1,0,177.64
2023-02-18 23:00:00,7.8,73.8,25.7,2,5,23,1,0,195.57
2023-02-19 00:00:00,8.2,75.0,12.3,2,6,0,1,0,171.28
2023-02-19 01:00:00,9.5,82.3,14.2,2,6,1,1,0,124.36
2023-02-19 02:00:00,5.7,94.0,21.8,2,6,2,1,0,175.6
2023-02-19 03:00:00,5.2,80.4,35.4,2,6,3,1,0,191.72
2023-02-19 04:00:00,9.0,92.7,2.8,2,6,4,1,0,165.72
2023-02-19 05:00:00,14.9,73.9,3.4,2,6,5,1,0,156.33
2023-02-19 06:00:00,16.6,75.3,3.7,2,6,6,1,0,127.11
2023-02-19 07:00:00,17.5,73.9,15.6,2,6,7,1,0,150.81
2023-02-19 08:00:00,14.7,82.4,5.5,2,6,8,1,0,182.3
2023-02-19 09:00:00,12.6,70.3,9.2,2,6,9,1,0,173.92
2023-02-19 10:00:00,12.2,80.4,17.5,2,6,10,1,0,173.01
2023-02-19 11:00:00,16.2,62.1,11.2,2,6,11,1,0,174.41
2023-02-19 12:00:00,17.2,69.1,2.5,2,6,12,1,0,161.54
2023-02-19 13:00:00,20.0,64.9,6.7,2,6,13,1,0,151.22
2023-02-19 14:00:00,18.7,71.4,2.6,2,6,14,1,0,143.62
2023-02-19 15:00:00,16.6,,7.2,2,6,15,1,0,136.36
2023-02-19 16:00:00,13.3,82.4,4.0,2,6,16,1,0,156.01
2023-02-19 17:00:00,12.0,67.0,2.0,2,6,17,1,0,161.99
2023-02-19 18:00:00,13.1,59.6,15.4,2,6,18,1,0,170.24
2023-02-19 19:00:00,12.7,62.8,29.9,2,6,19,1,0,168.19
2023-02-19 20:00:00,10.9,82.5,28.6,2,6,20,1,0,195.17
2023-02-19 21:00:00,7.0,68.7,4.8,2,6,21,1,0,207.95
2023-02-19 22:00:00,9.6,78.4,16.1,2,6,22,1,0,175.61
2023-02-19 23:00:00,8.6,73.3,11.1,2,6,23,1,0,192.99
2023-02-20 00:00:00,5.7,83.8,14.9,2,0,0,0,0,218.63
2023-02-20 01:00:00,6.4,74.9,17.0,2,0,1,0,0,191.09
2023-02-20 02:00:00,9.9,97.2,33.4,2,0,2,0,0,187.27
2023-02-20 03:00:00,8.8,90.8,3.3,2,0,3,0,0,171.79
2023-02-20 04:00:00,13.5,70.7,13.7,2,0,4,0,0,156.66
2023-02-20 05:00:00,12.5,70.1,12.6,2,0,5,0,0,168.22
2023-02-20 06:00:00,11.8,99.1,4.7,2,0,6,0,0,186.53
2023-02-20 07:00:00,14.1,64.3,6.0,2,0,7,0,0,192.96
2023-02-20 08:00:00,15.4,71.8,3.6,2,0,8,0,0,207.24
2023-02-20 09:00:00,14.9,72.7,21.6,2,0,9,0,0,167.64
2023-02-20 10:00:00,15.3,72.3,18.9,2,0,10,0,0,154.21
2023-02-20 11:00:00,19.1,56.6,9.6,2,0,11,0,0,168.47
2023-02-20 12:00:00,19.5,74.2,7.7,2,0,12,0,0,158.41
2023-02-20 13:00:00,18.9,62.8,4.1,2,0,13,0,0,157.52
2023-02-20 14:00:00,20.2,81.4,14.5,2,0,14,0,0,184.81
2023-02-20 15:00:00,15.3,60.7,2.1,2,0,15,0,0,207.03
2023-02-20 16:00:00,18.7,71.1,7.0,2,0,16,0,0,147.16
2023-02-20 17:00:00,12.3,56.1,17.8,2,0,17,0,0,182.84
2023-02-20 18:00:00,10.8,57.4,9.7,2,0,18,0,0,206.05
2023-02-20 19:00:00,8.0,69.3,10.1,2,0,19,0,0,240.2
2023-02-20 20:00:00,9.4,69.7,2.6,2,0,20,0,0,213.58
2023-02-20 21:00:00,8.3,87.6,4.7,2,0,21,0,0,259.85
2023-02-20 22:00:00,9.5,74.9,11.0,2,0,22,0,0,228.59
2023-02-20 23:00:00,8.5,86.1,2.4,2,0,23,0,0,211.13
2023-02-21 00:00:00,5.7,74.1,5.2,2,1,0,0,0,233.34
2023-02-21 01:00:00,7.4,81.1,5.5,2,1,1,0,0,175.89
2023-02-21 02:00:00,8.0,70.2,7.5,2,1,2,0,0,158.45
2023-02-21 03:00:00,6.0,70.7,5.6,2,1,3,0,0,201.77
2023-02-21 04:00:00,8.6,61.1,6.8,2,1,4,0,0,184.06
2023-02-21 05:00:00,10.2,77.6,8.3,2,1,5,0,0,175.58
2023-02-21 06:00:00,15.9,74.1,3.1,2,1,6,0,0,179.13
2023-02-21 07:00:00,14.7,78.9,3.6,2,1,7,0,0,167.27
2023-02-21 08:00:00,16.9,73.3,16.3,2,1,8,0,0,190.8
2023-02-21 09:00:00,13.6,89.4,6.9,2,1,9,0,0,214.14
2023-02-21 10:00:00,19.8,71.5,5.5,2,1,10,0,0,212.85
2023-02-21 11:00:00,20.5,77.7,6.6,2,1,11,0,0,155.49
2023-02-21 12:00:00,14.1,70.4,3.5,2,1,12,0,0,181.06
2023-02-21 13:00:00,16.5,64.5,4.2,2,1,13,0,0,156.14
2023-02-21 14:00:00,18.4,76.6,7.8,2,1,14,0,0,173.52
2023-02-21 15:00:00,17.9,70.4,5.6,2,1,15,0,0,184.26
2023-02-21 16:00:00,14.2,79.6,7.2,2,1,16,0,0,170.7
2023-02-21 17:00:00,13.7,76.0,3.3,2,1,17,0,0,195.28
2023-02-21 18:00:00,11.9,67.7,3.4,2,1,18,0,0,225.31
2023-02-21 19:00:00,12.0,82.6,5.9,2,1,19,0,0,222.17
2023-02-21 20:00:00,12.9,66.6,5.8,2,1,20,0,0,223.1
2023-02-21 21:00:00,8.0,81.0,19.2,2,1,21,0,0,204.48
2023-02-21 22:00:00,10.7,84.9,2.3,2,1,22,0,0,238.9
2023-02-21 23:00:00,6.7,73.6,41.5,2,1,23,0,0,203.69
2023-02-22 00:00:00,6.6,86.0,27.1,2,2,0,0,0,240.23
2023-02-22 01:00:00,10.1,78.1,8.3,2,2,1,0,0,164.92
2023-02-22 02:00:00,10.8,81.4,12.1,2,2,2,0,0,174.24
2023-02-22 03:00:00,11.4,67.6,23.9,2,2,3,0,0,163.63
2023-02-22 04:00:00,8.1,77.6,4.3,2,2,4,0,0,149.29
2023-02-22 05:00:00,11.1,63.2,5.0,2,2,5,0,0,197.27
2023-02-22 06:00:00,14.9,86.2,2.9,2,2,6,0,0,180.63
2023-02-22 07:00:00,14.7,56.6,8.6,2,2,7,0,0,145.76
2023-02-22 08:00:00,13.6,70.3,3.4,2,2,8,0,0,194.79
2023-02-22 09:00:00,17.7,63.7,23.4,2,2,9,0,0,178.69
2023-02-22 10:00:00,16.2,77.3,6.5,2,2,10,0,0,191.35
2023-02-22 11:00:00,21.7,84.5,22.2,2,2,11,0,0,166.83
2023-02-22 12:00:00,21.4,74.6,3.8,2,2,12,0,0,172.74
2023-02-22 13:00:00,19.3,94.0,11.5,2,2,13,0,0,182.02
2023-02-22 14:00:00,20.3,58.8,10.3,2,2,14,0,0,164.99
2023-02-22 15:00:00,16.9,61.1,6.1,2,2,15,0,0,159.89
2023-02-22 16:00:00,17.3,64.2,20.3,2,2,16,0,0,158.8
2023-02-22 17:00:00,17.5,72.2,6.6,2,2,17,0,0,169.53
2023-02-22 18:00:00,13.8,64.9,3.8,2,2,18,0,0,179.21
2023-02-22 19:00:00,11.5,68.3,32.2,2,2,19,0,0,201.54
2023-02-22 20:00:00,7.4,81.3,6.7,2,2,20,0,0,238.56
2023-02-22 21:00:00,9.6,65.3,3.9,2,2,21,0,0,211.62
2023-02-22 22:00:00,10.6,65.6,5.6,2,2,22,0,0,172.39
2023-02-22 23:00:00,10.3,71.6,9.6,2,2,23,0,0,192.54
2023-02-23 00:00:00,9.5,72.8,7.7,2,3,0,0,0,197.22
2023-02-23 01:00:00,7.6,84.3,10.1,2,3,1,0,0,213.34
2023-02-23 02:00:00,5.2,70.2,10.7,2,3,2,0,0,210.12
2023-02-23 03:00:00,9.0,69.7,3.1,2,3,3,0,0,157.39
2023-02-23 04:00:00,10.4,79.5,5.0,2,3,4,0,0,170.33
2023-02-23 05:00:00,11.6,80.6,13.0,2,3,5,0,0,151.63
2023-02-23 06:00:00,14.7,84.1,10.4,2,3,6,0,0,194.38
2023-02-23 07:00:00,18.8,74.4,2.7,2,3,7,0,0,159.77
2023-02-23 08:00:00,16.3,72.9,5.0,2,3,8,0,0,172.51
2023-02-23 09:00:00,16.6,76.3,23.4,2,3,9,0,0,193.53
2023-02-23 10:00:00,,69.2,17.8,2,3,10,0,0,181.68
2023-02-23 11:00:00,,68.5,10.9,2,3,11,0,0,195.57
2023-02-23 12:00:00,16.9,57.4,2.6,2,3,12,0,0,158.9
2023-02-23 13:00:00,18.6,77.9,9.5,2,3,13,0,0,167.71
2023-02-23 14:00:00,18.7,72.3,2.1,2,3,14,0,0,170.42
2023-02-23 15:00:00,17.5,77.5,10.7,2,3,15,0,0,121.87
2023-02-23 16:00:00,16.9,49.0,12.5,2,3,16,0,0,145.4
2023-02-23 17:00:00,15.7,71.8,7.5,2,3,17,0,0,166.65
2023-02-23 18:00:00,10.0,68.2,2.0,2,3,18,0,0,215.75
2023-02-23 19:00:00,13.5,85.3,10.8,2,3,19,0,0,203.95
2023-02-23 20:00:00,9.7,80.1,15.7,2,3,20,0,0,233.64
2023-02-23 21:00:00,7.8,78.0,9.1,2,3,21,0,0,236.2
2023-02-23 22:00:00,7.0,73.1,11.9,2,3,22,0,0,248.93
2023-02-23 23:00:00,9.5,78.4,2.8,2,3,23,0,0,240.57
2023-02-24 00:00:00,8.3,68.4,12.1,2,4,0,0,0,167.44
2023-02-24 01:00:00,5.5,76.4,9.6,2,4,1,0,0,209.02
2023-02-24 02:00:00,10.4,70.2,5.2,2,4,2,0,0,185.93
2023-02-24 03:00:00,7.3,94.5,11.2,2,4,3,0,0,181.06
2023-02-24 04:00:00,11.5,86.0,10.3,2,4,4,0,0,169.98
2023-02-24 05:00:00,12.9,82.0,9.3,2,4,5,0,0,159.03
2023-02-24 06:00:00,15.5,60.3,3.6,2,4,6,0,0,144.32
2023-02-24 07:00:00,18.6,77.6,4.8,2,4,7,0,0,150.55
2023-02-24 08:00:00,13.5,74.7,40.0,2,4,8,0,0,135.67
2023-02-24 09:00:00,17.2,81.2,6.5,2,4,9,0,0,190.66
2023-02-24 10:00:00,17.5,73.8,2.5,2,4,10,0,0,194.35
2023-02-24 11:00:00,19.4,70.2,20.3,2,4,11,0,0,159.73
2023-02-24 12:00:00,19.2,72.3,3.5,2,4,12,0,0,170.93
2023-02-24 13:00:00,17.9,56.6,6.1,2,4,13,0,0,141.38
2023-02-24 14:00:00,17.2,65.3,4.6,2,4,14,0,0,170.55
2023-02-24 15:00:00,15.0,75.5,28.6,2,4,15,0,0,152.52
2023-02-24 16:00:00,18.2,80.0,5.8,2,4,16,0,0,176.98
2023-02-24 17:00:00,16.0,67.6,11.9,2,4,17,0,0,166.71
2023-02-24 18:00:00,15.6,71.9,9.3,2,4,18,0,0,171.68
2023-02-24 19:00:00,11.8,61.3,2.4,2,4,19,0,0,205.34
2023-02-24 20:00:00,9.9,86.7,5.9,2,4,20,0,0,257.13
2023-02-24 21:00:00,8.0,84.9,6.0,2,4,21,0,0,272.88
2023-02-24 22:00:00,10.1,80.2,38.7,2,4,22,0,0,176.57
2023-02-24 23:00:00,6.8,79.8,15.4,2,4,23,0,0,235.35
2023-02-25 00:00:00,12.7,86.1,17.5,2,5,0,1,0,125.68
2023-02-25 01:00:00,6.5,70.3,5.0,2,5,1,1,0,164.86
2023-02-25 02:00:00,10.2,67.6,5.2,2,5,2,1,0,148.02
2023-02-25 03:00:00,13.6,81.7,7.8,2,5,3,1,0,135.76
2023-02-25 04:00:00,12.7,81.6,10.0,2,5,4,1,0,122.99
2023-02-25 05:00:00,13.0,63.9,12.4,2,5,5,1,0,141.4
2023-02-25 06:00:00,12.0,69.7,15.8,2,5,6,1,0,163.17
2023-02-25 07:00:00,12.5,87.3,18.5,2,5,7,1,0,167.4
2023-02-25 08:00:00,,74.3,2.2,2,5,8,1,0,137.97
2023-02-25 09:00:00,20.5,76.0,14.7,2,5,9,1,0,145.58
2023-02-25 10:00:00,17.4,62.0,9.6,2,5,10,1,0,172.13
2023-02-25 11:00:00,16.5,77.0,8.1,2,5,11,1,0,186.28
2023-02-25 12:00:00,14.1,61.6,9.9,2,5,12,1,0,138.42
2023-02-25 13:00:00,16.8,55.7,19.1,2,5,13,1,0,138.19
2023-02-25 14:00:00,18.1,76.8,8.3,2,5,14,1,0,148.24
2023-02-25 15:00:00,20.7,81.1,3.4,2,5,15,1,0,115.17
2023-02-25 16:00:00,17.8,69.1,6.6,2,5,16,1,0,152.81
2023-02-25 17:00:00,15.9,67.7,22.7,2,5,17,1,0,173.11
2023-02-25 18:00:00,13.2,87.1,15.5,2,5,18,1,0,182.08
2023-02-25 19:00:00,11.5,72.7,3.8,2,5,19,1,0,201.16
2023-02-25 20:00:00,14.3,72.3,12.0,2,5,20,1,0,169.29
2023-02-25 21:00:00,10.8,88.1,4.4,2,5,21,1,0,193.32
2023-02-25 22:00:00,5.4,74.5,5.4,2,5,22,1,0,212.71
2023-02-25 23:00:00,7.8,70.9,7.1,2,5,23,1,0,177.85
2023-02-26 00:00:00,7.5,82.8,6.7,2,6,0,1,0,173.95
2023-02-26 01:00:00,8.3,70.2,2.2,2,6,1,1,0,169.41
2023-02-26 02:00:00,11.0,73.3,13.9,2,6,2,1,0,124.74
2023-02-26 03:00:00,10.5,64.2,17.0,2,6,3,1,0,128.89
2023-02-26 04:00:00,11.6,75.7,8.1,2,6,4,1,0,143.39
2023-02-26 05:00:00,15.5,72.8,3.5,2,6,5,1,0,97.92
2023-02-26 06:00:00,12.8,81.3,4.3,2,6,6,1,0,165.12
2023-02-26 07:00:00,19.2,77.2,3.1,2,6,7,1,0,143.77
2023-02-26 08:00:00,15.4,76.7,3.5,2,6,8,1,0,162.97
2023-02-26 09:00:00,17.9,74.2,18.7,2,6,9,1,0,170.64
2023-02-26 10:00:00,18.0,70.4,7.2,2,6,10,1,0,175.57
2023-02-26 11:00:00,19.3,75.2,2.9,2,6,11,1,0,168.51
2023-02-26 12:00:00,20.1,61.0,4.4,2,6,12,1,0,149.44
2023-02-26 13:00:00,19.9,51.3,25.9,2,6,13,1,0,123.2
2023-02-26 14:00:00,17.0,80.8,7.7,2,6,14,1,0,132.33
2023-02-26 15:00:00,15.5,77.6,7.8,2,6,15,1,0,128.6
2023-02-26 16:00:00,21.7,68.1,8.0,2,6,16,1,0,138.03
2023-02-26 17:00:00,14.5,81.3,2.9,2,6,17,1,0,165.8
2023-02-26 18:00:00,15.6,66.3,30.1,2,6,18,1,0,151.42
2023-02-26 19:00:00,,69.5,2.7,2,6,19,1,0,182.43
2023-02-26 20:00:00,11.2,67.7,11.6,2,6,20,1,0,154.06
2023-02-26 21:00:00,10.4,79.3,2.5,2,6,21,1,0,202.19
2023-02-26 22:00:00,10.8,61.9,6.7,2,6,22,1,0,153.17
2023-02-26 23:00:00,3.9,71.9,20.4,2,6,23,1,0,220.66
2023-02-27 00:00:00,9.8,77.4,13.7,2,0,0,0,0,211.41
2023-02-27 01:00:00,7.3,66.7,5.3,2,0,1,0,0,199.06
2023-02-27 02:00:00,10.8,69.3,8.4,2,0,2,0,0,158.92
2023-02-27 03:00:00,8.8,57.9,3.4,2,0,3,0,0,158.28
2023-02-27 04:00:00,10.2,79.7,27.0,2,0,4,0,0,154.0
2023-02-27 05:00:00,12.6,68.2,11.9,2,0,5,0,0,160.19
2023-02-27 06:00:00,12.3,65.0,5.8,2,0,6,0,0,188.58
2023-02-27 07:00:00,14.8,62.2,5.1,2,0,7,0,0,173.25
2023-02-27 08:00:00,14.6,69.4,4.2,2,0,8,0,0,180.47
2023-02-27 09:00:00,14.3,60.2,14.4,2,0,9,0,0,196.96
2023-02-27 10:00:00,20.8,85.1,6.6,2,0,10,0,0,209.7
2023-02-27 11:00:00,16.7,52.6,5.2,2,0,11,0,0,186.39
2023-02-27 12:00:00,19.1,66.8,20.8,2,0,12,0,0,167.81
2023-02-27 13:00:00,20.8,70.5,3.3,2,0,13,0,0,139.78
2023-02-27 14:00:00,17.6,65.0,4.5,2,0,14,0,0,141.3
2023-02-27 15:00:00,16.3,73.5,5.4,2,0,15,0,0,143.11
2023-02-27 16:00:00,17.4,64.9,4.4,2,0,16,0,0,160.42
2023-02-27 17:00:00,18.0,83.2,9.0,2,0,17,0,0,160.03
2023-02-27 18:00:00,12.1,65.0,9.4,2,0,18,0,0,191.08
2023-02-27 19:00:00,12.9,54.8,2.5,2,0,19,0,0,193.69
2023-02-27 20:00:00,8.5,65.4,3.2,2,0,20,0,0,227.25
2023-02-27 21:00:00,10.1,78.0,3.8,2,0,21,0,0,199.22
2023-02-27 22:00:00,10.2,74.0,2.6,2,0,22,0,0,218.31
2023-02-27 23:00:00,7.9,82.1,3.1,2,0,23,0,0,231.17
2023-02-28 00:00:00,8.8,79.6,4.2,2,1,0,0,0,195.03
2023-02-28 01:00:00,7.0,71.4,5.4,2,1,1,0,0,202.95
2023-02-28 02:00:00,10.5,70.8,14.5,2,1,2,0,0,171.27
2023-02-28 03:00:00,13.3,70.3,4.0,2,1,3,0,0,159.6
2023-02-28 04:00:00,10.0,90.1,10.9,2,1,4,0,0,187.96
2023-02-28 05:00:00,12.2,79.4,2.5,2,1,5,0,0,188.87
2023-02-28 06:00:00,15.7,87.3,10.6,2,1,6,0,0,187.06
2023-02-28 07:00:00,18.4,77.5,14.7,2,1,7,0,0,132.29
2023-02-28 08:00:00,14.2,72.4,9.4,2,1,8,0,0,191.5
2023-02-28 09:00:00,17.9,62.9,3.8,2,1,9,0,0,164.29
2023-02-28 10:00:00,19.6,71.8,5.2,2,1,10,0,0,206.44
2023-02-28 11:00:00,19.3,69.9,15.1,2,1,11,0,0,177.67
2023-02-28 12:00:00,14.7,71.9,6.5,2,1,12,0,0,188.83
2023-02-28 13:00:00,20.5,68.1,4.4,2,1,13,0,0,165.37
2023-02-28 14:00:00,22.1,52.5,23.6,2,1,14,0,0,146.63
2023-02-28 15:00:00,18.5,80.9,10.1,2,1,15,0,0,185.11
2023-02-28 16:00:00,15.1,72.0,15.1,2,1,16,0,0,185.19
2023-02-28 17:00:00,15.0,61.2,2.2,2,1,17,0,0,201.76
2023-02-28 18:00:00,18.2,74.7,5.3,2,1,18,0,0,179.66
2023-02-28 19:00:00,15.2,65.5,6.9,2,1,19,0,0,166.13
2023-02-28 20:00:00,13.5,77.8,9.1,2,1,20,0,0,223.17
2023-02-28 21:00:00,11.9,81.1,3.7,2,1,21,0,0,201.69
2023-02-28 22:00:00,9.0,83.6,7.5,2,1,22,0,0,217.14
2023-02-28 23:00:00,9.5,74.0,11.3,2,1,23,0,0,202.91
2023-03-01 00:00:00,9.8,71.8,5.4,3,2,0,0,0,184.7
2023-03-01 01:00:00,11.2,69.4,11.4,3,2,1,0,0,176.77
2023-03-01 02:00:00,13.6,67.4,5.9,3,2,2,0,0,138.29
2023-03-01 03:00:00,13.6,73.0,7.1,3,2,3,0,0,160.32
2023-03-01 04:00:00,9.6,73.5,3.2,3,2,4,0,0,173.76
2023-03-01 05:00:00,14.1,66.4,10.4,3,2,5,0,0,193.55
2023-03-01 06:00:00,16.4,62.6,4.0,3,2,6,0,0,133.3
2023-03-01 07:00:00,17.5,70.4,16.1,3,2,7,0,0,162.14
2023-03-01 08:00:00,16.2,68.4,8.4,3,2,8,0,0,186.32
2023-03-01 09:00:00,24.3,58.7,8.6,3,2,9,0,0,169.74
2023-03-01 10:00:00,16.7,78.3,21.5,3,2,10,0,0,176.08
2023-03-01 11:00:00,17.6,85.4,3.5,3,2,11,0,0,210.06
2023-03-01 12:00:00,20.4,77.5,8.0,3,2,12,0,0,185.69
2023-03-01 13:00:00,24.0,62.2,5.9,3,2,13,0,0,149.59
2023-03-01 14:00:00,17.6,70.8,29.1,3,2,14,0,0,128.79
2023-03-01 15:00:00,17.9,83.4,14.6,3,2,15,0,0,168.73
2023-03-01 16:00:00,19.6,60.8,13.3,3,2,16,0,0,158.62
2023-03-01 17:00:00,16.2,78.2,3.8,3,2,17,0,0,186.57
2023-03-01 18:00:00,14.3,61.3,4.2,3,2,18,0,0,188.55
2023-03-01 19:00:00,14.8,86.1,2.2,3,2,19,0,0,220.94
2023-03-01 20:00:00,13.0,70.1,10.1,3,2,20,0,0,235.29
2023-03-01 21:00:00,13.5,91.1,5.7,3,2,21,0,0,235.96
2023-03-01 22:00:00,13.2,87.2,5.0,3,2,22,0,0,190.05
2023-03-01 23:00:00,10.7,73.8,10.1,3,2,23,0,0,234.36
2023-03-02 00:00:00,10.8,68.9,16.1,3,3,0,0,0,182.54
2023-03-02 01:00:00,10.8,76.2,3.1,3,3,1,0,0,154.23
2023-03-02 02:00:00,,72.6,22.1,3,3,2,0,0,160.54
2023-03-02 03:00:00,11.8,70.9,2.3,3,3,3,0,0,164.88
2023-03-02 04:00:00,12.7,60.4,2.8,3,3,4,0,0,154.37
2023-03-02 05:00:00,16.3,67.7,16.6,3,3,5,0,0,141.36
2023-03-02 06:00:00,18.2,62.0,7.4,3,3,6,0,0,161.57
2023-03-02 07:00:00,13.5,77.7,24.4,3,3,7,0,0,181.96
2023-03-02 08:00:00,17.7,79.1,7.0,3,3,8,0,0,168.38
2023-03-02 09:00:00,17.3,77.3,22.8,3,3,9,0,0,170.4
2023-03-02 10:00:00,18.9,73.3,4.2,3,3,10,0,0,178.64
2023-03-02 11:00:00,20.8,62.8,9.7,3,3,11,0,0,173.2
2023-03-02 12:00:00,21.5,70.9,43.6,3,3,12,0,0,166.04
2023-03-02 13:00:00,19.8,76.4,5.8,3,3,13,0,0,184.14
2023-03-02 14:00:00,15.7,67.5,2.0,3,3,14,0,0,165.5
2023-03-02 15:00:00,16.8,72.6,2.5,3,3,15,0,0,181.86
2023-03-02 16:00:00,19.5,69.1,17.7,3,3,16,0,0,160.86
2023-03-02 17:00:00,,87.8,7.4,3,3,17,0,0,202.96
2023-03-02 18:00:00,17.6,78.0,8.2,3,3,18,0,0,211.55
2023-03-02 19:00:00,14.9,77.4,14.9,3,3,19,0,0,203.53
2023-03-02 20:00:00,15.3,58.6,15.4,3,3,20,0,0,194.05
2023-03-02 21:00:00,11.2,75.8,7.2,3,3,21,0,0,230.87
2023-03-02 22:00:00,6.7,75.4,17.6,3,3,22,0,0,212.92
2023-03-02 23:00:00,11.2,73.1,7.1,3,3,23,0,0,192.19
2023-03-03 00:00:00,13.0,61.0,11.0,3,4,0,0,0,165.6
2023-03-03 01:00:00,12.4,65.1,2.3,3,4,1,0,0,174.87
2023-03-03 02:00:00,9.8,74.6,3.2,3,4,2,0,0,179.14
2023-03-03 03:00:00,12.1,82.9,17.3,3,4,3,0,0,136.65
2023-03-03 04:00:00,11.9,69.3,5.0,3,4,4,0,0,148.41
2023-03-03 05:00:00,12.5,70.6,5.3,3,4,5,0,0,158.85
2023-03-03 06:00:00,17.3,85.6,10.7,3,4,6,0,0,161.95
2023-03-03 07:00:00,14.3,70.5,9.2,3,4,7,0,0,153.85
2023-03-03 08:00:00,16.1,70.9,2.7,3,4,8,0,0,201.97
2023-03-03 09:00:00,16.8,70.7,13.6,3,4,9,0,0,187.23
2023-03-03 10:00:00,16.8,60.8,9.7,3,4,10,0,0,189.48
2023-03-03 11:00:00,20.5,74.3,17.5,3,4,11,0,0,172.96
2023-03-03 12:00:00,22.7,63.4,8.1,3,4,12,0,0,146.65
2023-03-03 13:00:00,19.9,69.8,6.3,3,4,13,0,0,165.11
2023-03-03 14:00:00,16.7,75.2,5.7,3,4,14,0,0,177.33
2023-03-03 15:00:00,20.6,85.2,2.0,3,4,15,0,0,160.79
2023-03-03 16:00:00,21.3,58.8,2.3,3,4,16,0,0,173.39
2023-03-03 17:00:00,15.4,79.2,3.1,3,4,17,0,0,180.11
2023-03-03 18:00:00,14.5,79.7,23.2,3,4,18,0,0,196.19
2023-03-03 19:00:00,15.2,67.3,19.0,3,4,19,0,0,191.02
2023-03-03 20:00:00,16.2,76.7,7.5,3,4,20,0,0,208.45
2023-03-03 21:00:00,10.9,87.7,3.6,3,4,21,0,0,238.92
2023-03-03 22:00:00,8.4,69.7,3.3,3,4,22,0,0,208.35
2023-03-03 23:00:00,11.9,76.0,4.4,3,4,23,0,0,204.02
2023-03-04 00:00:00,12.3,77.1,21.2,3,5,0,1,0,155.54
2023-03-04 01:00:00,10.9,78.8,7.9,3,5,1,1,0,181.48
2023-03-04 02:00:00,10.2,81.0,15.0,3,5,2,1,0,144.87
2023-03-04 03:00:00,14.1,74.3,7.7,3,5,3,1,0,92.53
2023-03-04 04:00:00,14.2,77.0,9.5,3,5,4,1,0,99.41
2023-03-04 05:00:00,12.8,66.3,9.5,3,5,5,1,0,121.97
2023-03-04 06:00:00,15.8,73.4,2.3,3,5,6,1,0,157.4
2023-03-04 07:00:00,14.3,69.1,6.7,3,5,7,1,0,182.31
2023-03-04 08:00:00,19.5,60.4,18.0,3,5,8,1,0,131.86
2023-03-04 09:00:00,18.7,66.6,7.4,3,5,9,1,0,156.09
2023-03-04 10:00:00,19.1,72.6,6.6,3,5,10,1,0,121.79
2023-03-04 11:00:00,20.4,73.3,8.0,3,5,11,1,0,164.84
2023-03-04 12:00:00,20.8,59.5,5.8,3,5,12,1,0,145.54
2023-03-04 13:00:00,22.3,61.4,7.8,3,5,13,1,0,130.61
2023-03-04 14:00:00,21.2,75.2,3.2,3,5,14,1,0,121.2
2023-03-04 15:00:00,18.9,74.6,29.5,3,5,15,1,0,117.82
2023-03-04 16:00:00,19.7,77.2,2.3,3,5,16,1,0,118.93
2023-03-04 17:00:00,17.8,82.1,7.3,3,5,17,1,0,135.59
2023-03-04 18:00:00,14.8,76.9,3.9,3,5,18,1,0,149.23
2023-03-04 19:00:00,14.1,69.6,2.5,3,5,19,1,0,165.18
2023-03-04 20:00:00,12.9,74.5,10.4,3,5,20,1,0,170.61
2023-03-04 21:00:00,13.1,86.7,35.7,3,5,21,1,0,181.71
2023-03-04 22:00:00,10.6,96.8,13.1,3,5,22,1,0,171.96
2023-03-04 23:00:00,10.1,78.7,4.3,3,5,23,1,0,179.26
2023-03-05 00:00:00,14.9,,7.4,3,6,0,1,0,119.22
2023-03-05 01:00:00,13.0,79.3,2.4,3,6,1,1,0,125.05
2023-03-05 02:00:00,10.1,75.2,8.1,3,6,2,1,0,130.08
2023-03-05 03:00:00,13.5,82.5,2.8,3,6,3,1,0,146.02
2023-03-05 04:00:00,13.7,81.2,14.7,3,6,4,1,0,124.38
2023-03-05 05:00:00,15.4,75.1,2.5,3,6,5,1,0,120.14
2023-03-05 06:00:00,16.2,69.4,2.1,3,6,6,1,0,120.7
2023-03-05 07:00:00,19.6,58.0,17.8,3,6,7,1,0,106.82
2023-03-05 08:00:00,19.1,76.3,24.9,3,6,8,1,0,129.09
2023-03-05 09:00:00,,72.0,2.7,3,6,9,1,0,136.73
2023-03-05 10:00:00,22.3,62.9,4.6,3,6,10,1,0,150.04
2023-03-05 11:00:00,21.2,60.4,12.8,3,6,11,1,0,137.7
2023-03-05 12:00:00,21.2,74.7,8.2,3,6,12,1,0,135.0
2023-03-05 13:00:00,21.4,56.5,25.8,3,6,13,1,0,142.52
2023-03-05 14:00:00,20.1,72.4,5.9,3,6,14,1,0,130.52
2023-03-05 15:00:00,19.5,,2.0,3,6,15,1,0,134.03
2023-03-05 16:00:00,17.2,75.8,2.2,3,6,16,1,0,162.28
2023-03-05 17:00:00,15.7,69.0,8.7,3,6,17,1,0,128.93
2023-03-05 18:00:00,13.9,63.0,13.2,3,6,18,1,0,155.61
2023-03-05 19:00:00,11.8,78.8,14.5,3,6,19,1,0,164.23
2023-03-05 20:00:00,11.7,83.8,21.4,3,6,20,1,0,192.21
2023-03-05 21:00:00,12.0,69.4,4.1,3,6,21,1,0,198.0
2023-03-05 22:00:00,11.8,78.2,12.7,3,6,22,1,0,141.0
2023-03-05 23:00:00,10.5,87.4,16.0,3,6,23,1,0,186.86
2023-03-06 00:00:00,6.5,79.5,16.5,3,0,0,0,0,209.17
2023-03-06 01:00:00,,69.6,6.2,3,0,1,0,0,155.27
2023-03-06 02:00:00,14.0,81.3,9.9,3,0,2,0,0,134.14
2023-03-06 03:00:00,13.5,67.3,8.4,3,0,3,0,0,160.59
2023-03-06 04:00:00,17.5,60.9,9.3,3,0,4,0,0,161.65
2023-03-06 05:00:00,12.9,80.0,4.7,3,0,5,0,0,160.37
2023-03-06 06:00:00,19.9,66.8,11.2,3,0,6,0,0,143.3
2023-03-06 07:00:00,15.5,69.7,11.9,3,0,7,0,0,167.79
2023-03-06 08:00:00,19.1,65.4,3.7,3,0,8,0,0,166.11
2023-03-06 09:00:00,17.2,67.6,6.7,3,0,9,0,0,181.39
2023-03-06 10:00:00,20.5,81.0,6.4,3,0,10,0,0,202.02
2023-03-06 11:00:00,21.8,82.4,13.1,3,0,11,0,0,178.68
2023-03-06 12:00:00,20.9,83.9,10.8,3,0,12,0,0,177.67
2023-03-06 13:00:00,22.4,77.5,7.2,3,0,13,0,0,195.04
2023-03-06 14:00:00,20.7,73.4,10.5,3,0,14,0,0,178.68
2023-03-06 15:00:00,18.7,59.2,4.4,3,0,15,0,0,140.71
2023-03-06 16:00:00,17.5,69.7,4.1,3,0,16,0,0,190.75
2023-03-06 17:00:00,19.1,87.7,4.2,3,0,17,0,0,195.04
2023-03-06 18:00:00,14.9,69.1,2.2,3,0,18,0,0,214.03
2023-03-06 19:00:00,16.7,83.8,11.4,3,0,19,0,0,187.35
2023-03-06 20:00:00,16.1,72.4,36.1,3,0,20,0,0,190.51
2023-03-06 21:00:00,9.3,53.9,5.0,3,0,21,0,0,218.47
2023-03-06 22:00:00,14.1,78.1,23.3,3,0,22,0,0,188.45
2023-03-06 23:00:00,15.5,82.4,9.5,3,0,23,0,0,204.94
2023-03-07 00:00:00,11.9,73.6,4.0,3,1,0,0,0,176.06
2023-03-07 01:00:00,12.8,83.5,2.1,3,1,1,0,0,142.28
2023-03-07 02:00:00,14.2,59.6,12.3,3,1,2,0,0,138.84
2023-03-07 03:00:00,12.3,62.7,11.5,3,1,3,0,0,141.66
2023-03-07 04:00:00,14.3,74.5,4.1,3,1,4,0,0,179.72
2023-03-07 05:00:00,12.5,77.6,5.2,3,1,5,0,0,155.22
2023-03-07 06:00:00,16.7,82.5,20.3,3,1,6,0,0,148.11
2023-03-07 07:00:00,18.7,75.8,3.4,3,1,7,0,0,160.19
2023-03-07 08:00:00,20.0,60.5,16.4,3,1,8,0,0,187.28
2023-03-07 09:00:00,22.1,70.7,3.5,3,1,9,0,0,195.12
2023-03-07 10:00:00,19.2,75.2,7.3,3,1,10,0,0,194.37
2023-03-07 11:00:00,20.2,54.9,7.5,3,1,11,0,0,178.5
2023-03-07 12:00:00,25.2,67.0,7.1,3,1,12,0,0,175.57
2023-03-07 13:00:00,20.9,66.8,4.7,3,1,13,0,0,163.94
2023-03-07 14:00:00,21.2,64.2,4.3,3,1,14,0,0,187.6
2023-03-07 15:00:00,19.8,74.1,12.6,3,1,15,0,0,136.2
2023-03-07 16:00:00,17.3,62.2,4.6,3,1,16,0,0,121.2
2023-03-07 17:00:00,21.0,72.9,9.5,3,1,17,0,0,172.06
2023-03-07 18:00:00,15.4,76.8,17.0,3,1,18,0,0,205.86
2023-03-07 19:00:00,12.9,82.2,16.5,3,1,19,0,0,210.33
2023-03-07 20:00:00,13.0,64.5,3.5,3,1,20,0,0,183.09
2023-03-07 21:00:00,8.9,63.5,10.5,3,1,21,0,0,238.32
2023-03-07 22:00:00,10.8,76.8,9.4,3,1,22,0,0,193.08
2023-03-07 23:00:00,9.7,72.9,4.7,3,1,23,0,0,186.38
2023-03-08 00:00:00,12.9,96.8,6.0,3,2,0,0,1,130.56
2023-03-08 01:00:00,10.5,78.4,4.7,3,2,1,0,1,123.02
2023-03-08 02:00:00,14.1,73.4,8.2,3,2,2,0,1,123.89
2023-03-08 03:00:00,15.9,70.7,15.0,3,2,3,0,1,98.24
2023-03-08 04:00:00,15.7,62.4,18.8,3,2,4,0,1,86.86
2023-03-08 05:00:00,14.9,77.0,12.3,3,2,5,0,1,159.3
2023-03-08 06:00:00,17.0,70.9,7.3,3,2,6,0,1,118.59
2023-03-08 07:00:00,14.9,71.9,27.4,3,2,7,0,1,133.24
2023-03-08 08:00:00,18.9,71.3,8.6,3,2,8,0,1,165.1
2023-03-08 09:00:00,18.5,72.5,7.2,3,2,9,0,1,162.66
2023-03-08 10:00:00,22.4,54.9,17.5,3,2,10,0,1,171.32
2023-03-08 11:00:00,26.6,73.4,3.6,3,2,11,0,1,146.62
2023-03-08 12:00:00,22.7,61.9,3.4,3,2,12,0,1,155.91
2023-03-08 13:00:00,17.5,,14.2,3,2,13,0,1,141.14
2023-03-08 14:00:00,20.3,80.1,18.4,3,2,14,0,1,140.04
2023-03-08 15:00:00,20.5,84.0,2.6,3,2,15,0,1,145.24
2023-03-08 16:00:00,19.3,56.7,13.6,3,2,16,0,1,111.17
2023-03-08 17:00:00,16.5,72.0,6.4,3,2,17,0,1,186.34
2023-03-08 18:00:00,17.2,73.6,11.7,3,2,18,0,1,117.43
2023-03-08 19:00:00,12.9,61.5,3.2,3,2,19,0,1,164.94
2023-03-08 20:00:00,12.3,80.3,30.9,3,2,20,0,1,187.46
2023-03-08 21:00:00,14.4,73.7,19.0,3,2,21,0,1,171.59
2023-03-08 22:00:00,10.3,76.4,6.2,3,2,22,0,1,185.27
2023-03-08 23:00:00,12.9,66.2,19.9,3,2,23,0,1,159.25
2023-03-09 00:00:00,9.2,78.7,20.0,3,3,0,0,0,170.53
2023-03-09 01:00:00,15.6,78.9,6.9,3,3,1,0,0,165.83
2023-03-09 02:00:00,11.0,75.5,25.5,3,3,2,0,0,155.33
2023-03-09 03:00:00,12.9,69.4,32.1,3,3,3,0,0,161.36
2023-03-09 04:00:00,15.1,69.0,4.0,3,3,4,0,0,143.78
2023-03-09 05:00:00,14.5,74.5,2.6,3,3,5,0,0,166.35
2023-03-09 06:00:00,17.2,71.8,5.2,3,3,6,0,0,166.79
2023-03-09 07:00:00,19.4,77.6,7.4,3,3,7,0,0,176.92
2023-03-09 08:00:00,21.3,65.5,2.8,3,3,8,0,0,171.24
2023-03-09 09:00:00,22.0,59.2,3.2,3,3,9,0,0,173.12
2023-03-09 10:00:00,20.9,72.4,30.5,3,3,10,0,0,160.09
2023-03-09 11:00:00,21.5,65.4,12.7,3,3,11,0,0,182.12
2023-03-09 12:00:00,26.6,73.0,18.6,3,3,12,0,0,142.66
2023-03-09 13:00:00,23.7,68.2,30.4,3,3,13,0,0,155.43
2023-03-09 14:00:00,19.4,75.5,5.8,3,3,14,0,0,166.69
2023-03-09 15:00:00,20.7,61.6,11.3,3,3,15,0,0,179.44
2023-03-09 16:00:00,18.8,71.8,3.6,3,3,16,0,0,153.19
2023-03-09 17:00:00,17.9,65.4,8.4,3,3,17,0,0,170.4
2023-03-09 18:00:00,14.5,63.0,3.9,3,3,18,0,0,192.81
2023-03-09 19:00:00,14.8,65.7,3.4,3,3,19,0,0,184.66
2023-03-09 20:00:00,18.0,66.6,2.8,3,3,20,0,0,197.4
2023-03-09 21:00:00,14.5,82.7,8.9,3,3,21,0,0,184.4
2023-03-09 22:00:00,7.6,71.6,25.9,3,3,22,0,0,233.98
2023-03-09 23:00:00,14.5,62.6,3.0,3,3,23,0,0,188.06
2023-03-10 00:00:00,14.4,73.9,7.6,3,4,0,0,0,167.96
2023-03-10 01:00:00,11.6,74.4,11.3,3,4,1,0,0,156.89
2023-03-10 02:00:00,14.3,68.9,7.5,3,4,2,0,0,170.47
2023-03-10 03:00:00,11.9,72.7,21.4,3,4,3,0,0,135.3
2023-03-10 04:00:00,13.7,80.9,3.5,3,4,4,0,0,158.06
2023-03-10 05:00:00,18.9,75.9,2.2,3,4,5,0,0,130.76
2023-03-10 06:00:00,16.6,76.4,5.9,3,4,6,0,0,156.99
2023-03-10 07:00:00,14.7,63.2,8.5,3,4,7,0,0,189.01
2023-03-10 08:00:00,19.5,93.3,4.3,3,4,8,0,0,186.72
2023-03-10 09:00:00,20.6,78.1,3.5,3,4,9,0,0,169.66
2023-03-10 10:00:00,23.9,72.2,15.1,3,4,10,0,0,172.15
2023-03-10 11:00:00,22.0,59.7,3.7,3,4,11,0,0,171.84
2023-03-10 12:00:00,21.3,76.9,6.7,3,4,12,0,0,160.54
2023-03-10 13:00:00,24.1,63.9,26.7,3,4,13,0,0,155.84
2023-03-10 14:00:00,21.7,67.6,9.6,3,4,14,0,0,187.75
2023-03-10 15:00:00,19.2,56.9,7.5,3,4,15,0,0,144.96
2023-03-10 16:00:00,22.0,59.1,5.6,3,4,16,0,0,184.63
2023-03-10 17:00:00,18.9,74.1,7.9,3,4,17,0,0,168.75
2023-03-10 18:00:00,17.2,79.5,12.6,3,4,18,0,0,187.44
2023-03-10 19:00:00,16.2,77.4,15.8,3,4,19,0,0,197.81
2023-03-10 20:00:00,12.5,78.9,10.4,3,4,20,0,0,190.43
2023-03-10 21:00:00,12.6,73.2,14.5,3,4,21,0,0,213.99
2023-03-10 22:00:00,12.9,70.3,2.7,3,4,22,0,0,163.42
2023-03-10 23:00:00,12.0,76.3,2.1,3,4,23,0,0,198.18
2023-03-11 00:00:00,15.0,79.1,12.6,3,5,0,1,0,135.71
2023-03-11 01:00:00,13.0,73.5,4.4,3,5,1,1,0,114.78
2023-03-11 02:00:00,14.8,82.3,18.8,3,5,2,1,0,121.53
2023-03-11 03:00:00,13.9,71.3,8.1,3,5,3,1,0,119.35
2023-03-11 04:00:00,17.0,63.6,7.2,3,5,4,1,0,112.01
2023-03-11 05:00:00,16.9,71.5,13.9,3,5,5,1,0,117.96
2023-03-11 06:00:00,17.5,72.1,12.8,3,5,6,1,0,119.12
2023-03-11 07:00:00,18.7,70.0,11.7,3,5,7,1,0,136.02
2023-03-11 08:00:00,18.0,81.2,11.4,3,5,8,1,0,162.95
2023-03-11 09:00:00,22.0,75.5,7.8,3,5,9,1,0,151.41
2023-03-11 10:00:00,21.7,57.7,22.9,3,5,10,1,0,145.1
2023-03-11 11:00:00,21.3,81.6,19.7,3,5,11,1,0,160.99
2023-03-11 12:00:00,24.6,45.7,5.2,3,5,12,1,0,175.13
2023-03-11 13:00:00,19.8,87.3,15.1,3,5,13,1,0,136.86
2023-03-11 14:00:00,20.9,67.2,19.7,3,5,14,1,0,99.57
2023-03-11 15:00:00,23.0,67.0,9.7,3,5,15,1,0,115.13
2023-03-11 16:00:00,20.6,69.2,8.5,3,5,16,1,0,141.83
2023-03-11 17:00:00,18.6,73.8,10.9,3,5,17,1,0,165.25
2023-03-11 18:00:00,17.9,71.0,3.4,3,5,18,1,0,143.82
2023-03-11 19:00:00,16.5,70.7,2.7,3,5,19,1,0,172.07
2023-03-11 20:00:00,11.9,84.5,15.7,3,5,20,1,0,193.3
2023-03-11 21:00:00,13.2,77.9,8.8,3,5,21,1,0,172.11
2023-03-11 22:00:00,16.3,64.2,3.0,3,5,22,1,0,183.04
2023-03-11 23:00:00,11.3,80.3,6.3,3,5,23,1,0,190.1
2023-03-12 00:00:00,12.0,78.2,4.8,3,6,0,1,0,154.46
2023-03-12 01:00:00,11.8,69.8,18.7,3,6,1,1,0,129.31
2023-03-12 02:00:00,13.2,79.7,7.7,3,6,2,1,0,146.24
2023-03-12 03:00:00,13.0,72.2,8.9,3,6,3,1,0,135.33
2023-03-12 04:00:00,16.2,70.1,4.1,3,6,4,1,0,113.63
2023-03-12 05:00:00,16.8,69.6,14.8,3,6,5,1,0,134.02
2023-03-12 06:00:00,19.2,51.0,23.3,3,6,6,1,0,118.67
2023-03-12 07:00:00,16.9,67.3,14.6,3,6,7,1,0,111.6
2023-03-12 08:00:00,19.5,76.0,7.4,3,6,8,1,0,133.06
2023-03-12 09:00:00,20.8,69.4,16.4,3,6,9,1,0,129.31
2023-03-12 10:00:00,22.9,58.3,3.7,3,6,10,1,0,171.28
2023-03-12 11:00:00,20.9,77.3,3.0,3,6,11,1,0,147.92
2023-03-12 12:00:00,24.5,65.4,6.6,3,6,12,1,0,155.5
2023-03-12 13:00:00,24.9,57.8,3.6,3,6,13,1,0,170.02
2023-03-12 14:00:00,20.0,87.6,4.4,3,6,14,1,0,151.47
2023-03-12 15:00:00,20.2,61.5,9.0,3,6,15,1,0,121.48
2023-03-12 16:00:00,19.1,77.5,6.1,3,6,16,1,0,126.84
2023-03-12 17:00:00,24.2,61.7,18.1,3,6,17,1,0,129.2
2023-03-12 18:00:00,16.8,72.7,4.0,3,6,18,1,0,145.33
2023-03-12 19:00:00,19.7,62.9,47.9,3,6,19,1,0,124.31
2023-03-12 20:00:00,12.7,63.8,5.6,3,6,20,1,0,176.12
2023-03-12 21:00:00,12.2,78.1,7.8,3,6,21,1,0,196.97
2023-03-12 22:00:00,12.0,77.3,3.1,3,6,22,1,0,173.15
2023-03-12 23:00:00,11.2,83.6,8.9,3,6,23,1,0,169.57
2023-03-13 00:00:00,12.4,73.5,28.0,3,0,0,0,0,166.61
2023-03-13 01:00:00,11.7,91.9,13.1,3,0,1,0,0,181.37
2023-03-13 02:00:00,12.0,76.2,4.2,3,0,2,0,0,134.29
2023-03-13 03:00:00,16.7,76.2,6.7,3,0,3,0,0,115.69
2023-03-13 04:00:00,17.9,60.2,6.4,3,0,4,0,0,130.96
2023-03-13 05:00:00,18.5,65.8,2.8,3,0,5,0,0,128.78
2023-03-13 06:00:00,19.0,74.7,19.4,3,0,6,0,0,160.37
2023-03-13 07:00:00,19.4,69.6,5.8,3,0,7,0,0,154.7
2023-03-13 08:00:00,19.4,71.8,7.5,3,0,8,0,0,198.72
2023-03-13 09:00:00,19.6,63.7,4.8,3,0,9,0,0,172.14
2023-03-13 10:00:00,23.0,69.5,3.3,3,0,10,0,0,189.02
2023-03-13 11:00:00,20.4,70.7,20.6,3,0,11,0,0,163.01
2023-03-13 12:00:00,21.0,60.1,2.3,3,0,12,0,0,177.67
2023-03-13 13:00:00,25.1,72.6,6.1,3,0,13,0,0,173.58
2023-03-13 14:00:00,26.1,53.4,12.5,3,0,14,0,0,166.73
2023-03-13 15:00:00,22.3,70.3,5.0,3,0,15,0,0,154.7
2023-03-13 16:00:00,22.7,82.8,6.7,3,0,16,0,0,181.39
2023-03-13 17:00:00,,76.1,8.6,3,0,17,0,0,173.69
2023-03-13 18:00:00,15.3,77.8,44.5,3,0,18,0,0,162.03
2023-03-13 19:00:00,17.9,63.9,13.4,3,0,19,0,0,177.51
2023-03-13 20:00:00,16.6,85.9,29.3,3,0,20,0,0,204.38
2023-03-13 21:00:00,14.5,83.7,11.5,3,0,21,0,0,222.54
2023-03-13 22:00:00,13.1,66.7,4.5,3,0,22,0,0,179.87
2023-03-13 23:00:00,15.0,68.7,4.7,3,0,23,0,0,189.63
2023-03-14 00:00:00,11.2,84.4,15.8,3,1,0,0,0,152.65
2023-03-14 01:00:00,11.8,88.5,6.5,3,1,1,0,0,162.82
2023-03-14 02:00:00,11.9,64.0,5.7,3,1,2,0,0,166.8
2023-03-14 03:00:00,14.8,64.6,25.2,3,1,3,0,0,121.96
2023-03-14 04:00:00,13.5,72.1,2.1,3,1,4,0,0,178.22
2023-03-14 05:00:00,15.5,54.9,8.0,3,1,5,0,0,156.25
2023-03-14 06:00:00,16.8,71.8,13.9,3,1,6,0,0,136.2
2023-03-14 07:00:00,19.0,80.0,12.7,3,1,7,0,0,171.83
2023-03-14 08:00:00,17.7,59.6,5.7,3,1,8,0,0,152.14
2023-03-14 09:00:00,21.9,70.1,8.1,3,1,9,0,0,178.26
2023-03-14 10:00:00,25.0,62.8,2.0,3,1,10,0,0,198.23
2023-03-14 11:00:00,23.3,81.5,8.1,3,1,11,0,0,192.91
2023-03-14 12:00:00,26.3,62.3,9.1,3,1,12,0,0,170.61
2023-03-14 13:00:00,25.7,79.3,18.6,3,1,13,0,0,157.56
2023-03-14 14:00:00,24.1,63.2,3.9,3,1,14,0,0,140.23
2023-03-14 15:00:00,21.9,75.2,16.0,3,1,15,0,0,155.41
2023-03-14 16:00:00,20.7,71.6,12.1,3,1,16,0,0,168.64
2023-03-14 17:00:00,21.0,68.4,10.8,3,1,17,0,0,194.39
2023-03-14 18:00:00,17.4,65.0,6.0,3,1,18,0,0,174.17
2023-03-14 19:00:00,13.1,76.0,5.7,3,1,19,0,0,222.61
2023-03-14 20:00:00,16.7,68.1,11.7,3,1,20,0,0,208.12
2023-03-14 21:00:00,12.4,68.3,39.0,3,1,21,0,0,187.17
2023-03-14 22:00:00,11.9,85.8,6.2,3,1,22,0,0,218.03
2023-03-14 23:00:00,13.4,77.7,22.1,3,1,23,0,0,166.65
2023-03-15 00:00:00,13.3,78.5,9.1,3,2,0,0,0,170.47
2023-03-15 01:00:00,10.8,71.5,18.2,3,2,1,0,0,163.4
2023-03-15 02:00:00,14.5,71.3,4.0,3,2,2,0,0,157.65
2023-03-15 03:00:00,16.9,69.6,13.5,3,2,3,0,0,143.67
2023-03-15 04:00:00,13.7,75.8,16.4,3,2,4,0,0,141.54
2023-03-15 05:00:00,19.7,75.3,16.3,3,2,5,0,0,139.81
2023-03-15 06:00:00,,,14.3,3,2,6,0,0,156.23
2023-03-15 07:00:00,24.0,61.7,4.9,3,2,7,0,0,142.72
2023-03-15 08:00:00,20.1,76.0,7.9,3,2,8,0,0,166.5
2023-03-15 09:00:00,22.3,69.1,4.9,3,2,9,0,0,170.9
2023-03-15 10:00:00,19.0,59.0,5.4,3,2,10,0,0,165.31
2023-03-15 11:00:00,23.2,51.3,4.9,3,2,11,0,0,162.72
2023-03-15 12:00:00,23.9,70.4,4.7,3,2,12,0,0,169.04
2023-03-15 13:00:00,23.1,61.8,11.5,3,2,13,0,0,158.77
2023-03-15 14:00:00,21.7,72.6,10.4,3,2,14,0,0,137.46
2023-03-15 15:00:00,20.1,63.7,3.8,3,2,15,0,0,174.2
2023-03-15 16:00:00,23.2,69.5,11.4,3,2,16,0,0,165.45
2023-03-15 17:00:00,19.8,67.1,4.8,3,2,17,0,0,165.72
2023-03-15 18:00:00,21.5,83.2,3.8,3,2,18,0,0,164.11
2023-03-15 19:00:00,16.1,79.5,13.0,3,2,19,0,0,193.16
2023-03-15 20:00:00,15.1,83.2,5.6,3,2,20,0,0,205.03
2023-03-15 21:00:00,16.5,71.9,8.7,3,2,21,0,0,178.73
2023-03-15 22:00:00,10.9,81.1,3.8,3,2,22,0,0,195.21
2023-03-15 23:00:00,11.2,75.1,9.6,3,2,23,0,0,206.4
2023-03-16 00:00:00,15.9,83.8,3.9,3,3,0,0,0,156.14
2023-03-16 01:00:00,11.5,73.7,3.5,3,3,1,0,0,183.89
2023-03-16 02:00:00,10.7,63.4,5.9,3,3,2,0,0,164.93
2023-03-16 03:00:00,18.9,54.6,14.5,3,3,3,0,0,137.85
2023-03-16 04:00:00,13.4,86.6,3.6,3,3,4,0,0,171.06
2023-03-16 05:00:00,17.8,74.9,3.0,3,3,5,0,0,156.61
2023-03-16 06:00:00,18.8,74.9,2.3,3,3,6,0,0,174.14
2023-03-16 07:00:00,14.4,84.7,6.3,3,3,7,0,0,180.31
2023-03-16 08:00:00,20.7,56.4,4.7,3,3,8,0,0,144.94
2023-03-16 09:00:00,23.1,65.6,4.8,3,3,9,0,0,158.84
2023-03-16 10:00:00,23.7,66.2,34.1,3,3,10,0,0,158.74
2023-03-16 11:00:00,25.3,73.3,3.7,3,3,11,0,0,195.52
2023-03-16 12:00:00,22.9,63.0,6.9,3,3,12,0,0,162.87
2023-03-16 13:00:00,25.0,57.9,36.4,3,3,13,0,0,149.3
2023-03-16 14:00:00,21.7,59.5,2.2,3,3,14,0,0,164.29
2023-03-16 15:00:00,19.4,79.5,11.5,3,3,15,0,0,160.27
2023-03-16 16:00:00,18.6,64.8,5.7,3,3,16,0,0,125.81
2023-03-16 17:00:00,17.1,67.0,20.9,3,3,17,0,0,145.95
2023-03-16 18:00:00,20.7,74.7,21.4,3,3,18,0,0,197.86
2023-03-16 19:00:00,14.4,67.2,5.9,3,3,19,0,0,206.89
2023-03-16 20:00:00,16.8,58.0,4.0,3,3,20,0,0,156.77
2023-03-16 21:00:00,14.6,60.0,6.5,3,3,21,0,0,199.65
2023-03-16 22:00:00,14.2,72.5,28.9,3,3,22,0,0,208.9
2023-03-16 23:00:00,16.6,75.7,4.6,3,3,23,0,0,179.74
2023-03-17 00:00:00,13.1,71.8,33.8,3,4,0,0,0,153.65
2023-03-17 01:00:00,15.4,75.8,15.7,3,4,1,0,0,121.35
2023-03-17 02:00:00,14.7,59.7,4.5,3,4,2,0,0,142.25
2023-03-17 03:00:00,15.1,60.1,14.5,3,4,3,0,0,112.98
2023-03-17 04:00:00,21.1,87.5,2.4,3,4,4,0,0,124.61
2023-03-17 05:00:00,14.8,82.5,8.4,3,4,5,0,0,135.97
2023-03-17 06:00:00,21.5,75.4,5.5,3,4,6,0,0,178.56
2023-03-17 07:00:00,21.6,63.9,6.5,3,4,7,0,0,168.95
2023-03-17 08:00:00,20.5,67.8,7.1,3,4,8,0,0,190.68
2023-03-17 09:00:00,25.8,67.1,7.6,3,4,9,0,0,161.28
2023-03-17 10:00:00,19.6,80.7,10.5,3,4,10,0,0,188.2
2023-03-17 11:00:00,22.8,71.8,11.5,3,4,11,0,0,162.27
2023-03-17 12:00:00,21.6,73.4,31.7,3,4,12,0,0,145.9
2023-03-17 13:00:00,24.6,66.3,13.5,3,4,13,0,0,166.74
2023-03-17 14:00:00,21.1,75.8,11.3,3,4,14,0,0,159.49
2023-03-17 15:00:00,23.4,70.7,6.0,3,4,15,0,0,161.06
2023-03-17 16:00:00,21.1,69.8,3.0,3,4,16,0,0,141.55
2023-03-17 17:00:00,19.3,64.4,2.5,3,4,17,0,0,169.86
2023-03-17 18:00:00,19.7,69.2,7.2,3,4,18,0,0,182.93
2023-03-17 19:00:00,17.1,62.8,10.8,3,4,19,0,0,179.51
2023-03-17 20:00:00,14.3,72.5,10.4,3,4,20,0,0,202.34
2023-03-17 21:00:00,21.0,70.2,26.4,3,4,21,0,0,153.69
2023-03-17 22:00:00,13.7,53.9,5.9,3,4,22,0,0,157.55
2023-03-17 23:00:00,9.7,73.3,9.9,3,4,23,0,0,232.95
2023-03-18 00:00:00,12.5,64.3,19.5,3,5,0,1,0,138.49
2023-03-18 01:00:00,11.9,78.1,6.1,3,5,1,1,0,138.53
2023-03-18 02:00:00,16.5,76.8,7.2,3,5,2,1,0,131.21
2023-03-18 03:00:00,16.3,68.4,22.5,3,5,3,1,0,94.31
2023-03-18 04:00:00,17.5,75.6,8.4,3,5,4,1,0,117.84
2023-03-18 05:00:00,17.2,76.1,14.9,3,5,5,1,0,136.97
2023-03-18 06:00:00,18.7,68.8,23.9,3,5,6,1,0,102.49
2023-03-18 07:00:00,19.8,82.4,8.8,3,5,7,1,0,131.22
2023-03-18 08:00:00,21.6,63.4,2.9,3,5,8,1,0,124.22
2023-03-18 09:00:00,24.4,79.6,15.8,3,5,9,1,0,166.23
2023-03-18 10:00:00,24.2,66.1,15.6,3,5,10,1,0,156.29
2023-03-18 11:00:00,25.1,60.7,3.0,3,5,11,1,0,173.11
2023-03-18 12:00:00,25.2,64.6,8.4,3,5,12,1,0,158.65
2023-03-18 13:00:00,25.8,58.3,7.3,3,5,13,1,0,133.38
2023-03-18 14:00:00,24.1,74.2,17.0,3,5,14,1,0,135.55
2023-03-18 15:00:00,23.5,55.4,4.6,3,5,15,1,0,134.29
2023-03-18 16:00:00,24.1,79.1,6.4,3,5,16,1,0,148.35
2023-03-18 17:00:00,19.2,62.9,9.4,3,5,17,1,0,161.18
2023-03-18 18:00:00,17.5,77.9,7.8,3,5,18,1,0,142.41
2023-03-18 19:00:00,15.6,72.4,26.8,3,5,19,1,0,135.84
2023-03-18 20:00:00,17.1,73.6,27.9,3,5,20,1,0,148.4
2023-03-18 21:00:00,12.0,69.3,2.7,3,5,21,1,0,196.92
2023-03-18 22:00:00,15.8,74.9,4.8,3,5,22,1,0,170.08
2023-03-18 23:00:00,14.2,74.0,2.1,3,5,23,1,0,150.92
2023-03-19 00:00:00,16.8,60.0,6.3,3,6,0,1,0,121.14
2023-03-19 01:00:00,13.3,65.6,10.7,3,6,1,1,0,118.59
2023-03-19 02:00:00,14.7,68.3,7.1,3,6,2,1,0,120.85
2023-03-19 03:00:00,18.2,64.9,2.6,3,6,3,1,0,101.46
2023-03-19 04:00:00,19.7,80.1,3.7,3,6,4,1,0,140.67
2023-03-19 05:00:00,16.8,71.6,3.5,3,6,5,1,0,145.45
2023-03-19 06:00:00,19.8,63.8,7.7,3,6,6,1,0,134.87
2023-03-19 07:00:00,21.4,65.4,11.1,3,6,7,1,0,131.69
2023-03-19 08:00:00,22.7,64.6,5.0,3,6,8,1,0,161.4
2023-03-19 09:00:00,22.5,66.4,3.1,3,6,9,1,0,156.17
2023-03-19 10:00:00,26.4,58.2,14.8,3,6,10,1,0,157.22
2023-03-19 11:00:00,20.5,63.2,17.6,3,6,11,1,0,121.24
2023-03-19 12:00:00,23.6,74.3,4.6,3,6,12,1,0,152.79
2023-03-19 13:00:00,25.2,68.9,6.4,3,6,13,1,0,120.51
2023-03-19 14:00:00,24.7,66.4,2.7,3,6,14,1,0,128.91
2023-03-19 15:00:00,25.7,67.2,4.1,3,6,15,1,0,137.19
2023-03-19 16:00:00,24.4,67.4,13.7,3,6,16,1,0,117.09
2023-03-19 17:00:00,20.2,68.2,5.6,3,6,17,1,0,148.69
2023-03-19 18:00:00,22.1,73.1,9.4,3,6,18,1,0,167.27
2023-03-19 19:00:00,16.8,75.2,25.4,3,6,19,1,0,148.76
2023-03-19 20:00:00,18.8,58.0,12.3,3,6,20,1,0,165.51
2023-03-19 21:00:00,19.6,69.2,6.8,3,6,21,1,0,145.41
2023-03-19 22:00:00,17.6,59.2,5.7,3,6,22,1,0,136.55
2023-03-19 23:00:00,14.9,77.7,3.7,3,6,23,1,0,161.81
2023-03-20 00:00:00,14.1,79.1,13.3,3,0,0,0,0,171.98
2023-03-20 01:00:00,11.9,69.2,3.0,3,0,1,0,0,145.24
2023-03-20 02:00:00,16.0,71.0,2.5,3,0,2,0,0,177.05
2023-03-20 03:00:00,14.0,56.1,2.9,3,0,3,0,0,139.1
2023-03-20 04:00:00,15.7,80.0,4.2,3,0,4,0,0,152.73
2023-03-20 05:00:00,16.1,77.6,9.9,3,0,5,0,0,143.33
2023-03-20 06:00:00,18.8,79.8,17.8,3,0,6,0,0,145.86
2023-03-20 07:00:00,21.0,81.4,41.3,3,0,7,0,0,168.85
2023-03-20 08:00:00,22.8,58.8,12.5,3,0,8,0,0,186.44
2023-03-20 09:00:00,22.1,76.1,3.3,3,0,9,0,0,157.69
2023-03-20 10:00:00,26.2,78.7,4.6,3,0,10,0,0,182.25
2023-03-20 11:00:00,24.2,56.0,3.1,3,0,11,0,0,222.11
2023-03-20 12:00:00,23.2,67.0,3.0,3,0,12,0,0,165.68
2023-03-20 13:00:00,25.0,64.6,8.7,3,0,13,0,0,168.47
2023-03-20 14:00:00,28.0,72.8,21.0,3,0,14,0,0,176.91
2023-03-20 15:00:00,23.9,48.9,11.2,3,0,15,0,0,160.87
2023-03-20 16:00:00,,83.8,14.9,3,0,16,0,0,116.22
2023-03-20 17:00:00,18.0,70.1,7.7,3,0,17,0,0,174.29
2023-03-20 18:00:00,19.3,77.7,7.2,3,0,18,0,0,207.05
2023-03-20 19:00:00,18.9,70.1,24.2,3,0,19,0,0,182.05
2023-03-20 20:00:00,16.5,75.7,12.2,3,0,20,0,0,183.63
2023-03-20 21:00:00,12.9,55.0,6.9,3,0,21,0,0,188.82
2023-03-20 22:00:00,13.7,70.1,5.2,3,0,22,0,0,191.86
2023-03-20 23:00:00,17.8,77.9,2.8,3,0,23,0,0,184.45
2023-03-21 00:00:00,17.9,73.4,15.8,3,1,0,0,0,190.25
2023-03-21 01:00:00,13.4,60.2,3.5,3,1,1,0,0,153.35
2023-03-21 02:00:00,17.0,72.0,7.8,3,1,2,0,0,149.7
2023-03-21 03:00:00,14.1,66.4,10.1,3,1,3,0,0,122.33
2023-03-21 04:00:00,20.3,62.6,12.9,3,1,4,0,0,105.45
2023-03-21 05:00:00,19.2,58.2,2.7,3,1,5,0,0,134.82
2023-03-21 06:00:00,21.9,74.0,2.1,3,1,6,0,0,160.41
2023-03-21 07:00:00,17.9,80.0,11.8,3,1,7,0,0,163.11
2023-03-21 08:00:00,23.9,85.0,6.8,3,1,8,0,0,176.06
2023-03-21 09:00:00,23.5,56.4,3.6,3,1,9,0,0,172.85
2023-03-21 10:00:00,26.0,73.1,34.2,3,1,10,0,0,173.47
2023-03-21 11:00:00,26.7,73.3,14.5,3,1,11,0,0,177.22
2023-03-21 12:00:00,25.1,62.8,8.9,3,1,12,0,0,149.8
2023-03-21 13:00:00,23.6,60.8,11.7,3,1,13,0,0,135.53
2023-03-21 14:00:00,25.9,58.4,3.3,3,1,14,0,0,179.51
2023-03-21 15:00:00,23.4,64.1,28.2,3,1,15,0,0,131.35
2023-03-21 16:00:00,20.8,71.2,46.9,3,1,16,0,0,135.43
2023-03-21 17:00:00,19.5,81.2,10.4,3,1,17,0,0,186.69
2023-03-21 18:00:00,17.0,80.3,10.8,3,1,18,0,0,180.05
2023-03-21 19:00:00,17.7,58.2,11.8,3,1,19,0,0,199.71
2023-03-21 20:00:00,19.7,63.8,10.8,3,1,20,0,0,176.76
2023-03-21 21:00:00,16.8,82.0,6.6,3,1,21,0,0,221.63
2023-03-21 22:00:00,14.6,66.8,8.2,3,1,22,0,0,192.26
2023-03-21 23:00:00,16.8,71.2,4.7,3,1,23,0,0,173.41
2023-03-22 00:00:00,13.6,59.6,6.7,3,2,0,0,0,158.2
2023-03-22 01:00:00,15.6,81.4,6.6,3,2,1,0,0,165.66
2023-03-22 02:00:00,15.6,56.9,4.7,3,2,2,0,0,145.96
2023-03-22 03:00:00,18.3,57.7,14.4,3,2,3,0,0,80.7
2023-03-22 04:00:00,14.6,81.1,6.2,3,2,4,0,0,145.86
2023-03-22 05:00:00,17.3,86.7,8.4,3,2,5,0,0,156.43
2023-03-22 06:00:00,17.0,69.2,3.4,3,2,6,0,0,143.42
2023-03-22 07:00:00,21.0,69.1,7.2,3,2,7,0,0,151.86
2023-03-22 08:00:00,25.2,74.7,13.5,3,2,8,0,0,164.7
2023-03-22 09:00:00,22.8,70.9,6.7,3,2,9,0,0,203.26
2023-03-22 10:00:00,23.6,65.2,8.5,3,2,10,0,0,189.84
2023-03-22 11:00:00,26.8,62.7,11.7,3,2,11,0,0,185.21
2023-03-22 12:00:00,27.4,53.8,5.9,3,2,12,0,0,156.16
2023-03-22 13:00:00,24.9,69.4,5.5,3,2,13,0,0,154.75
2023-03-22 14:00:00,26.0,66.3,2.7,3,2,14,0,0,174.7
2023-03-22 15:00:00,21.6,65.7,9.0,3,2,15,0,0,163.22
2023-03-22 16:00:00,25.5,59.2,11.8,3,2,16,0,0,134.38
2023-03-22 17:00:00,25.8,59.9,9.0,3,2,17,0,0,186.23
2023-03-22 18:00:00,21.3,74.3,4.7,3,2,18,0,0,166.44
2023-03-22 19:00:00,14.8,79.7,4.4,3,2,19,0,0,210.33
2023-03-22 20:00:00,16.6,69.1,3.4,3,2,20,0,0,242.2
2023-03-22 21:00:00,17.9,67.6,2.4,3,2,21,0,0,187.21
2023-03-22 22:00:00,15.1,65.6,6.5,3,2,22,0,0,190.19
2023-03-22 23:00:00,18.0,78.5,3.4,3,2,23,0,0,165.51
2023-03-23 00:00:00,16.7,71.9,11.4,3,3,0,0,0,154.05
2023-03-23 01:00:00,14.3,75.8,28.1,3,3,1,0,0,167.86
2023-03-23 02:00:00,16.3,74.7,2.6,3,3,2,0,0,143.82
2023-03-23 03:00:00,15.2,69.9,19.9,3,3,3,0,0,133.28
2023-03-23 04:00:00,17.7,61.9,10.6,3,3,4,0,0,152.23
2023-03-23 05:00:00,18.1,63.0,17.7,3,3,5,0,0,119.04
2023-03-23 06:00:00,22.9,77.6,3.3,3,3,6,0,0,155.6
2023-03-23 07:00:00,26.0,61.2,21.0,3,3,7,0,0,143.08
2023-03-23 08:00:00,20.2,66.6,27.3,3,3,8,0,0,155.92
2023-03-23 09:00:00,20.2,60.8,21.0,3,3,9,0,0,156.51
2023-03-23 10:00:00,24.4,58.1,14.3,3,3,10,0,0,155.18
2023-03-23 11:00:00,22.3,62.7,2.8,3,3,11,0,0,145.8
2023-03-23 12:00:00,25.6,80.7,4.0,3,3,12,0,0,171.89
2023-03-23 13:00:00,26.8,71.8,21.5,3,3,13,0,0,164.89
2023-03-23 14:00:00,27.8,61.9,4.1,3,3,14,0,0,176.73
2023-03-23 15:00:00,24.5,76.4,5.4,3,3,15,0,0,139.77
2023-03-23 16:00:00,22.6,67.5,2.4,3,3,16,0,0,162.16
2023-03-23 17:00:00,17.9,81.9,9.9,3,3,17,0,0,180.35
2023-03-23 18:00:00,20.6,87.4,8.6,3,3,18,0,0,187.1
2023-03-23 19:00:00,19.4,78.5,28.1,3,3,19,0,0,185.41
2023-03-23 20:00:00,19.3,71.1,19.8,3,3,20,0,0,155.81
2023-03-23 21:00:00,15.6,77.8,7.6,3,3,21,0,0,198.39
2023-03-23 22:00:00,15.3,72.5,9.5,3,3,22,0,0,186.17
2023-03-23 23:00:00,12.7,58.9,6.3,3,3,23,0,0,192.2
2023-03-24 00:00:00,11.2,69.2,3.1,3,4,0,0,0,197.71
2023-03-24 01:00:00,13.7,65.5,18.2,3,4,1,0,0,146.66
2023-03-24 02:00:00,13.3,67.9,8.4,3,4,2,0,0,147.28
2023-03-24 03:00:00,17.9,85.4,6.4,3,4,3,0,0,143.6
2023-03-24 04:00:00,17.2,80.4,2.6,3,4,4,0,0,146.5
2023-03-24 05:00:00,18.4,74.3,10.8,3,4,5,0,0,150.83
2023-03-24 06:00:00,18.8,77.1,6.1,3,4,6,0,0,163.14
2023-03-24 07:00:00,15.6,57.1,4.3,3,4,7,0,0,164.57
2023-03-24 08:00:00,26.3,72.7,18.7,3,4,8,0,0,176.84
2023-03-24 09:00:00,22.3,76.4,3.6,3,4,9,0,0,179.09
2023-03-24 10:00:00,24.3,49.9,7.8,3,4,10,0,0,155.59
2023-03-24 11:00:00,22.7,74.8,14.7,3,4,11,0,0,159.33
2023-03-24 12:00:00,27.7,54.7,17.1,3,4,12,0,0,134.22
2023-03-24 13:00:00,25.9,51.3,15.7,3,4,13,0,0,181.11
2023-03-24 14:00:00,23.5,78.9,20.2,3,4,14,0,0,172.9
2023-03-24 15:00:00,23.5,60.2,3.2,3,4,15,0,0,170.62
2023-03-24 16:00:00,26.6,61.0,24.6,3,4,16,0,0,148.86
2023-03-24 17:00:00,21.9,77.0,2.1,3,4,17,0,0,184.75
2023-03-24 18:00:00,20.4,67.4,4.4,3,4,18,0,0,191.39
2023-03-24 19:00:00,17.6,69.8,2.7,3,4,19,0,0,172.91
2023-03-24 20:00:00,14.5,71.1,25.3,3,4,20,0,0,186.03
2023-03-24 21:00:00,16.9,74.3,6.4,3,4,21,0,0,203.91
2023-03-24 22:00:00,17.1,69.6,5.0,3,4,22,0,0,176.32
2023-03-24 23:00:00,18.1,71.8,3.5,3,4,23,0,0,160.92
2023-03-25 00:00:00,11.5,70.2,3.4,3,5,0,1,0,162.62
2023-03-25 01:00:00,14.0,75.8,9.6,3,5,1,1,0,119.58
2023-03-25 02:00:00,15.5,74.7,2.4,3,5,2,1,0,161.24
2023-03-25 03:00:00,17.5,86.4,9.2,3,5,3,1,0,140.39
2023-03-25 04:00:00,18.2,67.8,13.9,3,5,4,1,0,106.4
2023-03-25 05:00:00,19.5,68.8,9.4,3,5,5,1,0,135.46
2023-03-25 06:00:00,21.8,71.0,16.0,3,5,6,1,0,123.66
2023-03-25 07:00:00,20.5,77.5,4.5,3,5,7,1,0,132.35
2023-03-25 08:00:00,25.4,58.6,2.6,3,5,8,1,0,176.13
2023-03-25 09:00:00,25.4,68.1,12.2,3,5,9,1,0,159.39
2023-03-25 10:00:00,24.7,47.6,16.1,3,5,10,1,0,134.62
2023-03-25 11:00:00,29.1,63.3,7.6,3,5,11,1,0,171.05
2023-03-25 12:00:00,29.1,74.0,15.7,3,5,12,1,0,180.46
2023-03-25 13:00:00,27.7,60.3,6.9,3,5,13,1,0,142.71
2023-03-25 14:00:00,19.3,71.8,3.8,3,5,14,1,0,139.08
2023-03-25 15:00:00,27.7,61.9,7.1,3,5,15,1,0,131.77
2023-03-25 16:00:00,25.1,60.6,3.9,3,5,16,1,0,139.66
2023-03-25 17:00:00,26.3,74.6,7.1,3,5,17,1,0,131.92
2023-03-25 18:00:00,23.5,59.9,3.3,3,5,18,1,0,139.23
2023-03-25 19:00:00,22.9,70.9,3.6,3,5,19,1,0,159.81
2023-03-25 20:00:00,20.3,72.3,19.2,3,5,20,1,0,165.36
2023-03-25 21:00:00,20.2,63.1,3.0,3,5,21,1,0,180.24
2023-03-25 22:00:00,20.7,70.9,4.0,3,5,22,1,0,151.74
2023-03-25 23:00:00,16.6,64.2,45.3,3,5,23,1,0,139.22
2023-03-26 00:00:00,13.1,77.6,8.9,3,6,0,1,0,135.35
2023-03-26 01:00:00,15.8,61.6,9.1,3,6,1,1,0,130.11
2023-03-26 02:00:00,17.7,68.4,16.9,3,6,2,1,0,126.95
2023-03-26 03:00:00,17.9,69.0,7.9,3,6,3,1,0,109.27
2023-03-26 04:00:00,16.3,80.8,4.0,3,6,4,1,0,128.31
2023-03-26 05:00:00,16.7,72.8,6.4,3,6,5,1,0,115.96
2023-03-26 06:00:00,19.8,77.7,13.3,3,6,6,1,0,134.26
2023-03-26 07:00:00,24.2,72.3,18.5,3,6,7,1,0,88.68
2023-03-26 08:00:00,27.0,70.9,4.6,3,6,8,1,0,128.05
2023-03-26 09:00:00,26.7,64.0,4.4,3,6,9,1,0,167.26
2023-03-26 10:00:00,27.7,74.3,5.2,3,6,10,1,0,143.34
2023-03-26 11:00:00,26.0,64.2,9.3,3,6,11,1,0,147.68
2023-03-26 12:00:00,22.8,54.8,4.6,3,6,12,1,0,163.54
2023-03-26 13:00:00,25.2,65.7,19.9,3,6,13,1,0,145.12
2023-03-26 14:00:00,25.1,71.1,32.5,3,6,14,1,0,157.89
2023-03-26 15:00:00,23.8,55.2,11.1,3,6,15,1,0,126.07
2023-03-26 16:00:00,23.9,61.0,30.1,3,6,16,1,0,118.63
2023-03-26 17:00:00,23.5,58.4,4.7,3,6,17,1,0,138.91
2023-03-26 18:00:00,23.0,74.8,15.5,3,6,18,1,0,135.33
2023-03-26 19:00:00,19.4,83.7,11.1,3,6,19,1,0,163.3
2023-03-26 20:00:00,15.0,70.8,4.4,3,6,20,1,0,162.43
2023-03-26 21:00:00,16.8,75.9,5.1,3,6,21,1,0,189.91
2023-03-26 22:00:00,17.0,75.5,7.4,3,6,22,1,0,170.45
2023-03-26 23:00:00,18.9,83.0,14.5,3,6,23,1,0,125.59
2023-03-27 00:00:00,15.4,67.1,18.5,3,0,0,0,0,140.28
2023-03-27 01:00:00,17.7,69.4,10.0,3,0,1,0,0,149.05
2023-03-27 02:00:00,17.8,68.4,12.2,3,0,2,0,0,140.24
2023-03-27 03:00:00,18.1,71.6,4.5,3,0,3,0,0,122.37
2023-03-27 04:00:00,20.9,89.6,12.8,3,0,4,0,0,139.44
2023-03-27 05:00:00,18.9,70.8,9.4,3,0,5,0,0,151.63
2023-03-27 06:00:00,20.4,63.0,4.0,3,0,6,0,0,159.09
2023-03-27 07:00:00,22.8,59.4,26.0,3,0,7,0,0,172.28
2023-03-27 08:00:00,22.8,78.6,7.8,3,0,8,0,0,175.93
2023-03-27 09:00:00,26.1,60.1,14.7,3,0,9,0,0,157.53
2023-03-27 10:00:00,24.5,73.1,8.0,3,0,10,0,0,168.43
2023-03-27 11:00:00,26.8,61.1,23.6,3,0,11,0,0,192.68
2023-03-27 12:00:00,26.3,56.7,3.2,3,0,12,0,0,197.49
2023-03-27 13:00:00,26.8,71.4,8.3,3,0,13,0,0,167.35
2023-03-27 14:00:00,25.0,62.5,2.2,3,0,14,0,0,165.07
2023-03-27 15:00:00,24.4,71.2,3.8,3,0,15,0,0,160.4
2023-03-27 16:00:00,24.2,71.9,4.6,3,0,16,0,0,156.77
2023-03-27 17:00:00,23.2,72.7,7.1,3,0,17,0,0,144.34
2023-03-27 18:00:00,21.5,67.1,15.7,3,0,18,0,0,178.75
2023-03-27 19:00:00,23.7,73.7,7.0,3,0,19,0,0,216.3
2023-03-27 20:00:00,17.1,64.1,8.6,3,0,20,0,0,198.57
2023-03-27 21:00:00,17.9,51.4,22.6,3,0,21,0,0,174.13
2023-03-27 22:00:00,14.1,78.6,13.3,3,0,22,0,0,185.45
2023-03-27 23:00:00,17.5,72.6,2.4,3,0,23,0,0,181.16
2023-03-28 00:00:00,14.6,67.8,3.6,3,1,0,0,0,178.14
2023-03-28 01:00:00,16.4,60.0,2.3,3,1,1,0,0,155.5
2023-03-28 02:00:00,16.7,55.3,2.6,3,1,2,0,0,111.58
2023-03-28 03:00:00,18.8,71.0,5.3,3,1,3,0,0,162.36
2023-03-28 04:00:00,18.2,84.1,12.4,3,1,4,0,0,152.82
2023-03-28 05:00:00,19.3,69.2,4.2,3,1,5,0,0,141.93
2023-03-28 06:00:00,24.7,64.8,6.0,3,1,6,0,0,142.84
2023-03-28 07:00:00,23.7,68.0,6.0,3,1,7,0,0,153.41
2023-03-28 08:00:00,23.2,85.8,9.1,3,1,8,0,0,186.79
2023-03-28 09:00:00,24.8,73.6,19.9,3,1,9,0,0,145.78
2023-03-28 10:00:00,29.4,57.8,34.7,3,1,10,0,0,186.43
2023-03-28 11:00:00,26.2,67.1,9.4,3,1,11,0,0,185.44
2023-03-28 12:00:00,25.4,69.9,7.6,3,1,12,0,0,177.31
2023-03-28 13:00:00,25.3,58.9,11.2,3,1,13,0,0,142.14
2023-03-28 14:00:00,25.0,73.6,10.8,3,1,14,0,0,132.9
2023-03-28 15:00:00,24.1,61.4,7.9,3,1,15,0,0,187.34
2023-03-28 16:00:00,21.7,57.0,12.7,3,1,16,0,0,153.53
2023-03-28 17:00:00,20.8,70.2,7.4,3,1,17,0,0,194.77
2023-03-28 18:00:00,20.1,69.3,47.1,3,1,18,0,0,170.89
2023-03-28 19:00:00,21.7,69.1,2.4,3,1,19,0,0,191.55
2023-03-28 20:00:00,18.5,64.6,6.7,3,1,20,0,0,197.51
2023-03-28 21:00:00,17.9,66.1,6.0,3,1,21,0,0,207.6
2023-03-28 22:00:00,20.0,79.0,13.8,3,1,22,0,0,194.96
2023-03-28 23:00:00,19.6,73.7,3.7,3,1,23,0,0,176.89
2023-03-29 00:00:00,16.5,64.1,6.6,3,2,0,0,0,168.43
2023-03-29 01:00:00,16.0,56.4,11.6,3,2,1,0,0,160.21
2023-03-29 02:00:00,16.0,64.7,9.4,3,2,2,0,0,146.01
2023-03-29 03:00:00,19.9,71.3,8.3,3,2,3,0,0,124.34
2023-03-29 04:00:00,19.1,65.4,6.6,3,2,4,0,0,143.5
2023-03-29 05:00:00,20.0,64.3,13.2,3,2,5,0,0,126.69
2023-03-29 06:00:00,20.4,65.1,10.3,3,2,6,0,0,141.84
2023-03-29 07:00:00,21.8,68.5,18.6,3,2,7,0,0,159.25
2023-03-29 08:00:00,25.2,73.7,12.6,3,2,8,0,0,169.51
2023-03-29 09:00:00,23.0,68.5,3.2,3,2,9,0,0,200.17
2023-03-29 10:00:00,28.4,66.3,9.7,3,2,10,0,0,180.25
2023-03-29 11:00:00,25.8,65.3,2.4,3,2,11,0,0,151.6
2023-03-29 12:00:00,26.8,62.6,5.9,3,2,12,0,0,194.35
2023-03-29 13:00:00,24.2,75.0,6.2,3,2,13,0,0,166.16
2023-03-29 14:00:00,26.4,72.8,17.4,3,2,14,0,0,158.8
2023-03-29 15:00:00,24.9,83.9,3.6,3,2,15,0,0,151.78
2023-03-29 16:00:00,24.5,72.7,10.3,3,2,16,0,0,130.67
2023-03-29 17:00:00,26.3,62.9,3.7,3,2,17,0,0,157.39
2023-03-29 18:00:00,22.4,61.6,25.8,3,2,18,0,0,173.45
2023-03-29 19:00:00,19.2,78.0,8.0,3,2,19,0,0,188.67
2023-03-29 20:00:00,18.1,64.4,11.9,3,2,20,0,0,187.14
2023-03-29 21:00:00,19.7,76.6,10.3,3,2,21,0,0,163.94
2023-03-29 22:00:00,20.3,63.8,4.9,3,2,22,0,0,203.81
2023-03-29 23:00:00,17.8,73.9,20.5,3,2,23,0,0,163.43
2023-03-30 00:00:00,18.7,62.2,9.9,3,3,0,0,0,180.08
2023-03-30 01:00:00,18.7,76.9,7.7,3,3,1,0,0,150.3
2023-03-30 02:00:00,20.8,59.7,8.0,3,3,2,0,0,154.88
2023-03-30 03:00:00,14.9,74.7,19.7,3,3,3,0,0,129.54
2023-03-30 04:00:00,21.1,67.8,2.5,3,3,4,0,0,114.26
2023-03-30 05:00:00,23.0,69.3,5.9,3,3,5,0,0,139.46
2023-03-30 06:00:00,19.6,67.0,16.7,3,3,6,0,0,154.1
2023-03-30 07:00:00,21.8,65.7,2.3,3,3,7,0,0,170.63
2023-03-30 08:00:00,23.1,69.7,10.2,3,3,8,0,0,174.37
2023-03-30 09:00:00,24.4,59.8,6.1,3,3,9,0,0,211.93
2023-03-30 10:00:00,25.7,59.1,3.8,3,3,10,0,0,190.03
2023-03-30 11:00:00,27.6,63.3,9.6,3,3,11,0,0,178.96
2023-03-30 12:00:00,29.0,62.3,16.2,3,3,12,0,0,172.69
2023-03-30 13:00:00,29.3,57.3,7.0,3,3,13,0,0,159.77
2023-03-30 14:00:00,25.0,74.9,3.3,3,3,14,0,0,166.94
2023-03-30 15:00:00,24.2,65.2,4.9,3,3,15,0,0,172.58
2023-03-30 16:00:00,27.4,64.5,33.9,3,3,16,0,0,171.71
2023-03-30 17:00:00,24.9,56.9,2.9,3,3,17,0,0,161.31
2023-03-30 18:00:00,22.5,85.3,3.4,3,3,18,0,0,182.44
2023-03-30 19:00:00,22.0,88.4,39.0,3,3,19,0,0,167.71
2023-03-30 20:00:00,19.8,63.9,19.1,3,3,20,0,0,200.4
2023-03-30 21:00:00,19.8,79.9,11.8,3,3,21,0,0,171.02
2023-03-30 22:00:00,17.3,70.6,3.3,3,3,22,0,0,173.45
2023-03-30 23:00:00,18.0,83.8,4.2,3,3,23,0,0,112.62
2023-03-31 00:00:00,14.5,75.4,3.6,3,4,0,0,0,145.53
2023-03-31 01:00:00,16.4,72.6,10.0,3,4,1,0,0,138.74
2023-03-31 02:00:00,16.9,51.6,6.1,3,4,2,0,0,128.67
2023-03-31 03:00:00,18.3,63.8,2.4,3,4,3,0,0,117.05
2023-03-31 04:00:00,18.2,71.1,4.8,3,4,4,0,0,123.25
2023-03-31 05:00:00,20.2,71.5,17.8,3,4,5,0,0,156.48
2023-03-31 06:00:00,19.5,60.5,14.7,3,4,6,0,0,133.17
2023-03-31 07:00:00,25.0,61.7,10.2,3,4,7,0,0,130.47
2023-03-31 08:00:00,24.9,72.0,2.7,3,4,8,0,0,159.02
2023-03-31 09:00:00,22.7,57.6,19.2,3,4,9,0,0,153.63
2023-03-31 10:00:00,25.2,68.5,8.1,3,4,10,0,0,182.99
2023-03-31 11:00:00,28.1,75.9,7.5,3,4,11,0,0,195.11
2023-03-31 12:00:00,26.5,69.8,23.8,3,4,12,0,0,147.01
2023-03-31 13:00:00,26.0,69.7,2.1,3,4,13,0,0,173.21
2023-03-31 14:00:00,26.8,50.5,8.5,3,4,14,0,0,177.03
2023-03-31 15:00:00,,60.0,14.5,3,4,15,0,0,169.8
2023-03-31 16:00:00,22.2,85.3,2.5,3,4,16,0,0,173.78
2023-03-31 17:00:00,25.0,62.7,5.5,3,4,17,0,0,172.41
2023-03-31 18:00:00,21.0,79.6,32.3,3,4,18,0,0,162.5
2023-03-31 19:00:00,21.2,64.5,3.9,3,4,19,0,0,209.12
2023-03-31 20:00:00,20.0,,8.1,3,4,20,0,0,198.74
2023-03-31 21:00:00,18.0,75.1,13.0,3,4,21,0,0,178.33
2023-03-31 22:00:00,16.2,72.7,6.0,3,4,22,0,0,184.27
2023-03-31 23:00:00,17.2,74.5,6.2,3,4,23,0,0,162.93
2023-04-01 00:00:00,21.1,62.9,2.5,4,5,0,1,0,119.25
2023-04-01 01:00:00,15.3,63.3,3.7,4,5,1,1,0,144.56
2023-04-01 02:00:00,21.9,62.0,19.0,4,5,2,1,0,98.81
2023-04-01 03:00:00,18.8,66.4,15.6,4,5,3,1,0,92.84
2023-04-01 04:00:00,20.4,68.0,4.9,4,5,4,1,0,126.88
2023-04-01 05:00:00,19.4,78.6,5.8,4,5,5,1,0,140.75
2023-04-01 06:00:00,21.3,70.1,6.6,4,5,6,1,0,113.61
2023-04-01 07:00:00,23.1,72.3,5.4,4,5,7,1,0,158.54
2023-04-01 08:00:00,23.2,69.5,10.5,4,5,8,1,0,157.75
2023-04-01 09:00:00,25.9,58.1,2.1,4,5,9,1,0,148.24
2023-04-01 10:00:00,26.3,67.0,19.0,4,5,10,1,0,173.55
2023-04-01 11:00:00,31.4,65.4,4.9,4,5,11,1,0,157.05
2023-04-01 12:00:00,25.5,73.3,18.5,4,5,12,1,0,136.8
2023-04-01 13:00:00,27.9,57.5,6.8,4,5,13,1,0,125.82
2023-04-01 14:00:00,27.6,49.9,14.0,4,5,14,1,0,115.8
2023-04-01 15:00:00,24.2,69.3,16.0,4,5,15,1,0,139.87
2023-04-01 16:00:00,26.7,69.5,4.9,4,5,16,1,0,139.45
2023-04-01 17:00:00,23.3,66.9,10.2,4,5,17,1,0,121.8
2023-04-01 18:00:00,17.8,71.3,9.5,4,5,18,1,0,146.41
2023-04-01 19:00:00,22.8,75.6,7.2,4,5,19,1,0,154.61
2023-04-01 20:00:00,18.1,67.3,7.1,4,5,20,1,0,174.24
2023-04-01 21:00:00,17.2,69.2,4.9,4,5,21,1,0,203.47
2023-04-01 22:00:00,19.9,70.7,5.0,4,5,22,1,0,157.21
2023-04-01 23:00:00,17.3,61.6,8.4,4,5,23,1,0,146.89
2023-04-02 00:00:00,19.9,68.8,2.3,4,6,0,1,0,147.23
2023-04-02 01:00:00,20.7,69.2,23.7,4,6,1,1,0,99.07
2023-04-02 02:00:00,17.5,84.4,10.4,4,6,2,1,0,137.63
2023-04-02 03:00:00,21.1,67.1,6.7,4,6,3,1,0,100.66
2023-04-02 04:00:00,19.1,72.1,2.5,4,6,4,1,0,109.8
2023-04-02 05:00:00,26.2,74.2,10.0,4,6,5,1,0,116.05
2023-04-02 06:00:00,21.7,62.5,2.1,4,6,6,1,0,123.65
2023-04-02 07:00:00,26.4,77.8,11.1,4,6,7,1,0,137.08
2023-04-02 08:00:00,27.3,80.5,2.6,4,6,8,1,0,162.46
2023-04-02 09:00:00,27.2,66.1,10.5,4,6,9,1,0,151.34
2023-04-02 10:00:00,26.1,62.7,6.2,4,6,10,1,0,161.31
2023-04-02 11:00:00,27.6,79.2,10.7,4,6,11,1,0,138.56
2023-04-02 12:00:00,23.8,74.5,3.2,4,6,12,1,0,161.48
2023-04-02 13:00:00,28.4,66.5,3.0,4,6,13,1,0,165.35
2023-04-02 14:00:00,28.1,77.4,4.3,4,6,14,1,0,148.22
2023-04-02 15:00:00,26.9,77.1,6.2,4,6,15,1,0,150.26
2023-04-02 16:00:00,19.6,67.5,4.3,4,6,16,1,0,122.67
2023-04-02 17:00:00,21.8,71.1,2.7,4,6,17,1,0,165.8
2023-04-02 18:00:00,21.6,73.8,5.1,4,6,18,1,0,156.74
2023-04-02 19:00:00,22.4,69.0,11.8,4,6,19,1,0,136.08
2023-04-02 20:00:00,21.2,58.3,9.0,4,6,20,1,0,181.4
2023-04-02 21:00:00,19.2,62.9,28.4,4,6,21,1,0,162.67
2023-04-02 22:00:00,20.0,59.1,6.6,4,6,22,1,0,177.77
2023-04-02 23:00:00,16.2,75.8,5.2,4,6,23,1,0,176.51
2023-04-03 00:00:00,19.5,60.8,11.5,4,0,0,0,0,162.63
2023-04-03 01:00:00,19.4,71.8,6.2,4,0,1,0,0,150.03
2023-04-03 02:00:00,19.8,84.8,9.7,4,0,2,0,0,149.9
2023-04-03 03:00:00,19.4,81.7,25.4,4,0,3,0,0,112.35
2023-04-03 04:00:00,24.5,53.1,7.5,4,0,4,0,0,127.23
2023-04-03 05:00:00,23.0,58.3,7.5,4,0,5,0,0,182.93
2023-04-03 06:00:00,21.4,63.1,13.9,4,0,6,0,0,118.7
2023-04-03 07:00:00,25.1,58.1,13.3,4,0,7,0,0,159.9
2023-04-03 08:00:00,27.3,53.1,7.8,4,0,8,0,0,170.86
2023-04-03 09:00:00,25.7,67.1,2.5,4,0,9,0,0,196.31
2023-04-03 10:00:00,29.8,70.7,33.6,4,0,10,0,0,187.7
2023-04-03 11:00:00,28.9,73.2,5.8,4,0,11,0,0,210.73
2023-04-03 12:00:00,23.6,64.4,5.0,4,0,12,0,0,170.9
2023-04-03 13:00:00,28.8,63.4,33.9,4,0,13,0,0,169.92
2023-04-03 14:00:00,26.8,69.4,18.5,4,0,14,0,0,162.46
2023-04-03 15:00:00,27.9,65.2,5.2,4,0,15,0,0,159.46
2023-04-03 16:00:00,27.7,72.6,4.9,4,0,16,0,0,161.72
2023-04-03 17:00:00,25.0,70.9,12.2,4,0,17,0,0,184.66
2023-04-03 18:00:00,26.7,63.7,5.3,4,0,18,0,0,190.54
2023-04-03 19:00:00,21.7,54.3,4.3,4,0,19,0,0,199.4
2023-04-03 20:00:00,22.1,81.0,33.2,4,0,20,0,0,201.53
2023-04-03 21:00:00,21.4,63.8,8.7,4,0,21,0,0,177.43
2023-04-03 22:00:00,18.8,73.5,13.5,4,0,22,0,0,173.04
2023-04-03 23:00:00,20.1,54.6,12.0,4,0,23,0,0,154.22
2023-04-04 00:00:00,17.4,71.2,13.3,4,1,0,0,0,164.01
2023-04-04 01:00:00,17.9,71.8,20.7,4,1,1,0,0,139.63
2023-04-04 02:00:00,16.6,72.9,7.6,4,1,2,0,0,145.42
2023-04-04 03:00:00,20.5,93.8,13.2,4,1,3,0,0,121.34
2023-04-04 04:00:00,21.7,64.1,14.7,4,1,4,0,0,141.91
2023-04-04 05:00:00,24.6,74.2,25.4,4,1,5,0,0,148.36
2023-04-04 06:00:00,25.2,71.6,12.0,4,1,6,0,0,158.97
2023-04-04 07:00:00,24.3,62.4,19.9,4,1,7,0,0,154.6
2023-04-04 08:00:00,23.7,74.6,2.8,4,1,8,0,0,189.68
2023-04-04 09:00:00,28.0,64.7,3.1,4,1,9,0,0,187.33
2023-04-04 10:00:00,30.1,71.9,3.4,4,1,10,0,0,222.67
2023-04-04 11:00:00,29.9,80.7,3.3,4,1,11,0,0,210.47
2023-04-04 12:00:00,30.7,65.8,2.7,4,1,12,0,0,171.79
2023-04-04 13:00:00,28.0,63.8,3.0,4,1,13,0,0,169.39
2023-04-04 14:00:00,27.0,74.9,46.0,4,1,14,0,0,150.05
2023-04-04 15:00:00,25.6,78.4,4.5,4,1,15,0,0,152.18
2023-04-04 16:00:00,26.0,59.9,7.2,4,1,16,0,0,175.26
2023-04-04 17:00:00,24.7,64.0,15.8,4,1,17,0,0,131.57
2023-04-04 18:00:00,24.0,73.4,3.0,4,1,18,0,0,192.84
2023-04-04 19:00:00,22.0,67.9,5.1,4,1,19,0,0,198.51
2023-04-04 20:00:00,20.8,62.0,3.4,4,1,20,0,0,162.43
2023-04-04 21:00:00,18.5,75.1,2.5,4,1,21,0,0,196.2
2023-04-04 22:00:00,21.1,74.8,27.9,4,1,22,0,0,161.41
2023-04-04 23:00:00,18.9,67.9,17.6,4,1,23,0,0,183.19
2023-04-05 00:00:00,18.5,71.3,18.9,4,2,0,0,0,130.96
2023-04-05 01:00:00,17.5,66.6,18.2,4,2,1,0,0,150.78
2023-04-05 02:00:00,16.8,62.8,3.3,4,2,2,0,0,156.18
2023-04-05 03:00:00,22.9,64.6,14.3,4,2,3,0,0,121.61
2023-04-05 04:00:00,22.4,69.4,12.4,4,2,4,0,0,151.8
2023-04-05 05:00:00,19.3,58.6,22.8,4,2,5,0,0,125.98
2023-04-05 06:00:00,25.4,63.9,4.0,4,2,6,0,0,172.56
2023-04-05 07:00:00,27.0,67.2,6.3,4,2,7,0,0,204.3
2023-04-05 08:00:00,26.6,76.3,4.8,4,2,8,0,0,192.0
2023-04-05 09:00:00,30.6,62.2,4.4,4,2,9,0,0,205.23
2023-04-05 10:00:00,28.6,55.7,10.5,4,2,10,0,0,180.22
2023-04-05 11:00:00,25.8,65.4,3.4,4,2,11,0,0,210.89
2023-04-05 12:00:00,29.6,60.7,7.0,4,2,12,0,0,195.53
2023-04-05 13:00:00,29.1,69.8,10.3,4,2,13,0,0,166.49
2023-04-05 14:00:00,27.0,63.8,3.1,4,2,14,0,0,185.71
2023-04-05 15:00:00,28.5,44.1,4.4,4,2,15,0,0,161.36
2023-04-05 16:00:00,23.0,98.0,29.4,4,2,16,0,0,165.87
2023-04-05 17:00:00,27.1,67.6,14.7,4,2,17,0,0,161.34
2023-04-05 18:00:00,22.1,69.7,11.0,4,2,18,0,0,160.58
2023-04-05 19:00:00,20.6,57.4,17.5,4,2,19,0,0,165.98
2023-04-05 20:00:00,21.1,57.7,2.1,4,2,20,0,0,185.74
2023-04-05 21:00:00,21.2,68.7,2.0,4,2,21,0,0,197.75
2023-04-05 22:00:00,19.8,72.8,3.3,4,2,22,0,0,176.13
2023-04-05 23:00:00,17.5,76.9,7.5,4,2,23,0,0,160.47
2023-04-06 00:00:00,18.1,72.9,8.8,4,3,0,0,0,135.59
2023-04-06 01:00:00,17.0,62.0,3.0,4,3,1,0,0,165.28
2023-04-06 02:00:00,19.3,50.3,2.6,4,3,2,0,0,131.14
2023-04-06 03:00:00,22.7,67.9,16.1,4,3,3,0,0,98.13
2023-04-06 04:00:00,21.6,64.9,7.0,4,3,4,0,0,133.6
2023-04-06 05:00:00,24.5,57.6,41.1,4,3,5,0,0,116.25
2023-04-06 06:00:00,27.0,73.1,4.1,4,3,6,0,0,161.76
2023-04-06 07:00:00,24.2,55.3,10.3,4,3,7,0,0,146.15
2023-04-06 08:00:00,26.2,71.8,15.1,4,3,8,0,0,190.07
2023-04-06 09:00:00,32.0,52.7,18.5,4,3,9,0,0,190.32
2023-04-06 10:00:00,31.3,65.4,4.9,4,3,10,0,0,200.58
2023-04-06 11:00:00,25.6,74.7,3.7,4,3,11,0,0,180.45
2023-04-06 12:00:00,29.9,62.4,4.1,4,3,12,0,0,192.42
2023-04-06 13:00:00,28.9,79.1,10.8,4,3,13,0,0,181.01
2023-04-06 14:00:00,30.1,80.3,7.9,4,3,14,0,0,170.03
2023-04-06 15:00:00,26.1,68.8,9.3,4,3,15,0,0,158.68
2023-04-06 16:00:00,24.9,71.9,2.2,4,3,16,0,0,159.54
2023-04-06 17:00:00,24.0,76.5,6.0,4,3,17,0,0,181.78
2023-04-06 18:00:00,22.9,72.9,5.0,4,3,18,0,0,159.54
2023-04-06 19:00:00,24.4,71.3,17.9,4,3,19,0,0,179.06
2023-04-06 20:00:00,19.2,66.2,14.0,4,3,20,0,0,186.87
2023-04-06 21:00:00,19.3,56.9,6.5,4,3,21,0,0,206.85
2023-04-06 22:00:00,16.2,60.8,10.0,4,3,22,0,0,198.64
2023-04-06 23:00:00,21.3,88.4,2.4,4,3,23,0,0,179.34
2023-04-07 00:00:00,21.9,71.6,10.1,4,4,0,0,0,130.03
2023-04-07 01:00:00,18.8,68.6,2.8,4,4,1,0,0,145.39
2023-04-07 02:00:00,19.4,80.4,12.0,4,4,2,0,0,165.36
2023-04-07 03:00:00,21.7,63.2,8.8,4,4,3,0,0,127.39
2023-04-07 04:00:00,24.8,72.3,4.9,4,4,4,0,0,140.79
2023-04-07 05:00:00,23.9,68.7,5.7,4,4,5,0,0,145.59
2023-04-07 06:00:00,22.9,72.2,2.8,4,4,6,0,0,140.32
2023-04-07 07:00:00,22.4,66.1,5.1,4,4,7,0,0,147.21
2023-04-07 08:00:00,24.6,60.0,29.3,4,4,8,0,0,145.22
2023-04-07 09:00:00,28.0,59.4,7.3,4,4,9,0,0,179.97
2023-04-07 10:00:00,27.3,60.1,7.1,4,4,10,0,0,193.18
2023-04-07 11:00:00,29.5,65.2,9.9,4,4,11,0,0,192.85
2023-04-07 12:00:00,28.2,53.4,7.3,4,4,12,0,0,182.88
2023-04-07 13:00:00,27.0,56.5,5.5,4,4,13,0,0,197.78
2023-04-07 14:00:00,26.3,67.9,3.2,4,4,14,0,0,201.84
2023-04-07 15:00:00,31.0,63.5,10.0,4,4,15,0,0,173.74
2023-04-07 16:00:00,28.6,67.2,13.1,4,4,16,0,0,179.14
2023-04-07 17:00:00,29.1,65.1,22.5,4,4,17,0,0,178.75
2023-04-07 18:00:00,25.4,87.4,2.0,4,4,18,0,0,203.55
2023-04-07 19:00:00,22.2,69.9,2.6,4,4,19,0,0,205.64
2023-04-07 20:00:00,24.5,64.7,20.4,4,4,20,0,0,177.84
2023-04-07 21:00:00,20.7,70.4,10.0,4,4,21,0,0,216.57
2023-04-07 22:00:00,20.4,77.9,27.3,4,4,22,0,0,192.55
2023-04-07 23:00:00,19.4,69.9,6.5,4,4,23,0,0,181.87
2023-04-08 00:00:00,13.7,78.6,6.3,4,5,0,1,0,151.53
2023-04-08 01:00:00,23.0,71.7,5.4,4,5,1,1,0,122.89
2023-04-08 02:00:00,21.2,67.1,3.2,4,5,2,1,0,114.09
2023-04-08 03:00:00,21.7,70.0,5.8,4,5,3,1,0,120.01
2023-04-08 04:00:00,22.0,81.8,2.1,4,5,4,1,0,119.98
2023-04-08 05:00:00,23.6,70.1,7.7,4,5,5,1,0,122.7
2023-04-08 06:00:00,23.4,60.4,17.0,4,5,6,1,0,118.01
2023-04-08 07:00:00,27.1,63.9,5.1,4,5,7,1,0,138.15
2023-04-08 08:00:00,24.5,50.9,2.8,4,5,8,1,0,171.42
2023-04-08 09:00:00,28.5,66.9,31.1,4,5,9,1,0,154.41
2023-04-08 10:00:00,30.0,75.5,3.1,4,5,10,1,0,172.89
2023-04-08 11:00:00,29.0,54.8,8.0,4,5,11,1,0,165.52
2023-04-08 12:00:00,30.3,66.0,15.3,4,5,12,1,0,141.44
2023-04-08 13:00:00,27.4,74.2,4.3,4,5,13,1,0,163.26
2023-04-08 14:00:00,27.0,75.2,16.7,4,5,14,1,0,136.96
2023-04-08 15:00:00,28.6,75.9,8.5,4,5,15,1,0,139.41
2023-04-08 16:00:00,28.4,50.8,5.2,4,5,16,1,0,134.16
2023-04-08 17:00:00,22.1,73.0,18.1,4,5,17,1,0,114.13
2023-04-08 18:00:00,25.6,55.1,9.8,4,5,18,1,0,178.46
2023-04-08 19:00:00,22.2,60.9,9.6,4,5,19,1,0,163.63
2023-04-08 20:00:00,21.7,75.7,7.6,4,5,20,1,0,197.99
2023-04-08 21:00:00,18.4,72.1,4.6,4,5,21,1,0,166.08
2023-04-08 22:00:00,18.5,76.5,4.9,4,5,22,1,0,166.61
2023-04-08 23:00:00,21.7,61.7,2.7,4,5,23,1,0,153.2
2023-04-09 00:00:00,19.9,81.8,4.2,4,6,0,1,0,136.42
2023-04-09 01:00:00,19.2,75.9,4.6,4,6,1,1,0,115.5
2023-04-09 02:00:00,20.3,77.0,2.5,4,6,2,1,0,90.42
2023-04-09 03:00:00,22.3,60.2,2.9,4,6,3,1,0,142.55
2023-04-09 04:00:00,23.2,77.8,4.5,4,6,4,1,0,105.16
2023-04-09 05:00:00,23.4,65.8,11.0,4,6,5,1,0,153.93
2023-04-09 06:00:00,27.0,61.6,3.6,4,6,6,1,0,123.44
2023-04-09 07:00:00,28.1,71.0,7.9,4,6,7,1,0,166.22
2023-04-09 08:00:00,28.1,70.6,7.7,4,6,8,1,0,164.88
2023-04-09 09:00:00,28.5,59.0,16.4,4,6,9,1,0,167.67
2023-04-09 10:00:00,30.5,81.2,9.5,4,6,10,1,0,170.05
2023-04-09 11:00:00,30.3,79.4,21.9,4,6,11,1,0,162.35
2023-04-09 12:00:00,31.9,68.9,9.9,4,6,12,1,0,164.73
2023-04-09 13:00:00,31.4,67.7,2.2,4,6,13,1,0,165.48
2023-04-09 14:00:00,27.1,69.1,5.8,4,6,14,1,0,137.57
2023-04-09 15:00:00,26.2,54.5,11.6,4,6,15,1,0,121.9
2023-04-09 16:00:00,25.9,67.9,7.2,4,6,16,1,0,124.15
2023-04-09 17:00:00,28.1,66.8,6.3,4,6,17,1,0,138.35
2023-04-09 18:00:00,21.7,64.6,10.9,4,6,18,1,0,156.22
2023-04-09 19:00:00,24.3,65.4,4.7,4,6,19,1,0,153.38
2023-04-09 20:00:00,23.0,49.4,21.2,4,6,20,1,0,138.03
2023-04-09 21:00:00,23.6,59.4,6.3,4,6,21,1,0,162.76
2023-04-09 22:00:00,20.8,76.9,10.0,4,6,22,1,0,119.96
2023-04-09 23:00:00,17.3,85.2,34.3,4,6,23,1,0,136.82
2023-04-10 00:00:00,18.1,63.4,14.3,4,0,0,0,0,145.26
2023-04-10 01:00:00,17.9,72.5,8.1,4,0,1,0,0,153.3
2023-04-10 02:00:00,19.7,79.0,17.7,4,0,2,0,0,138.69
2023-04-10 03:00:00,21.2,65.3,8.6,4,0,3,0,0,111.36
2023-04-10 04:00:00,20.2,75.3,6.7,4,0,4,0,0,134.93
2023-04-10 05:00:00,26.7,66.4,18.5,4,0,5,0,0,150.17
2023-04-10 06:00:00,22.4,78.3,2.2,4,0,6,0,0,161.27
2023-04-10 07:00:00,29.0,55.2,6.2,4,0,7,0,0,156.2
2023-04-10 08:00:00,29.9,56.2,5.4,4,0,8,0,0,188.47
2023-04-10 09:00:00,30.4,67.0,12.0,4,0,9,0,0,206.7
2023-04-10 10:00:00,28.0,66.8,2.1,4,0,10,0,0,178.31
2023-04-10 11:00:00,30.6,64.3,10.7,4,0,11,0,0,164.41
2023-04-10 12:00:00,27.5,70.9,5.4,4,0,12,0,0,205.96
2023-04-10 13:00:00,31.7,56.7,2.8,4,0,13,0,0,188.75
2023-04-10 14:00:00,29.2,54.4,33.4,4,0,14,0,0,145.38
2023-04-10 15:00:00,27.8,62.1,3.9,4,0,15,0,0,155.73
2023-04-10 16:00:00,25.1,64.3,5.4,4,0,16,0,0,161.96
2023-04-10 17:00:00,21.4,67.0,3.9,4,0,17,0,0,181.94
2023-04-10 18:00:00,23.0,78.7,10.7,4,0,18,0,0,155.13
2023-04-10 19:00:00,26.0,73.2,14.2,4,0,19,0,0,183.12
2023-04-10 20:00:00,21.8,73.4,17.8,4,0,20,0,0,212.96
2023-04-10 21:00:00,21.2,71.2,5.0,4,0,21,0,0,201.7
2023-04-10 22:00:00,22.0,65.5,7.9,4,0,22,0,0,186.03
2023-04-10 23:00:00,23.8,61.2,10.7,4,0,23,0,0,167.97
2023-04-11 00:00:00,23.0,58.9,9.9,4,1,0,0,0,146.1
2023-04-11 01:00:00,18.5,65.2,12.1,4,1,1,0,0,132.37
2023-04-11 02:00:00,17.1,71.1,13.7,4,1,2,0,0,129.47
2023-04-11 03:00:00,26.5,57.5,2.8,4,1,3,0,0,148.04
2023-04-11 04:00:00,27.3,67.7,3.5,4,1,4,0,0,135.29
2023-04-11 05:00:00,24.4,66.3,12.6,4,1,5,0,0,143.44
2023-04-11 06:00:00,22.8,65.4,7.2,4,1,6,0,0,151.03
2023-04-11 07:00:00,28.5,75.0,6.5,4,1,7,0,0,204.84
2023-04-11 08:00:00,27.6,46.5,6.9,4,1,8,0,0,168.25
2023-04-11 09:00:00,28.6,62.6,5.7,4,1,9,0,0,205.64
2023-04-11 10:00:00,31.4,45.5,9.2,4,1,10,0,0,206.83
2023-04-11 11:00:00,30.8,66.5,5.1,4,1,11,0,0,196.48
2023-04-11 12:00:00,27.9,72.1,10.1,4,1,12,0,0,159.94
2023-04-11 13:00:00,29.5,54.4,3.8,4,1,13,0,0,172.47
2023-04-11 14:00:00,31.0,54.7,13.3,4,1,14,0,0,182.8
2023-04-11 15:00:00,29.9,51.5,14.2,4,1,15,0,0,143.51
2023-04-11 16:00:00,28.3,66.3,8.9,4,1,16,0,0,178.74
2023-04-11 17:00:00,28.5,63.0,5.7,4,1,17,0,0,194.72
2023-04-11 18:00:00,24.6,65.5,2.1,4,1,18,0,0,180.96
2023-04-11 19:00:00,24.4,64.9,3.0,4,1,19,0,0,203.35
2023-04-11 20:00:00,16.1,64.2,2.7,4,1,20,0,0,203.87
2023-04-11 21:00:00,20.9,78.6,2.1,4,1,21,0,0,201.73
2023-04-11 22:00:00,22.5,70.9,12.2,4,1,22,0,0,196.88
2023-04-11 23:00:00,19.7,60.7,27.0,4,1,23,0,0,130.71
2023-04-12 00:00:00,19.6,64.6,2.1,4,2,0,0,0,136.78
2023-04-12 01:00:00,18.6,63.7,3.0,4,2,1,0,0,162.1
2023-04-12 02:00:00,23.2,79.6,17.8,4,2,2,0,0,154.27
2023-04-12 03:00:00,23.1,74.1,11.3,4,2,3,0,0,110.83
2023-04-12 04:00:00,24.7,66.6,6.1,4,2,4,0,0,159.85
2023-04-12 05:00:00,20.8,83.3,41.5,4,2,5,0,0,90.21
2023-04-12 06:00:00,25.2,79.0,8.8,4,2,6,0,0,163.84
2023-04-12 07:00:00,26.3,65.0,10.9,4,2,7,0,0,163.97
2023-04-12 08:00:00,27.5,63.0,10.5,4,2,8,0,0,162.5
2023-04-12 09:00:00,27.8,63.2,4.0,4,2,9,0,0,176.68
2023-04-12 10:00:00,29.2,57.8,7.4,4,2,10,0,0,181.99
2023-04-12 11:00:00,32.1,77.8,4.0,4,2,11,0,0,205.16
2023-04-12 12:00:00,26.7,58.6,7.7,4,2,12,0,0,202.3
2023-04-12 13:00:00,33.9,70.0,2.3,4,2,13,0,0,212.62
2023-04-12 14:00:00,30.8,70.1,5.8,4,2,14,0,0,198.68
2023-04-12 15:00:00,29.0,63.1,5.7,4,2,15,0,0,161.54
2023-04-12 16:00:00,29.9,79.6,4.8,4,2,16,0,0,181.13
2023-04-12 17:00:00,23.9,55.6,2.7,4,2,17,0,0,148.25
2023-04-12 18:00:00,24.2,67.3,13.8,4,2,18,0,0,169.6
2023-04-12 19:00:00,24.0,64.1,6.4,4,2,19,0,0,179.07
2023-04-12 20:00:00,25.8,74.8,15.5,4,2,20,0,0,200.61
2023-04-12 21:00:00,21.9,71.9,16.4,4,2,21,0,0,173.03
2023-04-12 22:00:00,22.1,55.1,3.9,4,2,22,0,0,161.29
2023-04-12 23:00:00,19.5,80.1,6.4,4,2,23,0,0,176.3
2023-04-13 00:00:00,21.8,73.0,12.2,4,3,0,0,0,143.51
2023-04-13 01:00:00,24.3,59.6,7.5,4,3,1,0,0,127.8
2023-04-13 02:00:00,23.4,65.5,17.5,4,3,2,0,0,116.1
2023-04-13 03:00:00,22.1,58.6,8.8,4,3,3,0,0,117.73
2023-04-13 04:00:00,24.6,66.3,9.9,4,3,4,0,0,146.56
2023-04-13 05:00:00,25.6,68.4,14.4,4,3,5,0,0,147.1
2023-04-13 06:00:00,26.8,63.9,3.0,4,3,6,0,0,144.65
2023-04-13 07:00:00,29.3,61.7,9.0,4,3,7,0,0,158.65
2023-04-13 08:00:00,30.5,51.9,2.7,4,3,8,0,0,167.34
2023-04-13 09:00:00,29.1,68.2,4.4,4,3,9,0,0,186.08
2023-04-13 10:00:00,31.4,48.9,3.9,4,3,10,0,0,201.6
2023-04-13 11:00:00,29.8,65.3,8.7,4,3,11,0,0,178.93
2023-04-13 12:00:00,28.9,51.1,16.9,4,3,12,0,0,204.97
2023-04-13 13:00:00,30.1,65.4,3.1,4,3,13,0,0,188.53
2023-04-13 14:00:00,30.0,65.0,13.7,4,3,14,0,0,167.51
2023-04-13 15:00:00,26.0,70.2,3.2,4,3,15,0,0,162.8
2023-04-13 16:00:00,30.0,71.9,3.7,4,3,16,0,0,155.63
2023-04-13 17:00:00,21.5,77.6,21.9,4,3,17,0,0,142.45
2023-04-13 18:00:00,31.2,51.5,2.1,4,3,18,0,0,214.76
2023-04-13 19:00:00,27.5,65.8,3.8,4,3,19,0,0,220.23
2023-04-13 20:00:00,22.8,84.7,3.9,4,3,20,0,0,165.36
2023-04-13 21:00:00,22.3,69.8,4.6,4,3,21,0,0,195.99
2023-04-13 22:00:00,22.1,62.3,5.6,4,3,22,0,0,195.88
2023-04-13 23:00:00,19.8,69.5,2.9,4,3,23,0,0,163.5
2023-04-14 00:00:00,21.4,66.2,7.1,4,4,0,0,1,137.73
2023-04-14 01:00:00,20.9,60.1,6.1,4,4,1,0,1,119.68
2023-04-14 02:00:00,21.5,76.2,9.8,4,4,2,0,1,112.12
2023-04-14 03:00:00,22.8,73.2,18.2,4,4,3,0,1,94.47
2023-04-14 04:00:00,20.9,58.9,4.8,4,4,4,0,1,104.62
2023-04-14 05:00:00,24.8,66.9,8.3,4,4,5,0,1,105.34
2023-04-14 06:00:00,26.3,62.3,5.7,4,4,6,0,1,127.57
2023-04-14 07:00:00,27.6,53.4,2.3,4,4,7,0,1,138.45
2023-04-14 08:00:00,28.1,54.6,15.8,4,4,8,0,1,133.58
2023-04-14 09:00:00,31.8,54.0,10.0,4,4,9,0,1,137.39
2023-04-14 10:00:00,29.6,64.7,2.0,4,4,10,0,1,165.05
2023-04-14 11:00:00,31.3,60.7,4.3,4,4,11,0,1,153.91
2023-04-14 12:00:00,33.6,55.5,5.0,4,4,12,0,1,154.31
2023-04-14 13:00:00,30.7,61.5,15.4,4,4,13,0,1,134.15
2023-04-14 14:00:00,30.8,70.6,13.4,4,4,14,0,1,155.64
2023-04-14 15:00:00,29.4,68.2,6.0,4,4,15,0,1,122.4
2023-04-14 16:00:00,31.0,72.5,3.4,4,4,16,0,1,137.74
2023-04-14 17:00:00,26.8,64.8,5.9,4,4,17,0,1,150.9
2023-04-14 18:00:00,28.6,78.5,15.3,4,4,18,0,1,144.55
2023-04-14 19:00:00,24.5,70.5,6.8,4,4,19,0,1,142.73
2023-04-14 20:00:00,21.8,65.2,3.0,4,4,20,0,1,175.21
2023-04-14 21:00:00,23.8,68.8,2.3,4,4,21,0,1,158.7
2023-04-14 22:00:00,21.1,59.5,5.2,4,4,22,0,1,145.67
2023-04-14 23:00:00,22.4,66.3,3.3,4,4,23,0,1,132.93
2023-04-15 00:00:00,15.8,75.5,12.9,4,5,0,1,0,135.66
2023-04-15 01:00:00,21.4,74.2,4.6,4,5,1,1,0,128.18
2023-04-15 02:00:00,21.0,66.2,18.8,4,5,2,1,0,101.23
2023-04-15 03:00:00,20.6,91.6,9.7,4,5,3,1,0,90.72
2023-04-15 04:00:00,22.7,67.3,6.0,4,5,4,1,0,114.44
2023-04-15 05:00:00,23.8,54.7,9.5,4,5,5,1,0,106.54
2023-04-15 06:00:00,26.2,76.6,4.8,4,5,6,1,0,145.35
2023-04-15 07:00:00,24.8,72.4,3.2,4,5,7,1,0,125.71
2023-04-15 08:00:00,29.4,67.2,28.6,4,5,8,1,0,142.09
2023-04-15 09:00:00,32.5,60.0,8.6,4,5,9,1,0,155.42
2023-04-15 10:00:00,31.1,67.6,2.1,4,5,10,1,0,191.88
2023-04-15 11:00:00,32.7,76.6,5.0,4,5,11,1,0,204.0
2023-04-15 12:00:00,33.4,64.9,3.4,4,5,12,1,0,171.42
2023-04-15 13:00:00,33.6,51.5,4.4,4,5,13,1,0,163.57
2023-04-15 14:00:00,34.3,35.2,2.5,4,5,14,1,0,149.69
2023-04-15 15:00:00,28.8,68.7,4.2,4,5,15,1,0,132.4
2023-04-15 16:00:00,27.3,58.5,11.2,4,5,16,1,0,145.17
2023-04-15 17:00:00,29.1,64.6,15.7,4,5,17,1,0,139.68
2023-04-15 18:00:00,27.7,59.7,5.4,4,5,18,1,0,164.65
2023-04-15 19:00:00,26.5,59.7,7.9,4,5,19,1,0,164.12
2023-04-15 20:00:00,27.5,60.1,2.3,4,5,20,1,0,185.78
2023-04-15 21:00:00,22.7,63.2,2.8,4,5,21,1,0,157.14
2023-04-15 22:00:00,22.8,74.8,8.4,4,5,22,1,0,168.93
2023-04-15 23:00:00,19.5,74.9,16.7,4,5,23,1,0,166.83
2023-04-16 00:00:00,25.8,57.5,2.7,4,6,0,1,0,97.41
2023-04-16 01:00:00,21.0,60.9,6.3,4,6,1,1,0,111.85
2023-04-16 02:00:00,21.5,72.3,30.2,4,6,2,1,0,97.62
2023-04-16 03:00:00,22.3,77.3,12.7,4,6,3,1,0,96.16
2023-04-16 04:00:00,22.7,76.9,3.8,4,6,4,1,0,120.12
2023-04-16 05:00:00,23.7,60.1,4.7,4,6,5,1,0,132.44
2023-04-16 06:00:00,25.4,75.2,25.6,4,6,6,1,0,90.66
2023-04-16 07:00:00,25.1,53.3,4.0,4,6,7,1,0,102.6
2023-04-16 08:00:00,27.4,64.7,6.7,4,6,8,1,0,175.6
2023-04-16 09:00:00,33.9,66.9,5.5,4,6,9,1,0,185.53
2023-04-16 10:00:00,32.3,47.2,7.4,4,6,10,1,0,178.26
2023-04-16 11:00:00,33.2,80.2,4.2,4,6,11,1,0,173.62
2023-04-16 12:00:00,33.8,73.7,10.8,4,6,12,1,0,180.65
2023-04-16 13:00:00,35.0,67.7,4.1,4,6,13,1,0,200.78
2023-04-16 14:00:00,27.3,58.6,9.4,4,6,14,1,0,141.82
2023-04-16 15:00:00,27.6,65.7,5.5,4,6,15,1,0,140.65
2023-04-16 16:00:00,27.4,72.6,4.3,4,6,16,1,0,116.07
2023-04-16 17:00:00,26.8,57.6,11.5,4,6,17,1,0,151.59
2023-04-16 18:00:00,25.9,65.6,28.9,4,6,18,1,0,143.45
2023-04-16 19:00:00,24.3,75.1,18.3,4,6,19,1,0,150.91
2023-04-16 20:00:00,24.4,55.8,2.7,4,6,20,1,0,176.5
2023-04-16 21:00:00,23.0,71.1,6.8,4,6,21,1,0,150.77
2023-04-16 22:00:00,20.7,55.6,11.5,4,6,22,1,0,154.02
2023-04-16 23:00:00,17.3,63.8,8.6,4,6,23,1,0,161.57
2023-04-17 00:00:00,19.7,66.1,12.4,4,0,0,0,0,145.74
2023-04-17 01:00:00,20.8,73.7,31.5,4,0,1,0,0,123.21
2023-04-17 02:00:00,21.9,63.4,5.4,4,0,2,0,0,125.14
2023-04-17 03:00:00,20.9,70.5,13.8,4,0,3,0,0,135.36
2023-04-17 04:00:00,23.2,62.9,2.8,4,0,4,0,0,129.06
2023-04-17 05:00:00,23.2,64.2,18.3,4,0,5,0,0,170.12
2023-04-17 06:00:00,26.5,76.8,14.1,4,0,6,0,0,132.34
2023-04-17 07:00:00,25.9,57.9,7.9,4,0,7,0,0,157.25
2023-04-17 08:00:00,27.5,72.3,15.8,4,0,8,0,0,177.85
2023-04-17 09:00:00,27.6,66.2,10.8,4,0,9,0,0,185.97
2023-04-17 10:00:00,30.7,60.0,8.4,4,0,10,0,0,189.46
2023-04-17 11:00:00,29.8,55.3,25.4,4,0,11,0,0,199.17
2023-04-17 12:00:00,33.5,54.1,3.1,4,0,12,0,0,211.15
2023-04-17 13:00:00,32.4,57.9,41.7,4,0,13,0,0,179.32
2023-04-17 14:00:00,30.9,63.3,3.3,4,0,14,0,0,166.68
2023-04-17 15:00:00,28.7,70.5,7.2,4,0,15,0,0,160.67
2023-04-17 16:00:00,30.0,62.6,4.1,4,0,16,0,0,180.74
2023-04-17 17:00:00,29.4,63.4,4.5,4,0,17,0,0,161.99
2023-04-17 18:00:00,27.0,65.8,10.0,4,0,18,0,0,190.28
2023-04-17 19:00:00,28.6,69.5,2.3,4,0,19,0,0,199.51
2023-04-17 20:00:00,25.1,72.6,24.6,4,0,20,0,0,202.91
2023-04-17 21:00:00,25.0,56.4,4.6,4,0,21,0,0,180.77
2023-04-17 22:00:00,22.7,66.4,4.5,4,0,22,0,0,204.23
2023-04-17 23:00:00,23.2,78.2,17.9,4,0,23,0,0,169.02
2023-04-18 00:00:00,20.4,59.3,13.6,4,1,0,0,0,147.98
2023-04-18 01:00:00,21.2,70.0,10.9,4,1,1,0,0,128.18
2023-04-18 02:00:00,23.3,67.0,3.3,4,1,2,0,0,140.06
2023-04-18 03:00:00,24.1,63.4,13.7,4,1,3,0,0,120.08
2023-04-18 04:00:00,25.5,80.0,5.6,4,1,4,0,0,118.79
2023-04-18 05:00:00,27.9,66.4,42.8,4,1,5,0,0,128.36
2023-04-18 06:00:00,24.1,80.0,10.9,4,1,6,0,0,169.68
2023-04-18 07:00:00,26.3,66.9,16.5,4,1,7,0,0,157.53
2023-04-18 08:00:00,29.9,68.7,12.6,4,1,8,0,0,177.88
2023-04-18 09:00:00,29.0,60.9,9.2,4,1,9,0,0,182.68
2023-04-18 10:00:00,38.0,56.5,12.1,4,1,10,0,0,273.79
2023-04-18 11:00:00,32.8,66.9,9.3,4,1,11,0,0,215.25
2023-04-18 12:00:00,31.8,67.5,2.4,4,1,12,0,0,172.4
2023-04-18 13:00:00,30.8,69.4,5.4,4,1,13,0,0,173.96
2023-04-18 14:00:00,30.3,67.9,5.0,4,1,14,0,0,168.64
2023-04-18 15:00:00,30.5,54.0,12.0,4,1,15,0,0,155.73
2023-04-18 16:00:00,29.7,58.7,8.9,4,1,16,0,0,169.63
2023-04-18 17:00:00,27.3,73.1,9.5,4,1,17,0,0,163.72
2023-04-18 18:00:00,,51.1,17.0,4,1,18,0,0,163.27
2023-04-18 19:00:00,28.3,68.2,8.0,4,1,19,0,0,199.15
2023-04-18 20:00:00,27.2,65.5,4.0,4,1,20,0,0,176.37
2023-04-18 21:00:00,23.9,74.8,2.1,4,1,21,0,0,160.36
2023-04-18 22:00:00,19.9,73.4,3.4,4,1,22,0,0,199.28
2023-04-18 23:00:00,23.2,63.1,2.2,4,1,23,0,0,178.71
2023-04-19 00:00:00,25.3,61.7,4.2,4,2,0,0,0,153.17
2023-04-19 01:00:00,25.1,63.3,10.1,4,2,1,0,0,143.78
2023-04-19 02:00:00,24.3,72.5,3.3,4,2,2,0,0,135.95
2023-04-19 03:00:00,26.5,48.3,2.7,4,2,3,0,0,178.51
2023-04-19 04:00:00,24.8,68.9,30.3,4,2,4,0,0,128.04
2023-04-19 05:00:00,27.1,59.4,48.2,4,2,5,0,0,163.62
2023-04-19 06:00:00,25.8,68.6,10.1,4,2,6,0,0,182.69
2023-04-19 07:00:00,29.1,68.2,2.9,4,2,7,0,0,180.43
2023-04-19 08:00:00,32.3,50.5,15.8,4,2,8,0,0,183.16
2023-04-19 09:00:00,29.5,63.4,8.2,4,2,9,0,0,190.62
2023-04-19 10:00:00,29.8,66.4,3.6,4,2,10,0,0,192.21
2023-04-19 11:00:00,32.2,64.6,8.9,4,2,11,0,0,209.37
2023-04-19 12:00:00,31.7,63.2,2.3,4,2,12,0,0,204.76
2023-04-19 13:00:00,33.3,53.6,30.7,4,2,13,0,0,159.14
2023-04-19 14:00:00,30.6,56.1,16.0,4,2,14,0,0,206.08
2023-04-19 15:00:00,34.2,51.9,4.4,4,2,15,0,0,176.65
2023-04-19 16:00:00,27.1,70.9,6.3,4,2,16,0,0,125.05
2023-04-19 17:00:00,31.0,63.6,6.0,4,2,17,0,0,183.06
2023-04-19 18:00:00,25.7,66.8,17.8,4,2,18,0,0,156.5
2023-04-19 19:00:00,22.3,55.2,5.5,4,2,19,0,0,183.33
2023-04-19 20:00:00,25.2,67.2,2.4,4,2,20,0,0,197.5
2023-04-19 21:00:00,23.1,73.5,3.9,4,2,21,0,0,197.39
2023-04-19 22:00:00,20.6,54.9,3.9,4,2,22,0,0,189.33
2023-04-19 23:00:00,,66.2,25.8,4,2,23,0,0,142.09
2023-04-20 00:00:00,22.4,56.2,22.6,4,3,0,0,0,128.66
2023-04-20 01:00:00,24.5,64.4,4.9,4,3,1,0,0,151.53
2023-04-20 02:00:00,24.2,60.7,2.0,4,3,2,0,0,125.95
2023-04-20 03:00:00,24.0,71.1,7.8,4,3,3,0,0,105.29
2023-04-20 04:00:00,25.9,68.4,14.8,4,3,4,0,0,143.85
2023-04-20 05:00:00,26.1,77.3,4.5,4,3,5,0,0,140.77
2023-04-20 06:00:00,24.5,67.3,6.6,4,3,6,0,0,141.59
2023-04-20 07:00:00,25.9,69.8,3.5,4,3,7,0,0,166.73
2023-04-20 08:00:00,29.5,60.8,5.2,4,3,8,0,0,182.09
2023-04-20 09:00:00,30.6,55.9,13.4,4,3,9,0,0,204.86
2023-04-20 10:00:00,33.4,70.0,6.5,4,3,10,0,0,196.68
2023-04-20 11:00:00,33.8,73.1,6.7,4,3,11,0,0,248.47
2023-04-20 12:00:00,33.6,68.8,14.5,4,3,12,0,0,179.15
2023-04-20 13:00:00,31.7,65.2,13.5,4,3,13,0,0,175.22
2023-04-20 14:00:00,29.0,57.7,3.7,4,3,14,0,0,154.13
2023-04-20 15:00:00,31.8,73.2,6.3,4,3,15,0,0,181.58
2023-04-20 16:00:00,31.0,69.2,17.1,4,3,16,0,0,173.27
2023-04-20 17:00:00,23.9,84.2,6.9,4,3,17,0,0,173.3
2023-04-20 18:00:00,25.7,57.9,10.7,4,3,18,0,0,178.72
2023-04-20 19:00:00,24.7,74.5,4.9,4,3,19,0,0,211.66
2023-04-20 20:00:00,25.1,71.8,2.5,4,3,20,0,0,200.12
2023-04-20 21:00:00,22.3,66.1,3.4,4,3,21,0,0,209.26
2023-04-20 22:00:00,23.0,79.4,6.1,4,3,22,0,0,154.02
2023-04-20 23:00:00,22.2,72.1,5.5,4,3,23,0,0,134.12
2023-04-21 00:00:00,22.3,61.3,20.1,4,4,0,0,0,138.8
2023-04-21 01:00:00,21.4,68.4,8.3,4,4,1,0,0,144.23
2023-04-21 02:00:00,22.0,61.4,9.9,4,4,2,0,0,122.83
2023-04-21 03:00:00,21.9,65.3,11.3,4,4,3,0,0,128.83
2023-04-21 04:00:00,25.9,72.7,8.1,4,4,4,0,0,155.37
2023-04-21 05:00:00,27.5,74.2,13.7,4,4,5,0,0,157.13
2023-04-21 06:00:00,26.1,68.7,14.2,4,4,6,0,0,145.3
2023-04-21 07:00:00,32.0,58.0,5.5,4,4,7,0,0,184.5
2023-04-21 08:00:00,29.5,68.3,2.7,4,4,8,0,0,196.9
2023-04-21 09:00:00,34.2,68.7,36.4,4,4,9,0,0,182.6
2023-04-21 10:00:00,30.7,48.9,10.2,4,4,10,0,0,181.25
2023-04-21 11:00:00,28.4,66.7,11.9,4,4,11,0,0,199.66
2023-04-21 12:00:00,33.4,61.8,13.3,4,4,12,0,0,171.82
2023-04-21 13:00:00,33.0,71.2,9.6,4,4,13,0,0,175.03
2023-04-21 14:00:00,32.0,67.1,7.1,4,4,14,0,0,163.02
2023-04-21 15:00:00,29.9,68.9,35.4,4,4,15,0,0,170.34
2023-04-21 16:00:00,30.1,61.1,12.4,4,4,16,0,0,152.85
2023-04-21 17:00:00,27.9,66.1,17.0,4,4,17,0,0,179.98
2023-04-21 18:00:00,27.0,74.0,6.6,4,4,18,0,0,179.18
2023-04-21 19:00:00,28.0,65.5,20.8,4,4,19,0,0,215.27
2023-04-21 20:00:00,25.5,68.6,12.5,4,4,20,0,0,194.31
2023-04-21 21:00:00,25.3,55.1,13.0,4,4,21,0,0,199.08
2023-04-21 22:00:00,22.8,68.0,2.7,4,4,22,0,0,185.39
2023-04-21 23:00:00,22.1,52.8,9.7,4,4,23,0,0,152.24
2023-04-22 00:00:00,20.5,65.6,5.3,4,5,0,1,0,120.9
2023-04-22 01:00:00,22.3,69.4,10.8,4,5,1,1,0,113.4
2023-04-22 02:00:00,16.9,77.7,8.7,4,5,2,1,0,110.94
2023-04-22 03:00:00,23.1,60.4,2.9,4,5,3,1,0,120.37
2023-04-22 04:00:00,25.2,70.4,8.0,4,5,4,1,0,149.98
2023-04-22 05:00:00,27.7,77.9,6.8,4,5,5,1,0,128.97
2023-04-22 06:00:00,27.3,61.2,14.0,4,5,6,1,0,136.75
2023-04-22 07:00:00,29.8,52.7,7.6,4,5,7,1,0,152.35
2023-04-22 08:00:00,26.0,69.3,7.2,4,5,8,1,0,109.32
2023-04-22 09:00:00,,54.8,12.2,4,5,9,1,0,175.49
2023-04-22 10:00:00,28.8,59.0,10.8,4,5,10,1,0,170.51
2023-04-22 11:00:00,30.3,72.3,40.5,4,5,11,1,0,136.25
2023-04-22 12:00:00,32.5,78.8,5.5,4,5,12,1,0,149.72
2023-04-22 13:00:00,35.2,54.4,11.3,4,5,13,1,0,180.66
2023-04-22 14:00:00,32.9,57.6,3.5,4,5,14,1,0,184.58
2023-04-22 15:00:00,31.4,60.8,15.1,4,5,15,1,0,140.44
2023-04-22 16:00:00,30.3,60.5,14.3,4,5,16,1,0,139.01
2023-04-22 17:00:00,27.7,81.6,12.4,4,5,17,1,0,184.16
2023-04-22 18:00:00,26.8,62.4,3.0,4,5,18,1,0,170.59
2023-04-22 19:00:00,27.4,63.2,37.1,4,5,19,1,0,134.82
2023-04-22 20:00:00,22.6,81.6,24.9,4,5,20,1,0,151.45
2023-04-22 21:00:00,25.5,71.9,5.7,4,5,21,1,0,199.76
2023-04-22 22:00:00,,76.5,8.9,4,5,22,1,0,142.96
2023-04-22 23:00:00,24.7,60.4,19.6,4,5,23,1,0,125.11
2023-04-23 00:00:00,25.0,63.3,7.5,4,6,0,1,0,131.05
2023-04-23 01:00:00,19.9,61.7,9.3,4,6,1,1,0,108.89
2023-04-23 02:00:00,22.6,75.1,9.4,4,6,2,1,0,116.93
2023-04-23 03:00:00,22.8,78.4,10.4,4,6,3,1,0,112.88
2023-04-23 04:00:00,21.9,64.2,8.9,4,6,4,1,0,105.35
2023-04-23 05:00:00,24.7,64.7,6.2,4,6,5,1,0,135.5
2023-04-23 06:00:00,33.0,61.0,8.2,4,6,6,1,0,132.61
2023-04-23 07:00:00,30.6,52.3,18.4,4,6,7,1,0,143.71
2023-04-23 08:00:00,34.4,57.4,18.0,4,6,8,1,0,165.32
2023-04-23 09:00:00,33.3,69.6,13.8,4,6,9,1,0,206.54
2023-04-23 10:00:00,30.9,57.5,6.3,4,6,10,1,0,171.34
2023-04-23 11:00:00,32.1,64.7,14.3,4,6,11,1,0,203.23
2023-04-23 12:00:00,34.2,52.4,5.9,4,6,12,1,0,172.14
2023-04-23 13:00:00,33.8,62.0,10.7,4,6,13,1,0,169.35
2023-04-23 14:00:00,31.2,59.9,8.7,4,6,14,1,0,165.81
2023-04-23 15:00:00,28.6,55.9,4.9,4,6,15,1,0,123.94
2023-04-23 16:00:00,37.1,67.8,6.8,4,6,16,1,0,212.64
2023-04-23 17:00:00,29.1,72.2,16.2,4,6,17,1,0,149.55
2023-04-23 18:00:00,27.4,58.5,21.5,4,6,18,1,0,154.59
2023-04-23 19:00:00,27.0,64.8,3.8,4,6,19,1,0,177.26
2023-04-23 20:00:00,25.1,67.8,6.9,4,6,20,1,0,168.14
2023-04-23 21:00:00,24.8,53.1,6.5,4,6,21,1,0,147.74
2023-04-23 22:00:00,26.3,55.7,7.4,4,6,22,1,0,153.34
2023-04-23 23:00:00,23.0,78.8,32.0,4,6,23,1,0,100.68
2023-04-24 00:00:00,21.0,61.0,7.9,4,0,0,0,0,123.49
2023-04-24 01:00:00,23.1,78.5,16.2,4,0,1,0,0,136.55
2023-04-24 02:00:00,23.0,57.7,10.7,4,0,2,0,0,152.79
2023-04-24 03:00:00,27.6,71.5,2.9,4,0,3,0,0,165.65
2023-04-24 04:00:00,28.1,63.4,11.5,4,0,4,0,0,155.04
2023-04-24 05:00:00,27.2,65.0,10.3,4,0,5,0,0,122.22
2023-04-24 06:00:00,25.7,82.0,13.4,4,0,6,0,0,158.47
2023-04-24 07:00:00,27.1,56.4,2.6,4,0,7,0,0,151.31
2023-04-24 08:00:00,30.8,69.3,4.2,4,0,8,0,0,189.44
2023-04-24 09:00:00,32.5,68.2,13.7,4,0,9,0,0,216.69
2023-04-24 10:00:00,31.9,90.9,5.7,4,0,10,0,0,223.58
2023-04-24 11:00:00,32.2,55.3,21.3,4,0,11,0,0,212.43
2023-04-24 12:00:00,32.1,58.9,7.8,4,0,12,0,0,171.34
2023-04-24 13:00:00,33.1,70.0,2.0,4,0,13,0,0,180.11
2023-04-24 14:00:00,27.9,64.5,11.6,4,0,14,0,0,184.2
2023-04-24 15:00:00,29.6,61.5,7.8,4,0,15,0,0,189.98
2023-04-24 16:00:00,29.5,72.9,5.1,4,0,16,0,0,174.03
2023-04-24 17:00:00,32.0,61.9,2.2,4,0,17,0,0,190.16
2023-04-24 18:00:00,26.7,59.5,3.8,4,0,18,0,0,198.26
2023-04-24 19:00:00,27.4,72.1,3.4,4,0,19,0,0,205.38
2023-04-24 20:00:00,26.2,69.9,9.0,4,0,20,0,0,205.06
2023-04-24 21:00:00,27.3,63.8,13.7,4,0,21,0,0,175.85
2023-04-24 22:00:00,26.5,63.9,4.1,4,0,22,0,0,198.62
2023-04-24 23:00:00,23.3,61.0,11.6,4,0,23,0,0,157.96
2023-04-25 00:00:00,22.5,74.5,20.4,4,1,0,0,0,119.85
2023-04-25 01:00:00,22.3,65.9,9.8,4,1,1,0,0,126.08
2023-04-25 02:00:00,23.7,62.0,14.0,4,1,2,0,0,120.74
2023-04-25 03:00:00,24.1,57.7,3.8,4,1,3,0,0,153.72
2023-04-25 04:00:00,,69.6,2.6,4,1,4,0,0,133.32
2023-04-25 05:00:00,28.0,61.9,5.6,4,1,5,0,0,154.85
2023-04-25 06:00:00,29.7,49.1,11.9,4,1,6,0,0,124.45
2023-04-25 07:00:00,32.3,54.2,11.3,4,1,7,0,0,193.31
2023-04-25 08:00:00,34.7,60.8,26.8,4,1,8,0,0,185.75
2023-04-25 09:00:00,32.3,62.2,10.0,4,1,9,0,0,207.25
2023-04-25 10:00:00,35.0,60.5,6.2,4,1,10,0,0,228.3
2023-04-25 11:00:00,32.6,60.6,14.8,4,1,11,0,0,210.0
2023-04-25 12:00:00,35.9,50.3,3.3,4,1,12,0,0,219.7
2023-04-25 13:00:00,35.5,55.3,15.4,4,1,13,0,0,227.67
2023-04-25 14:00:00,34.8,72.0,5.6,4,1,14,0,0,202.69
2023-04-25 15:00:00,32.2,72.2,3.3,4,1,15,0,0,217.92
2023-04-25 16:00:00,29.7,69.8,3.4,4,1,16,0,0,184.23
2023-04-25 17:00:00,27.0,70.4,34.9,4,1,17,0,0,162.12
2023-04-25 18:00:00,28.4,73.0,9.8,4,1,18,0,0,199.95
2023-04-25 19:00:00,30.3,55.9,3.5,4,1,19,0,0,205.36
2023-04-25 20:00:00,25.4,67.6,4.5,4,1,20,0,0,202.62
2023-04-25 21:00:00,26.5,57.8,5.7,4,1,21,0,0,195.12
2023-04-25 22:00:00,25.9,58.2,2.5,4,1,22,0,0,182.94
2023-04-25 23:00:00,23.1,71.4,2.9,4,1,23,0,0,200.03
2023-04-26 00:00:00,26.3,74.4,13.5,4,2,0,0,0,182.89
2023-04-26 01:00:00,18.1,69.4,14.4,4,2,1,0,0,145.29
2023-04-26 02:00:00,21.9,82.2,37.5,4,2,2,0,0,142.15
2023-04-26 03:00:00,23.3,70.0,2.6,4,2,3,0,0,153.26
2023-04-26 04:00:00,24.6,61.5,19.6,4,2,4,0,0,144.38
2023-04-26 05:00:00,28.1,57.3,5.1,4,2,5,0,0,156.29
2023-04-26 06:00:00,29.3,73.5,5.2,4,2,6,0,0,175.27
2023-04-26 07:00:00,30.8,65.6,3.1,4,2,7,0,0,188.08
2023-04-26 08:00:00,32.4,69.2,36.3,4,2,8,0,0,171.2
2023-04-26 09:00:00,30.3,43.6,33.7,4,2,9,0,0,173.91
2023-04-26 10:00:00,30.6,66.7,18.0,4,2,10,0,0,176.51
2023-04-26 11:00:00,34.3,58.7,2.8,4,2,11,0,0,224.39
2023-04-26 12:00:00,32.5,52.6,16.7,4,2,12,0,0,194.4
2023-04-26 13:00:00,30.4,64.3,10.1,4,2,13,0,0,187.22
2023-04-26 14:00:00,35.0,71.2,3.1,4,2,14,0,0,189.86
2023-04-26 15:00:00,35.0,80.6,4.4,4,2,15,0,0,217.01
2023-04-26 16:00:00,34.3,64.8,11.3,4,2,16,0,0,199.56
2023-04-26 17:00:00,30.4,59.1,15.0,4,2,17,0,0,209.34
2023-04-26 18:00:00,30.0,58.9,17.1,4,2,18,0,0,196.34
2023-04-26 19:00:00,30.2,72.6,8.3,4,2,19,0,0,195.62
2023-04-26 20:00:00,24.9,59.6,8.1,4,2,20,0,0,170.7
2023-04-26 21:00:00,27.4,71.3,11.2,4,2,21,0,0,196.63
2023-04-26 22:00:00,24.9,69.9,14.0,4,2,22,0,0,159.92
2023-04-26 23:00:00,25.7,68.6,3.5,4,2,23,0,0,159.24
2023-04-27 00:00:00,24.3,55.3,12.8,4,3,0,0,0,125.54
2023-04-27 01:00:00,26.7,63.8,5.3,4,3,1,0,0,136.11
2023-04-27 02:00:00,25.0,55.8,5.9,4,3,2,0,0,155.32
2023-04-27 03:00:00,22.4,64.1,2.6,4,3,3,0,0,118.5
2023-04-27 04:00:00,29.3,72.7,9.1,4,3,4,0,0,141.98
2023-04-27 05:00:00,25.7,77.0,2.8,4,3,5,0,0,127.91
2023-04-27 06:00:00,31.4,66.0,21.5,4,3,6,0,0,138.21
2023-04-27 07:00:00,30.0,60.4,9.8,4,3,7,0,0,167.23
2023-04-27 08:00:00,33.8,75.8,39.1,4,3,8,0,0,193.29
2023-04-27 09:00:00,34.7,58.0,4.3,4,3,9,0,0,199.75
2023-04-27 10:00:00,34.1,53.9,11.1,4,3,10,0,0,189.44
2023-04-27 11:00:00,34.8,68.2,28.7,4,3,11,0,0,180.26
2023-04-27 12:00:00,34.8,66.3,4.8,4,3,12,0,0,213.6
2023-04-27 13:00:00,29.7,,2.8,4,3,13,0,0,190.6
2023-04-27 14:00:00,33.5,64.1,10.0,4,3,14,0,0,165.27
2023-04-27 15:00:00,30.2,68.4,5.6,4,3,15,0,0,162.97
2023-04-27 16:00:00,31.8,65.7,4.6,4,3,16,0,0,198.26
2023-04-27 17:00:00,27.9,69.7,42.4,4,3,17,0,0,153.35
2023-04-27 18:00:00,26.6,62.7,13.2,4,3,18,0,0,175.14
2023-04-27 19:00:00,30.8,68.8,7.3,4,3,19,0,0,212.51
2023-04-27 20:00:00,28.6,65.9,2.4,4,3,20,0,0,197.66
2023-04-27 21:00:00,25.4,63.5,3.7,4,3,21,0,0,178.7
2023-04-27 22:00:00,25.0,65.6,4.8,4,3,22,0,0,183.31
2023-04-27 23:00:00,23.6,67.4,7.3,4,3,23,0,0,144.46
2023-04-28 00:00:00,25.3,55.8,7.5,4,4,0,0,0,119.98
2023-04-28 01:00:00,22.9,63.4,2.2,4,4,1,0,0,130.64
2023-04-28 02:00:00,26.8,67.1,25.0,4,4,2,0,0,141.42
2023-04-28 03:00:00,25.1,56.6,8.3,4,4,3,0,0,147.75
2023-04-28 04:00:00,25.8,62.1,2.2,4,4,4,0,0,131.71
2023-04-28 05:00:00,27.9,,11.7,4,4,5,0,0,164.98
2023-04-28 06:00:00,27.9,57.0,2.6,4,4,6,0,0,177.93
2023-04-28 07:00:00,31.1,61.4,12.2,4,4,7,0,0,175.51
2023-04-28 08:00:00,30.6,58.1,11.7,4,4,8,0,0,191.73
2023-04-28 09:00:00,33.6,62.3,35.6,4,4,9,0,0,223.79
2023-04-28 10:00:00,35.9,55.5,5.3,4,4,10,0,0,216.6
2023-04-28 11:00:00,32.5,61.8,3.2,4,4,11,0,0,202.42
2023-04-28 12:00:00,33.9,57.3,2.8,4,4,12,0,0,228.23
2023-04-28 13:00:00,34.9,71.0,2.6,4,4,13,0,0,192.2
2023-04-28 14:00:00,32.6,64.4,15.3,4,4,14,0,0,181.51
2023-04-28 15:00:00,33.6,55.2,12.1,4,4,15,0,0,172.72
2023-04-28 16:00:00,32.7,70.4,31.8,4,4,16,0,0,195.23
2023-04-28 17:00:00,32.6,56.0,5.0,4,4,17,0,0,172.64
2023-04-28 18:00:00,27.9,53.5,15.0,4,4,18,0,0,175.57
2023-04-28 19:00:00,25.9,67.0,2.8,4,4,19,0,0,177.2
2023-04-28 20:00:00,26.0,82.3,20.7,4,4,20,0,0,171.33
2023-04-28 21:00:00,23.7,53.6,2.4,4,4,21,0,0,157.37
2023-04-28 22:00:00,25.9,56.4,14.4,4,4,22,0,0,170.36
2023-04-28 23:00:00,22.0,75.0,4.9,4,4,23,0,0,175.28
2023-04-29 00:00:00,29.0,60.4,3.6,4,5,0,1,0,132.33
2023-04-29 01:00:00,27.1,71.3,11.8,4,5,1,1,0,123.4
2023-04-29 02:00:00,25.0,60.8,20.1,4,5,2,1,0,96.32
2023-04-29 03:00:00,27.5,67.4,13.6,4,5,3,1,0,125.91
2023-04-29 04:00:00,23.6,82.2,5.0,4,5,4,1,0,126.36
2023-04-29 05:00:00,33.1,53.9,5.5,4,5,5,1,0,145.21
2023-04-29 06:00:00,28.2,74.1,3.7,4,5,6,1,0,140.5
2023-04-29 07:00:00,30.4,70.2,15.9,4,5,7,1,0,140.74
2023-04-29 08:00:00,28.1,54.0,2.9,4,5,8,1,0,180.61
2023-04-29 09:00:00,33.8,67.6,20.7,4,5,9,1,0,193.34
2023-04-29 10:00:00,31.4,64.9,9.4,4,5,10,1,0,175.51
2023-04-29 11:00:00,34.4,63.5,9.1,4,5,11,1,0,186.6
2023-04-29 12:00:00,33.2,66.1,16.6,4,5,12,1,0,165.5
2023-04-29 13:00:00,32.0,61.2,10.8,4,5,13,1,0,153.32
2023-04-29 14:00:00,32.1,64.5,4.9,4,5,14,1,0,160.37
2023-04-29 15:00:00,33.3,65.3,5.4,4,5,15,1,0,136.36
2023-04-29 16:00:00,29.3,71.3,3.5,4,5,16,1,0,144.86
2023-04-29 17:00:00,29.1,53.2,7.0,4,5,17,1,0,146.26
2023-04-29 18:00:00,30.7,75.0,2.9,4,5,18,1,0,173.92
2023-04-29 19:00:00,33.2,54.1,10.5,4,5,19,1,0,190.52
2023-04-29 20:00:00,27.8,72.2,3.5,4,5,20,1,0,178.77
2023-04-29 21:00:00,24.0,68.7,18.0,4,5,21,1,0,163.96
2023-04-29 22:00:00,24.3,57.6,11.6,4,5,22,1,0,144.98
2023-04-29 23:00:00,24.6,71.9,19.8,4,5,23,1,0,151.15
2023-04-30 00:00:00,23.8,60.5,2.7,4,6,0,1,0,131.01
2023-04-30 01:00:00,26.5,75.3,14.8,4,6,1,1,0,151.82
2023-04-30 02:00:00,25.6,61.5,19.0,4,6,2,1,0,115.13
2023-04-30 03:00:00,27.8,54.1,2.4,4,6,3,1,0,102.39
2023-04-30 04:00:00,26.4,79.1,50.0,4,6,4,1,0,93.9
2023-04-30 05:00:00,30.9,66.0,4.9,4,6,5,1,0,128.7
2023-04-30 06:00:00,29.2,72.3,3.9,4,6,6,1,0,140.39
2023-04-30 07:00:00,28.9,58.7,6.3,4,6,7,1,0,159.83
2023-04-30 08:00:00,36.4,46.7,2.1,4,6,8,1,0,187.17
2023-04-30 09:00:00,29.4,78.7,19.4,4,6,9,1,0,155.4
2023-04-30 10:00:00,32.4,63.8,4.5,4,6,10,1,0,191.53
2023-04-30 11:00:00,33.1,67.4,7.9,4,6,11,1,0,171.35
2023-04-30 12:00:00,39.5,65.5,9.8,4,6,12,1,0,206.81
2023-04-30 13:00:00,38.0,58.3,14.5,4,6,13,1,0,199.59
2023-04-30 14:00:00,36.8,63.4,4.3,4,6,14,1,0,159.62
2023-04-30 15:00:00,32.4,76.5,12.1,4,6,15,1,0,149.82
2023-04-30 16:00:00,36.9,61.3,3.0,4,6,16,1,0,200.86
2023-04-30 17:00:00,31.6,71.8,11.7,4,6,17,1,0,134.06
2023-04-30 18:00:00,31.5,48.3,22.1,4,6,18,1,0,133.78
2023-04-30 19:00:00,28.6,74.7,2.7,4,6,19,1,0,155.72
2023-04-30 20:00:00,26.9,54.4,3.0,4,6,20,1,0,129.93
2023-04-30 21:00:00,,75.3,8.5,4,6,21,1,0,195.14
2023-04-30 22:00:00,24.8,70.7,2.4,4,6,22,1,0,158.03
2023-04-30 23:00:00,25.9,66.3,3.7,4,6,23,1,0,134.82
2023-05-01 00:00:00,25.5,66.5,3.7,5,0,0,0,1,100.25
2023-05-01 01:00:00,24.8,65.6,7.3,5,0,1,0,1,143.94
2023-05-01 02:00:00,28.4,59.2,4.3,5,0,2,0,1,123.11
2023-05-01 03:00:00,20.3,68.2,7.2,5,0,3,0,1,100.78
2023-05-01 04:00:00,28.2,83.5,7.9,5,0,4,0,1,136.86
2023-05-01 05:00:00,,75.5,12.5,5,0,5,0,1,131.9
2023-05-01 06:00:00,32.0,57.0,25.3,5,0,6,0,1,124.59
2023-05-01 07:00:00,30.9,66.7,7.6,5,0,7,0,1,138.92
2023-05-01 08:00:00,32.6,64.4,5.5,5,0,8,0,1,158.37
2023-05-01 09:00:00,35.2,61.2,4.4,5,0,9,0,1,175.99
2023-05-01 10:00:00,37.0,53.5,10.1,5,0,10,0,1,219.2
2023-05-01 11:00:00,34.0,66.6,24.9,5,0,11,0,1,166.97
2023-05-01 12:00:00,35.3,69.1,13.6,5,0,12,0,1,201.44
2023-05-01 13:00:00,37.9,54.4,3.8,5,0,13,0,1,180.12
2023-05-01 14:00:00,29.8,80.7,19.9,5,0,14,0,1,130.04
2023-05-01 15:00:00,31.9,76.2,12.6,5,0,15,0,1,142.27
2023-05-01 16:00:00,35.2,66.8,3.1,5,0,16,0,1,159.06
2023-05-01 17:00:00,33.2,53.5,12.0,5,0,17,0,1,150.74
2023-05-01 18:00:00,30.8,67.8,4.7,5,0,18,0,1,174.76
2023-05-01 19:00:00,27.5,68.5,7.4,5,0,19,0,1,182.84
2023-05-01 20:00:00,25.5,71.4,4.9,5,0,20,0,1,171.47
2023-05-01 21:00:00,25.0,80.2,2.7,5,0,21,0,1,147.42
2023-05-01 22:00:00,28.5,64.3,13.7,5,0,22,0,1,143.27
2023-05-01 23:00:00,23.6,84.6,16.1,5,0,23,0,1,127.29
2023-05-02 00:00:00,25.1,70.7,4.1,5,1,0,0,0,175.61
2023-05-02 01:00:00,23.6,65.9,4.2,5,1,1,0,0,155.95
2023-05-02 02:00:00,27.3,85.6,6.5,5,1,2,0,0,164.96
2023-05-02 03:00:00,25.3,74.0,15.3,5,1,3,0,0,121.69
2023-05-02 04:00:00,27.2,62.7,2.6,5,1,4,0,0,122.92
2023-05-02 05:00:00,25.3,68.0,15.2,5,1,5,0,0,148.25
2023-05-02 06:00:00,26.7,71.7,22.5,5,1,6,0,0,141.46
2023-05-02 07:00:00,31.2,63.2,8.6,5,1,7,0,0,182.38
2023-05-02 08:00:00,29.8,66.2,2.5,5,1,8,0,0,192.22
2023-05-02 09:00:00,37.7,54.6,4.5,5,1,9,0,0,230.85
2023-05-02 10:00:00,30.1,51.5,2.9,5,1,10,0,0,210.51
2023-05-02 11:00:00,33.2,64.3,4.4,5,1,11,0,0,187.75
2023-05-02 12:00:00,35.0,63.6,15.4,5,1,12,0,0,208.24
2023-05-02 13:00:00,34.0,67.2,2.5,5,1,13,0,0,210.08
2023-05-02 14:00:00,32.0,59.4,4.7,5,1,14,0,0,205.75
2023-05-02 15:00:00,31.5,53.5,7.8,5,1,15,0,0,175.01
2023-05-02 16:00:00,30.4,57.1,18.6,5,1,16,0,0,185.26
2023-05-02 17:00:00,30.6,73.1,4.3,5,1,17,0,0,204.4
2023-05-02 18:00:00,33.8,57.8,14.1,5,1,18,0,0,239.6
2023-05-02 19:00:00,28.8,62.1,9.0,5,1,19,0,0,200.79
2023-05-02 20:00:00,29.8,62.6,11.0,5,1,20,0,0,234.22
2023-05-02 21:00:00,27.4,61.3,17.8,5,1,21,0,0,199.24
2023-05-02 22:00:00,27.8,60.5,2.2,5,1,22,0,0,161.78
2023-05-02 23:00:00,19.5,63.3,8.0,5,1,23,0,0,164.95
2023-05-03 00:00:00,24.5,79.0,13.0,5,2,0,0,0,133.52
2023-05-03 01:00:00,27.9,71.5,19.3,5,2,1,0,0,166.34
2023-05-03 02:00:00,24.6,77.7,3.1,5,2,2,0,0,143.36
2023-05-03 03:00:00,30.1,76.5,5.3,5,2,3,0,0,131.99
2023-05-03 04:00:00,30.6,45.9,2.7,5,2,4,0,0,161.79
2023-05-03 05:00:00,27.9,68.8,16.4,5,2,5,0,0,165.1
2023-05-03 06:00:00,29.1,60.8,17.6,5,2,6,0,0,148.6
2023-05-03 07:00:00,29.4,74.2,7.3,5,2,7,0,0,167.59
2023-05-03 08:00:00,31.4,58.4,2.2,5,2,8,0,0,193.67
2023-05-03 09:00:00,31.2,56.0,2.9,5,2,9,0,0,170.55
2023-05-03 10:00:00,35.3,50.9,9.8,5,2,10,0,0,230.2
2023-05-03 11:00:00,32.0,61.6,34.4,5,2,11,0,0,213.27
2023-05-03 12:00:00,36.3,69.2,16.6,5,2,12,0,0,207.19
2023-05-03 13:00:00,36.2,63.9,14.8,5,2,13,0,0,234.69
2023-05-03 14:00:00,31.1,54.8,6.3,5,2,14,0,0,188.52
2023-05-03 15:00:00,36.8,78.8,35.7,5,2,15,0,0,197.12
2023-05-03 16:00:00,33.6,68.4,15.9,5,2,16,0,0,196.71
2023-05-03 17:00:00,32.9,69.8,5.3,5,2,17,0,0,220.07
2023-05-03 18:00:00,28.6,76.0,13.0,5,2,18,0,0,188.56
2023-05-03 19:00:00,30.1,51.8,6.5,5,2,19,0,0,204.75
2023-05-03 20:00:00,29.9,57.8,10.6,5,2,20,0,0,194.46
2023-05-03 21:00:00,26.4,73.4,30.1,5,2,21,0,0,180.29
2023-05-03 22:00:00,29.8,58.6,4.3,5,2,22,0,0,200.4
2023-05-03 23:00:00,25.4,65.1,14.7,5,2,23,0,0,160.32
2023-05-04 00:00:00,27.6,65.6,9.1,5,3,0,0,0,143.87
2023-05-04 01:00:00,26.1,56.7,26.0,5,3,1,0,0,148.31
2023-05-04 02:00:00,27.1,63.5,3.2,5,3,2,0,0,148.7
2023-05-04 03:00:00,23.4,75.6,12.2,5,3,3,0,0,124.97
2023-05-04 04:00:00,28.5,71.6,2.3,5,3,4,0,0,175.01
2023-05-04 05:00:00,27.5,75.1,4.3,5,3,5,0,0,183.98
2023-05-04 06:00:00,28.6,73.8,5.1,5,3,6,0,0,178.3
2023-05-04 07:00:00,35.1,65.7,6.5,5,3,7,0,0,183.38
2023-05-04 08:00:00,32.4,66.4,28.9,5,3,8,0,0,190.83
2023-05-04 09:00:00,31.8,66.1,2.6,5,3,9,0,0,212.82
2023-05-04 10:00:00,33.9,58.0,3.5,5,3,10,0,0,192.36
2023-05-04 11:00:00,32.5,55.5,3.8,5,3,11,0,0,221.83
2023-05-04 12:00:00,38.2,55.4,6.4,5,3,12,0,0,235.15
2023-05-04 13:00:00,33.7,60.5,2.5,5,3,13,0,0,213.05
2023-05-04 14:00:00,35.7,56.9,28.9,5,3,14,0,0,184.42
2023-05-04 15:00:00,36.6,65.0,8.6,5,3,15,0,0,213.52
2023-05-04 16:00:00,31.8,65.7,15.4,5,3,16,0,0,184.76
2023-05-04 17:00:00,32.7,66.1,13.8,5,3,17,0,0,192.23
2023-05-04 18:00:00,28.2,68.7,10.6,5,3,18,0,0,191.68
2023-05-04 19:00:00,33.9,72.6,20.8,5,3,19,0,0,215.06
2023-05-04 20:00:00,29.7,65.1,20.6,5,3,20,0,0,181.22
2023-05-04 21:00:00,26.4,74.9,3.1,5,3,21,0,0,165.4
2023-05-04 22:00:00,24.4,71.9,20.6,5,3,22,0,0,162.76
2023-05-04 23:00:00,25.2,76.4,7.9,5,3,23,0,0,181.44
2023-05-05 00:00:00,24.8,80.5,4.5,5,4,0,0,0,136.81
2023-05-05 01:00:00,29.6,69.8,9.5,5,4,1,0,0,169.3
2023-05-05 02:00:00,23.7,69.0,4.6,5,4,2,0,0,157.33
2023-05-05 03:00:00,27.2,67.2,7.2,5,4,3,0,0,145.53
2023-05-05 04:00:00,28.0,62.3,15.6,5,4,4,0,0,134.96
2023-05-05 05:00:00,29.0,61.5,2.3,5,4,5,0,0,168.99
2023-05-05 06:00:00,30.3,72.1,3.6,5,4,6,0,0,186.85
2023-05-05 07:00:00,31.6,56.5,27.1,5,4,7,0,0,164.88
2023-05-05 08:00:00,34.7,75.5,6.7,5,4,8,0,0,213.46
2023-05-05 09:00:00,35.2,61.2,4.9,5,4,9,0,0,208.81
2023-05-05 10:00:00,35.7,85.1,22.5,5,4,10,0,0,230.15
2023-05-05 11:00:00,29.3,59.8,21.4,5,4,11,0,0,150.88
2023-05-05 12:00:00,36.1,64.0,2.4,5,4,12,0,0,216.47
2023-05-05 13:00:00,32.0,61.2,5.6,5,4,13,0,0,172.63
2023-05-05 14:00:00,36.1,55.6,21.5,5,4,14,0,0,193.91
2023-05-05 15:00:00,37.0,70.0,3.6,5,4,15,0,0,201.43
2023-05-05 16:00:00,31.1,55.6,8.9,5,4,16,0,0,145.16
2023-05-05 17:00:00,31.3,59.0,5.1,5,4,17,0,0,174.83
2023-05-05 18:00:00,29.3,70.0,12.7,5,4,18,0,0,180.11
2023-05-05 19:00:00,31.7,70.1,3.4,5,4,19,0,0,229.0
2023-05-05 20:00:00,28.2,54.8,9.3,5,4,20,0,0,186.74
2023-05-05 21:00:00,30.4,69.4,2.0,5,4,21,0,0,195.12
2023-05-05 22:00:00,27.0,67.5,4.3,5,4,22,0,0,165.7
2023-05-05 23:00:00,,59.6,3.4,5,4,23,0,0,185.59
2023-05-06 00:00:00,25.8,60.8,3.9,5,5,0,1,0,120.09
2023-05-06 01:00:00,27.5,50.0,17.8,5,5,1,1,0,115.59
2023-05-06 02:00:00,22.9,82.3,21.7,5,5,2,1,0,83.23
2023-05-06 03:00:00,27.3,74.5,13.3,5,5,3,1,0,86.51
2023-05-06 04:00:00,28.0,55.7,9.1,5,5,4,1,0,100.39
2023-05-06 05:00:00,30.8,71.0,4.1,5,5,5,1,0,162.28
2023-05-06 06:00:00,30.3,60.3,4.6,5,5,6,1,0,124.21
2023-05-06 07:00:00,29.9,72.4,5.0,5,5,7,1,0,142.44
2023-05-06 08:00:00,33.2,59.4,14.0,5,5,8,1,0,169.64
2023-05-06 09:00:00,32.0,61.1,4.3,5,5,9,1,0,168.25
2023-05-06 10:00:00,31.2,62.1,31.0,5,5,10,1,0,171.21
2023-05-06 11:00:00,37.0,56.3,14.7,5,5,11,1,0,189.46
2023-05-06 12:00:00,36.8,72.8,50.0,5,5,12,1,0,163.53
2023-05-06 13:00:00,36.4,69.0,6.9,5,5,13,1,0,229.95
2023-05-06 14:00:00,37.6,62.1,9.1,5,5,14,1,0,175.44
2023-05-06 15:00:00,32.9,71.8,4.6,5,5,15,1,0,173.81
2023-05-06 16:00:00,30.3,51.8,9.4,5,5,16,1,0,129.73
2023-05-06 17:00:00,31.8,54.3,31.2,5,5,17,1,0,124.78
2023-05-06 18:00:00,30.0,68.8,2.2,5,5,18,1,0,168.36
2023-05-06 19:00:00,27.7,72.0,4.7,5,5,19,1,0,152.54
2023-05-06 20:00:00,28.0,68.2,4.6,5,5,20,1,0,171.3
2023-05-06 21:00:00,25.9,52.0,34.3,5,5,21,1,0,135.64
2023-05-06 22:00:00,22.7,60.2,3.1,5,5,22,1,0,169.63
2023-05-06 23:00:00,25.0,70.9,15.4,5,5,23,1,0,115.61
2023-05-07 00:00:00,23.6,87.6,4.6,5,6,0,1,0,138.27
2023-05-07 01:00:00,26.5,76.5,17.8,5,6,1,1,0,121.25
2023-05-07 02:00:00,25.2,80.0,7.4,5,6,2,1,0,111.83
2023-05-07 03:00:00,29.5,67.9,4.2,5,6,3,1,0,111.19
2023-05-07 04:00:00,31.6,66.9,11.9,5,6,4,1,0,132.24
2023-05-07 05:00:00,30.9,56.3,16.7,5,6,5,1,0,130.97
2023-05-07 06:00:00,27.8,73.7,7.1,5,6,6,1,0,140.33
2023-05-07 07:00:00,35.2,,12.0,5,6,7,1,0,168.83
2023-05-07 08:00:00,36.5,67.3,3.6,5,6,8,1,0,181.13
2023-05-07 09:00:00,34.4,63.0,24.2,5,6,9,1,0,194.85
2023-05-07 10:00:00,37.8,63.3,2.8,5,6,10,1,0,220.15
2023-05-07 11:00:00,34.6,62.0,4.0,5,6,11,1,0,183.45
2023-05-07 12:00:00,32.1,65.7,4.7,5,6,12,1,0,156.16
2023-05-07 13:00:00,34.2,70.9,3.3,5,6,13,1,0,190.27
2023-05-07 14:00:00,38.6,50.5,6.2,5,6,14,1,0,216.6
2023-05-07 15:00:00,31.4,52.4,6.9,5,6,15,1,0,156.09
2023-05-07 16:00:00,33.4,66.7,7.8,5,6,16,1,0,173.7
2023-05-07 17:00:00,32.2,75.4,2.3,5,6,17,1,0,188.19
2023-05-07 18:00:00,29.8,78.6,4.0,5,6,18,1,0,165.76
2023-05-07 19:00:00,28.7,55.9,15.2,5,6,19,1,0,197.61
2023-05-07 20:00:00,28.5,62.5,15.3,5,6,20,1,0,155.77
2023-05-07 21:00:00,26.2,55.1,5.2,5,6,21,1,0,159.97
2023-05-07 22:00:00,23.7,63.8,6.9,5,6,22,1,0,139.05
2023-05-07 23:00:00,26.5,75.8,3.6,5,6,23,1,0,149.82
2023-05-08 00:00:00,28.2,65.8,15.8,5,0,0,0,0,175.85
2023-05-08 01:00:00,27.9,63.0,27.1,5,0,1,0,0,133.47
2023-05-08 02:00:00,25.1,71.8,4.8,5,0,2,0,0,145.23
2023-05-08 03:00:00,25.0,61.1,14.2,5,0,3,0,0,84.93
2023-05-08 04:00:00,28.0,78.8,5.5,5,0,4,0,0,153.88
2023-05-08 05:00:00,32.9,63.6,2.0,5,0,5,0,0,186.79
2023-05-08 06:00:00,32.3,60.6,9.3,5,0,6,0,0,174.57
2023-05-08 07:00:00,33.7,67.8,6.2,5,0,7,0,0,177.69
2023-05-08 08:00:00,35.3,69.9,13.4,5,0,8,0,0,192.88
2023-05-08 09:00:00,35.4,75.1,13.1,5,0,9,0,0,213.87
2023-05-08 10:00:00,35.6,60.5,25.4,5,0,10,0,0,198.56
2023-05-08 11:00:00,37.2,70.1,6.6,5,0,11,0,0,260.48
2023-05-08 12:00:00,34.9,63.3,7.3,5,0,12,0,0,217.44
2023-05-08 13:00:00,33.0,58.6,6.1,5,0,13,0,0,211.46
2023-05-08 14:00:00,36.8,55.4,4.8,5,0,14,0,0,204.19
2023-05-08 15:00:00,37.0,52.7,10.1,5,0,15,0,0,193.92
2023-05-08 16:00:00,31.3,58.4,16.1,5,0,16,0,0,161.28
2023-05-08 17:00:00,34.0,71.9,3.4,5,0,17,0,0,196.83
2023-05-08 18:00:00,34.4,68.5,34.1,5,0,18,0,0,193.75
2023-05-08 19:00:00,29.7,55.2,11.2,5,0,19,0,0,214.53
2023-05-08 20:00:00,26.9,52.6,14.1,5,0,20,0,0,203.41
2023-05-08 21:00:00,27.7,57.2,50.0,5,0,21,0,0,174.77
2023-05-08 22:00:00,25.6,61.0,7.6,5,0,22,0,0,152.1
2023-05-08 23:00:00,25.0,65.1,2.6,5,0,23,0,0,172.85
2023-05-09 00:00:00,27.1,75.8,14.5,5,1,0,0,0,145.78
2023-05-09 01:00:00,23.2,64.0,18.4,5,1,1,0,0,154.33
2023-05-09 02:00:00,24.0,81.5,3.4,5,1,2,0,0,154.5
2023-05-09 03:00:00,27.7,52.7,2.2,5,1,3,0,0,140.06
2023-05-09 04:00:00,28.7,62.9,3.2,5,1,4,0,0,114.59
2023-05-09 05:00:00,30.6,71.0,5.1,5,1,5,0,0,159.36
2023-05-09 06:00:00,35.0,69.3,22.6,5,1,6,0,0,174.19
2023-05-09 07:00:00,32.7,61.0,2.0,5,1,7,0,0,194.05
2023-05-09 08:00:00,34.9,70.6,15.0,5,1,8,0,0,190.45
2023-05-09 09:00:00,32.8,70.1,17.4,5,1,9,0,0,206.6
2023-05-09 10:00:00,37.1,56.0,15.3,5,1,10,0,0,197.6
2023-05-09 11:00:00,35.0,65.0,2.7,5,1,11,0,0,200.98
2023-05-09 12:00:00,36.3,67.5,11.1,5,1,12,0,0,206.16
2023-05-09 13:00:00,35.8,57.2,26.6,5,1,13,0,0,188.21
2023-05-09 14:00:00,37.6,74.8,3.0,5,1,14,0,0,227.1
2023-05-09 15:00:00,32.1,57.3,2.3,5,1,15,0,0,154.9
2023-05-09 16:00:00,29.1,66.6,18.6,5,1,16,0,0,154.57
2023-05-09 17:00:00,32.1,54.0,10.3,5,1,17,0,0,175.22
2023-05-09 18:00:00,32.1,64.8,10.3,5,1,18,0,0,209.57
2023-05-09 19:00:00,,56.4,28.7,5,1,19,0,0,186.86
2023-05-09 20:00:00,31.2,62.1,13.7,5,1,20,0,0,193.25
2023-05-09 21:00:00,28.5,53.0,6.1,5,1,21,0,0,177.71
2023-05-09 22:00:00,25.7,73.5,6.6,5,1,22,0,0,173.25
2023-05-09 23:00:00,21.7,72.0,3.3,5,1,23,0,0,143.25
2023-05-10 00:00:00,25.9,75.7,4.9,5,2,0,0,0,176.97
2023-05-10 01:00:00,28.6,62.9,6.7,5,2,1,0,0,149.22
2023-05-10 02:00:00,26.3,75.9,4.4,5,2,2,0,0,128.77
2023-05-10 03:00:00,27.9,66.4,21.8,5,2,3,0,0,116.95
2023-05-10 04:00:00,29.7,66.0,2.1,5,2,4,0,0,133.23
2023-05-10 05:00:00,28.0,82.9,9.1,5,2,5,0,0,159.23
2023-05-10 06:00:00,32.6,59.8,13.8,5,2,6,0,0,147.0
2023-05-10 07:00:00,35.9,71.8,12.5,5,2,7,0,0,203.25
2023-05-10 08:00:00,33.5,67.1,10.3,5,2,8,0,0,209.14
2023-05-10 09:00:00,32.7,59.1,6.2,5,2,9,0,0,195.45
2023-05-10 10:00:00,35.6,51.7,22.1,5,2,10,0,0,200.3
2023-05-10 11:00:00,31.8,55.9,5.2,5,2,11,0,0,211.99
2023-05-10 12:00:00,37.0,70.5,13.1,5,2,12,0,0,207.45
2023-05-10 13:00:00,37.1,75.3,22.9,5,2,13,0,0,208.88
2023-05-10 14:00:00,39.1,61.2,3.1,5,2,14,0,0,230.77
2023-05-10 15:00:00,34.5,63.9,25.5,5,2,15,0,0,174.63
2023-05-10 16:00:00,34.7,68.9,14.0,5,2,16,0,0,176.71
2023-05-10 17:00:00,30.9,65.1,9.7,5,2,17,0,0,174.38
2023-05-10 18:00:00,30.7,73.5,5.7,5,2,18,0,0,202.3
2023-05-10 19:00:00,27.0,68.8,20.8,5,2,19,0,0,175.96
2023-05-10 20:00:00,28.5,66.8,2.4,5,2,20,0,0,211.21
2023-05-10 21:00:00,27.2,60.8,6.5,5,2,21,0,0,188.28
2023-05-10 22:00:00,27.6,58.6,13.3,5,2,22,0,0,169.08
2023-05-10 23:00:00,25.3,42.1,15.3,5,2,23,0,0,144.78
2023-05-11 00:00:00,26.7,76.5,3.8,5,3,0,0,0,158.58
2023-05-11 01:00:00,26.0,65.8,2.4,5,3,1,0,0,162.41
2023-05-11 02:00:00,26.5,63.5,15.0,5,3,2,0,0,135.92
2023-05-11 03:00:00,28.2,50.3,6.4,5,3,3,0,0,122.0
2023-05-11 04:00:00,29.1,60.3,3.2,5,3,4,0,0,163.24
2023-05-11 05:00:00,31.8,57.9,2.7,5,3,5,0,0,150.79
2023-05-11 06:00:00,31.3,58.0,10.2,5,3,6,0,0,192.43
2023-05-11 07:00:00,32.1,66.6,9.0,5,3,7,0,0,180.78
2023-05-11 08:00:00,33.7,64.1,17.4,5,3,8,0,0,183.79
2023-05-11 09:00:00,33.6,52.3,2.3,5,3,9,0,0,218.11
2023-05-11 10:00:00,35.2,52.0,18.2,5,3,10,0,0,210.03
2023-05-11 11:00:00,40.4,49.4,19.5,5,3,11,0,0,258.14
2023-05-11 12:00:00,34.7,77.1,6.7,5,3,12,0,0,214.79
2023-05-11 13:00:00,35.8,74.0,2.6,5,3,13,0,0,192.73
2023-05-11 14:00:00,35.1,55.6,25.5,5,3,14,0,0,185.29
2023-05-11 15:00:00,34.6,46.9,2.6,5,3,15,0,0,197.95
2023-05-11 16:00:00,33.4,64.3,9.1,5,3,16,0,0,189.53
2023-05-11 17:00:00,33.4,63.7,7.4,5,3,17,0,0,214.73
2023-05-11 18:00:00,28.1,68.5,16.4,5,3,18,0,0,185.65
2023-05-11 19:00:00,32.3,69.8,7.6,5,3,19,0,0,210.44
2023-05-11 20:00:00,30.3,68.5,7.1,5,3,20,0,0,212.41
2023-05-11 21:00:00,25.5,58.3,19.0,5,3,21,0,0,174.0
2023-05-11 22:00:00,22.7,71.0,28.6,5,3,22,0,0,171.79
2023-05-11 23:00:00,24.8,74.5,8.4,5,3,23,0,0,173.42
2023-05-12 00:00:00,26.2,61.1,6.9,5,4,0,0,0,129.28
2023-05-12 01:00:00,32.0,66.4,16.2,5,4,1,0,0,171.44
2023-05-12 02:00:00,28.5,61.3,16.2,5,4,2,0,0,171.59
2023-05-12 03:00:00,24.6,83.7,5.1,5,4,3,0,0,147.45
2023-05-12 04:00:00,27.8,55.5,8.9,5,4,4,0,0,107.92
2023-05-12 05:00:00,30.3,74.1,3.3,5,4,5,0,0,155.58
2023-05-12 06:00:00,32.2,50.5,10.1,5,4,6,0,0,149.57
2023-05-12 07:00:00,30.4,79.2,16.4,5,4,7,0,0,170.73
2023-05-12 08:00:00,33.9,53.9,3.7,5,4,8,0,0,212.55
2023-05-12 09:00:00,33.8,64.6,5.1,5,4,9,0,0,202.14
2023-05-12 10:00:00,33.8,50.1,6.8,5,4,10,0,0,239.83
2023-05-12 11:00:00,37.1,50.7,16.9,5,4,11,0,0,181.65
2023-05-12 12:00:00,38.3,68.1,12.5,5,4,12,0,0,229.68
2023-05-12 13:00:00,38.2,69.1,5.0,5,4,13,0,0,234.47
2023-05-12 14:00:00,37.2,63.3,4.2,5,4,14,0,0,195.73
2023-05-12 15:00:00,34.2,68.8,11.5,5,4,15,0,0,174.13
2023-05-12 16:00:00,35.6,70.5,7.2,5,4,16,0,0,216.11
2023-05-12 17:00:00,33.6,57.7,9.2,5,4,17,0,0,223.43
2023-05-12 18:00:00,32.0,52.8,10.4,5,4,18,0,0,225.49
2023-05-12 19:00:00,29.2,65.3,8.5,5,4,19,0,0,193.33
2023-05-12 20:00:00,28.2,61.3,9.6,5,4,20,0,0,218.5
2023-05-12 21:00:00,28.3,69.0,19.5,5,4,21,0,0,190.19
2023-05-12 22:00:00,32.3,68.3,18.2,5,4,22,0,0,210.67
2023-05-12 23:00:00,27.5,60.8,3.3,5,4,23,0,0,168.92
2023-05-13 00:00:00,25.6,72.8,9.1,5,5,0,1,0,107.11
2023-05-13 01:00:00,25.4,72.5,6.6,5,5,1,1,0,143.19
2023-05-13 02:00:00,26.6,72.5,4.7,5,5,2,1,0,144.88
2023-05-13 03:00:00,32.7,60.4,10.0,5,5,3,1,0,125.42
2023-05-13 04:00:00,28.6,72.0,7.7,5,5,4,1,0,135.24
2023-05-13 05:00:00,32.4,68.0,13.9,5,5,5,1,0,137.39
2023-05-13 06:00:00,31.1,69.6,2.8,5,5,6,1,0,180.52
2023-05-13 07:00:00,33.7,76.6,4.9,5,5,7,1,0,149.28
2023-05-13 08:00:00,35.9,64.6,2.2,5,5,8,1,0,191.57
2023-05-13 09:00:00,34.3,58.0,13.0,5,5,9,1,0,163.02
2023-05-13 10:00:00,34.9,53.7,21.5,5,5,10,1,0,163.19
2023-05-13 11:00:00,40.0,69.0,9.1,5,5,11,1,0,232.0
2023-05-13 12:00:00,38.8,63.4,9.7,5,5,12,1,0,206.49
2023-05-13 13:00:00,38.3,74.2,2.4,5,5,13,1,0,191.95
2023-05-13 14:00:00,37.8,44.9,7.6,5,5,14,1,0,198.89
2023-05-13 15:00:00,36.3,69.1,8.0,5,5,15,1,0,200.56
2023-05-13 16:00:00,38.4,58.7,2.3,5,5,16,1,0,207.13
2023-05-13 17:00:00,33.2,60.5,14.2,5,5,17,1,0,137.58
2023-05-13 18:00:00,,57.4,4.6,5,5,18,1,0,184.62
2023-05-13 19:00:00,27.7,73.4,12.3,5,5,19,1,0,174.15
2023-05-13 20:00:00,27.7,71.1,6.1,5,5,20,1,0,163.78
2023-05-13 21:00:00,25.9,57.9,45.5,5,5,21,1,0,148.97
2023-05-13 22:00:00,30.1,66.3,3.9,5,5,22,1,0,160.92
2023-05-13 23:00:00,21.9,74.7,2.5,5,5,23,1,0,131.85
2023-05-14 00:00:00,26.2,68.3,33.3,5,6,0,1,0,94.08
2023-05-14 01:00:00,21.2,78.3,4.2,5,6,1,1,0,131.9
2023-05-14 02:00:00,26.0,64.7,10.1,5,6,2,1,0,130.18
2023-05-14 03:00:00,27.5,48.2,5.8,5,6,3,1,0,107.1
2023-05-14 04:00:00,32.3,65.3,10.2,5,6,4,1,0,148.45
2023-05-14 05:00:00,31.5,65.7,9.3,5,6,5,1,0,159.82
2023-05-14 06:00:00,30.4,67.3,11.8,5,6,6,1,0,141.26
2023-05-14 07:00:00,35.4,71.1,2.1,5,6,7,1,0,181.34
2023-05-14 08:00:00,34.6,47.1,16.5,5,6,8,1,0,179.67
2023-05-14 09:00:00,35.6,60.3,7.2,5,6,9,1,0,184.62
2023-05-14 10:00:00,33.9,55.6,7.9,5,6,10,1,0,196.6
2023-05-14 11:00:00,34.9,52.9,6.2,5,6,11,1,0,192.9
2023-05-14 12:00:00,35.4,61.7,38.4,5,6,12,1,0,152.64
2023-05-14 13:00:00,36.9,67.1,14.9,5,6,13,1,0,168.9
2023-05-14 14:00:00,36.5,64.2,5.0,5,6,14,1,0,169.09
2023-05-14 15:00:00,38.6,55.2,14.2,5,6,15,1,0,199.46
2023-05-14 16:00:00,35.3,61.2,6.6,5,6,16,1,0,169.91
2023-05-14 17:00:00,27.9,73.5,18.3,5,6,17,1,0,144.26
2023-05-14 18:00:00,32.5,69.2,2.3,5,6,18,1,0,202.2
2023-05-14 19:00:00,27.8,61.7,5.5,5,6,19,1,0,176.17
2023-05-14 20:00:00,27.6,61.3,6.5,5,6,20,1,0,163.3
2023-05-14 21:00:00,26.9,52.8,12.9,5,6,21,1,0,145.8
2023-05-14 22:00:00,26.4,63.4,3.6,5,6,22,1,0,160.81
2023-05-14 23:00:00,24.4,53.9,4.7,5,6,23,1,0,123.73
2023-05-15 00:00:00,27.6,82.7,12.3,5,0,0,0,0,173.76
2023-05-15 01:00:00,24.5,60.9,2.6,5,0,1,0,0,145.1
2023-05-15 02:00:00,28.6,74.6,3.8,5,0,2,0,0,150.52
2023-05-15 03:00:00,33.1,78.0,13.2,5,0,3,0,0,148.4
2023-05-15 04:00:00,27.0,68.2,18.7,5,0,4,0,0,144.39
2023-05-15 05:00:00,30.3,64.0,12.4,5,0,5,0,0,171.37
2023-05-15 06:00:00,27.1,55.9,8.0,5,0,6,0,0,149.85
2023-05-15 07:00:00,32.9,59.5,2.8,5,0,7,0,0,201.91
2023-05-15 08:00:00,36.0,74.9,16.0,5,0,8,0,0,209.39
2023-05-15 09:00:00,37.1,64.2,3.1,5,0,9,0,0,235.44
2023-05-15 10:00:00,36.7,61.9,5.9,5,0,10,0,0,265.59
2023-05-15 11:00:00,38.8,71.1,2.4,5,0,11,0,0,246.42
2023-05-15 12:00:00,42.3,64.4,11.9,5,0,12,0,0,277.36
2023-05-15 13:00:00,40.4,58.6,7.6,5,0,13,0,0,237.66
2023-05-15 14:00:00,35.5,64.0,21.1,5,0,14,0,0,197.67
2023-05-15 15:00:00,32.8,57.5,3.2,5,0,15,0,0,193.35
2023-05-15 16:00:00,33.9,58.6,15.7,5,0,16,0,0,172.14
2023-05-15 17:00:00,31.6,62.6,7.7,5,0,17,0,0,175.3
2023-05-15 18:00:00,33.1,67.9,5.6,5,0,18,0,0,216.01
2023-05-15 19:00:00,28.5,55.8,10.3,5,0,19,0,0,194.94
2023-05-15 20:00:00,29.5,65.8,14.5,5,0,20,0,0,219.26
2023-05-15 21:00:00,30.3,61.7,6.6,5,0,21,0,0,206.82
2023-05-15 22:00:00,27.6,59.0,4.1,5,0,22,0,0,210.75
2023-05-15 23:00:00,25.5,64.2,21.8,5,0,23,0,0,169.78
2023-05-16 00:00:00,29.7,46.6,5.0,5,1,0,0,0,182.88
2023-05-16 01:00:00,23.7,62.1,50.0,5,1,1,0,0,142.59
2023-05-16 02:00:00,27.3,57.5,13.7,5,1,2,0,0,125.28
2023-05-16 03:00:00,28.7,,11.3,5,1,3,0,0,161.87
2023-05-16 04:00:00,29.9,46.8,2.1,5,1,4,0,0,160.21
2023-05-16 05:00:00,31.4,65.8,6.8,5,1,5,0,0,175.65
2023-05-16 06:00:00,33.5,70.5,7.6,5,1,6,0,0,201.01
2023-05-16 07:00:00,33.5,62.3,5.8,5,1,7,0,0,186.52
2023-05-16 08:00:00,34.1,66.9,3.3,5,1,8,0,0,212.2
2023-05-16 09:00:00,35.0,58.4,5.7,5,1,9,0,0,212.15
2023-05-16 10:00:00,35.4,49.8,2.6,5,1,10,0,0,258.33
2023-05-16 11:00:00,38.7,60.7,4.8,5,1,11,0,0,235.94
2023-05-16 12:00:00,36.0,67.4,2.7,5,1,12,0,0,202.11
2023-05-16 13:00:00,38.8,50.0,13.2,5,1,13,0,0,211.92
2023-05-16 14:00:00,36.7,57.9,10.9,5,1,14,0,0,204.56
2023-05-16 15:00:00,34.8,60.6,24.5,5,1,15,0,0,184.14
2023-05-16 16:00:00,36.1,84.8,5.8,5,1,16,0,0,226.04
2023-05-16 17:00:00,32.2,65.7,14.3,5,1,17,0,0,186.87
2023-05-16 18:00:00,33.6,48.0,9.1,5,1,18,0,0,195.32
2023-05-16 19:00:00,31.5,47.1,10.3,5,1,19,0,0,208.85
2023-05-16 20:00:00,28.6,71.5,8.3,5,1,20,0,0,220.75
2023-05-16 21:00:00,29.8,85.0,14.1,5,1,21,0,0,207.23
2023-05-16 22:00:00,29.1,63.2,2.3,5,1,22,0,0,202.63
2023-05-16 23:00:00,29.8,62.4,2.7,5,1,23,0,0,181.85
2023-05-17 00:00:00,29.4,68.7,2.8,5,2,0,0,0,157.52
2023-05-17 01:00:00,28.6,59.3,4.7,5,2,1,0,0,159.73
2023-05-17 02:00:00,25.9,46.7,9.2,5,2,2,0,0,133.99
2023-05-17 03:00:00,33.8,71.4,10.3,5,2,3,0,0,181.38
2023-05-17 04:00:00,27.2,61.5,12.0,5,2,4,0,0,159.94
2023-05-17 05:00:00,33.1,71.9,4.6,5,2,5,0,0,172.38
2023-05-17 06:00:00,33.3,57.2,10.4,5,2,6,0,0,186.34
2023-05-17 07:00:00,31.4,65.3,3.0,5,2,7,0,0,198.29
2023-05-17 08:00:00,34.7,69.5,2.1,5,2,8,0,0,218.72
2023-05-17 09:00:00,35.8,70.6,11.5,5,2,9,0,0,232.28
2023-05-17 10:00:00,39.4,62.2,12.1,5,2,10,0,0,255.49
2023-05-17 11:00:00,35.9,63.5,9.8,5,2,11,0,0,227.57
2023-05-17 12:00:00,36.9,66.5,4.4,5,2,12,0,0,234.61
2023-05-17 13:00:00,32.6,67.4,23.0,5,2,13,0,0,172.66
2023-05-17 14:00:00,40.3,49.5,18.7,5,2,14,0,0,202.97
2023-05-17 15:00:00,33.9,52.9,7.8,5,2,15,0,0,183.91
2023-05-17 16:00:00,35.6,45.3,38.2,5,2,16,0,0,179.1
2023-05-17 17:00:00,33.6,69.4,4.8,5,2,17,0,0,224.14
2023-05-17 18:00:00,32.3,60.7,7.4,5,2,18,0,0,204.6
2023-05-17 19:00:00,32.8,70.2,23.0,5,2,19,0,0,217.38
2023-05-17 20:00:00,33.3,66.6,7.0,5,2,20,0,0,217.3
2023-05-17 21:00:00,29.4,57.3,7.1,5,2,21,0,0,188.81
2023-05-17 22:00:00,29.4,64.3,2.7,5,2,22,0,0,178.57
2023-05-17 23:00:00,28.3,62.2,3.9,5,2,23,0,0,155.71
2023-05-18 00:00:00,29.6,60.3,3.4,5,3,0,0,0,170.42
2023-05-18 01:00:00,26.9,73.9,8.7,5,3,1,0,0,151.2
2023-05-18 02:00:00,30.4,84.9,5.1,5,3,2,0,0,180.21
2023-05-18 03:00:00,31.3,,2.6,5,3,3,0,0,165.57
2023-05-18 04:00:00,32.3,63.6,7.7,5,3,4,0,0,162.96
2023-05-18 05:00:00,30.0,75.1,10.9,5,3,5,0,0,127.54
2023-05-18 06:00:00,32.3,77.6,12.7,5,3,6,0,0,204.51
2023-05-18 07:00:00,34.4,51.7,16.5,5,3,7,0,0,188.18
2023-05-18 08:00:00,32.4,73.6,7.3,5,3,8,0,0,166.39
2023-05-18 09:00:00,39.3,66.5,6.0,5,3,9,0,0,256.73
2023-05-18 10:00:00,36.9,71.0,11.2,5,3,10,0,0,224.11
2023-05-18 11:00:00,38.0,67.5,2.1,5,3,11,0,0,232.02
2023-05-18 12:00:00,36.5,60.0,10.0,5,3,12,0,0,222.41
2023-05-18 13:00:00,34.8,78.9,6.2,5,3,13,0,0,197.46
2023-05-18 14:00:00,35.7,64.9,6.8,5,3,14,0,0,218.09
2023-05-18 15:00:00,36.6,58.2,4.8,5,3,15,0,0,204.58
2023-05-18 16:00:00,36.5,65.8,3.1,5,3,16,0,0,217.19
2023-05-18 17:00:00,34.2,70.7,6.1,5,3,17,0,0,212.07
2023-05-18 18:00:00,33.3,64.1,4.9,5,3,18,0,0,211.74
2023-05-18 19:00:00,30.6,67.8,27.8,5,3,19,0,0,198.64
2023-05-18 20:00:00,31.1,65.2,25.0,5,3,20,0,0,204.89
2023-05-18 21:00:00,32.0,58.7,10.3,5,3,21,0,0,230.38
2023-05-18 22:00:00,29.7,58.6,20.7,5,3,22,0,0,193.91
2023-05-18 23:00:00,29.4,54.1,13.1,5,3,23,0,0,160.97
2023-05-19 00:00:00,28.3,78.0,5.4,5,4,0,0,0,142.56
2023-05-19 01:00:00,24.9,65.8,9.4,5,4,1,0,0,128.1
2023-05-19 02:00:00,26.3,39.4,4.0,5,4,2,0,0,138.29
2023-05-19 03:00:00,30.1,68.1,11.3,5,4,3,0,0,129.77
2023-05-19 04:00:00,30.2,67.9,2.4,5,4,4,0,0,143.99
2023-05-19 05:00:00,32.3,48.9,16.2,5,4,5,0,0,137.28
2023-05-19 06:00:00,36.1,55.3,9.0,5,4,6,0,0,208.33
2023-05-19 07:00:00,35.5,55.2,2.5,5,4,7,0,0,212.83
2023-05-19 08:00:00,37.8,55.2,18.4,5,4,8,0,0,234.97
2023-05-19 09:00:00,36.5,71.5,18.8,5,4,9,0,0,218.53
2023-05-19 10:00:00,35.5,61.1,17.3,5,4,10,0,0,193.55
2023-05-19 11:00:00,37.5,57.9,13.9,5,4,11,0,0,219.11
2023-05-19 12:00:00,36.1,70.9,11.1,5,4,12,0,0,198.71
2023-05-19 13:00:00,40.7,63.6,6.0,5,4,13,0,0,227.88
2023-05-19 14:00:00,38.7,46.7,3.2,5,4,14,0,0,238.37
2023-05-19 15:00:00,37.3,56.4,4.7,5,4,15,0,0,207.64
2023-05-19 16:00:00,37.7,63.7,5.4,5,4,16,0,0,223.27
2023-05-19 17:00:00,30.0,57.5,5.5,5,4,17,0,0,195.09
2023-05-19 18:00:00,33.9,79.3,8.7,5,4,18,0,0,198.97
2023-05-19 19:00:00,28.8,66.5,3.9,5,4,19,0,0,209.19
2023-05-19 20:00:00,30.2,58.9,3.7,5,4,20,0,0,185.97
2023-05-19 21:00:00,28.6,56.7,12.1,5,4,21,0,0,195.91
2023-05-19 22:00:00,29.7,72.5,2.1,5,4,22,0,0,210.99
2023-05-19 23:00:00,28.4,60.6,3.3,5,4,23,0,0,157.59
2023-05-20 00:00:00,30.6,67.8,6.6,5,5,0,1,0,151.35
2023-05-20 01:00:00,26.8,57.4,3.3,5,5,1,1,0,122.68
2023-05-20 02:00:00,30.0,65.6,27.7,5,5,2,1,0,107.24
2023-05-20 03:00:00,29.7,60.1,10.9,5,5,3,1,0,99.35
2023-05-20 04:00:00,27.1,63.9,6.5,5,5,4,1,0,118.75
2023-05-20 05:00:00,29.8,58.8,3.0,5,5,5,1,0,137.76
2023-05-20 06:00:00,32.6,71.9,5.9,5,5,6,1,0,149.43
2023-05-20 07:00:00,36.4,57.9,10.4,5,5,7,1,0,166.31
2023-05-20 08:00:00,36.3,60.7,29.7,5,5,8,1,0,193.28
2023-05-20 09:00:00,34.1,62.2,7.1,5,5,9,1,0,205.61
2023-05-20 10:00:00,36.9,74.4,11.4,5,5,10,1,0,226.61
2023-05-20 11:00:00,41.7,66.2,3.7,5,5,11,1,0,275.79
2023-05-20 12:00:00,38.1,67.3,9.8,5,5,12,1,0,198.54
2023-05-20 13:00:00,37.1,48.8,4.2,5,5,13,1,0,167.83
2023-05-20 14:00:00,38.2,55.7,3.8,5,5,14,1,0,201.05
2023-05-20 15:00:00,37.9,70.5,7.7,5,5,15,1,0,187.9
2023-05-20 16:00:00,34.5,53.4,3.9,5,5,16,1,0,183.5
2023-05-20 17:00:00,35.2,63.1,12.2,5,5,17,1,0,163.74
2023-05-20 18:00:00,32.2,55.4,24.2,5,5,18,1,0,150.47
2023-05-20 19:00:00,33.0,55.8,6.0,5,5,19,1,0,190.44
2023-05-20 20:00:00,30.7,78.1,5.1,5,5,20,1,0,192.51
2023-05-20 21:00:00,30.3,70.6,3.5,5,5,21,1,0,192.09
2023-05-20 22:00:00,27.0,74.3,6.0,5,5,22,1,0,158.44
2023-05-20 23:00:00,26.4,73.1,8.6,5,5,23,1,0,116.73
2023-05-21 00:00:00,29.9,63.9,5.7,5,6,0,1,0,187.21
2023-05-21 01:00:00,28.0,60.5,9.8,5,6,1,1,0,120.68
2023-05-21 02:00:00,29.3,62.2,10.7,5,6,2,1,0,162.14
2023-05-21 03:00:00,28.9,64.0,2.8,5,6,3,1,0,117.75
2023-05-21 04:00:00,32.3,78.1,11.6,5,6,4,1,0,121.09
2023-05-21 05:00:00,30.5,54.1,20.4,5,6,5,1,0,118.49
2023-05-21 06:00:00,32.7,59.2,2.2,5,6,6,1,0,169.57
2023-05-21 07:00:00,35.9,54.8,8.4,5,6,7,1,0,186.69
2023-05-21 08:00:00,37.9,69.5,9.4,5,6,8,1,0,210.95
2023-05-21 09:00:00,35.5,77.1,11.9,5,6,9,1,0,198.07
2023-05-21 10:00:00,41.3,61.8,5.9,5,6,10,1,0,250.25
2023-05-21 11:00:00,38.5,63.9,15.7,5,6,11,1,0,213.37
2023-05-21 12:00:00,35.9,62.8,8.2,5,6,12,1,0,209.37
2023-05-21 13:00:00,38.6,64.2,6.2,5,6,13,1,0,218.45
2023-05-21 14:00:00,36.6,67.9,12.2,5,6,14,1,0,167.77
2023-05-21 15:00:00,37.4,64.7,23.0,5,6,15,1,0,158.24
2023-05-21 16:00:00,35.4,66.3,15.4,5,6,16,1,0,154.62
2023-05-21 17:00:00,34.5,69.0,23.4,5,6,17,1,0,165.5
2023-05-21 18:00:00,31.2,50.2,4.5,5,6,18,1,0,171.51
2023-05-21 19:00:00,33.7,63.2,3.0,5,6,19,1,0,196.13
2023-05-21 20:00:00,28.2,68.3,8.1,5,6,20,1,0,185.51
2023-05-21 21:00:00,27.3,69.7,2.4,5,6,21,1,0,171.72
2023-05-21 22:00:00,29.4,63.9,11.0,5,6,22,1,0,185.63
2023-05-21 23:00:00,31.4,65.6,4.2,5,6,23,1,0,170.23
2023-05-22 00:00:00,27.4,60.5,6.8,5,0,0,0,0,150.89
2023-05-22 01:00:00,29.7,50.9,10.5,5,0,1,0,0,125.09
2023-05-22 02:00:00,31.0,72.4,7.3,5,0,2,0,0,160.74
2023-05-22 03:00:00,31.2,55.3,4.2,5,0,3,0,0,158.38
2023-05-22 04:00:00,30.0,63.7,19.0,5,0,4,0,0,132.66
2023-05-22 05:00:00,29.7,59.2,13.6,5,0,5,0,0,132.49
2023-05-22 06:00:00,28.7,78.3,9.4,5,0,6,0,0,179.11
2023-05-22 07:00:00,33.9,62.4,11.6,5,0,7,0,0,175.87
2023-05-22 08:00:00,38.0,58.5,6.3,5,0,8,0,0,233.17
2023-05-22 09:00:00,34.4,68.8,5.8,5,0,9,0,0,218.05
2023-05-22 10:00:00,38.9,77.8,3.4,5,0,10,0,0,264.44
2023-05-22 11:00:00,36.1,65.2,15.0,5,0,11,0,0,208.58
2023-05-22 12:00:00,38.4,57.8,5.8,5,0,12,0,0,232.66
2023-05-22 13:00:00,39.4,65.9,11.4,5,0,13,0,0,219.91
2023-05-22 14:00:00,36.1,49.3,4.9,5,0,14,0,0,203.05
2023-05-22 15:00:00,37.0,61.9,14.7,5,0,15,0,0,213.2
2023-05-22 16:00:00,34.8,78.5,2.9,5,0,16,0,0,217.31
2023-05-22 17:00:00,35.8,63.3,9.8,5,0,17,0,0,232.46
2023-05-22 18:00:00,33.6,64.1,15.2,5,0,18,0,0,200.63
2023-05-22 19:00:00,32.0,64.2,10.6,5,0,19,0,0,204.81
2023-05-22 20:00:00,33.8,60.0,11.5,5,0,20,0,0,240.86
2023-05-22 21:00:00,30.9,67.1,8.0,5,0,21,0,0,214.98
2023-05-22 22:00:00,27.4,72.5,8.6,5,0,22,0,0,202.65
2023-05-22 23:00:00,28.1,63.3,2.5,5,0,23,0,0,204.4
2023-05-23 00:00:00,28.1,46.0,4.3,5,1,0,0,0,136.83
2023-05-23 01:00:00,28.6,69.4,12.2,5,1,1,0,0,160.58
2023-05-23 02:00:00,34.0,80.1,25.3,5,1,2,0,0,155.64
2023-05-23 03:00:00,30.5,61.8,8.2,5,1,3,0,0,170.85
2023-05-23 04:00:00,26.7,54.9,12.3,5,1,4,0,0,115.66
2023-05-23 05:00:00,30.9,70.0,11.2,5,1,5,0,0,173.06
2023-05-23 06:00:00,29.4,79.3,50.0,5,1,6,0,0,136.71
2023-05-23 07:00:00,33.9,67.3,14.7,5,1,7,0,0,198.57
2023-05-23 08:00:00,31.8,77.9,9.9,5,1,8,0,0,213.7
2023-05-23 09:00:00,35.1,68.8,3.0,5,1,9,0,0,213.35
2023-05-23 10:00:00,34.5,68.4,5.6,5,1,10,0,0,200.02
2023-05-23 11:00:00,38.9,56.4,4.3,5,1,11,0,0,243.41
2023-05-23 12:00:00,38.3,63.2,17.4,5,1,12,0,0,223.77
2023-05-23 13:00:00,38.7,60.4,6.7,5,1,13,0,0,210.02
2023-05-23 14:00:00,37.4,60.8,8.1,5,1,14,0,0,182.69
2023-05-23 15:00:00,34.0,61.0,28.8,5,1,15,0,0,196.27
2023-05-23 16:00:00,36.8,63.4,16.5,5,1,16,0,0,228.57
2023-05-23 17:00:00,38.4,50.4,14.5,5,1,17,0,0,214.15
2023-05-23 18:00:00,34.1,69.5,3.2,5,1,18,0,0,210.58
2023-05-23 19:00:00,31.1,57.4,2.2,5,1,19,0,0,219.32
2023-05-23 20:00:00,27.9,64.0,3.1,5,1,20,0,0,213.75
2023-05-23 21:00:00,27.9,68.7,12.8,5,1,21,0,0,219.93
2023-05-23 22:00:00,29.8,57.7,6.2,5,1,22,0,0,198.12
2023-05-23 23:00:00,30.6,49.0,3.0,5,1,23,0,0,164.19
2023-05-24 00:00:00,28.9,62.5,12.7,5,2,0,0,0,164.65
2023-05-24 01:00:00,30.1,53.5,3.7,5,2,1,0,0,143.19
2023-05-24 02:00:00,30.5,70.5,9.1,5,2,2,0,0,150.87
2023-05-24 03:00:00,30.9,55.3,12.8,5,2,3,0,0,161.56
2023-05-24 04:00:00,29.6,77.1,9.5,5,2,4,0,0,136.78
2023-05-24 05:00:00,32.4,63.7,42.5,5,2,5,0,0,148.2
2023-05-24 06:00:00,31.7,64.6,6.6,5,2,6,0,0,153.73
2023-05-24 07:00:00,34.7,46.8,5.0,5,2,7,0,0,179.13
2023-05-24 08:00:00,36.5,62.9,3.8,5,2,8,0,0,213.95
2023-05-24 09:00:00,40.3,59.2,7.6,5,2,9,0,0,283.14
2023-05-24 10:00:00,35.1,52.1,17.3,5,2,10,0,0,215.26
2023-05-24 11:00:00,39.2,61.1,25.5,5,2,11,0,0,280.44
2023-05-24 12:00:00,41.3,56.1,30.6,5,2,12,0,0,262.6
2023-05-24 13:00:00,39.7,58.4,8.1,5,2,13,0,0,251.61
2023-05-24 14:00:00,39.4,60.5,9.4,5,2,14,0,0,212.01
2023-05-24 15:00:00,38.1,57.2,9.0,5,2,15,0,0,213.17
2023-05-24 16:00:00,38.5,62.7,7.0,5,2,16,0,0,206.78
2023-05-24 17:00:00,32.5,63.1,3.3,5,2,17,0,0,188.22
2023-05-24 18:00:00,30.6,68.5,2.5,5,2,18,0,0,190.21
2023-05-24 19:00:00,32.1,59.7,6.6,5,2,19,0,0,209.66
2023-05-24 20:00:00,26.6,58.2,3.6,5,2,20,0,0,208.21
2023-05-24 21:00:00,32.3,58.2,19.4,5,2,21,0,0,200.67
2023-05-24 22:00:00,31.5,75.8,13.5,5,2,22,0,0,210.44
2023-05-24 23:00:00,27.7,73.8,9.7,5,2,23,0,0,151.36
2023-05-25 00:00:00,27.8,75.8,2.4,5,3,0,0,0,165.06
2023-05-25 01:00:00,28.5,76.0,9.8,5,3,1,0,0,144.87
2023-05-25 02:00:00,29.3,61.6,9.8,5,3,2,0,0,147.98
2023-05-25 03:00:00,30.2,67.3,6.6,5,3,3,0,0,161.74
2023-05-25 04:00:00,32.1,64.6,10.6,5,3,4,0,0,135.69
2023-05-25 05:00:00,31.9,69.3,17.6,5,3,5,0,0,182.5
2023-05-25 06:00:00,35.4,60.0,13.4,5,3,6,0,0,185.75
2023-05-25 07:00:00,35.7,62.9,7.1,5,3,7,0,0,232.06
2023-05-25 08:00:00,34.8,63.2,4.4,5,3,8,0,0,210.96
2023-05-25 09:00:00,39.7,64.4,7.2,5,3,9,0,0,275.11
2023-05-25 10:00:00,35.1,67.7,25.3,5,3,10,0,0,216.44
2023-05-25 11:00:00,38.1,61.7,15.7,5,3,11,0,0,241.25
2023-05-25 12:00:00,40.4,60.8,2.2,5,3,12,0,0,256.98
2023-05-25 13:00:00,36.9,63.4,14.2,5,3,13,0,0,208.77
2023-05-25 14:00:00,38.4,74.0,3.5,5,3,14,0,0,223.68
2023-05-25 15:00:00,38.1,47.1,8.8,5,3,15,0,0,216.14
2023-05-25 16:00:00,34.3,55.1,15.1,5,3,16,0,0,195.59
2023-05-25 17:00:00,34.6,68.1,8.6,5,3,17,0,0,207.65
2023-05-25 18:00:00,33.2,65.6,6.1,5,3,18,0,0,214.92
2023-05-25 19:00:00,31.1,66.6,5.1,5,3,19,0,0,185.63
2023-05-25 20:00:00,35.6,67.5,4.9,5,3,20,0,0,252.59
2023-05-25 21:00:00,28.4,67.5,16.5,5,3,21,0,0,181.49
2023-05-25 22:00:00,31.2,59.9,15.9,5,3,22,0,0,165.6
2023-05-25 23:00:00,27.9,71.1,15.9,5,3,23,0,0,197.73
2023-05-26 00:00:00,26.4,67.0,4.7,5,4,0,0,0,172.33
2023-05-26 01:00:00,29.0,61.9,14.8,5,4,1,0,0,146.06
2023-05-26 02:00:00,30.6,70.2,2.3,5,4,2,0,0,171.7
2023-05-26 03:00:00,31.9,69.3,3.8,5,4,3,0,0,153.5
2023-05-26 04:00:00,34.2,64.6,7.8,5,4,4,0,0,163.52
2023-05-26 05:00:00,38.2,74.6,6.2,5,4,5,0,0,200.2
2023-05-26 06:00:00,34.1,73.6,2.9,5,4,6,0,0,180.2
2023-05-26 07:00:00,33.6,71.2,2.3,5,4,7,0,0,191.83
2023-05-26 08:00:00,37.0,82.0,9.6,5,4,8,0,0,217.77
2023-05-26 09:00:00,36.6,60.5,5.0,5,4,9,0,0,187.53
2023-05-26 10:00:00,39.8,56.4,2.1,5,4,10,0,0,257.15
2023-05-26 11:00:00,35.8,69.0,6.5,5,4,11,0,0,212.26
2023-05-26 12:00:00,43.3,56.3,4.9,5,4,12,0,0,285.96
2023-05-26 13:00:00,40.1,60.0,8.9,5,4,13,0,0,237.13
2023-05-26 14:00:00,34.6,54.8,23.3,5,4,14,0,0,193.33
2023-05-26 15:00:00,35.7,67.0,4.9,5,4,15,0,0,202.98
2023-05-26 16:00:00,37.7,49.4,48.8,5,4,16,0,0,174.05
2023-05-26 17:00:00,37.3,60.6,2.7,5,4,17,0,0,204.04
2023-05-26 18:00:00,31.1,64.3,2.7,5,4,18,0,0,179.11
2023-05-26 19:00:00,33.7,59.6,12.0,5,4,19,0,0,203.68
2023-05-26 20:00:00,27.2,52.3,13.0,5,4,20,0,0,180.42
2023-05-26 21:00:00,29.9,50.9,6.4,5,4,21,0,0,211.74
2023-05-26 22:00:00,31.5,58.3,4.7,5,4,22,0,0,199.75
2023-05-26 23:00:00,27.7,70.5,14.6,5,4,23,0,0,141.94
2023-05-27 00:00:00,,69.5,27.0,5,5,0,1,0,101.12
2023-05-27 01:00:00,29.2,65.3,38.8,5,5,1,1,0,110.39
2023-05-27 02:00:00,28.2,58.8,10.1,5,5,2,1,0,99.45
2023-05-27 03:00:00,31.4,67.0,12.8,5,5,3,1,0,127.25
2023-05-27 04:00:00,29.4,50.9,15.8,5,5,4,1,0,101.3
2023-05-27 05:00:00,30.9,45.4,14.8,5,5,5,1,0,123.06
2023-05-27 06:00:00,29.7,63.2,42.2,5,5,6,1,0,111.63
2023-05-27 07:00:00,35.3,58.0,15.3,5,5,7,1,0,172.98
2023-05-27 08:00:00,35.9,70.2,10.7,5,5,8,1,0,212.87
2023-05-27 09:00:00,34.9,63.8,5.8,5,5,9,1,0,207.32
2023-05-27 10:00:00,38.4,74.0,9.3,5,5,10,1,0,208.77
2023-05-27 11:00:00,40.6,55.3,19.0,5,5,11,1,0,267.69
2023-05-27 12:00:00,38.3,64.8,4.9,5,5,12,1,0,229.15
2023-05-27 13:00:00,39.1,58.4,2.2,5,5,13,1,0,198.86
2023-05-27 14:00:00,38.6,71.8,5.2,5,5,14,1,0,189.25
2023-05-27 15:00:00,34.8,60.9,27.8,5,5,15,1,0,163.78
2023-05-27 16:00:00,40.3,66.7,14.6,5,5,16,1,0,222.95
2023-05-27 17:00:00,34.1,54.3,3.7,5,5,17,1,0,200.42
2023-05-27 18:00:00,35.0,59.2,2.1,5,5,18,1,0,201.01
2023-05-27 19:00:00,34.0,62.3,10.8,5,5,19,1,0,184.36
2023-05-27 20:00:00,30.9,74.6,8.9,5,5,20,1,0,180.27
2023-05-27 21:00:00,31.4,46.7,2.7,5,5,21,1,0,189.41
2023-05-27 22:00:00,29.9,62.4,29.1,5,5,22,1,0,133.85
2023-05-27 23:00:00,26.0,64.0,9.7,5,5,23,1,0,163.87
2023-05-28 00:00:00,28.2,49.3,10.4,5,6,0,1,0,114.37
2023-05-28 01:00:00,27.8,62.4,17.4,5,6,1,1,0,130.59
2023-05-28 02:00:00,28.6,53.4,5.3,5,6,2,1,0,134.49
2023-05-28 03:00:00,27.7,47.5,8.5,5,6,3,1,0,153.92
2023-05-28 04:00:00,33.6,61.1,8.9,5,6,4,1,0,135.46
2023-05-28 05:00:00,35.7,59.8,29.4,5,6,5,1,0,145.35
2023-05-28 06:00:00,35.8,60.2,3.1,5,6,6,1,0,166.51
2023-05-28 07:00:00,37.6,63.2,13.4,5,6,7,1,0,193.14
2023-05-28 08:00:00,35.6,55.2,8.8,5,6,8,1,0,176.18
2023-05-28 09:00:00,36.1,76.3,16.9,5,6,9,1,0,218.4
2023-05-28 10:00:00,36.6,61.4,16.3,5,6,10,1,0,218.58
2023-05-28 11:00:00,39.9,70.3,2.1,5,6,11,1,0,233.06
2023-05-28 12:00:00,39.3,46.9,4.4,5,6,12,1,0,203.99
2023-05-28 13:00:00,38.5,54.1,3.6,5,6,13,1,0,195.69
2023-05-28 14:00:00,40.7,65.1,7.0,5,6,14,1,0,211.28
2023-05-28 15:00:00,38.2,59.1,20.9,5,6,15,1,0,193.07
2023-05-28 16:00:00,34.6,54.1,2.0,5,6,16,1,0,173.78
2023-05-28 17:00:00,33.7,48.4,7.4,5,6,17,1,0,180.72
2023-05-28 18:00:00,35.2,68.3,19.3,5,6,18,1,0,210.84
2023-05-28 19:00:00,34.6,67.9,22.9,5,6,19,1,0,198.44
2023-05-28 20:00:00,32.4,65.7,10.6,5,6,20,1,0,200.47
2023-05-28 21:00:00,34.1,59.0,16.2,5,6,21,1,0,228.2
2023-05-28 22:00:00,32.8,54.7,5.1,5,6,22,1,0,185.58
2023-05-28 23:00:00,29.9,64.6,4.7,5,6,23,1,0,148.16
2023-05-29 00:00:00,27.2,55.9,2.4,5,0,0,0,0,149.89
2023-05-29 01:00:00,26.5,60.8,7.6,5,0,1,0,0,117.29
2023-05-29 02:00:00,28.8,75.7,6.9,5,0,2,0,0,156.4
2023-05-29 03:00:00,31.9,49.3,5.7,5,0,3,0,0,143.16
2023-05-29 04:00:00,35.1,67.9,3.0,5,0,4,0,0,165.89
2023-05-29 05:00:00,33.5,75.2,4.1,5,0,5,0,0,164.53
2023-05-29 06:00:00,36.3,68.4,3.8,5,0,6,0,0,219.1
2023-05-29 07:00:00,34.7,65.8,25.1,5,0,7,0,0,185.8
2023-05-29 08:00:00,37.7,57.5,29.2,5,0,8,0,0,227.74
2023-05-29 09:00:00,39.1,55.3,2.0,5,0,9,0,0,255.67
2023-05-29 10:00:00,34.3,44.9,3.5,5,0,10,0,0,217.4
2023-05-29 11:00:00,37.9,61.3,19.6,5,0,11,0,0,227.67
2023-05-29 12:00:00,40.8,56.4,2.3,5,0,12,0,0,264.88
2023-05-29 13:00:00,39.3,54.8,25.0,5,0,13,0,0,217.13
2023-05-29 14:00:00,35.9,61.9,5.8,5,0,14,0,0,205.47
2023-05-29 15:00:00,32.6,64.2,8.2,5,0,15,0,0,197.86
2023-05-29 16:00:00,35.7,57.1,13.5,5,0,16,0,0,217.65
2023-05-29 17:00:00,35.1,75.4,4.2,5,0,17,0,0,204.67
2023-05-29 18:00:00,32.1,69.8,2.8,5,0,18,0,0,210.09
2023-05-29 19:00:00,32.9,70.7,15.3,5,0,19,0,0,222.37
2023-05-29 20:00:00,32.4,63.0,35.4,5,0,20,0,0,206.92
2023-05-29 21:00:00,31.7,68.2,10.6,5,0,21,0,0,220.54
2023-05-29 22:00:00,24.9,60.4,16.0,5,0,22,0,0,183.08
2023-05-29 23:00:00,26.5,72.1,24.7,5,0,23,0,0,189.8
2023-05-30 00:00:00,28.4,64.2,4.1,5,1,0,0,0,188.3
2023-05-30 01:00:00,30.3,56.7,5.5,5,1,1,0,0,151.99
2023-05-30 02:00:00,30.7,64.5,4.0,5,1,2,0,0,178.35
2023-05-30 03:00:00,31.4,62.0,2.5,5,1,3,0,0,161.15
2023-05-30 04:00:00,30.7,83.2,12.5,5,1,4,0,0,152.81
2023-05-30 05:00:00,32.1,67.5,3.3,5,1,5,0,0,177.19
2023-05-30 06:00:00,32.6,76.4,2.8,5,1,6,0,0,178.42
2023-05-30 07:00:00,36.8,70.6,5.5,5,1,7,0,0,214.85
2023-05-30 08:00:00,34.7,63.0,2.5,5,1,8,0,0,193.62
2023-05-30 09:00:00,39.2,56.8,3.6,5,1,9,0,0,252.05
2023-05-30 10:00:00,38.8,46.7,2.6,5,1,10,0,0,261.84
2023-05-30 11:00:00,38.7,53.7,18.8,5,1,11,0,0,249.1
2023-05-30 12:00:00,37.7,66.5,14.1,5,1,12,0,0,233.13
2023-05-30 13:00:00,36.1,59.5,17.7,5,1,13,0,0,229.77
2023-05-30 14:00:00,37.0,64.5,18.2,5,1,14,0,0,238.32
2023-05-30 15:00:00,36.9,45.3,25.1,5,1,15,0,0,201.95
2023-05-30 16:00:00,31.8,67.7,3.7,5,1,16,0,0,207.07
2023-05-30 17:00:00,34.9,71.3,20.4,5,1,17,0,0,206.12
2023-05-30 18:00:00,35.9,47.9,8.0,5,1,18,0,0,218.97
2023-05-30 19:00:00,33.8,66.0,3.5,5,1,19,0,0,237.89
2023-05-30 20:00:00,30.5,75.5,10.5,5,1,20,0,0,209.45
2023-05-30 21:00:00,30.6,78.2,5.2,5,1,21,0,0,174.11
2023-05-30 22:00:00,28.6,61.7,2.4,5,1,22,0,0,183.47
2023-05-30 23:00:00,29.5,71.5,2.7,5,1,23,0,0,159.5
2023-05-31 00:00:00,32.2,75.3,6.4,5,2,0,0,0,167.99
2023-05-31 01:00:00,31.2,67.6,16.0,5,2,1,0,0,148.15
2023-05-31 02:00:00,30.8,74.9,5.0,5,2,2,0,0,148.65
2023-05-31 03:00:00,29.6,64.9,13.6,5,2,3,0,0,126.31
2023-05-31 04:00:00,33.1,66.6,2.5,5,2,4,0,0,149.24
2023-05-31 05:00:00,29.4,60.3,6.0,5,2,5,0,0,143.38
2023-05-31 06:00:00,33.6,61.9,3.1,5,2,6,0,0,177.62
2023-05-31 07:00:00,36.6,65.2,17.9,5,2,7,0,0,201.14
2023-05-31 08:00:00,38.1,55.4,29.5,5,2,8,0,0,222.69
2023-05-31 09:00:00,39.0,58.7,5.2,5,2,9,0,0,258.91
2023-05-31 10:00:00,39.0,66.6,38.0,5,2,10,0,0,223.19
2023-05-31 11:00:00,38.5,77.2,13.2,5,2,11,0,0,233.27
2023-05-31 12:00:00,40.2,43.5,2.0,5,2,12,0,0,272.8
2023-05-31 13:00:00,37.0,77.3,7.3,5,2,13,0,0,232.13
2023-05-31 14:00:00,36.7,59.6,16.4,5,2,14,0,0,191.86
2023-05-31 15:00:00,37.8,68.8,8.1,5,2,15,0,0,197.94
2023-05-31 16:00:00,36.9,70.8,8.4,5,2,16,0,0,206.15
2023-05-31 17:00:00,31.7,76.6,6.7,5,2,17,0,0,187.59
2023-05-31 18:00:00,35.0,56.7,6.0,5,2,18,0,0,225.79
2023-05-31 19:00:00,34.3,61.0,2.2,5,2,19,0,0,191.09
2023-05-31 20:00:00,31.4,63.8,9.8,5,2,20,0,0,197.09
2023-05-31 21:00:00,,59.5,13.6,5,2,21,0,0,252.62
2023-05-31 22:00:00,28.4,76.3,14.5,5,2,22,0,0,185.41
2023-05-31 23:00:00,28.5,65.1,9.8,5,2,23,0,0,174.25
2023-06-01 00:00:00,28.4,52.9,5.3,6,3,0,0,0,143.45
2023-06-01 01:00:00,29.2,60.3,2.2,6,3,1,0,0,164.68
2023-06-01 02:00:00,29.2,52.8,20.1,6,3,2,0,0,109.04
2023-06-01 03:00:00,27.8,64.3,6.5,6,3,3,0,0,133.24
2023-06-01 04:00:00,30.6,70.1,9.4,6,3,4,0,0,121.26
2023-06-01 05:00:00,32.7,58.4,3.7,6,3,5,0,0,168.14
2023-06-01 06:00:00,36.6,58.5,3.2,6,3,6,0,0,195.39
2023-06-01 07:00:00,39.9,57.9,2.7,6,3,7,0,0,213.53
2023-06-01 08:00:00,39.4,61.4,14.8,6,3,8,0,0,253.79
2023-06-01 09:00:00,36.2,66.0,10.3,6,3,9,0,0,236.45
2023-06-01 10:00:00,37.1,67.9,9.8,6,3,10,0,0,253.06
2023-06-01 11:00:00,38.7,78.7,22.1,6,3,11,0,0,221.09
2023-06-01 12:00:00,42.8,59.6,3.4,6,3,12,0,0,262.02
2023-06-01 13:00:00,38.7,66.5,3.5,6,3,13,0,0,250.65
2023-06-01 14:00:00,35.9,49.4,3.7,6,3,14,0,0,212.65
2023-06-01 15:00:00,36.7,58.6,6.4,6,3,15,0,0,227.66
2023-06-01 16:00:00,38.2,58.7,18.6,6,3,16,0,0,211.07
2023-06-01 17:00:00,36.9,53.4,19.1,6,3,17,0,0,208.1
2023-06-01 18:00:00,,58.8,9.1,6,3,18,0,0,216.3
2023-06-01 19:00:00,34.3,62.0,10.6,6,3,19,0,0,200.9
2023-06-01 20:00:00,27.1,62.4,20.2,6,3,20,0,0,193.13
2023-06-01 21:00:00,30.9,85.4,9.8,6,3,21,0,0,248.63
2023-06-01 22:00:00,31.6,68.3,4.1,6,3,22,0,0,195.26
2023-06-01 23:00:00,27.7,82.2,11.8,6,3,23,0,0,150.79
2023-06-02 00:00:00,27.6,78.1,13.8,6,4,0,0,0,159.06
2023-06-02 01:00:00,25.7,62.0,10.1,6,4,1,0,0,126.36
2023-06-02 02:00:00,33.1,63.7,4.6,6,4,2,0,0,163.49
2023-06-02 03:00:00,29.3,61.9,6.1,6,4,3,0,0,160.19
2023-06-02 04:00:00,32.2,62.6,7.1,6,4,4,0,0,167.54
2023-06-02 05:00:00,34.2,55.1,3.3,6,4,5,0,0,168.85
2023-06-02 06:00:00,37.3,57.8,6.8,6,4,6,0,0,217.53
2023-06-02 07:00:00,35.3,65.3,3.4,6,4,7,0,0,178.79
2023-06-02 08:00:00,35.7,64.8,7.5,6,4,8,0,0,217.79
2023-06-02 09:00:00,38.1,63.0,2.4,6,4,9,0,0,238.36
2023-06-02 10:00:00,41.2,58.9,25.7,6,4,10,0,0,226.19
2023-06-02 11:00:00,38.8,67.5,4.3,6,4,11,0,0,231.61
2023-06-02 12:00:00,37.4,59.3,7.0,6,4,12,0,0,226.2
2023-06-02 13:00:00,36.0,73.1,2.3,6,4,13,0,0,225.93
2023-06-02 14:00:00,36.2,47.1,3.7,6,4,14,0,0,202.2
2023-06-02 15:00:00,39.5,65.5,11.5,6,4,15,0,0,224.38
2023-06-02 16:00:00,36.1,65.8,2.9,6,4,16,0,0,221.05
2023-06-02 17:00:00,34.3,57.4,9.9,6,4,17,0,0,202.54
2023-06-02 18:00:00,32.8,60.7,2.0,6,4,18,0,0,220.79
2023-06-02 19:00:00,33.1,67.1,7.0,6,4,19,0,0,226.59
2023-06-02 20:00:00,31.3,71.7,12.2,6,4,20,0,0,201.28
2023-06-02 21:00:00,30.2,50.9,22.9,6,4,21,0,0,200.95
2023-06-02 22:00:00,32.6,68.7,7.4,6,4,22,0,0,218.84
2023-06-02 23:00:00,32.5,60.1,16.7,6,4,23,0,0,206.3
2023-06-03 00:00:00,26.1,75.9,15.0,6,5,0,1,0,115.14
2023-06-03 01:00:00,30.2,50.2,4.8,6,5,1,1,0,121.76
2023-06-03 02:00:00,28.5,85.3,18.6,6,5,2,1,0,132.29
2023-06-03 03:00:00,30.3,57.8,10.2,6,5,3,1,0,132.2
2023-06-03 04:00:00,32.5,75.2,2.9,6,5,4,1,0,133.51
2023-06-03 05:00:00,32.6,63.1,24.4,6,5,5,1,0,124.06
2023-06-03 06:00:00,34.8,56.0,3.6,6,5,6,1,0,157.1
2023-06-03 07:00:00,37.0,63.6,7.1,6,5,7,1,0,189.89
2023-06-03 08:00:00,37.4,69.5,7.0,6,5,8,1,0,190.88
2023-06-03 09:00:00,36.6,49.3,9.9,6,5,9,1,0,205.59
2023-06-03 10:00:00,37.4,66.9,10.7,6,5,10,1,0,188.16
2023-06-03 11:00:00,36.3,61.8,4.1,6,5,11,1,0,191.54
2023-06-03 12:00:00,37.6,65.8,5.5,6,5,12,1,0,209.09
2023-06-03 13:00:00,43.1,58.5,3.2,6,5,13,1,0,233.25
2023-06-03 14:00:00,37.1,56.9,3.1,6,5,14,1,0,180.68
2023-06-03 15:00:00,35.5,53.3,15.9,6,5,15,1,0,164.71
2023-06-03 16:00:00,37.5,66.6,13.1,6,5,16,1,0,220.93
2023-06-03 17:00:00,35.4,67.6,6.7,6,5,17,1,0,165.41
2023-06-03 18:00:00,34.0,68.3,2.8,6,5,18,1,0,192.61
2023-06-03 19:00:00,35.9,65.5,6.8,6,5,19,1,0,194.26
2023-06-03 20:00:00,32.9,71.1,4.8,6,5,20,1,0,182.93
2023-06-03 21:00:00,29.7,76.4,14.0,6,5,21,1,0,163.08
2023-06-03 22:00:00,29.2,50.4,2.8,6,5,22,1,0,158.46
2023-06-03 23:00:00,28.5,47.0,6.8,6,5,23,1,0,165.79
2023-06-04 00:00:00,31.2,78.2,9.2,6,6,0,1,0,161.0
2023-06-04 01:00:00,29.0,,36.0,6,6,1,1,0,101.59
2023-06-04 02:00:00,26.5,58.1,2.8,6,6,2,1,0,109.47
2023-06-04 03:00:00,30.8,62.3,3.0,6,6,3,1,0,135.44
2023-06-04 04:00:00,28.8,52.3,37.4,6,6,4,1,0,102.25
2023-06-04 05:00:00,37.5,58.2,6.2,6,6,5,1,0,164.01
2023-06-04 06:00:00,32.5,56.2,12.9,6,6,6,1,0,155.38
2023-06-04 07:00:00,35.4,60.4,14.2,6,6,7,1,0,197.16
2023-06-04 08:00:00,37.4,63.5,5.0,6,6,8,1,0,219.29
2023-06-04 09:00:00,37.4,58.6,3.9,6,6,9,1,0,231.3
2023-06-04 10:00:00,38.2,57.8,4.6,6,6,10,1,0,218.25
2023-06-04 11:00:00,40.1,62.0,13.6,6,6,11,1,0,213.87
2023-06-04 12:00:00,42.5,67.1,16.7,6,6,12,1,0,214.75
2023-06-04 13:00:00,40.8,72.4,11.6,6,6,13,1,0,192.86
2023-06-04 14:00:00,41.7,57.4,6.7,6,6,14,1,0,222.41
2023-06-04 15:00:00,35.9,76.7,4.4,6,6,15,1,0,189.48
2023-06-04 16:00:00,37.6,68.2,6.4,6,6,16,1,0,206.11
2023-06-04 17:00:00,36.0,52.1,21.7,6,6,17,1,0,180.65
2023-06-04 18:00:00,35.1,52.4,17.9,6,6,18,1,0,173.22
2023-06-04 19:00:00,35.9,57.4,5.1,6,6,19,1,0,217.92
2023-06-04 20:00:00,31.5,75.8,5.2,6,6,20,1,0,174.63
2023-06-04 21:00:00,30.1,61.0,14.1,6,6,21,1,0,156.26
2023-06-04 22:00:00,31.2,49.3,6.4,6,6,22,1,0,175.97
2023-06-04 23:00:00,26.0,65.2,8.8,6,6,23,1,0,123.7
2023-06-05 00:00:00,29.0,49.6,6.4,6,0,0,0,0,141.02
2023-06-05 01:00:00,29.4,56.9,4.2,6,0,1,0,0,136.8
2023-06-05 02:00:00,28.3,61.1,3.7,6,0,2,0,0,146.37
2023-06-05 03:00:00,33.1,64.7,3.2,6,0,3,0,0,172.29
2023-06-05 04:00:00,29.9,73.3,2.1,6,0,4,0,0,163.28
2023-06-05 05:00:00,32.9,69.1,4.6,6,0,5,0,0,163.71
2023-06-05 06:00:00,35.1,53.0,3.5,6,0,6,0,0,186.93
2023-06-05 07:00:00,38.5,57.8,4.4,6,0,7,0,0,236.16
2023-06-05 08:00:00,37.0,62.1,2.6,6,0,8,0,0,217.67
2023-06-05 09:00:00,39.9,58.0,5.3,6,0,9,0,0,242.32
2023-06-05 10:00:00,40.2,57.7,7.9,6,0,10,0,0,251.69
2023-06-05 11:00:00,39.6,46.4,25.1,6,0,11,0,0,230.82
2023-06-05 12:00:00,37.3,52.1,5.4,6,0,12,0,0,225.18
2023-06-05 13:00:00,36.4,58.6,2.3,6,0,13,0,0,213.04
2023-06-05 14:00:00,39.0,35.7,5.6,6,0,14,0,0,217.41
2023-06-05 15:00:00,36.9,66.7,15.6,6,0,15,0,0,194.05
2023-06-05 16:00:00,38.8,49.6,5.3,6,0,16,0,0,209.75
2023-06-05 17:00:00,37.3,66.9,4.8,6,0,17,0,0,233.78
2023-06-05 18:00:00,34.1,67.7,22.1,6,0,18,0,0,210.39
2023-06-05 19:00:00,30.9,60.2,4.8,6,0,19,0,0,199.13
2023-06-05 20:00:00,33.0,71.5,30.1,6,0,20,0,0,210.83
2023-06-05 21:00:00,28.9,71.5,16.3,6,0,21,0,0,213.73
2023-06-05 22:00:00,28.6,63.2,11.2,6,0,22,0,0,182.55
2023-06-05 23:00:00,27.7,62.8,9.3,6,0,23,0,0,170.19
2023-06-06 00:00:00,29.3,74.1,4.0,6,1,0,0,0,184.87
2023-06-06 01:00:00,32.1,65.8,12.5,6,1,1,0,0,177.74
2023-06-06 02:00:00,30.2,73.3,5.4,6,1,2,0,0,143.87
2023-06-06 03:00:00,30.1,45.8,7.3,6,1,3,0,0,157.73
2023-06-06 04:00:00,29.0,66.3,2.9,6,1,4,0,0,145.83
2023-06-06 05:00:00,34.4,50.2,4.8,6,1,5,0,0,159.28
2023-06-06 06:00:00,33.0,63.3,8.0,6,1,6,0,0,197.3
2023-06-06 07:00:00,36.1,67.7,7.0,6,1,7,0,0,197.73
2023-06-06 08:00:00,36.3,75.7,5.4,6,1,8,0,0,216.13
2023-06-06 09:00:00,39.8,52.6,7.1,6,1,9,0,0,246.64
2023-06-06 10:00:00,38.6,56.5,12.9,6,1,10,0,0,274.61
2023-06-06 11:00:00,39.3,59.6,6.9,6,1,11,0,0,236.11
2023-06-06 12:00:00,40.5,51.9,7.6,6,1,12,0,0,241.7
2023-06-06 13:00:00,43.6,66.0,11.7,6,1,13,0,0,270.25
2023-06-06 14:00:00,40.7,59.1,16.7,6,1,14,0,0,243.8
2023-06-06 15:00:00,37.9,62.0,8.0,6,1,15,0,0,214.92
2023-06-06 16:00:00,37.1,66.4,25.7,6,1,16,0,0,194.51
2023-06-06 17:00:00,34.8,62.0,5.5,6,1,17,0,0,214.2
2023-06-06 18:00:00,32.7,57.1,4.3,6,1,18,0,0,222.96
2023-06-06 19:00:00,32.2,63.4,11.4,6,1,19,0,0,185.02
2023-06-06 20:00:00,30.5,57.9,3.5,6,1,20,0,0,198.46
2023-06-06 21:00:00,32.3,64.7,20.4,6,1,21,0,0,213.82
2023-06-06 22:00:00,28.1,73.9,5.9,6,1,22,0,0,169.23
2023-06-06 23:00:00,32.4,54.4,11.6,6,1,23,0,0,183.17
2023-06-07 00:00:00,31.1,52.2,8.8,6,2,0,0,0,179.62
2023-06-07 01:00:00,29.8,65.5,2.4,6,2,1,0,0,165.93
2023-06-07 02:00:00,30.3,58.7,11.9,6,2,2,0,0,154.0
2023-06-07 03:00:00,30.0,65.3,14.5,6,2,3,0,0,154.46
2023-06-07 04:00:00,32.7,66.2,34.4,6,2,4,0,0,153.62
2023-06-07 05:00:00,35.5,45.1,6.3,6,2,5,0,0,175.03
2023-06-07 06:00:00,33.2,68.9,7.6,6,2,6,0,0,195.31
2023-06-07 07:00:00,32.8,54.2,18.6,6,2,7,0,0,171.22
2023-06-07 08:00:00,38.5,60.6,4.5,6,2,8,0,0,234.02
2023-06-07 09:00:00,38.8,55.3,3.7,6,2,9,0,0,221.7
2023-06-07 10:00:00,36.7,57.2,3.1,6,2,10,0,0,227.42
2023-06-07 11:00:00,38.0,74.6,32.6,6,2,11,0,0,232.5
2023-06-07 12:00:00,37.9,63.6,4.5,6,2,12,0,0,233.58
2023-06-07 13:00:00,38.0,68.2,13.3,6,2,13,0,0,236.43
2023-06-07 14:00:00,38.3,62.1,6.8,6,2,14,0,0,214.54
2023-06-07 15:00:00,37.6,66.2,4.2,6,2,15,0,0,210.81
2023-06-07 16:00:00,35.8,65.4,21.6,6,2,16,0,0,189.16
2023-06-07 17:00:00,34.4,64.8,7.0,6,2,17,0,0,206.0
2023-06-07 18:00:00,34.2,71.8,8.7,6,2,18,0,0,236.59
2023-06-07 19:00:00,33.7,64.4,4.0,6,2,19,0,0,186.91
2023-06-07 20:00:00,31.5,82.5,5.1,6,2,20,0,0,212.34
2023-06-07 21:00:00,33.4,71.0,13.0,6,2,21,0,0,212.27
2023-06-07 22:00:00,31.3,55.2,5.4,6,2,22,0,0,162.79
2023-06-07 23:00:00,26.6,65.3,7.6,6,2,23,0,0,167.18
2023-06-08 00:00:00,30.7,67.8,3.0,6,3,0,0,0,161.06
2023-06-08 01:00:00,31.0,64.8,17.2,6,3,1,0,0,147.62
2023-06-08 02:00:00,29.5,70.8,12.7,6,3,2,0,0,129.63
2023-06-08 03:00:00,28.1,72.3,13.4,6,3,3,0,0,138.16
2023-06-08 04:00:00,32.2,53.0,3.6,6,3,4,0,0,140.24
2023-06-08 05:00:00,33.4,73.6,7.5,6,3,5,0,0,162.15
2023-06-08 06:00:00,32.4,59.8,2.2,6,3,6,0,0,173.57
2023-06-08 07:00:00,33.1,58.7,5.0,6,3,7,0,0,203.03
2023-06-08 08:00:00,37.0,56.7,5.4,6,3,8,0,0,228.97
2023-06-08 09:00:00,37.7,67.6,21.6,6,3,9,0,0,241.86
2023-06-08 10:00:00,38.2,58.8,41.5,6,3,10,0,0,256.6
2023-06-08 11:00:00,39.3,55.0,9.7,6,3,11,0,0,254.83
2023-06-08 12:00:00,37.5,57.9,7.8,6,3,12,0,0,210.73
2023-06-08 13:00:00,38.6,46.3,6.6,6,3,13,0,0,216.08
2023-06-08 14:00:00,40.1,53.2,2.1,6,3,14,0,0,223.12
2023-06-08 15:00:00,37.5,51.3,14.9,6,3,15,0,0,204.09
2023-06-08 16:00:00,33.8,60.9,10.9,6,3,16,0,0,182.35
2023-06-08 17:00:00,35.0,67.8,10.4,6,3,17,0,0,191.42
2023-06-08 18:00:00,32.5,68.2,15.2,6,3,18,0,0,213.67
2023-06-08 19:00:00,33.9,73.1,23.1,6,3,19,0,0,231.09
2023-06-08 20:00:00,32.8,71.9,5.9,6,3,20,0,0,225.47
2023-06-08 21:00:00,27.8,61.9,6.4,6,3,21,0,0,179.06
2023-06-08 22:00:00,31.9,64.2,31.6,6,3,22,0,0,188.86
2023-06-08 23:00:00,27.6,65.9,10.7,6,3,23,0,0,161.1
2023-06-09 00:00:00,32.8,46.4,17.2,6,4,0,0,0,182.45
2023-06-09 01:00:00,29.8,55.4,4.0,6,4,1,0,0,134.72
2023-06-09 02:00:00,27.9,64.7,5.1,6,4,2,0,0,152.81
2023-06-09 03:00:00,28.9,64.2,6.0,6,4,3,0,0,152.78
2023-06-09 04:00:00,32.9,67.6,5.0,6,4,4,0,0,178.69
2023-06-09 05:00:00,32.6,67.4,19.3,6,4,5,0,0,166.04
2023-06-09 06:00:00,34.5,48.6,7.7,6,4,6,0,0,177.55
2023-06-09 07:00:00,39.2,64.5,26.6,6,4,7,0,0,258.3
2023-06-09 08:00:00,35.8,63.5,5.1,6,4,8,0,0,203.42
2023-06-09 09:00:00,38.4,65.8,2.3,6,4,9,0,0,257.65
2023-06-09 10:00:00,41.9,67.6,3.2,6,4,10,0,0,282.81
2023-06-09 11:00:00,40.1,58.8,4.0,6,4,11,0,0,264.09
2023-06-09 12:00:00,36.5,71.7,10.2,6,4,12,0,0,227.31
2023-06-09 13:00:00,40.6,52.6,3.6,6,4,13,0,0,228.69
2023-06-09 14:00:00,36.7,54.1,5.8,6,4,14,0,0,186.87
2023-06-09 15:00:00,41.1,62.9,14.7,6,4,15,0,0,221.34
2023-06-09 16:00:00,35.6,59.3,3.1,6,4,16,0,0,196.36
2023-06-09 17:00:00,42.0,61.1,2.7,6,4,17,0,0,268.3
2023-06-09 18:00:00,37.7,77.1,8.2,6,4,18,0,0,229.25
2023-06-09 19:00:00,31.8,67.2,11.6,6,4,19,0,0,187.3
2023-06-09 20:00:00,32.3,65.6,21.3,6,4,20,0,0,224.09
2023-06-09 21:00:00,32.7,56.7,10.7,6,4,21,0,0,187.47
2023-06-09 22:00:00,32.0,50.4,25.4,6,4,22,0,0,193.68
2023-06-09 23:00:00,30.8,64.0,4.2,6,4,23,0,0,173.05
2023-06-10 00:00:00,32.3,72.4,5.3,6,5,0,1,0,167.19
2023-06-10 01:00:00,29.7,62.6,16.6,6,5,1,1,0,115.23
2023-06-10 02:00:00,29.7,68.4,15.3,6,5,2,1,0,93.63
2023-06-10 03:00:00,30.5,76.1,10.7,6,5,3,1,0,125.17
2023-06-10 04:00:00,34.0,74.2,7.6,6,5,4,1,0,134.43
2023-06-10 05:00:00,34.2,66.3,2.1,6,5,5,1,0,167.41
2023-06-10 06:00:00,35.3,63.7,4.6,6,5,6,1,0,173.86
2023-06-10 07:00:00,37.7,49.0,3.4,6,5,7,1,0,181.86
2023-06-10 08:00:00,33.2,58.4,2.4,6,5,8,1,0,159.74
2023-06-10 09:00:00,38.9,58.3,14.0,6,5,9,1,0,201.89
2023-06-10 10:00:00,39.5,53.4,3.1,6,5,10,1,0,222.49
2023-06-10 11:00:00,42.9,60.5,5.5,6,5,11,1,0,281.87
2023-06-10 12:00:00,36.7,76.9,32.3,6,5,12,1,0,187.06
2023-06-10 13:00:00,42.7,70.8,6.2,6,5,13,1,0,259.4
2023-06-10 14:00:00,39.2,62.3,3.2,6,5,14,1,0,183.75
2023-06-10 15:00:00,39.3,66.6,11.4,6,5,15,1,0,173.21
2023-06-10 16:00:00,40.6,53.9,15.3,6,5,16,1,0,196.75
2023-06-10 17:00:00,37.2,73.1,4.6,6,5,17,1,0,210.16
2023-06-10 18:00:00,35.6,49.7,15.3,6,5,18,1,0,183.25
2023-06-10 19:00:00,34.0,70.3,4.5,6,5,19,1,0,213.22
2023-06-10 20:00:00,31.3,68.3,11.5,6,5,20,1,0,205.35
2023-06-10 21:00:00,31.2,58.4,3.1,6,5,21,1,0,167.96
2023-06-10 22:00:00,29.0,63.8,6.5,6,5,22,1,0,174.96
2023-06-10 23:00:00,29.8,56.0,7.9,6,5,23,1,0,172.07
2023-06-11 00:00:00,25.1,58.7,12.3,6,6,0,1,0,132.91
2023-06-11 01:00:00,30.8,51.9,10.4,6,6,1,1,0,103.85
2023-06-11 02:00:00,30.2,71.0,17.4,6,6,2,1,0,94.12
2023-06-11 03:00:00,30.6,74.3,3.6,6,6,3,1,0,122.32
2023-06-11 04:00:00,32.7,46.3,10.7,6,6,4,1,0,123.98
2023-06-11 05:00:00,30.6,79.4,3.1,6,6,5,1,0,152.8
2023-06-11 06:00:00,38.7,60.6,7.2,6,6,6,1,0,177.08
2023-06-11 07:00:00,35.9,64.4,7.9,6,6,7,1,0,186.9
2023-06-11 08:00:00,37.0,49.7,2.2,6,6,8,1,0,181.26
2023-06-11 09:00:00,36.4,72.4,2.6,6,6,9,1,0,213.79
2023-06-11 10:00:00,39.2,62.0,16.6,6,6,10,1,0,217.25
2023-06-11 11:00:00,42.4,67.9,4.7,6,6,11,1,0,264.05
2023-06-11 12:00:00,41.9,68.8,5.4,6,6,12,1,0,239.52
2023-06-11 13:00:00,41.3,70.0,10.2,6,6,13,1,0,196.22
2023-06-11 14:00:00,40.2,54.7,4.0,6,6,14,1,0,219.66
2023-06-11 15:00:00,37.6,59.5,3.7,6,6,15,1,0,207.69
2023-06-11 16:00:00,34.4,57.9,6.4,6,6,16,1,0,155.89
2023-06-11 17:00:00,35.7,69.3,2.5,6,6,17,1,0,201.68
2023-06-11 18:00:00,34.3,65.5,21.9,6,6,18,1,0,171.82
2023-06-11 19:00:00,35.6,70.7,24.5,6,6,19,1,0,180.35
2023-06-11 20:00:00,32.9,72.4,6.8,6,6,20,1,0,189.04
2023-06-11 21:00:00,34.5,48.9,3.9,6,6,21,1,0,194.34
2023-06-11 22:00:00,32.9,74.4,7.1,6,6,22,1,0,162.79
2023-06-11 23:00:00,29.1,73.1,2.8,6,6,23,1,0,176.22
2023-06-12 00:00:00,26.3,63.9,6.1,6,0,0,0,0,126.23
2023-06-12 01:00:00,32.8,66.4,2.6,6,0,1,0,0,162.47
2023-06-12 02:00:00,33.2,62.4,11.8,6,0,2,0,0,147.92
2023-06-12 03:00:00,28.6,70.6,4.6,6,0,3,0,0,165.1
2023-06-12 04:00:00,35.4,59.3,7.9,6,0,4,0,0,153.61
2023-06-12 05:00:00,34.3,66.7,2.1,6,0,5,0,0,193.45
2023-06-12 06:00:00,35.2,63.0,7.9,6,0,6,0,0,193.8
2023-06-12 07:00:00,39.4,56.9,2.0,6,0,7,0,0,214.81
2023-06-12 08:00:00,40.0,61.5,22.7,6,0,8,0,0,235.47
2023-06-12 09:00:00,39.7,81.8,7.6,6,0,9,0,0,257.48
2023-06-12 10:00:00,40.1,54.5,2.8,6,0,10,0,0,270.78
2023-06-12 11:00:00,40.9,57.5,5.3,6,0,11,0,0,255.8
2023-06-12 12:00:00,39.0,55.1,2.4,6,0,12,0,0,250.7
2023-06-12 13:00:00,39.6,55.7,8.1,6,0,13,0,0,235.41
2023-06-12 14:00:00,37.4,67.8,3.0,6,0,14,0,0,224.2
2023-06-12 15:00:00,37.7,66.9,7.1,6,0,15,0,0,203.12
2023-06-12 16:00:00,36.6,61.6,4.9,6,0,16,0,0,206.57
2023-06-12 17:00:00,34.9,70.8,13.5,6,0,17,0,0,205.63
2023-06-12 18:00:00,35.1,68.8,7.3,6,0,18,0,0,220.55
2023-06-12 19:00:00,32.9,62.2,17.1,6,0,19,0,0,209.58
2023-06-12 20:00:00,33.4,51.1,24.7,6,0,20,0,0,241.58
2023-06-12 21:00:00,28.1,72.6,29.9,6,0,21,0,0,194.94
2023-06-12 22:00:00,30.3,66.2,4.4,6,0,22,0,0,205.02
2023-06-12 23:00:00,30.3,65.0,13.7,6,0,23,0,0,181.51
2023-06-13 00:00:00,29.3,61.6,6.6,6,1,0,0,0,164.88
2023-06-13 01:00:00,29.7,71.1,6.4,6,1,1,0,0,158.82
2023-06-13 02:00:00,27.4,69.1,18.2,6,1,2,0,0,163.49
2023-06-13 03:00:00,32.1,62.1,3.3,6,1,3,0,0,156.46
2023-06-13 04:00:00,33.7,53.4,7.2,6,1,4,0,0,176.66
2023-06-13 05:00:00,34.6,71.3,9.2,6,1,5,0,0,211.79
2023-06-13 06:00:00,37.0,66.4,2.5,6,1,6,0,0,216.95
2023-06-13 07:00:00,36.6,63.8,18.0,6,1,7,0,0,201.04
2023-06-13 08:00:00,38.3,39.6,5.0,6,1,8,0,0,217.42
2023-06-13 09:00:00,38.7,60.3,10.6,6,1,9,0,0,236.62
2023-06-13 10:00:00,40.6,57.8,23.1,6,1,10,0,0,263.02
2023-06-13 11:00:00,36.6,56.8,12.2,6,1,11,0,0,252.16
2023-06-13 12:00:00,38.1,67.0,19.4,6,1,12,0,0,237.44
2023-06-13 13:00:00,42.9,64.3,2.6,6,1,13,0,0,266.09
2023-06-13 14:00:00,34.3,66.3,7.4,6,1,14,0,0,188.9
2023-06-13 15:00:00,38.1,69.2,8.7,6,1,15,0,0,217.39
2023-06-13 16:00:00,39.7,52.0,11.3,6,1,16,0,0,209.12
2023-06-13 17:00:00,36.0,58.4,3.0,6,1,17,0,0,206.14
2023-06-13 18:00:00,34.1,63.6,10.6,6,1,18,0,0,201.98
2023-06-13 19:00:00,33.8,58.1,3.3,6,1,19,0,0,262.87
2023-06-13 20:00:00,31.7,70.0,2.6,6,1,20,0,0,232.03
2023-06-13 21:00:00,31.4,60.1,7.1,6,1,21,0,0,190.84
2023-06-13 22:00:00,29.2,75.8,9.3,6,1,22,0,0,166.7
2023-06-13 23:00:00,32.3,56.4,27.4,6,1,23,0,0,158.0
2023-06-14 00:00:00,32.8,80.7,11.6,6,2,0,0,0,197.06
2023-06-14 01:00:00,29.8,81.3,9.2,6,2,1,0,0,137.73
2023-06-14 02:00:00,27.8,65.3,3.9,6,2,2,0,0,167.58
2023-06-14 03:00:00,30.3,74.0,3.3,6,2,3,0,0,156.55
2023-06-14 04:00:00,32.0,60.8,9.5,6,2,4,0,0,152.71
2023-06-14 05:00:00,34.6,70.8,4.0,6,2,5,0,0,166.13
2023-06-14 06:00:00,32.9,62.1,11.8,6,2,6,0,0,193.95
2023-06-14 07:00:00,34.7,52.4,3.0,6,2,7,0,0,204.58
2023-06-14 08:00:00,38.4,32.5,5.3,6,2,8,0,0,240.44
2023-06-14 09:00:00,40.3,57.7,13.9,6,2,9,0,0,251.5
2023-06-14 10:00:00,38.0,63.2,16.2,6,2,10,0,0,249.82
2023-06-14 11:00:00,37.1,72.1,5.4,6,2,11,0,0,259.46
2023-06-14 12:00:00,46.5,57.1,3.9,6,2,12,0,0,327.16
2023-06-14 13:00:00,41.3,67.4,27.4,6,2,13,0,0,228.72
2023-06-14 14:00:00,38.7,57.0,13.5,6,2,14,0,0,227.48
2023-06-14 15:00:00,40.2,57.2,15.2,6,2,15,0,0,241.67
2023-06-14 16:00:00,37.2,69.9,4.0,6,2,16,0,0,242.34
2023-06-14 17:00:00,37.9,41.3,6.4,6,2,17,0,0,229.54
2023-06-14 18:00:00,35.2,62.5,2.6,6,2,18,0,0,237.03
2023-06-14 19:00:00,33.8,59.9,2.9,6,2,19,0,0,230.87
2023-06-14 20:00:00,32.2,74.8,4.0,6,2,20,0,0,201.05
2023-06-14 21:00:00,28.5,61.5,4.9,6,2,21,0,0,209.26
2023-06-14 22:00:00,34.5,66.9,49.0,6,2,22,0,0,195.45
2023-06-14 23:00:00,28.2,73.3,6.4,6,2,23,0,0,206.34
2023-06-15 00:00:00,27.2,54.4,11.6,6,3,0,0,0,124.27
2023-06-15 01:00:00,29.7,64.0,20.8,6,3,1,0,0,129.47
2023-06-15 02:00:00,28.7,62.2,4.3,6,3,2,0,0,155.95
2023-06-15 03:00:00,31.3,71.9,3.3,6,3,3,0,0,179.31
2023-06-15 04:00:00,33.8,68.5,4.2,6,3,4,0,0,169.21
2023-06-15 05:00:00,35.6,60.3,19.1,6,3,5,0,0,177.48
2023-06-15 06:00:00,36.6,53.3,10.8,6,3,6,0,0,199.35
2023-06-15 07:00:00,35.6,70.5,6.8,6,3,7,0,0,198.91
2023-06-15 08:00:00,37.5,60.7,15.7,6,3,8,0,0,237.83
2023-06-15 09:00:00,39.3,47.4,4.2,6,3,9,0,0,240.89
2023-06-15 10:00:00,35.8,49.9,4.2,6,3,10,0,0,235.62
2023-06-15 11:00:00,40.9,,8.7,6,3,11,0,0,245.58
2023-06-15 12:00:00,37.0,51.3,14.5,6,3,12,0,0,243.56
2023-06-15 13:00:00,43.8,73.0,4.4,6,3,13,0,0,252.05
2023-06-15 14:00:00,38.5,53.3,3.9,6,3,14,0,0,205.33
2023-06-15 15:00:00,38.1,60.9,7.1,6,3,15,0,0,251.43
2023-06-15 16:00:00,35.9,63.3,3.2,6,3,16,0,0,207.98
2023-06-15 17:00:00,35.0,56.7,13.0,6,3,17,0,0,190.72
2023-06-15 18:00:00,39.5,42.3,8.9,6,3,18,0,0,224.82
2023-06-15 19:00:00,35.5,63.8,7.7,6,3,19,0,0,224.75
2023-06-15 20:00:00,29.3,59.3,18.5,6,3,20,0,0,201.38
2023-06-15 21:00:00,34.4,63.7,12.6,6,3,21,0,0,228.96
2023-06-15 22:00:00,33.0,62.5,3.3,6,3,22,0,0,211.43
2023-06-15 23:00:00,29.5,67.3,6.4,6,3,23,0,0,152.45
2023-06-16 00:00:00,30.6,77.2,5.1,6,4,0,0,0,169.58
2023-06-16 01:00:00,30.1,60.6,15.0,6,4,1,0,0,155.05
2023-06-16 02:00:00,34.6,59.0,12.2,6,4,2,0,0,173.73
2023-06-16 03:00:00,29.8,51.8,7.1,6,4,3,0,0,142.81
2023-06-16 04:00:00,32.8,62.1,15.9,6,4,4,0,0,138.83
2023-06-16 05:00:00,32.8,66.9,6.2,6,4,5,0,0,156.53
2023-06-16 06:00:00,32.1,60.1,15.0,6,4,6,0,0,186.75
2023-06-16 07:00:00,40.6,63.0,2.3,6,4,7,0,0,235.01
2023-06-16 08:00:00,35.1,61.0,3.2,6,4,8,0,0,201.1
2023-06-16 09:00:00,38.9,50.1,13.3,6,4,9,0,0,236.91
2023-06-16 10:00:00,35.8,64.6,3.0,6,4,10,0,0,212.27
2023-06-16 11:00:00,39.0,58.9,11.2,6,4,11,0,0,255.21
2023-06-16 12:00:00,40.8,60.6,12.3,6,4,12,0,0,234.61
2023-06-16 13:00:00,38.1,56.4,10.7,6,4,13,0,0,237.79
2023-06-16 14:00:00,40.5,54.5,15.6,6,4,14,0,0,213.1
2023-06-16 15:00:00,38.0,62.3,7.7,6,4,15,0,0,212.36
2023-06-16 16:00:00,39.8,58.3,20.2,6,4,16,0,0,232.32
2023-06-16 17:00:00,39.0,74.3,8.7,6,4,17,0,0,249.89
2023-06-16 18:00:00,33.8,69.5,7.7,6,4,18,0,0,207.64
2023-06-16 19:00:00,33.8,67.5,7.7,6,4,19,0,0,211.07
2023-06-16 20:00:00,32.8,62.2,21.5,6,4,20,0,0,233.52
2023-06-16 21:00:00,32.7,47.5,4.2,6,4,21,0,0,213.57
2023-06-16 22:00:00,30.7,58.2,11.5,6,4,22,0,0,187.16
2023-06-16 23:00:00,30.5,59.6,4.2,6,4,23,0,0,154.57
2023-06-17 00:00:00,29.5,63.1,2.8,6,5,0,1,0,137.93
2023-06-17 01:00:00,30.4,64.5,26.6,6,5,1,1,0,121.41
2023-06-17 02:00:00,33.2,68.6,3.1,6,5,2,1,0,122.65
2023-06-17 03:00:00,32.7,65.8,11.3,6,5,3,1,0,121.26
2023-06-17 04:00:00,33.9,72.3,6.4,6,5,4,1,0,147.85
2023-06-17 05:00:00,35.1,59.9,16.5,6,5,5,1,0,159.01
2023-06-17 06:00:00,34.7,64.7,13.9,6,5,6,1,0,144.9
2023-06-17 07:00:00,36.9,64.3,3.2,6,5,7,1,0,175.13
2023-06-17 08:00:00,35.3,64.3,7.0,6,5,8,1,0,189.09
2023-06-17 09:00:00,41.0,69.7,2.2,6,5,9,1,0,234.16
2023-06-17 10:00:00,33.7,69.6,6.5,6,5,10,1,0,189.03
2023-06-17 11:00:00,39.6,49.6,11.6,6,5,11,1,0,249.89
2023-06-17 12:00:00,42.3,58.0,4.1,6,5,12,1,0,245.5
2023-06-17 13:00:00,37.1,61.3,15.3,6,5,13,1,0,202.77
2023-06-17 14:00:00,40.1,77.2,2.4,6,5,14,1,0,199.71
2023-06-17 15:00:00,37.2,58.8,2.3,6,5,15,1,0,175.44
2023-06-17 16:00:00,36.7,53.8,2.2,6,5,16,1,0,173.24
2023-06-17 17:00:00,38.2,64.4,4.6,6,5,17,1,0,188.81
2023-06-17 18:00:00,35.4,66.3,7.0,6,5,18,1,0,168.82
2023-06-17 19:00:00,29.6,64.6,2.9,6,5,19,1,0,180.62
2023-06-17 20:00:00,30.5,63.0,47.8,6,5,20,1,0,168.95
2023-06-17 21:00:00,33.4,70.9,50.0,6,5,21,1,0,159.83
2023-06-17 22:00:00,31.5,57.4,7.9,6,5,22,1,0,159.14
2023-06-17 23:00:00,,60.5,8.7,6,5,23,1,0,171.82
2023-06-18 00:00:00,33.4,59.1,22.9,6,6,0,1,0,142.33
2023-06-18 01:00:00,29.5,74.0,13.8,6,6,1,1,0,142.66
2023-06-18 02:00:00,35.7,64.5,3.5,6,6,2,1,0,173.65
2023-06-18 03:00:00,31.5,55.7,14.6,6,6,3,1,0,112.04
2023-06-18 04:00:00,30.6,57.0,4.1,6,6,4,1,0,125.05
2023-06-18 05:00:00,32.4,78.8,6.5,6,6,5,1,0,131.74
2023-06-18 06:00:00,30.5,73.4,8.1,6,6,6,1,0,166.05
2023-06-18 07:00:00,39.5,,12.1,6,6,7,1,0,211.61
2023-06-18 08:00:00,40.7,59.8,3.3,6,6,8,1,0,245.72
2023-06-18 09:00:00,36.5,73.8,2.6,6,6,9,1,0,204.15
2023-06-18 10:00:00,38.9,51.7,18.1,6,6,10,1,0,232.84
2023-06-18 11:00:00,,66.0,16.0,6,6,11,1,0,240.51
2023-06-18 12:00:00,38.1,57.4,7.9,6,6,12,1,0,225.2
2023-06-18 13:00:00,36.3,59.9,10.7,6,6,13,1,0,163.46
2023-06-18 14:00:00,38.9,66.4,12.2,6,6,14,1,0,200.84
2023-06-18 15:00:00,37.9,59.9,7.2,6,6,15,1,0,206.98
2023-06-18 16:00:00,36.7,58.2,4.4,6,6,16,1,0,171.08
2023-06-18 17:00:00,36.7,57.7,7.3,6,6,17,1,0,198.79
2023-06-18 18:00:00,37.8,45.2,26.1,6,6,18,1,0,206.14
2023-06-18 19:00:00,33.1,69.6,16.6,6,6,19,1,0,199.15
2023-06-18 20:00:00,32.8,55.5,7.0,6,6,20,1,0,197.48
2023-06-18 21:00:00,32.9,78.4,4.0,6,6,21,1,0,205.81
2023-06-18 22:00:00,31.8,61.8,19.6,6,6,22,1,0,173.33
2023-06-18 23:00:00,28.9,76.0,10.1,6,6,23,1,0,170.5
2023-06-19 00:00:00,30.2,50.4,6.2,6,0,0,0,0,146.56
2023-06-19 01:00:00,31.3,70.2,2.9,6,0,1,0,0,169.02
2023-06-19 02:00:00,28.4,73.7,13.1,6,0,2,0,0,161.45
2023-06-19 03:00:00,34.0,73.4,5.0,6,0,3,0,0,158.74
2023-06-19 04:00:00,35.4,50.1,9.5,6,0,4,0,0,162.24
2023-06-19 05:00:00,32.3,58.2,8.7,6,0,5,0,0,171.46
2023-06-19 06:00:00,35.4,66.9,11.6,6,0,6,0,0,212.35
2023-06-19 07:00:00,37.6,62.4,8.2,6,0,7,0,0,215.3
2023-06-19 08:00:00,36.4,64.1,10.0,6,0,8,0,0,219.89
2023-06-19 09:00:00,39.5,57.4,2.7,6,0,9,0,0,259.1
2023-06-19 10:00:00,39.7,72.6,10.8,6,0,10,0,0,251.96
2023-06-19 11:00:00,36.9,82.4,3.7,6,0,11,0,0,272.67
2023-06-19 12:00:00,40.9,60.4,6.0,6,0,12,0,0,243.9
2023-06-19 13:00:00,37.6,64.8,7.7,6,0,13,0,0,222.79
2023-06-19 14:00:00,41.2,59.8,11.3,6,0,14,0,0,245.61
2023-06-19 15:00:00,37.2,71.7,12.9,6,0,15,0,0,178.01
2023-06-19 16:00:00,37.2,68.0,11.8,6,0,16,0,0,200.21
2023-06-19 17:00:00,39.0,52.0,2.8,6,0,17,0,0,214.5
2023-06-19 18:00:00,36.0,57.1,5.9,6,0,18,0,0,233.17
2023-06-19 19:00:00,31.5,56.2,4.6,6,0,19,0,0,182.2
2023-06-19 20:00:00,30.5,86.3,6.1,6,0,20,0,0,229.91
2023-06-19 21:00:00,30.3,70.0,10.3,6,0,21,0,0,185.49
2023-06-19 22:00:00,,59.5,3.7,6,0,22,0,0,212.03
2023-06-19 23:00:00,30.9,59.2,7.6,6,0,23,0,0,160.73
2023-06-20 00:00:00,28.3,72.3,19.3,6,1,0,0,0,156.87
2023-06-20 01:00:00,27.8,73.3,12.5,6,1,1,0,0,161.15
2023-06-20 02:00:00,31.2,70.8,12.3,6,1,2,0,0,162.33
2023-06-20 03:00:00,31.1,61.0,17.1,6,1,3,0,0,127.21
2023-06-20 04:00:00,36.8,64.0,6.1,6,1,4,0,0,205.67
2023-06-20 05:00:00,33.8,64.0,13.4,6,1,5,0,0,179.56
2023-06-20 06:00:00,38.6,53.2,2.5,6,1,6,0,0,181.04
2023-06-20 07:00:00,34.0,55.6,2.5,6,1,7,0,0,194.86
2023-06-20 08:00:00,34.4,66.1,5.2,6,1,8,0,0,250.2
2023-06-20 09:00:00,36.3,63.4,3.8,6,1,9,0,0,246.24
2023-06-20 10:00:00,41.7,63.6,7.8,6,1,10,0,0,269.72
2023-06-20 11:00:00,43.3,64.7,3.6,6,1,11,0,0,301.09
2023-06-20 12:00:00,38.4,72.8,31.7,6,1,12,0,0,220.83
2023-06-20 13:00:00,38.9,54.3,17.2,6,1,13,0,0,239.2
2023-06-20 14:00:00,37.0,66.5,34.4,6,1,14,0,0,186.26
2023-06-20 15:00:00,34.9,68.5,15.2,6,1,15,0,0,210.85
2023-06-20 16:00:00,38.9,58.0,26.1,6,1,16,0,0,230.6
2023-06-20 17:00:00,36.7,62.6,5.7,6,1,17,0,0,227.95
2023-06-20 18:00:00,35.0,60.2,7.5,6,1,18,0,0,247.02
2023-06-20 19:00:00,30.9,81.4,4.2,6,1,19,0,0,227.54
2023-06-20 20:00:00,35.8,62.9,10.1,6,1,20,0,0,251.64
2023-06-20 21:00:00,30.5,68.4,14.4,6,1,21,0,0,218.38
2023-06-20 22:00:00,31.7,62.0,7.5,6,1,22,0,0,208.51
2023-06-20 23:00:00,27.3,62.5,4.8,6,1,23,0,0,178.22
2023-06-21 00:00:00,29.6,54.8,7.7,6,2,0,0,0,145.45
2023-06-21 01:00:00,30.8,73.4,2.5,6,2,1,0,0,152.83
2023-06-21 02:00:00,31.3,70.5,12.2,6,2,2,0,0,160.61
2023-06-21 03:00:00,31.8,61.7,6.8,6,2,3,0,0,163.19
2023-06-21 04:00:00,33.5,56.1,20.3,6,2,4,0,0,157.62
2023-06-21 05:00:00,31.4,65.7,22.5,6,2,5,0,0,147.71
2023-06-21 06:00:00,35.4,58.3,3.1,6,2,6,0,0,191.33
2023-06-21 07:00:00,36.5,60.0,46.4,6,2,7,0,0,188.74
2023-06-21 08:00:00,38.0,50.9,30.0,6,2,8,0,0,220.41
2023-06-21 09:00:00,38.7,62.4,9.9,6,2,9,0,0,241.24
2023-06-21 10:00:00,36.8,63.5,16.0,6,2,10,0,0,248.14
2023-06-21 11:00:00,37.2,70.2,2.1,6,2,11,0,0,237.49
2023-06-21 12:00:00,35.6,61.0,30.2,6,2,12,0,0,192.82
2023-06-21 13:00:00,41.5,56.6,6.9,6,2,13,0,0,251.86
2023-06-21 14:00:00,41.0,47.1,21.2,6,2,14,0,0,216.58
2023-06-21 15:00:00,40.2,68.7,5.9,6,2,15,0,0,268.94
2023-06-21 16:00:00,38.1,68.1,14.4,6,2,16,0,0,228.7
2023-06-21 17:00:00,32.0,64.2,6.3,6,2,17,0,0,189.1
2023-06-21 18:00:00,32.9,52.9,5.6,6,2,18,0,0,223.53
2023-06-21 19:00:00,34.0,53.3,25.5,6,2,19,0,0,206.74
2023-06-21 20:00:00,32.8,59.2,11.6,6,2,20,0,0,215.46
2023-06-21 21:00:00,31.0,72.2,16.7,6,2,21,0,0,193.4
2023-06-21 22:00:00,31.4,66.6,8.3,6,2,22,0,0,183.12
2023-06-21 23:00:00,30.2,53.0,22.0,6,2,23,0,0,172.79
2023-06-22 00:00:00,30.2,68.1,12.8,6,3,0,0,0,175.47
2023-06-22 01:00:00,28.9,58.8,2.6,6,3,1,0,0,137.9
2023-06-22 02:00:00,32.6,59.5,13.6,6,3,2,0,0,153.03
2023-06-22 03:00:00,30.6,72.5,2.2,6,3,3,0,0,151.15
2023-06-22 04:00:00,29.8,71.2,16.1,6,3,4,0,0,157.89
2023-06-22 05:00:00,32.2,72.7,5.2,6,3,5,0,0,162.69
2023-06-22 06:00:00,34.3,62.7,9.3,6,3,6,0,0,195.82
2023-06-22 07:00:00,38.3,67.9,13.1,6,3,7,0,0,232.83
2023-06-22 08:00:00,37.4,56.6,10.1,6,3,8,0,0,213.67
2023-06-22 09:00:00,38.2,58.9,10.9,6,3,9,0,0,234.31
2023-06-22 10:00:00,36.8,59.0,19.9,6,3,10,0,0,228.88
2023-06-22 11:00:00,41.4,59.5,5.7,6,3,11,0,0,263.92
2023-06-22 12:00:00,38.7,50.4,8.3,6,3,12,0,0,220.36
2023-06-22 13:00:00,39.6,58.4,3.5,6,3,13,0,0,260.45
2023-06-22 14:00:00,42.3,70.5,7.0,6,3,14,0,0,233.24
2023-06-22 15:00:00,39.5,51.5,3.3,6,3,15,0,0,232.33
2023-06-22 16:00:00,34.2,52.2,10.0,6,3,16,0,0,209.31
2023-06-22 17:00:00,32.7,53.6,5.1,6,3,17,0,0,178.37
2023-06-22 18:00:00,34.9,83.9,17.7,6,3,18,0,0,217.36
2023-06-22 19:00:00,31.3,68.1,5.4,6,3,19,0,0,223.08
2023-06-22 20:00:00,33.8,60.9,4.7,6,3,20,0,0,180.05
2023-06-22 21:00:00,31.5,64.8,7.4,6,3,21,0,0,208.04
2023-06-22 22:00:00,31.0,66.3,3.5,6,3,22,0,0,174.03
2023-06-22 23:00:00,28.8,60.5,3.8,6,3,23,0,0,190.07
2023-06-23 00:00:00,33.5,59.1,14.2,6,4,0,0,0,160.11
2023-06-23 01:00:00,35.8,60.8,7.5,6,4,1,0,0,212.01
2023-06-23 02:00:00,30.1,59.2,3.8,6,4,2,0,0,135.24
2023-06-23 03:00:00,32.2,60.7,2.3,6,4,3,0,0,164.68
2023-06-23 04:00:00,32.7,66.5,7.0,6,4,4,0,0,149.48
2023-06-23 05:00:00,33.2,55.4,12.9,6,4,5,0,0,162.02
2023-06-23 06:00:00,33.3,84.2,5.5,6,4,6,0,0,187.07
2023-06-23 07:00:00,34.1,69.0,4.3,6,4,7,0,0,197.62
2023-06-23 08:00:00,35.2,52.2,6.0,6,4,8,0,0,233.43
2023-06-23 09:00:00,39.3,40.5,27.6,6,4,9,0,0,256.1
2023-06-23 10:00:00,38.3,55.4,6.4,6,4,10,0,0,233.33
2023-06-23 11:00:00,34.7,68.1,4.4,6,4,11,0,0,220.4
2023-06-23 12:00:00,40.9,63.5,8.7,6,4,12,0,0,239.48
2023-06-23 13:00:00,39.7,59.2,15.3,6,4,13,0,0,212.72
2023-06-23 14:00:00,42.0,54.2,2.2,6,4,14,0,0,244.73
2023-06-23 15:00:00,39.3,53.1,8.5,6,4,15,0,0,249.52
2023-06-23 16:00:00,34.5,59.5,16.5,6,4,16,0,0,164.27
2023-06-23 17:00:00,31.8,56.0,3.9,6,4,17,0,0,195.62
2023-06-23 18:00:00,33.5,60.0,22.4,6,4,18,0,0,206.32
2023-06-23 19:00:00,32.4,74.4,8.9,6,4,19,0,0,204.28
2023-06-23 20:00:00,34.4,56.6,7.8,6,4,20,0,0,236.01
2023-06-23 21:00:00,31.4,69.2,28.5,6,4,21,0,0,208.63
2023-06-23 22:00:00,32.9,69.6,3.1,6,4,22,0,0,207.85
2023-06-23 23:00:00,27.5,57.6,12.8,6,4,23,0,0,164.2
2023-06-24 00:00:00,31.9,57.3,15.7,6,5,0,1,0,133.69
2023-06-24 01:00:00,31.6,72.8,7.4,6,5,1,1,0,126.31
2023-06-24 02:00:00,26.6,59.3,2.1,6,5,2,1,0,116.9
2023-06-24 03:00:00,34.1,62.5,7.9,6,5,3,1,0,133.74
2023-06-24 04:00:00,32.7,80.0,3.3,6,5,4,1,0,145.82
2023-06-24 05:00:00,34.5,70.6,8.6,6,5,5,1,0,145.72
2023-06-24 06:00:00,33.2,64.1,12.7,6,5,6,1,0,142.14
2023-06-24 07:00:00,38.8,67.3,8.1,6,5,7,1,0,195.7
2023-06-24 08:00:00,35.1,62.0,10.0,6,5,8,1,0,202.85
2023-06-24 09:00:00,40.2,68.1,2.9,6,5,9,1,0,217.09
2023-06-24 10:00:00,40.9,43.2,2.8,6,5,10,1,0,267.77
2023-06-24 11:00:00,37.9,60.0,17.2,6,5,11,1,0,220.17
2023-06-24 12:00:00,43.9,41.3,2.4,6,5,12,1,0,236.25
2023-06-24 13:00:00,40.3,61.2,4.7,6,5,13,1,0,210.53
2023-06-24 14:00:00,,57.8,24.2,6,5,14,1,0,181.96
2023-06-24 15:00:00,35.5,73.2,6.9,6,5,15,1,0,186.5
2023-06-24 16:00:00,41.7,64.8,11.0,6,5,16,1,0,245.92
2023-06-24 17:00:00,33.8,58.9,4.0,6,5,17,1,0,177.04
2023-06-24 18:00:00,37.0,58.2,4.5,6,5,18,1,0,224.16
2023-06-24 19:00:00,31.7,67.2,7.7,6,5,19,1,0,187.82
2023-06-24 20:00:00,31.2,59.8,10.1,6,5,20,1,0,198.74
2023-06-24 21:00:00,33.0,63.2,27.8,6,5,21,1,0,185.04
2023-06-24 22:00:00,32.7,74.2,8.8,6,5,22,1,0,180.9
2023-06-24 23:00:00,27.6,59.6,2.8,6,5,23,1,0,158.89
2023-06-25 00:00:00,32.1,60.4,5.7,6,6,0,1,0,142.1
2023-06-25 01:00:00,32.2,61.4,4.2,6,6,1,1,0,162.1
2023-06-25 02:00:00,28.7,90.9,4.3,6,6,2,1,0,124.09
2023-06-25 03:00:00,34.6,67.6,7.6,6,6,3,1,0,154.79
2023-06-25 04:00:00,29.5,74.3,5.0,6,6,4,1,0,116.05
2023-06-25 05:00:00,32.4,69.9,4.7,6,6,5,1,0,121.28
2023-06-25 06:00:00,35.9,68.7,29.5,6,6,6,1,0,167.14
2023-06-25 07:00:00,34.5,66.5,9.0,6,6,7,1,0,144.71
2023-06-25 08:00:00,38.0,63.9,4.4,6,6,8,1,0,240.34
2023-06-25 09:00:00,39.0,48.9,4.6,6,6,9,1,0,215.3
2023-06-25 10:00:00,38.9,63.4,15.3,6,6,10,1,0,221.6
2023-06-25 11:00:00,41.4,58.4,19.4,6,6,11,1,0,234.16
2023-06-25 12:00:00,39.5,64.6,11.1,6,6,12,1,0,220.66
2023-06-25 13:00:00,40.2,59.3,6.5,6,6,13,1,0,222.66
2023-06-25 14:00:00,41.6,65.3,13.6,6,6,14,1,0,210.49
2023-06-25 15:00:00,40.1,67.5,24.2,6,6,15,1,0,164.53
2023-06-25 16:00:00,39.0,37.2,3.5,6,6,16,1,0,181.1
2023-06-25 17:00:00,33.9,59.6,17.8,6,6,17,1,0,160.4
2023-06-25 18:00:00,36.0,47.1,17.1,6,6,18,1,0,193.06
2023-06-25 19:00:00,31.9,66.0,5.7,6,6,19,1,0,189.51
2023-06-25 20:00:00,29.9,62.7,4.8,6,6,20,1,0,193.27
2023-06-25 21:00:00,31.3,75.2,8.7,6,6,21,1,0,160.37
2023-06-25 22:00:00,28.8,67.3,4.5,6,6,22,1,0,150.37
2023-06-25 23:00:00,31.7,60.3,3.3,6,6,23,1,0,156.35
2023-06-26 00:00:00,31.6,71.7,26.5,6,0,0,0,0,182.48
2023-06-26 01:00:00,26.3,64.3,7.4,6,0,1,0,0,183.87
2023-06-26 02:00:00,28.9,61.5,7.1,6,0,2,0,0,124.08
2023-06-26 03:00:00,28.5,68.9,3.1,6,0,3,0,0,161.04
2023-06-26 04:00:00,31.5,77.2,7.6,6,0,4,0,0,160.9
2023-06-26 05:00:00,34.5,69.6,12.9,6,0,5,0,0,186.3
2023-06-26 06:00:00,34.4,67.3,4.3,6,0,6,0,0,169.46
2023-06-26 07:00:00,35.0,84.5,5.7,6,0,7,0,0,227.38
2023-06-26 08:00:00,40.0,54.1,3.6,6,0,8,0,0,214.69
2023-06-26 09:00:00,33.9,57.0,5.5,6,0,9,0,0,191.01
2023-06-26 10:00:00,41.7,60.3,17.8,6,0,10,0,0,267.42
2023-06-26 11:00:00,38.7,72.8,4.2,6,0,11,0,0,241.78
2023-06-26 12:00:00,39.8,52.6,2.2,6,0,12,0,0,247.2
2023-06-26 13:00:00,38.7,74.7,8.1,6,0,13,0,0,222.62
2023-06-26 14:00:00,42.3,47.3,8.9,6,0,14,0,0,247.34
2023-06-26 15:00:00,36.0,61.0,5.2,6,0,15,0,0,200.02
2023-06-26 16:00:00,37.5,62.7,10.2,6,0,16,0,0,210.77
2023-06-26 17:00:00,37.3,54.3,2.3,6,0,17,0,0,223.75
2023-06-26 18:00:00,31.7,59.2,5.3,6,0,18,0,0,211.35
2023-06-26 19:00:00,31.8,70.5,3.2,6,0,19,0,0,202.49
2023-06-26 20:00:00,32.1,75.5,4.1,6,0,20,0,0,241.47
2023-06-26 21:00:00,29.6,48.3,5.9,6,0,21,0,0,197.1
2023-06-26 22:00:00,29.0,67.0,7.4,6,0,22,0,0,206.67
2023-06-26 23:00:00,29.4,64.4,2.8,6,0,23,0,0,174.46
2023-06-27 00:00:00,31.2,65.3,2.9,6,1,0,0,0,154.82
2023-06-27 01:00:00,29.4,62.8,11.0,6,1,1,0,0,151.05
2023-06-27 02:00:00,32.7,53.3,6.1,6,1,2,0,0,197.5
2023-06-27 03:00:00,29.4,77.7,3.6,6,1,3,0,0,129.68
2023-06-27 04:00:00,29.9,74.3,4.1,6,1,4,0,0,163.65
2023-06-27 05:00:00,37.5,60.4,12.2,6,1,5,0,0,198.62
2023-06-27 06:00:00,33.6,59.3,2.4,6,1,6,0,0,188.75
2023-06-27 07:00:00,33.6,58.3,7.7,6,1,7,0,0,171.08
2023-06-27 08:00:00,33.9,42.4,5.6,6,1,8,0,0,204.58
2023-06-27 09:00:00,40.6,62.5,15.3,6,1,9,0,0,263.13
2023-06-27 10:00:00,38.5,67.0,14.5,6,1,10,0,0,223.99
2023-06-27 11:00:00,39.2,61.5,11.3,6,1,11,0,0,250.35
2023-06-27 12:00:00,39.6,59.5,5.9,6,1,12,0,0,241.74
2023-06-27 13:00:00,41.8,60.2,10.0,6,1,13,0,0,250.14
2023-06-27 14:00:00,38.9,53.7,10.2,6,1,14,0,0,221.01
2023-06-27 15:00:00,43.1,54.4,5.2,6,1,15,0,0,279.65
2023-06-27 16:00:00,37.7,59.8,19.0,6,1,16,0,0,217.45
2023-06-27 17:00:00,38.3,66.4,35.5,6,1,17,0,0,201.12
2023-06-27 18:00:00,36.5,72.8,5.0,6,1,18,0,0,238.68
2023-06-27 19:00:00,33.5,61.4,14.9,6,1,19,0,0,213.84
2023-06-27 20:00:00,31.2,56.0,7.6,6,1,20,0,0,200.06
2023-06-27 21:00:00,32.0,64.3,7.0,6,1,21,0,0,192.63
2023-06-27 22:00:00,31.6,80.3,5.9,6,1,22,0,0,215.49
2023-06-27 23:00:00,28.9,57.9,4.8,6,1,23,0,0,166.4
2023-06-28 00:00:00,30.2,72.0,22.2,6,2,0,0,0,169.45
2023-06-28 01:00:00,32.5,74.4,12.8,6,2,1,0,0,150.26
2023-06-28 02:00:00,34.7,59.8,6.6,6,2,2,0,0,202.07
2023-06-28 03:00:00,33.0,57.9,13.1,6,2,3,0,0,195.83
2023-06-28 04:00:00,36.1,66.6,12.1,6,2,4,0,0,189.36
2023-06-28 05:00:00,32.3,66.7,4.5,6,2,5,0,0,187.98
2023-06-28 06:00:00,36.3,67.4,3.5,6,2,6,0,0,195.13
2023-06-28 07:00:00,38.8,77.2,16.5,6,2,7,0,0,219.54
2023-06-28 08:00:00,35.6,63.5,15.3,6,2,8,0,0,227.68
2023-06-28 09:00:00,37.4,51.7,48.1,6,2,9,0,0,214.52
2023-06-28 10:00:00,42.7,59.2,2.2,6,2,10,0,0,267.9
2023-06-28 11:00:00,37.7,63.1,8.2,6,2,11,0,0,239.42
2023-06-28 12:00:00,37.2,,11.7,6,2,12,0,0,208.15
2023-06-28 13:00:00,42.8,57.0,9.0,6,2,13,0,0,262.33
2023-06-28 14:00:00,41.6,55.9,11.9,6,2,14,0,0,262.0
2023-06-28 15:00:00,39.3,49.4,3.2,6,2,15,0,0,247.73
2023-06-28 16:00:00,37.3,65.7,2.0,6,2,16,0,0,221.94
2023-06-28 17:00:00,35.3,89.1,2.8,6,2,17,0,0,237.59
2023-06-28 18:00:00,35.4,60.5,5.8,6,2,18,0,0,212.71
2023-06-28 19:00:00,36.7,65.2,5.2,6,2,19,0,0,267.05
2023-06-28 20:00:00,32.8,59.2,18.6,6,2,20,0,0,202.03
2023-06-28 21:00:00,35.7,51.9,2.7,6,2,21,0,0,219.07
2023-06-28 22:00:00,28.7,69.1,6.7,6,2,22,0,0,181.1
2023-06-28 23:00:00,30.0,65.2,27.3,6,2,23,0,0,158.67
2023-06-29 00:00:00,29.1,46.4,7.6,6,3,0,0,0,158.93
2023-06-29 01:00:00,27.8,79.0,3.1,6,3,1,0,0,172.27
2023-06-29 02:00:00,30.2,68.2,4.8,6,3,2,0,0,152.47
2023-06-29 03:00:00,32.1,64.5,9.9,6,3,3,0,0,159.8
2023-06-29 04:00:00,33.4,59.9,2.1,6,3,4,0,0,146.25
2023-06-29 05:00:00,37.9,64.3,29.6,6,3,5,0,0,193.16
2023-06-29 06:00:00,35.8,65.7,8.7,6,3,6,0,0,221.83
2023-06-29 07:00:00,38.4,64.0,11.7,6,3,7,0,0,243.99
2023-06-29 08:00:00,37.5,69.8,7.5,6,3,8,0,0,212.85
2023-06-29 09:00:00,41.7,69.5,27.3,6,3,9,0,0,259.1
2023-06-29 10:00:00,44.0,74.1,9.1,6,3,10,0,0,354.24
2023-06-29 11:00:00,40.7,52.9,10.7,6,3,11,0,0,265.91
2023-06-29 12:00:00,37.8,56.5,17.8,6,3,12,0,0,246.76
2023-06-29 13:00:00,38.6,63.6,17.8,6,3,13,0,0,247.48
2023-06-29 14:00:00,39.7,53.9,2.2,6,3,14,0,0,216.36
2023-06-29 15:00:00,39.3,55.4,4.7,6,3,15,0,0,237.86
2023-06-29 16:00:00,38.7,64.4,4.3,6,3,16,0,0,230.7
2023-06-29 17:00:00,37.0,68.7,2.1,6,3,17,0,0,250.34
2023-06-29 18:00:00,34.8,72.8,18.8,6,3,18,0,0,242.41
2023-06-29 19:00:00,32.3,62.3,5.1,6,3,19,0,0,200.33
2023-06-29 20:00:00,33.1,67.1,5.4,6,3,20,0,0,275.04
2023-06-29 21:00:00,35.0,64.4,2.8,6,3,21,0,0,233.03
2023-06-29 22:00:00,32.5,63.9,38.6,6,3,22,0,0,196.37
2023-06-29 23:00:00,31.1,57.9,16.0,6,3,23,0,0,138.15
2023-06-30 00:00:00,31.8,56.5,8.8,6,4,0,0,0,180.45
2023-06-30 01:00:00,29.2,70.7,13.8,6,4,1,0,0,117.89
2023-06-30 02:00:00,29.4,58.6,14.0,6,4,2,0,0,139.63
2023-06-30 03:00:00,29.8,50.9,10.6,6,4,3,0,0,131.81
2023-06-30 04:00:00,32.0,63.7,3.5,6,4,4,0,0,167.22
2023-06-30 05:00:00,32.7,75.3,12.2,6,4,5,0,0,171.74
2023-06-30 06:00:00,37.2,39.0,8.7,6,4,6,0,0,206.51
2023-06-30 07:00:00,35.1,60.1,12.3,6,4,7,0,0,215.73
2023-06-30 08:00:00,35.7,67.6,8.3,6,4,8,0,0,200.2
2023-06-30 09:00:00,42.2,44.3,27.1,6,4,9,0,0,260.06
2023-06-30 10:00:00,38.2,59.2,9.9,6,4,10,0,0,230.83
2023-06-30 11:00:00,39.9,50.9,8.8,6,4,11,0,0,238.86
2023-06-30 12:00:00,40.7,51.6,16.8,6,4,12,0,0,276.62
2023-06-30 13:00:00,37.3,58.1,5.8,6,4,13,0,0,199.19
2023-06-30 14:00:00,41.6,50.2,5.0,6,4,14,0,0,235.67
2023-06-30 15:00:00,39.6,50.6,7.6,6,4,15,0,0,259.79
2023-06-30 16:00:00,40.4,59.3,9.0,6,4,16,0,0,236.82
2023-06-30 17:00:00,34.7,80.5,4.0,6,4,17,0,0,209.71
2023-06-30 18:00:00,35.0,68.6,11.2,6,4,18,0,0,222.43
2023-06-30 19:00:00,33.6,71.3,15.0,6,4,19,0,0,199.62
2023-06-30 20:00:00,32.8,70.0,8.9,6,4,20,0,0,206.97
2023-06-30 21:00:00,28.3,60.2,7.9,6,4,21,0,0,185.23
2023-06-30 22:00:00,30.7,67.1,4.8,6,4,22,0,0,211.48
2023-06-30 23:00:00,27.1,75.2,21.2,6,4,23,0,0,176.53
2023-07-01 00:00:00,30.5,71.4,13.2,7,5,0,1,0,126.75
2023-07-01 01:00:00,25.7,68.7,7.2,7,5,1,1,0,116.21
2023-07-01 02:00:00,26.7,70.8,10.6,7,5,2,1,0,125.54
2023-07-01 03:00:00,32.8,83.3,5.3,7,5,3,1,0,106.04
2023-07-01 04:00:00,31.2,71.1,2.5,7,5,4,1,0,138.24
2023-07-01 05:00:00,31.5,61.7,3.8,7,5,5,1,0,149.61
2023-07-01 06:00:00,37.3,60.8,2.7,7,5,6,1,0,169.1
2023-07-01 07:00:00,36.7,53.2,7.7,7,5,7,1,0,192.89
2023-07-01 08:00:00,39.0,79.3,9.8,7,5,8,1,0,218.58
2023-07-01 09:00:00,37.9,73.9,5.8,7,5,9,1,0,246.23
2023-07-01 10:00:00,44.4,58.4,8.0,7,5,10,1,0,271.44
2023-07-01 11:00:00,38.4,78.3,2.7,7,5,11,1,0,234.4
2023-07-01 12:00:00,43.2,63.4,13.8,7,5,12,1,0,231.02
2023-07-01 13:00:00,39.5,56.8,2.3,7,5,13,1,0,213.0
2023-07-01 14:00:00,35.8,69.4,10.1,7,5,14,1,0,189.89
2023-07-01 15:00:00,39.2,63.6,6.5,7,5,15,1,0,195.34
2023-07-01 16:00:00,37.9,67.8,3.6,7,5,16,1,0,214.05
2023-07-01 17:00:00,33.9,52.1,7.9,7,5,17,1,0,184.13
2023-07-01 18:00:00,32.9,57.1,14.1,7,5,18,1,0,176.17
2023-07-01 19:00:00,33.4,75.2,6.3,7,5,19,1,0,193.15
2023-07-01 20:00:00,32.9,77.1,5.7,7,5,20,1,0,153.97
2023-07-01 21:00:00,26.3,78.2,3.2,7,5,21,1,0,161.96
2023-07-01 22:00:00,32.5,81.5,9.2,7,5,22,1,0,198.28
2023-07-01 23:00:00,28.9,70.2,16.1,7,5,23,1,0,143.88
2023-07-02 00:00:00,27.0,70.5,8.6,7,6,0,1,0,133.48
2023-07-02 01:00:00,31.7,56.8,3.4,7,6,1,1,0,129.98
2023-07-02 02:00:00,30.3,60.2,10.7,7,6,2,1,0,100.98
2023-07-02 03:00:00,33.6,47.3,2.2,7,6,3,1,0,147.94
2023-07-02 04:00:00,33.1,60.9,16.6,7,6,4,1,0,114.88
2023-07-02 05:00:00,33.4,46.8,22.4,7,6,5,1,0,130.6
2023-07-02 06:00:00,34.4,71.5,9.3,7,6,6,1,0,168.2
2023-07-02 07:00:00,37.0,64.6,19.1,7,6,7,1,0,172.61
2023-07-02 08:00:00,36.4,45.6,2.7,7,6,8,1,0,214.81
2023-07-02 09:00:00,36.5,60.2,4.1,7,6,9,1,0,234.61
2023-07-02 10:00:00,40.2,75.6,5.1,7,6,10,1,0,231.18
2023-07-02 11:00:00,39.2,59.4,13.9,7,6,11,1,0,210.05
2023-07-02 12:00:00,39.8,52.1,7.3,7,6,12,1,0,212.49
2023-07-02 13:00:00,41.7,44.9,5.4,7,6,13,1,0,244.92
2023-07-02 14:00:00,38.8,46.6,3.4,7,6,14,1,0,204.6
2023-07-02 15:00:00,38.3,65.2,15.3,7,6,15,1,0,202.33
2023-07-02 16:00:00,36.0,58.5,2.2,7,6,16,1,0,200.92
2023-07-02 17:00:00,36.8,58.8,5.3,7,6,17,1,0,179.58
2023-07-02 18:00:00,35.4,58.9,4.2,7,6,18,1,0,202.21
2023-07-02 19:00:00,35.2,61.3,3.1,7,6,19,1,0,206.47
2023-07-02 20:00:00,31.0,54.7,3.5,7,6,20,1,0,191.51
2023-07-02 21:00:00,30.2,67.4,7.4,7,6,21,1,0,196.02
2023-07-02 22:00:00,31.9,52.6,6.4,7,6,22,1,0,169.3
2023-07-02 23:00:00,30.4,58.8,7.8,7,6,23,1,0,143.75
2023-07-03 00:00:00,27.8,74.2,12.4,7,0,0,0,0,137.28
2023-07-03 01:00:00,32.4,66.8,19.8,7,0,1,0,0,186.47
2023-07-03 02:00:00,26.9,72.0,3.0,7,0,2,0,0,142.87
2023-07-03 03:00:00,32.7,80.9,2.7,7,0,3,0,0,145.94
2023-07-03 04:00:00,29.6,64.7,5.1,7,0,4,0,0,169.78
2023-07-03 05:00:00,37.1,,8.3,7,0,5,0,0,170.0
2023-07-03 06:00:00,31.6,62.1,2.8,7,0,6,0,0,149.34
2023-07-03 07:00:00,38.2,57.3,12.1,7,0,7,0,0,214.38
2023-07-03 08:00:00,37.0,53.4,8.5,7,0,8,0,0,211.97
2023-07-03 09:00:00,37.4,62.0,13.0,7,0,9,0,0,237.61
2023-07-03 10:00:00,39.3,63.2,5.5,7,0,10,0,0,227.42
2023-07-03 11:00:00,40.7,62.9,6.1,7,0,11,0,0,269.92
2023-07-03 12:00:00,37.8,61.6,15.2,7,0,12,0,0,245.93
2023-07-03 13:00:00,37.8,68.5,4.5,7,0,13,0,0,211.12
2023-07-03 14:00:00,40.3,60.1,5.8,7,0,14,0,0,232.38
2023-07-03 15:00:00,34.8,59.3,2.1,7,0,15,0,0,183.51
2023-07-03 16:00:00,36.0,54.6,8.5,7,0,16,0,0,206.49
2023-07-03 17:00:00,42.0,46.6,17.3,7,0,17,0,0,237.43
2023-07-03 18:00:00,32.7,75.3,2.2,7,0,18,0,0,191.39
2023-07-03 19:00:00,35.6,56.6,9.6,7,0,19,0,0,226.73
2023-07-03 20:00:00,31.0,57.1,16.9,7,0,20,0,0,208.83
2023-07-03 21:00:00,32.1,60.6,7.4,7,0,21,0,0,212.63
2023-07-03 22:00:00,31.6,62.0,5.0,7,0,22,0,0,191.88
2023-07-03 23:00:00,32.1,77.1,47.4,7,0,23,0,0,182.76
2023-07-04 00:00:00,29.2,62.8,2.5,7,1,0,0,0,162.42
2023-07-04 01:00:00,33.7,84.2,3.9,7,1,1,0,0,163.05
2023-07-04 02:00:00,29.1,66.0,19.3,7,1,2,0,0,99.86
2023-07-04 03:00:00,31.5,80.7,4.8,7,1,3,0,0,167.32
2023-07-04 04:00:00,32.6,70.9,15.7,7,1,4,0,0,155.18
2023-07-04 05:00:00,31.0,67.4,5.2,7,1,5,0,0,145.57
2023-07-04 06:00:00,34.0,75.6,15.4,7,1,6,0,0,208.01
2023-07-04 07:00:00,36.2,70.9,11.3,7,1,7,0,0,232.29
2023-07-04 08:00:00,36.2,67.0,7.1,7,1,8,0,0,238.52
2023-07-04 09:00:00,43.0,77.0,7.9,7,1,9,0,0,294.04
2023-07-04 10:00:00,37.2,57.4,3.6,7,1,10,0,0,190.95
2023-07-04 11:00:00,41.8,51.2,3.0,7,1,11,0,0,290.67
2023-07-04 12:00:00,41.3,53.9,12.1,7,1,12,0,0,242.61
2023-07-04 13:00:00,39.4,74.3,17.1,7,1,13,0,0,225.73
2023-07-04 14:00:00,37.2,73.0,12.2,7,1,14,0,0,226.4
2023-07-04 15:00:00,36.6,57.5,21.5,7,1,15,0,0,228.19
2023-07-04 16:00:00,36.0,43.1,19.7,7,1,16,0,0,216.29
2023-07-04 17:00:00,32.3,62.2,14.0,7,1,17,0,0,188.82
2023-07-04 18:00:00,32.6,55.6,20.3,7,1,18,0,0,204.86
2023-07-04 19:00:00,30.3,60.9,3.5,7,1,19,0,0,187.57
2023-07-04 20:00:00,34.8,54.2,12.5,7,1,20,0,0,201.45
2023-07-04 21:00:00,32.3,51.0,13.2,7,1,21,0,0,221.63
2023-07-04 22:00:00,31.8,79.2,3.3,7,1,22,0,0,210.3
2023-07-04 23:00:00,30.9,59.1,21.2,7,1,23,0,0,153.3
2023-07-05 00:00:00,29.9,76.4,2.1,7,2,0,0,0,165.08
2023-07-05 01:00:00,32.6,61.9,6.6,7,2,1,0,0,175.57
2023-07-05 02:00:00,29.0,56.5,2.2,7,2,2,0,0,158.95
2023-07-05 03:00:00,,68.5,7.9,7,2,3,0,0,162.21
2023-07-05 04:00:00,33.5,60.1,6.3,7,2,4,0,0,160.28
2023-07-05 05:00:00,30.6,63.1,9.8,7,2,5,0,0,143.89
2023-07-05 06:00:00,40.7,60.8,13.6,7,2,6,0,0,233.28
2023-07-05 07:00:00,35.9,55.6,13.7,7,2,7,0,0,211.98
2023-07-05 08:00:00,37.3,48.4,12.2,7,2,8,0,0,232.83
2023-07-05 09:00:00,40.6,59.3,2.9,7,2,9,0,0,287.52
2023-07-05 10:00:00,40.7,67.4,6.3,7,2,10,0,0,269.76
2023-07-05 11:00:00,39.4,53.1,15.5,7,2,11,0,0,228.87
2023-07-05 12:00:00,39.8,61.3,10.5,7,2,12,0,0,261.69
2023-07-05 13:00:00,36.3,73.9,11.1,7,2,13,0,0,214.07
2023-07-05 14:00:00,37.7,60.4,4.1,7,2,14,0,0,198.27
2023-07-05 15:00:00,39.1,61.1,5.1,7,2,15,0,0,236.21
2023-07-05 16:00:00,37.9,61.5,27.0,7,2,16,0,0,230.15
2023-07-05 17:00:00,38.3,55.4,17.0,7,2,17,0,0,227.97
2023-07-05 18:00:00,34.3,54.9,3.4,7,2,18,0,0,233.07
2023-07-05 19:00:00,30.5,56.9,8.3,7,2,19,0,0,193.8
2023-07-05 20:00:00,34.1,65.9,7.4,7,2,20,0,0,216.95
2023-07-05 21:00:00,33.9,69.1,6.7,7,2,21,0,0,235.65
2023-07-05 22:00:00,32.0,70.4,7.1,7,2,22,0,0,196.49
2023-07-05 23:00:00,29.4,62.3,10.2,7,2,23,0,0,193.18
2023-07-06 00:00:00,31.5,73.0,29.3,7,3,0,0,0,161.06
2023-07-06 01:00:00,36.5,64.2,18.7,7,3,1,0,0,203.51
2023-07-06 02:00:00,30.4,65.4,18.6,7,3,2,0,0,154.56
2023-07-06 03:00:00,28.3,39.1,11.7,7,3,3,0,0,117.35
2023-07-06 04:00:00,30.8,58.1,2.1,7,3,4,0,0,123.43
2023-07-06 05:00:00,34.4,50.6,6.6,7,3,5,0,0,186.28
2023-07-06 06:00:00,31.2,69.4,7.7,7,3,6,0,0,179.36
2023-07-06 07:00:00,36.1,62.7,16.8,7,3,7,0,0,186.78
2023-07-06 08:00:00,37.7,52.6,22.5,7,3,8,0,0,230.54
2023-07-06 09:00:00,,61.9,6.8,7,3,9,0,0,288.08
2023-07-06 10:00:00,41.4,47.9,4.9,7,3,10,0,0,260.41
2023-07-06 11:00:00,41.0,51.1,5.3,7,3,11,0,0,235.52
2023-07-06 12:00:00,35.1,56.8,8.9,7,3,12,0,0,223.41
2023-07-06 13:00:00,41.1,63.8,4.6,7,3,13,0,0,272.18
2023-07-06 14:00:00,40.2,71.1,21.3,7,3,14,0,0,221.91
2023-07-06 15:00:00,38.5,56.1,6.3,7,3,15,0,0,231.39
2023-07-06 16:00:00,33.5,73.8,38.9,7,3,16,0,0,181.44
2023-07-06 17:00:00,34.2,63.3,2.9,7,3,17,0,0,201.09
2023-07-06 18:00:00,32.1,65.8,3.7,7,3,18,0,0,211.49
2023-07-06 19:00:00,29.1,64.9,7.7,7,3,19,0,0,191.08
2023-07-06 20:00:00,31.9,62.4,18.2,7,3,20,0,0,192.84
2023-07-06 21:00:00,29.3,68.9,5.5,7,3,21,0,0,207.69
2023-07-06 22:00:00,35.4,68.2,16.5,7,3,22,0,0,220.19
2023-07-06 23:00:00,29.3,58.3,6.4,7,3,23,0,0,137.32
2023-07-07 00:00:00,32.0,62.5,17.3,7,4,0,0,0,145.71
2023-07-07 01:00:00,26.4,80.1,4.6,7,4,1,0,0,139.4
2023-07-07 02:00:00,29.0,66.9,7.1,7,4,2,0,0,153.97
2023-07-07 03:00:00,31.0,66.8,4.6,7,4,3,0,0,130.38
2023-07-07 04:00:00,30.1,74.3,3.9,7,4,4,0,0,149.47
2023-07-07 05:00:00,32.2,59.9,6.4,7,4,5,0,0,194.25
2023-07-07 06:00:00,33.9,62.8,5.3,7,4,6,0,0,185.44
2023-07-07 07:00:00,35.2,68.9,14.4,7,4,7,0,0,201.07
2023-07-07 08:00:00,40.6,69.6,13.0,7,4,8,0,0,252.19
2023-07-07 09:00:00,38.7,41.7,5.6,7,4,9,0,0,255.23
2023-07-07 10:00:00,39.7,54.3,40.9,7,4,10,0,0,239.47
2023-07-07 11:00:00,40.3,51.9,31.1,7,4,11,0,0,241.79
2023-07-07 12:00:00,40.6,58.7,22.0,7,4,12,0,0,248.65
2023-07-07 13:00:00,39.0,53.1,9.1,7,4,13,0,0,248.74
2023-07-07 14:00:00,38.1,66.3,6.3,7,4,14,0,0,226.85
2023-07-07 15:00:00,38.2,62.3,5.0,7,4,15,0,0,221.13
2023-07-07 16:00:00,39.2,67.5,2.1,7,4,16,0,0,251.52
2023-07-07 17:00:00,37.9,68.7,10.0,7,4,17,0,0,219.24
2023-07-07 18:00:00,33.9,68.5,8.4,7,4,18,0,0,162.97
2023-07-07 19:00:00,34.6,60.0,10.0,7,4,19,0,0,229.87
2023-07-07 20:00:00,31.5,65.1,8.9,7,4,20,0,0,219.16
2023-07-07 21:00:00,30.9,60.9,3.2,7,4,21,0,0,197.49
2023-07-07 22:00:00,29.1,54.5,11.5,7,4,22,0,0,178.45
2023-07-07 23:00:00,29.2,73.0,5.6,7,4,23,0,0,198.89
2023-07-08 00:00:00,32.0,63.3,7.8,7,5,0,1,0,150.35
2023-07-08 01:00:00,29.7,53.1,5.6,7,5,1,1,0,147.79
2023-07-08 02:00:00,30.2,69.2,2.2,7,5,2,1,0,133.05
2023-07-08 03:00:00,27.9,64.3,18.7,7,5,3,1,0,106.3
2023-07-08 04:00:00,31.2,47.9,3.3,7,5,4,1,0,137.13
2023-07-08 05:00:00,32.5,52.7,9.0,7,5,5,1,0,143.75
2023-07-08 06:00:00,32.6,58.1,19.2,7,5,6,1,0,150.32
2023-07-08 07:00:00,35.6,63.9,4.0,7,5,7,1,0,177.27
2023-07-08 08:00:00,35.9,68.3,6.2,7,5,8,1,0,184.74
2023-07-08 09:00:00,38.0,67.0,5.8,7,5,9,1,0,209.45
2023-07-08 10:00:00,38.9,65.4,2.7,7,5,10,1,0,237.22
2023-07-08 11:00:00,37.2,61.1,6.4,7,5,11,1,0,219.28
2023-07-08 12:00:00,38.5,74.5,7.2,7,5,12,1,0,175.65
2023-07-08 13:00:00,39.3,66.0,2.2,7,5,13,1,0,202.25
2023-07-08 14:00:00,41.0,61.3,7.4,7,5,14,1,0,195.64
2023-07-08 15:00:00,38.4,65.4,2.8,7,5,15,1,0,190.68
2023-07-08 16:00:00,35.5,59.1,19.8,7,5,16,1,0,159.93
2023-07-08 17:00:00,36.4,61.3,10.4,7,5,17,1,0,190.3
2023-07-08 18:00:00,37.7,44.5,2.5,7,5,18,1,0,210.96
2023-07-08 19:00:00,34.8,59.5,16.0,7,5,19,1,0,228.33
2023-07-08 20:00:00,32.9,77.6,5.6,7,5,20,1,0,205.79
2023-07-08 21:00:00,32.2,65.1,4.0,7,5,21,1,0,198.49
2023-07-08 22:00:00,32.9,64.4,4.3,7,5,22,1,0,159.55
2023-07-08 23:00:00,31.6,72.2,9.3,7,5,23,1,0,158.14
2023-07-09 00:00:00,30.4,67.7,2.7,7,6,0,1,0,123.69
2023-07-09 01:00:00,31.5,57.9,2.5,7,6,1,1,0,145.71
2023-07-09 02:00:00,27.7,66.3,9.9,7,6,2,1,0,116.3
2023-07-09 03:00:00,27.7,57.1,34.1,7,6,3,1,0,93.1
2023-07-09 04:00:00,32.0,65.4,7.3,7,6,4,1,0,148.22
2023-07-09 05:00:00,33.1,56.8,6.3,7,6,5,1,0,139.67
2023-07-09 06:00:00,33.1,70.9,25.5,7,6,6,1,0,167.08
2023-07-09 07:00:00,37.2,57.3,4.2,7,6,7,1,0,209.48
2023-07-09 08:00:00,33.0,56.9,4.2,7,6,8,1,0,163.0
2023-07-09 09:00:00,36.7,60.8,20.8,7,6,9,1,0,214.72
2023-07-09 10:00:00,37.6,64.1,10.3,7,6,10,1,0,216.45
2023-07-09 11:00:00,35.8,52.5,2.4,7,6,11,1,0,192.56
2023-07-09 12:00:00,42.2,54.7,11.0,7,6,12,1,0,247.22
2023-07-09 13:00:00,36.3,62.7,15.7,7,6,13,1,0,158.35
2023-07-09 14:00:00,37.4,72.0,4.6,7,6,14,1,0,184.89
2023-07-09 15:00:00,39.6,40.0,5.9,7,6,15,1,0,205.64
2023-07-09 16:00:00,38.0,65.9,3.8,7,6,16,1,0,193.36
2023-07-09 17:00:00,33.3,60.3,10.0,7,6,17,1,0,184.23
2023-07-09 18:00:00,35.6,58.2,10.7,7,6,18,1,0,186.58
2023-07-09 19:00:00,33.5,57.8,2.6,7,6,19,1,0,196.3
2023-07-09 20:00:00,36.4,58.9,11.1,7,6,20,1,0,212.11
2023-07-09 21:00:00,31.5,69.2,10.6,7,6,21,1,0,160.4
2023-07-09 22:00:00,29.6,60.9,2.3,7,6,22,1,0,171.76
2023-07-09 23:00:00,27.7,79.4,8.5,7,6,23,1,0,155.4
2023-07-10 00:00:00,27.7,71.2,9.6,7,0,0,0,0,124.05
2023-07-10 01:00:00,27.7,67.8,6.5,7,0,1,0,0,110.91
2023-07-10 02:00:00,32.6,62.4,20.5,7,0,2,0,0,146.86
2023-07-10 03:00:00,30.6,74.2,5.2,7,0,3,0,0,171.86
2023-07-10 04:00:00,32.8,74.3,2.6,7,0,4,0,0,208.48
2023-07-10 05:00:00,35.9,52.8,10.9,7,0,5,0,0,155.38
2023-07-10 06:00:00,29.4,59.7,9.4,7,0,6,0,0,183.92
2023-07-10 07:00:00,38.0,66.1,38.1,7,0,7,0,0,224.17
2023-07-10 08:00:00,36.8,69.1,4.1,7,0,8,0,0,216.66
2023-07-10 09:00:00,38.5,58.3,6.0,7,0,9,0,0,272.44
2023-07-10 10:00:00,36.8,55.7,6.9,7,0,10,0,0,240.05
2023-07-10 11:00:00,37.5,61.9,17.8,7,0,11,0,0,227.48
2023-07-10 12:00:00,40.1,71.8,6.3,7,0,12,0,0,226.96
2023-07-10 13:00:00,43.7,58.5,13.8,7,0,13,0,0,275.14
2023-07-10 14:00:00,40.5,49.6,3.4,7,0,14,0,0,238.7
2023-07-10 15:00:00,40.2,60.8,6.2,7,0,15,0,0,269.66
2023-07-10 16:00:00,36.3,68.1,3.3,7,0,16,0,0,196.14
2023-07-10 17:00:00,34.2,62.1,25.9,7,0,17,0,0,177.85
2023-07-10 18:00:00,32.6,73.8,3.6,7,0,18,0,0,199.94
2023-07-10 19:00:00,31.9,71.0,6.3,7,0,19,0,0,252.63
2023-07-10 20:00:00,27.5,65.7,2.7,7,0,20,0,0,183.78
2023-07-10 21:00:00,29.2,65.8,22.3,7,0,21,0,0,211.28
2023-07-10 22:00:00,28.7,50.9,9.8,7,0,22,0,0,157.45
2023-07-10 23:00:00,29.0,75.2,28.3,7,0,23,0,0,175.01
2023-07-11 00:00:00,29.3,62.7,2.3,7,1,0,0,0,161.0
2023-07-11 01:00:00,29.9,61.8,3.5,7,1,1,0,0,144.95
2023-07-11 02:00:00,29.7,60.8,5.8,7,1,2,0,0,158.24
2023-07-11 03:00:00,29.4,69.0,9.8,7,1,3,0,0,132.39
2023-07-11 04:00:00,27.6,57.2,5.2,7,1,4,0,0,115.92
2023-07-11 05:00:00,31.6,56.3,12.0,7,1,5,0,0,153.51
2023-07-11 06:00:00,32.1,63.5,3.4,7,1,6,0,0,161.69
2023-07-11 07:00:00,36.3,56.8,9.3,7,1,7,0,0,209.28
2023-07-11 08:00:00,38.4,63.5,6.1,7,1,8,0,0,231.05
2023-07-11 09:00:00,39.5,55.5,7.7,7,1,9,0,0,273.8
2023-07-11 10:00:00,39.9,72.8,8.7,7,1,10,0,0,257.72
2023-07-11 11:00:00,38.6,66.2,2.5,7,1,11,0,0,253.25
2023-07-11 12:00:00,38.0,66.4,22.6,7,1,12,0,0,208.47
2023-07-11 13:00:00,37.4,56.5,14.3,7,1,13,0,0,207.4
2023-07-11 14:00:00,35.4,81.6,6.7,7,1,14,0,0,191.64
2023-07-11 15:00:00,39.6,56.7,8.3,7,1,15,0,0,245.88
2023-07-11 16:00:00,,56.2,2.3,7,1,16,0,0,195.54
2023-07-11 17:00:00,32.9,69.2,7.5,7,1,17,0,0,184.76
2023-07-11 18:00:00,32.4,65.4,6.4,7,1,18,0,0,207.18
2023-07-11 19:00:00,31.0,57.9,5.8,7,1,19,0,0,194.46
2023-07-11 20:00:00,31.6,81.7,15.5,7,1,20,0,0,236.14
2023-07-11 21:00:00,32.7,71.5,3.6,7,1,21,0,0,247.68
2023-07-11 22:00:00,29.0,65.5,3.6,7,1,22,0,0,176.02
2023-07-11 23:00:00,24.7,86.8,7.9,7,1,23,0,0,184.62
2023-07-12 00:00:00,28.6,72.2,11.3,7,2,0,0,0,142.67
2023-07-12 01:00:00,28.8,65.5,2.2,7,2,1,0,0,147.7
2023-07-12 02:00:00,29.2,83.7,8.3,7,2,2,0,0,161.55
2023-07-12 03:00:00,29.2,70.7,4.8,7,2,3,0,0,148.8
2023-07-12 04:00:00,31.9,69.0,13.3,7,2,4,0,0,158.7
2023-07-12 05:00:00,32.8,60.5,7.1,7,2,5,0,0,184.44
2023-07-12 06:00:00,33.9,63.4,16.4,7,2,6,0,0,195.25
2023-07-12 07:00:00,36.1,58.7,6.0,7,2,7,0,0,206.94
2023-07-12 08:00:00,35.6,73.7,16.0,7,2,8,0,0,203.14
2023-07-12 09:00:00,36.5,48.9,12.1,7,2,9,0,0,222.61
2023-07-12 10:00:00,41.1,70.4,16.1,7,2,10,0,0,253.64
2023-07-12 11:00:00,39.9,53.0,15.4,7,2,11,0,0,261.66
2023-07-12 12:00:00,40.6,59.2,7.3,7,2,12,0,0,251.12
2023-07-12 13:00:00,41.2,57.0,5.7,7,2,13,0,0,235.08
2023-07-12 14:00:00,39.3,56.2,13.6,7,2,14,0,0,244.87
2023-07-12 15:00:00,39.4,65.8,5.6,7,2,15,0,0,230.11
2023-07-12 16:00:00,33.3,63.3,2.7,7,2,16,0,0,179.08
2023-07-12 17:00:00,35.7,56.8,17.7,7,2,17,0,0,220.08
2023-07-12 18:00:00,33.6,64.4,6.0,7,2,18,0,0,228.05
2023-07-12 19:00:00,36.0,56.4,3.1,7,2,19,0,0,206.51
2023-07-12 20:00:00,33.3,59.0,10.3,7,2,20,0,0,236.18
2023-07-12 21:00:00,29.2,53.4,19.6,7,2,21,0,0,191.71
2023-07-12 22:00:00,30.4,61.2,17.8,7,2,22,0,0,200.84
2023-07-12 23:00:00,29.5,69.2,8.5,7,2,23,0,0,177.44
2023-07-13 00:00:00,29.8,65.4,2.7,7,3,0,0,0,167.55
2023-07-13 01:00:00,27.0,81.0,11.5,7,3,1,0,0,143.09
2023-07-13 02:00:00,,85.8,9.5,7,3,2,0,0,170.26
2023-07-13 03:00:00,29.9,61.3,3.9,7,3,3,0,0,136.95
2023-07-13 04:00:00,31.9,57.4,20.5,7,3,4,0,0,164.7
2023-07-13 05:00:00,31.1,73.5,2.7,7,3,5,0,0,168.35
2023-07-13 06:00:00,32.7,66.3,5.7,7,3,6,0,0,189.54
2023-07-13 07:00:00,37.5,70.3,2.8,7,3,7,0,0,206.71
2023-07-13 08:00:00,34.3,66.1,21.4,7,3,8,0,0,205.34
2023-07-13 09:00:00,35.4,60.7,2.3,7,3,9,0,0,231.51
2023-07-13 10:00:00,38.1,59.4,6.4,7,3,10,0,0,272.12
2023-07-13 11:00:00,37.2,64.9,17.8,7,3,11,0,0,239.87
2023-07-13 12:00:00,37.1,59.8,4.3,7,3,12,0,0,217.12
2023-07-13 13:00:00,38.9,70.3,2.9,7,3,13,0,0,226.47
2023-07-13 14:00:00,35.2,52.0,3.1,7,3,14,0,0,208.43
2023-07-13 15:00:00,35.4,72.0,6.2,7,3,15,0,0,193.29
2023-07-13 16:00:00,40.5,44.8,6.5,7,3,16,0,0,228.46
2023-07-13 17:00:00,36.1,63.1,12.1,7,3,17,0,0,197.58
2023-07-13 18:00:00,32.4,61.2,4.2,7,3,18,0,0,204.42
2023-07-13 19:00:00,33.4,51.2,11.7,7,3,19,0,0,215.63
2023-07-13 20:00:00,32.5,47.3,50.0,7,3,20,0,0,186.85
2023-07-13 21:00:00,32.3,55.1,18.0,7,3,21,0,0,229.87
2023-07-13 22:00:00,29.3,65.7,10.1,7,3,22,0,0,195.76
2023-07-13 23:00:00,31.0,59.7,24.5,7,3,23,0,0,200.21
2023-07-14 00:00:00,24.7,59.3,39.8,7,4,0,0,0,130.18
2023-07-14 01:00:00,26.8,77.4,8.8,7,4,1,0,0,136.53
2023-07-14 02:00:00,29.8,55.3,4.6,7,4,2,0,0,131.8
2023-07-14 03:00:00,30.9,70.0,21.7,7,4,3,0,0,143.1
2023-07-14 04:00:00,29.4,58.2,16.9,7,4,4,0,0,151.84
2023-07-14 05:00:00,33.0,54.5,2.7,7,4,5,0,0,164.92
2023-07-14 06:00:00,32.5,58.9,24.0,7,4,6,0,0,178.72
2023-07-14 07:00:00,34.5,67.7,5.6,7,4,7,0,0,219.66
2023-07-14 08:00:00,38.3,49.9,5.1,7,4,8,0,0,219.15
2023-07-14 09:00:00,39.1,62.7,5.4,7,4,9,0,0,234.15
2023-07-14 10:00:00,36.1,54.3,5.1,7,4,10,0,0,242.62
2023-07-14 11:00:00,36.5,55.5,7.8,7,4,11,0,0,230.67
2023-07-14 12:00:00,37.9,64.2,8.9,7,4,12,0,0,236.43
2023-07-14 13:00:00,38.5,78.1,6.4,7,4,13,0,0,243.9
2023-07-14 14:00:00,36.8,54.3,6.3,7,4,14,0,0,184.38
2023-07-14 15:00:00,39.4,66.1,12.7,7,4,15,0,0,233.69
2023-07-14 16:00:00,37.0,59.0,2.0,7,4,16,0,0,216.09
2023-07-14 17:00:00,,58.3,25.5,7,4,17,0,0,207.81
2023-07-14 18:00:00,31.2,73.0,12.0,7,4,18,0,0,182.12
2023-07-14 19:00:00,34.8,55.8,11.8,7,4,19,0,0,223.34
2023-07-14 20:00:00,25.6,58.0,6.4,7,4,20,0,0,185.22
2023-07-14 21:00:00,31.9,67.7,29.0,7,4,21,0,0,216.26
2023-07-14 22:00:00,31.3,77.1,2.0,7,4,22,0,0,201.72
2023-07-14 23:00:00,28.1,72.0,2.6,7,4,23,0,0,168.47
2023-07-15 00:00:00,31.2,53.1,15.0,7,5,0,1,0,118.25
2023-07-15 01:00:00,28.7,60.7,12.7,7,5,1,1,0,134.05
2023-07-15 02:00:00,29.5,73.1,4.5,7,5,2,1,0,140.63
2023-07-15 03:00:00,30.8,77.2,9.2,7,5,3,1,0,156.85
2023-07-15 04:00:00,37.5,63.1,8.1,7,5,4,1,0,163.05
2023-07-15 05:00:00,35.1,57.8,8.0,7,5,5,1,0,139.95
2023-07-15 06:00:00,35.1,75.6,9.2,7,5,6,1,0,166.4
2023-07-15 07:00:00,33.1,62.8,42.6,7,5,7,1,0,135.08
2023-07-15 08:00:00,36.4,56.9,37.0,7,5,8,1,0,168.65
2023-07-15 09:00:00,35.6,56.0,34.0,7,5,9,1,0,189.2
2023-07-15 10:00:00,39.6,50.6,8.4,7,5,10,1,0,245.08
2023-07-15 11:00:00,38.8,83.3,5.1,7,5,11,1,0,235.43
2023-07-15 12:00:00,36.4,73.2,8.6,7,5,12,1,0,199.48
2023-07-15 13:00:00,38.7,55.4,9.8,7,5,13,1,0,213.18
2023-07-15 14:00:00,36.3,75.7,5.0,7,5,14,1,0,182.37
2023-07-15 15:00:00,37.5,65.5,10.0,7,5,15,1,0,209.51
2023-07-15 16:00:00,34.4,66.6,9.8,7,5,16,1,0,214.51
2023-07-15 17:00:00,35.0,56.8,20.7,7,5,17,1,0,162.58
2023-07-15 18:00:00,35.2,58.3,4.2,7,5,18,1,0,211.11
2023-07-15 19:00:00,32.3,63.5,11.6,7,5,19,1,0,203.05
2023-07-15 20:00:00,30.4,49.1,6.8,7,5,20,1,0,186.78
2023-07-15 21:00:00,30.5,60.8,3.1,7,5,21,1,0,199.48
2023-07-15 22:00:00,30.7,64.7,5.0,7,5,22,1,0,175.49
2023-07-15 23:00:00,26.6,77.2,2.5,7,5,23,1,0,159.96
2023-07-16 00:00:00,29.1,60.5,5.1,7,6,0,1,0,132.86
2023-07-16 01:00:00,31.4,70.8,2.6,7,6,1,1,0,141.82
2023-07-16 02:00:00,30.4,48.3,22.8,7,6,2,1,0,122.52
2023-07-16 03:00:00,30.1,74.3,2.9,7,6,3,1,0,133.76
2023-07-16 04:00:00,32.3,56.6,15.6,7,6,4,1,0,112.84
2023-07-16 05:00:00,33.2,64.5,20.9,7,6,5,1,0,146.84
2023-07-16 06:00:00,35.1,65.7,7.0,7,6,6,1,0,162.7
2023-07-16 07:00:00,30.8,66.3,2.4,7,6,7,1,0,146.7
2023-07-16 08:00:00,32.9,62.7,9.2,7,6,8,1,0,185.98
2023-07-16 09:00:00,39.1,50.5,4.1,7,6,9,1,0,208.39
2023-07-16 10:00:00,34.9,55.4,3.6,7,6,10,1,0,192.16
2023-07-16 11:00:00,39.2,68.4,8.7,7,6,11,1,0,210.46
2023-07-16 12:00:00,37.8,56.3,5.5,7,6,12,1,0,199.08
2023-07-16 13:00:00,36.4,61.0,12.5,7,6,13,1,0,219.52
2023-07-16 14:00:00,38.6,48.8,9.2,7,6,14,1,0,181.81
2023-07-16 15:00:00,37.5,68.1,16.1,7,6,15,1,0,183.14
2023-07-16 16:00:00,40.3,49.3,2.5,7,6,16,1,0,233.64
2023-07-16 17:00:00,33.6,70.5,4.1,7,6,17,1,0,182.33
2023-07-16 18:00:00,36.4,53.3,8.7,7,6,18,1,0,195.89
2023-07-16 19:00:00,33.0,71.6,19.0,7,6,19,1,0,176.94
2023-07-16 20:00:00,29.7,65.2,15.4,7,6,20,1,0,186.88
2023-07-16 21:00:00,31.6,59.7,11.1,7,6,21,1,0,175.91
2023-07-16 22:00:00,30.4,77.6,8.8,7,6,22,1,0,203.19
2023-07-16 23:00:00,28.8,65.1,10.0,7,6,23,1,0,144.8
2023-07-17 00:00:00,29.0,62.6,3.9,7,0,0,0,0,182.83
2023-07-17 01:00:00,27.4,73.6,9.2,7,0,1,0,0,160.81
2023-07-17 02:00:00,27.5,54.4,7.4,7,0,2,0,0,150.44
2023-07-17 03:00:00,31.4,44.1,5.9,7,0,3,0,0,145.16
2023-07-17 04:00:00,30.5,74.0,19.5,7,0,4,0,0,141.27
2023-07-17 05:00:00,32.0,57.3,16.1,7,0,5,0,0,154.33
2023-07-17 06:00:00,34.0,69.9,2.6,7,0,6,0,0,203.89
2023-07-17 07:00:00,35.3,62.7,36.0,7,0,7,0,0,194.69
2023-07-17 08:00:00,33.1,54.1,4.1,7,0,8,0,0,169.21
2023-07-17 09:00:00,39.5,65.1,3.9,7,0,9,0,0,236.44
2023-07-17 10:00:00,38.0,57.7,25.0,7,0,10,0,0,231.81
2023-07-17 11:00:00,37.9,52.5,6.7,7,0,11,0,0,244.8
2023-07-17 12:00:00,39.3,51.9,15.1,7,0,12,0,0,232.62
2023-07-17 13:00:00,38.7,46.8,4.7,7,0,13,0,0,219.02
2023-07-17 14:00:00,39.3,63.6,18.5,7,0,14,0,0,209.39
2023-07-17 15:00:00,38.0,53.5,16.3,7,0,15,0,0,224.07
2023-07-17 16:00:00,37.4,61.0,7.9,7,0,16,0,0,215.7
2023-07-17 17:00:00,37.4,59.8,11.8,7,0,17,0,0,244.87
2023-07-17 18:00:00,35.2,54.9,28.6,7,0,18,0,0,185.53
2023-07-17 19:00:00,31.8,51.9,6.8,7,0,19,0,0,216.96
2023-07-17 20:00:00,28.7,85.9,7.5,7,0,20,0,0,216.46
2023-07-17 21:00:00,33.2,63.0,12.3,7,0,21,0,0,227.34
2023-07-17 22:00:00,28.6,80.3,5.9,7,0,22,0,0,203.78
2023-07-17 23:00:00,27.7,75.5,28.0,7,0,23,0,0,157.04
2023-07-18 00:00:00,24.8,65.0,2.3,7,1,0,0,0,146.16
2023-07-18 01:00:00,29.2,66.9,6.1,7,1,1,0,0,155.21
2023-07-18 02:00:00,29.3,66.6,12.0,7,1,2,0,0,129.56
2023-07-18 03:00:00,26.8,81.4,6.5,7,1,3,0,0,157.36
2023-07-18 04:00:00,31.7,70.8,4.4,7,1,4,0,0,123.25
2023-07-18 05:00:00,31.0,58.0,6.3,7,1,5,0,0,141.41
2023-07-18 06:00:00,38.7,63.5,19.1,7,1,6,0,0,186.64
2023-07-18 07:00:00,33.5,69.7,8.3,7,1,7,0,0,208.2
2023-07-18 08:00:00,35.0,53.1,5.3,7,1,8,0,0,210.78
2023-07-18 09:00:00,35.1,66.4,10.9,7,1,9,0,0,210.67
2023-07-18 10:00:00,40.2,70.7,9.6,7,1,10,0,0,265.69
2023-07-18 11:00:00,37.4,54.4,8.6,7,1,11,0,0,236.8
2023-07-18 12:00:00,36.9,55.8,6.0,7,1,12,0,0,203.66
2023-07-18 13:00:00,39.6,69.5,2.6,7,1,13,0,0,243.69
2023-07-18 14:00:00,34.9,59.7,9.8,7,1,14,0,0,214.91
2023-07-18 15:00:00,38.1,53.1,6.4,7,1,15,0,0,239.16
2023-07-18 16:00:00,39.4,67.4,6.5,7,1,16,0,0,246.06
2023-07-18 17:00:00,35.7,66.7,4.1,7,1,17,0,0,217.13
2023-07-18 18:00:00,34.6,63.5,4.3,7,1,18,0,0,229.7
2023-07-18 19:00:00,33.8,72.1,14.4,7,1,19,0,0,229.94
2023-07-18 20:00:00,34.2,72.4,7.2,7,1,20,0,0,213.72
2023-07-18 21:00:00,32.2,63.2,2.9,7,1,21,0,0,200.14
2023-07-18 22:00:00,29.9,80.9,2.4,7,1,22,0,0,207.34
2023-07-18 23:00:00,30.3,77.5,4.0,7,1,23,0,0,176.41
2023-07-19 00:00:00,26.4,50.9,7.3,7,2,0,0,0,129.63
2023-07-19 01:00:00,29.9,56.8,9.7,7,2,1,0,0,170.1
2023-07-19 02:00:00,26.9,48.5,3.2,7,2,2,0,0,137.14
2023-07-19 03:00:00,28.9,62.9,6.6,7,2,3,0,0,141.71
2023-07-19 04:00:00,24.5,58.0,2.6,7,2,4,0,0,117.36
2023-07-19 05:00:00,32.7,57.1,2.3,7,2,5,0,0,162.11
2023-07-19 06:00:00,31.9,72.8,17.9,7,2,6,0,0,164.85
2023-07-19 07:00:00,36.7,47.6,10.6,7,2,7,0,0,191.59
2023-07-19 08:00:00,36.5,62.8,14.2,7,2,8,0,0,198.27
2023-07-19 09:00:00,39.0,61.5,3.6,7,2,9,0,0,276.23
2023-07-19 10:00:00,35.4,61.7,5.1,7,2,10,0,0,246.68
2023-07-19 11:00:00,40.1,61.0,6.7,7,2,11,0,0,256.81
2023-07-19 12:00:00,42.4,40.9,10.6,7,2,12,0,0,244.44
2023-07-19 13:00:00,39.6,53.7,8.1,7,2,13,0,0,208.08
2023-07-19 14:00:00,39.1,72.8,8.4,7,2,14,0,0,223.56
2023-07-19 15:00:00,37.1,51.9,3.4,7,2,15,0,0,174.97
2023-07-19 16:00:00,34.7,76.0,7.2,7,2,16,0,0,193.19
2023-07-19 17:00:00,36.0,50.7,15.9,7,2,17,0,0,174.12
2023-07-19 18:00:00,30.2,52.7,7.7,7,2,18,0,0,186.58
2023-07-19 19:00:00,31.1,56.9,3.8,7,2,19,0,0,208.98
2023-07-19 20:00:00,27.2,75.5,6.3,7,2,20,0,0,198.35
2023-07-19 21:00:00,28.3,61.5,13.2,7,2,21,0,0,224.49
2023-07-19 22:00:00,30.2,67.7,3.2,7,2,22,0,0,191.52
2023-07-19 23:00:00,29.4,65.9,8.9,7,2,23,0,0,202.86
2023-07-20 00:00:00,28.2,65.5,28.9,7,3,0,0,0,147.69
2023-07-20 01:00:00,28.6,75.9,5.8,7,3,1,0,0,183.76
2023-07-20 02:00:00,25.0,73.7,2.4,7,3,2,0,0,114.16
2023-07-20 03:00:00,28.8,56.5,10.0,7,3,3,0,0,122.3
2023-07-20 04:00:00,29.2,63.2,2.4,7,3,4,0,0,144.15
2023-07-20 05:00:00,30.5,78.7,3.7,7,3,5,0,0,187.91
2023-07-20 06:00:00,34.3,65.4,2.4,7,3,6,0,0,185.08
2023-07-20 07:00:00,32.6,51.6,3.5,7,3,7,0,0,173.91
2023-07-20 08:00:00,34.4,51.3,17.4,7,3,8,0,0,206.32
2023-07-20 09:00:00,32.4,70.9,12.6,7,3,9,0,0,217.04
2023-07-20 10:00:00,36.8,67.2,5.3,7,3,10,0,0,225.83
2023-07-20 11:00:00,35.7,54.8,20.2,7,3,11,0,0,204.6
2023-07-20 12:00:00,38.2,66.9,10.8,7,3,12,0,0,259.2
2023-07-20 13:00:00,36.0,74.8,6.7,7,3,13,0,0,231.64
2023-07-20 14:00:00,37.6,72.9,2.6,7,3,14,0,0,243.78
2023-07-20 15:00:00,36.3,74.7,12.5,7,3,15,0,0,219.62
2023-07-20 16:00:00,38.9,65.0,5.8,7,3,16,0,0,216.12
2023-07-20 17:00:00,35.4,60.9,4.9,7,3,17,0,0,208.03
2023-07-20 18:00:00,29.4,62.1,4.7,7,3,18,0,0,173.29
2023-07-20 19:00:00,29.3,65.2,2.1,7,3,19,0,0,216.62
2023-07-20 20:00:00,30.7,57.6,12.9,7,3,20,0,0,196.57
2023-07-20 21:00:00,27.7,63.3,3.3,7,3,21,0,0,170.05
2023-07-20 22:00:00,22.8,78.8,7.9,7,3,22,0,0,180.83
2023-07-20 23:00:00,30.9,51.7,2.1,7,3,23,0,0,199.3
2023-07-21 00:00:00,29.4,53.0,9.9,7,4,0,0,0,132.43
2023-07-21 01:00:00,29.2,72.1,5.7,7,4,1,0,0,152.58
2023-07-21 02:00:00,27.4,63.5,10.0,7,4,2,0,0,130.4
2023-07-21 03:00:00,30.3,49.5,2.8,7,4,3,0,0,160.48
2023-07-21 04:00:00,29.0,65.0,4.5,7,4,4,0,0,116.62
2023-07-21 05:00:00,32.1,62.3,2.9,7,4,5,0,0,183.76
2023-07-21 06:00:00,31.1,61.0,10.3,7,4,6,0,0,155.87
2023-07-21 07:00:00,37.3,66.8,2.9,7,4,7,0,0,216.55
2023-07-21 08:00:00,32.3,53.2,9.7,7,4,8,0,0,202.87
2023-07-21 09:00:00,38.9,60.6,3.2,7,4,9,0,0,271.85
2023-07-21 10:00:00,37.4,59.6,25.0,7,4,10,0,0,230.08
2023-07-21 11:00:00,36.8,61.9,6.3,7,4,11,0,0,220.76
2023-07-21 12:00:00,38.3,47.0,3.1,7,4,12,0,0,224.06
2023-07-21 13:00:00,39.2,56.2,2.3,7,4,13,0,0,252.34
2023-07-21 14:00:00,40.0,60.2,5.2,7,4,14,0,0,222.79
2023-07-21 15:00:00,37.1,65.8,19.8,7,4,15,0,0,209.93
2023-07-21 16:00:00,33.7,77.9,3.2,7,4,16,0,0,196.64
2023-07-21 17:00:00,34.4,69.3,14.5,7,4,17,0,0,211.11
2023-07-21 18:00:00,36.6,65.4,6.3,7,4,18,0,0,229.39
2023-07-21 19:00:00,34.3,73.0,15.0,7,4,19,0,0,216.32
2023-07-21 20:00:00,32.3,61.4,18.6,7,4,20,0,0,202.92
2023-07-21 21:00:00,31.0,76.9,50.0,7,4,21,0,0,180.8
2023-07-21 22:00:00,30.0,73.9,2.6,7,4,22,0,0,175.53
2023-07-21 23:00:00,,61.2,14.7,7,4,23,0,0,184.36
2023-07-22 00:00:00,26.9,81.9,2.6,7,5,0,1,0,135.96
2023-07-22 01:00:00,25.3,70.9,5.0,7,5,1,1,0,97.33
2023-07-22 02:00:00,28.6,83.2,10.3,7,5,2,1,0,117.05
2023-07-22 03:00:00,27.6,68.6,6.7,7,5,3,1,0,111.11
2023-07-22 04:00:00,28.2,61.4,8.7,7,5,4,1,0,107.62
2023-07-22 05:00:00,30.1,58.8,29.1,7,5,5,1,0,116.81
2023-07-22 06:00:00,37.8,58.3,15.7,7,5,6,1,0,177.91
2023-07-22 07:00:00,34.4,58.2,5.6,7,5,7,1,0,183.44
2023-07-22 08:00:00,36.0,72.2,9.3,7,5,8,1,0,193.5
2023-07-22 09:00:00,33.9,62.8,2.4,7,5,9,1,0,198.24
2023-07-22 10:00:00,33.5,50.4,6.8,7,5,10,1,0,163.61
2023-07-22 11:00:00,36.0,63.7,9.5,7,5,11,1,0,183.95
2023-07-22 12:00:00,40.7,60.7,12.0,7,5,12,1,0,207.12
2023-07-22 13:00:00,38.3,57.1,20.5,7,5,13,1,0,187.28
2023-07-22 14:00:00,38.3,63.0,4.7,7,5,14,1,0,198.66
2023-07-22 15:00:00,37.8,60.7,20.6,7,5,15,1,0,208.64
2023-07-22 16:00:00,34.1,68.0,10.7,7,5,16,1,0,155.17
2023-07-22 17:00:00,36.9,66.2,2.6,7,5,17,1,0,209.71
2023-07-22 18:00:00,31.5,67.1,5.8,7,5,18,1,0,161.81
2023-07-22 19:00:00,34.3,52.4,7.2,7,5,19,1,0,195.83
2023-07-22 20:00:00,31.2,81.4,5.5,7,5,20,1,0,190.54
2023-07-22 21:00:00,25.7,54.7,3.0,7,5,21,1,0,149.78
2023-07-22 22:00:00,27.0,65.5,8.4,7,5,22,1,0,143.23
2023-07-22 23:00:00,24.4,59.0,3.1,7,5,23,1,0,164.55
2023-07-23 00:00:00,30.0,68.2,21.7,7,6,0,1,0,121.12
2023-07-23 01:00:00,27.8,67.2,18.0,7,6,1,1,0,132.4
2023-07-23 02:00:00,23.9,66.7,7.2,7,6,2,1,0,119.87
2023-07-23 03:00:00,29.9,77.2,2.6,7,6,3,1,0,118.36
2023-07-23 04:00:00,29.1,74.3,8.4,7,6,4,1,0,123.33
2023-07-23 05:00:00,28.4,63.2,9.2,7,6,5,1,0,125.66
2023-07-23 06:00:00,36.0,68.4,19.5,7,6,6,1,0,174.87
2023-07-23 07:00:00,34.2,75.4,2.6,7,6,7,1,0,169.44
2023-07-23 08:00:00,34.6,71.5,11.4,7,6,8,1,0,160.1
2023-07-23 09:00:00,35.4,61.2,8.6,7,6,9,1,0,184.79
2023-07-23 10:00:00,,50.3,3.5,7,6,10,1,0,206.65
2023-07-23 11:00:00,34.9,65.1,3.0,7,6,11,1,0,195.62
2023-07-23 12:00:00,40.2,65.2,11.5,7,6,12,1,0,218.98
2023-07-23 13:00:00,36.6,55.6,5.3,7,6,13,1,0,164.71
2023-07-23 14:00:00,37.1,61.7,50.0,7,6,14,1,0,183.2
2023-07-23 15:00:00,32.1,63.3,20.0,7,6,15,1,0,144.6
2023-07-23 16:00:00,32.5,74.8,8.7,7,6,16,1,0,177.96
2023-07-23 17:00:00,35.2,77.2,10.2,7,6,17,1,0,194.86
2023-07-23 18:00:00,33.4,72.7,3.4,7,6,18,1,0,199.0
2023-07-23 19:00:00,34.9,61.9,20.0,7,6,19,1,0,220.32
2023-07-23 20:00:00,32.9,72.7,6.9,7,6,20,1,0,199.69
2023-07-23 21:00:00,28.7,70.8,7.9,7,6,21,1,0,171.77
2023-07-23 22:00:00,29.3,64.8,18.5,7,6,22,1,0,181.19
2023-07-23 23:00:00,27.2,83.1,2.1,7,6,23,1,0,166.21
2023-07-24 00:00:00,31.6,58.3,7.5,7,0,0,0,0,154.96
2023-07-24 01:00:00,30.0,69.8,9.9,7,0,1,0,0,170.56
2023-07-24 02:00:00,28.5,72.4,3.4,7,0,2,0,0,170.84
2023-07-24 03:00:00,29.4,63.0,2.6,7,0,3,0,0,111.89
2023-07-24 04:00:00,32.9,68.0,8.1,7,0,4,0,0,145.21
2023-07-24 05:00:00,32.4,71.4,8.3,7,0,5,0,0,156.33
2023-07-24 06:00:00,35.7,64.1,5.2,7,0,6,0,0,206.67
2023-07-24 07:00:00,29.4,69.1,19.1,7,0,7,0,0,178.89
2023-07-24 08:00:00,36.0,62.9,4.9,7,0,8,0,0,225.27
2023-07-24 09:00:00,35.0,68.9,7.8,7,0,9,0,0,233.68
2023-07-24 10:00:00,40.4,58.0,3.7,7,0,10,0,0,248.37
2023-07-24 11:00:00,40.5,57.3,2.1,7,0,11,0,0,244.72
2023-07-24 12:00:00,37.6,61.4,6.4,7,0,12,0,0,248.07
2023-07-24 13:00:00,40.4,69.2,8.0,7,0,13,0,0,248.17
2023-07-24 14:00:00,40.4,45.8,13.6,7,0,14,0,0,249.55
2023-07-24 15:00:00,36.2,54.6,6.8,7,0,15,0,0,191.17
2023-07-24 16:00:00,40.0,78.2,4.6,7,0,16,0,0,226.91
2023-07-24 17:00:00,33.8,65.3,9.4,7,0,17,0,0,178.51
2023-07-24 18:00:00,32.1,60.7,5.8,7,0,18,0,0,212.13
2023-07-24 19:00:00,33.0,69.9,4.1,7,0,19,0,0,236.3
2023-07-24 20:00:00,29.3,59.1,21.3,7,0,20,0,0,203.63
2023-07-24 21:00:00,29.2,48.6,8.2,7,0,21,0,0,186.42
2023-07-24 22:00:00,31.0,67.3,3.8,7,0,22,0,0,207.5
2023-07-24 23:00:00,27.7,60.3,10.9,7,0,23,0,0,178.03
2023-07-25 00:00:00,24.0,68.8,15.0,7,1,0,0,0,112.28
2023-07-25 01:00:00,28.3,68.5,13.4,7,1,1,0,0,141.4
2023-07-25 02:00:00,26.7,67.8,9.3,7,1,2,0,0,142.69
2023-07-25 03:00:00,30.6,51.0,7.9,7,1,3,0,0,161.51
2023-07-25 04:00:00,31.3,64.6,14.0,7,1,4,0,0,150.33
2023-07-25 05:00:00,34.0,66.5,11.9,7,1,5,0,0,176.72
2023-07-25 06:00:00,34.2,51.7,8.8,7,1,6,0,0,179.95
2023-07-25 07:00:00,35.9,49.9,10.6,7,1,7,0,0,203.79
2023-07-25 08:00:00,33.6,54.7,3.5,7,1,8,0,0,179.84
2023-07-25 09:00:00,37.5,67.2,2.2,7,1,9,0,0,231.62
2023-07-25 10:00:00,40.7,43.7,23.4,7,1,10,0,0,219.96
2023-07-25 11:00:00,35.8,68.7,23.9,7,1,11,0,0,211.44
2023-07-25 12:00:00,41.0,62.6,14.4,7,1,12,0,0,262.43
2023-07-25 13:00:00,36.1,59.9,5.7,7,1,13,0,0,197.93
2023-07-25 14:00:00,35.0,50.6,3.3,7,1,14,0,0,191.66
2023-07-25 15:00:00,36.5,55.4,5.5,7,1,15,0,0,210.51
2023-07-25 16:00:00,36.3,68.1,12.4,7,1,16,0,0,247.15
2023-07-25 17:00:00,35.5,72.3,5.3,7,1,17,0,0,211.53
2023-07-25 18:00:00,30.5,56.5,14.7,7,1,18,0,0,197.6
2023-07-25 19:00:00,32.0,73.1,10.9,7,1,19,0,0,208.82
2023-07-25 20:00:00,28.5,71.2,10.0,7,1,20,0,0,207.37
2023-07-25 21:00:00,25.9,67.0,23.3,7,1,21,0,0,182.09
2023-07-25 22:00:00,26.2,61.0,19.9,7,1,22,0,0,165.7
2023-07-25 23:00:00,26.1,62.3,11.9,7,1,23,0,0,161.8
2023-07-26 00:00:00,28.3,80.4,3.8,7,2,0,0,0,179.35
2023-07-26 01:00:00,29.7,66.6,24.4,7,2,1,0,0,149.91
2023-07-26 02:00:00,25.0,78.2,4.1,7,2,2,0,0,123.03
2023-07-26 03:00:00,29.4,67.2,5.7,7,2,3,0,0,139.76
2023-07-26 04:00:00,27.4,62.7,16.0,7,2,4,0,0,122.37
2023-07-26 05:00:00,32.2,68.6,3.9,7,2,5,0,0,182.8
2023-07-26 06:00:00,31.0,81.8,10.1,7,2,6,0,0,160.9
2023-07-26 07:00:00,31.4,59.1,6.9,7,2,7,0,0,191.53
2023-07-26 08:00:00,36.3,69.1,9.8,7,2,8,0,0,234.26
2023-07-26 09:00:00,34.6,64.2,27.4,7,2,9,0,0,208.75
2023-07-26 10:00:00,35.9,50.4,15.2,7,2,10,0,0,229.27
2023-07-26 11:00:00,32.6,51.9,4.8,7,2,11,0,0,195.41
2023-07-26 12:00:00,39.1,56.8,2.5,7,2,12,0,0,255.21
2023-07-26 13:00:00,38.7,63.4,29.3,7,2,13,0,0,200.49
2023-07-26 14:00:00,36.6,68.7,9.0,7,2,14,0,0,201.87
2023-07-26 15:00:00,32.7,51.1,3.5,7,2,15,0,0,175.8
2023-07-26 16:00:00,37.2,66.6,9.9,7,2,16,0,0,228.1
2023-07-26 17:00:00,32.2,62.9,2.3,7,2,17,0,0,217.4
2023-07-26 18:00:00,31.3,64.4,3.7,7,2,18,0,0,191.74
2023-07-26 19:00:00,35.6,66.9,10.0,7,2,19,0,0,230.01
2023-07-26 20:00:00,28.3,79.8,6.1,7,2,20,0,0,188.21
2023-07-26 21:00:00,30.2,67.3,5.1,7,2,21,0,0,203.48
2023-07-26 22:00:00,29.0,54.6,10.5,7,2,22,0,0,199.31
2023-07-26 23:00:00,28.2,64.4,18.1,7,2,23,0,0,140.93
2023-07-27 00:00:00,27.7,73.0,11.1,7,3,0,0,0,153.15
2023-07-27 01:00:00,28.0,73.1,7.0,7,3,1,0,0,161.13
2023-07-27 02:00:00,28.3,71.2,10.6,7,3,2,0,0,144.22
2023-07-27 03:00:00,28.5,61.7,11.5,7,3,3,0,0,135.4
2023-07-27 04:00:00,32.6,52.7,13.9,7,3,4,0,0,167.88
2023-07-27 05:00:00,28.2,70.6,4.9,7,3,5,0,0,140.32
2023-07-27 06:00:00,34.1,53.2,3.0,7,3,6,0,0,172.2
2023-07-27 07:00:00,35.0,68.0,11.2,7,3,7,0,0,171.65
2023-07-27 08:00:00,36.0,67.5,3.0,7,3,8,0,0,224.9
2023-07-27 09:00:00,37.9,57.3,7.0,7,3,9,0,0,241.23
2023-07-27 10:00:00,36.2,61.0,4.1,7,3,10,0,0,223.31
2023-07-27 11:00:00,33.2,65.0,5.2,7,3,11,0,0,196.25
2023-07-27 12:00:00,37.0,56.6,7.1,7,3,12,0,0,221.83
2023-07-27 13:00:00,34.9,51.5,20.1,7,3,13,0,0,193.54
2023-07-27 14:00:00,35.0,62.2,11.1,7,3,14,0,0,176.65
2023-07-27 15:00:00,33.1,63.9,3.5,7,3,15,0,0,157.39
2023-07-27 16:00:00,33.6,74.1,18.9,7,3,16,0,0,161.51
2023-07-27 17:00:00,32.2,57.6,7.6,7,3,17,0,0,165.76
2023-07-27 18:00:00,27.3,74.9,3.8,7,3,18,0,0,168.87
2023-07-27 19:00:00,32.2,54.7,8.0,7,3,19,0,0,207.49
2023-07-27 20:00:00,34.0,52.2,3.7,7,3,20,0,0,226.32
2023-07-27 21:00:00,29.8,62.7,5.7,7,3,21,0,0,198.87
2023-07-27 22:00:00,27.4,58.8,15.1,7,3,22,0,0,181.92
2023-07-27 23:00:00,27.2,55.6,10.6,7,3,23,0,0,172.02
2023-07-28 00:00:00,26.1,82.5,7.2,7,4,0,0,0,158.81
2023-07-28 01:00:00,27.3,62.7,4.1,7,4,1,0,0,148.01
2023-07-28 02:00:00,27.5,84.7,4.7,7,4,2,0,0,132.27
2023-07-28 03:00:00,26.7,58.7,32.6,7,4,3,0,0,101.92
2023-07-28 04:00:00,32.8,49.9,5.4,7,4,4,0,0,150.76
2023-07-28 05:00:00,27.7,76.5,9.7,7,4,5,0,0,167.39
2023-07-28 06:00:00,33.4,57.5,7.5,7,4,6,0,0,213.58
2023-07-28 07:00:00,33.0,64.6,2.2,7,4,7,0,0,199.12
2023-07-28 08:00:00,38.2,50.0,25.2,7,4,8,0,0,226.09
2023-07-28 09:00:00,36.2,61.6,2.7,7,4,9,0,0,244.5
2023-07-28 10:00:00,35.6,,10.6,7,4,10,0,0,243.65
2023-07-28 11:00:00,36.3,61.3,15.3,7,4,11,0,0,209.31
2023-07-28 12:00:00,37.0,57.7,13.0,7,4,12,0,0,263.96
2023-07-28 13:00:00,34.5,64.6,15.3,7,4,13,0,0,219.38
2023-07-28 14:00:00,34.7,67.6,12.8,7,4,14,0,0,173.49
2023-07-28 15:00:00,31.9,66.0,6.7,7,4,15,0,0,164.08
2023-07-28 16:00:00,32.6,67.3,20.1,7,4,16,0,0,221.2
2023-07-28 17:00:00,33.4,62.4,21.5,7,4,17,0,0,204.22
2023-07-28 18:00:00,32.5,60.2,6.6,7,4,18,0,0,192.88
2023-07-28 19:00:00,26.7,70.4,7.3,7,4,19,0,0,194.46
2023-07-28 20:00:00,29.2,64.5,7.3,7,4,20,0,0,214.86
2023-07-28 21:00:00,29.5,64.6,4.6,7,4,21,0,0,214.91
2023-07-28 22:00:00,27.3,69.5,3.0,7,4,22,0,0,206.15
2023-07-28 23:00:00,25.8,58.8,4.4,7,4,23,0,0,170.75
2023-07-29 00:00:00,26.0,78.5,16.9,7,5,0,1,0,126.74
2023-07-29 01:00:00,25.9,65.1,8.3,7,5,1,1,0,111.55
2023-07-29 02:00:00,26.2,67.9,17.2,7,5,2,1,0,94.57
2023-07-29 03:00:00,28.6,65.3,12.9,7,5,3,1,0,99.45
2023-07-29 04:00:00,33.9,68.3,5.4,7,5,4,1,0,143.7
2023-07-29 05:00:00,29.0,68.2,3.6,7,5,5,1,0,135.26
2023-07-29 06:00:00,31.1,64.0,8.7,7,5,6,1,0,121.52
2023-07-29 07:00:00,33.0,75.1,24.0,7,5,7,1,0,188.39
2023-07-29 08:00:00,32.9,37.9,16.6,7,5,8,1,0,149.7
2023-07-29 09:00:00,37.5,71.2,13.5,7,5,9,1,0,198.17
2023-07-29 10:00:00,31.4,71.7,13.6,7,5,10,1,0,176.22
2023-07-29 11:00:00,35.6,47.5,8.0,7,5,11,1,0,157.1
2023-07-29 12:00:00,38.4,68.2,3.5,7,5,12,1,0,219.77
2023-07-29 13:00:00,36.0,70.5,4.7,7,5,13,1,0,172.95
2023-07-29 14:00:00,34.5,67.3,8.9,7,5,14,1,0,140.3
2023-07-29 15:00:00,36.2,49.4,5.0,7,5,15,1,0,177.96
2023-07-29 16:00:00,36.1,67.4,14.2,7,5,16,1,0,180.7
2023-07-29 17:00:00,33.5,71.3,5.7,7,5,17,1,0,203.82
2023-07-29 18:00:00,30.2,60.3,3.0,7,5,18,1,0,170.32
2023-07-29 19:00:00,31.4,67.8,14.2,7,5,19,1,0,183.23
2023-07-29 20:00:00,28.5,62.9,11.6,7,5,20,1,0,174.21
2023-07-29 21:00:00,29.7,72.2,4.3,7,5,21,1,0,141.1
2023-07-29 22:00:00,30.4,62.3,33.8,7,5,22,1,0,154.95
2023-07-29 23:00:00,21.7,64.5,6.1,7,5,23,1,0,138.56
2023-07-30 00:00:00,26.8,66.3,11.1,7,6,0,1,0,121.52
2023-07-30 01:00:00,23.3,57.6,21.3,7,6,1,1,0,92.43
2023-07-30 02:00:00,32.2,62.8,3.4,7,6,2,1,0,143.89
2023-07-30 03:00:00,27.2,69.3,18.9,7,6,3,1,0,93.4
2023-07-30 04:00:00,30.6,71.7,11.7,7,6,4,1,0,137.45
2023-07-30 05:00:00,30.3,66.9,3.5,7,6,5,1,0,140.39
2023-07-30 06:00:00,30.0,53.5,10.7,7,6,6,1,0,155.36
2023-07-30 07:00:00,31.1,75.3,18.6,7,6,7,1,0,143.93
2023-07-30 08:00:00,37.3,72.8,14.8,7,6,8,1,0,220.29
2023-07-30 09:00:00,37.1,62.4,13.4,7,6,9,1,0,208.21
2023-07-30 10:00:00,39.8,54.1,3.4,7,6,10,1,0,232.92
2023-07-30 11:00:00,36.6,57.5,3.7,7,6,11,1,0,192.09
2023-07-30 12:00:00,37.2,59.8,8.3,7,6,12,1,0,205.65
2023-07-30 13:00:00,35.9,64.3,8.9,7,6,13,1,0,175.93
2023-07-30 14:00:00,35.4,59.9,25.0,7,6,14,1,0,164.3
2023-07-30 15:00:00,33.1,56.6,7.1,7,6,15,1,0,168.85
2023-07-30 16:00:00,34.3,71.0,4.9,7,6,16,1,0,171.93
2023-07-30 17:00:00,31.3,66.4,3.7,7,6,17,1,0,167.68
2023-07-30 18:00:00,32.5,55.3,2.4,7,6,18,1,0,199.95
2023-07-30 19:00:00,30.7,67.0,2.6,7,6,19,1,0,191.35
2023-07-30 20:00:00,29.7,66.4,8.8,7,6,20,1,0,170.15
2023-07-30 21:00:00,31.4,58.5,3.6,7,6,21,1,0,177.27
2023-07-30 22:00:00,27.2,76.0,17.3,7,6,22,1,0,157.33
2023-07-30 23:00:00,28.3,66.9,9.3,7,6,23,1,0,180.2
2023-07-31 00:00:00,30.6,63.0,18.0,7,0,0,0,0,136.7
2023-07-31 01:00:00,29.2,64.7,6.5,7,0,1,0,0,155.02
2023-07-31 02:00:00,29.4,68.8,9.2,7,0,2,0,0,167.67
2023-07-31 03:00:00,27.3,65.8,8.0,7,0,3,0,0,147.08
2023-07-31 04:00:00,29.4,64.6,36.5,7,0,4,0,0,130.58
2023-07-31 05:00:00,27.5,74.8,14.7,7,0,5,0,0,121.09
2023-07-31 06:00:00,32.5,52.4,9.2,7,0,6,0,0,193.68
2023-07-31 07:00:00,33.3,53.3,9.5,7,0,7,0,0,178.13
2023-07-31 08:00:00,34.0,69.2,4.3,7,0,8,0,0,192.67
2023-07-31 09:00:00,37.0,80.8,12.6,7,0,9,0,0,239.56
2023-07-31 10:00:00,33.4,70.3,34.5,7,0,10,0,0,222.54
2023-07-31 11:00:00,39.6,75.1,3.1,7,0,11,0,0,265.6
2023-07-31 12:00:00,38.3,57.4,10.1,7,0,12,0,0,226.01
2023-07-31 13:00:00,36.1,56.8,7.8,7,0,13,0,0,211.71
2023-07-31 14:00:00,35.5,65.9,17.2,7,0,14,0,0,197.96
2023-07-31 15:00:00,36.0,69.7,2.0,7,0,15,0,0,199.64
2023-07-31 16:00:00,37.0,51.0,3.2,7,0,16,0,0,211.72
2023-07-31 17:00:00,33.0,61.8,2.3,7,0,17,0,0,183.09
2023-07-31 18:00:00,31.7,63.9,3.4,7,0,18,0,0,185.65
2023-07-31 19:00:00,30.2,59.5,11.8,7,0,19,0,0,207.32
2023-07-31 20:00:00,32.5,59.2,3.2,7,0,20,0,0,212.93
2023-07-31 21:00:00,27.2,73.2,9.8,7,0,21,0,0,193.69
2023-07-31 22:00:00,27.1,70.2,18.2,7,0,22,0,0,166.07
2023-07-31 23:00:00,29.6,71.6,2.3,7,0,23,0,0,174.1
2023-08-01 00:00:00,26.6,69.4,2.2,8,1,0,0,0,146.22
2023-08-01 01:00:00,28.7,58.6,38.7,8,1,1,0,0,123.63
2023-08-01 02:00:00,25.1,70.8,10.9,8,1,2,0,0,129.44
2023-08-01 03:00:00,27.3,58.7,3.2,8,1,3,0,0,141.17
2023-08-01 04:00:00,31.8,61.6,4.9,8,1,4,0,0,178.36
2023-08-01 05:00:00,28.6,57.4,35.6,8,1,5,0,0,146.05
2023-08-01 06:00:00,31.0,59.6,4.1,8,1,6,0,0,163.6
2023-08-01 07:00:00,33.1,64.2,13.2,8,1,7,0,0,175.99
2023-08-01 08:00:00,31.8,60.4,4.2,8,1,8,0,0,165.73
2023-08-01 09:00:00,34.0,55.9,6.1,8,1,9,0,0,200.89
2023-08-01 10:00:00,35.8,71.2,19.0,8,1,10,0,0,208.25
2023-08-01 11:00:00,36.2,60.9,2.2,8,1,11,0,0,229.96
2023-08-01 12:00:00,38.9,56.4,4.9,8,1,12,0,0,263.66
2023-08-01 13:00:00,39.2,51.7,7.3,8,1,13,0,0,224.73
2023-08-01 14:00:00,33.9,48.1,9.9,8,1,14,0,0,162.66
2023-08-01 15:00:00,35.0,60.7,2.2,8,1,15,0,0,194.79
2023-08-01 16:00:00,35.1,51.4,6.2,8,1,16,0,0,189.6
2023-08-01 17:00:00,35.6,67.9,5.4,8,1,17,0,0,231.0
2023-08-01 18:00:00,32.7,63.9,2.2,8,1,18,0,0,177.82
2023-08-01 19:00:00,30.6,77.2,5.5,8,1,19,0,0,194.22
2023-08-01 20:00:00,30.1,66.7,23.5,8,1,20,0,0,211.19
2023-08-01 21:00:00,29.1,59.6,4.6,8,1,21,0,0,174.97
2023-08-01 22:00:00,25.1,52.4,9.0,8,1,22,0,0,181.48
2023-08-01 23:00:00,26.8,73.0,4.8,8,1,23,0,0,163.37
2023-08-02 00:00:00,29.0,55.1,2.9,8,2,0,0,0,171.36
2023-08-02 01:00:00,25.9,63.8,4.7,8,2,1,0,0,142.66
2023-08-02 02:00:00,27.0,79.9,7.1,8,2,2,0,0,141.75
2023-08-02 03:00:00,27.1,71.3,4.8,8,2,3,0,0,149.54
2023-08-02 04:00:00,24.0,71.1,9.8,8,2,4,0,0,135.38
2023-08-02 05:00:00,,72.6,25.8,8,2,5,0,0,129.99
2023-08-02 06:00:00,31.7,71.4,2.6,8,2,6,0,0,168.51
2023-08-02 07:00:00,31.4,77.0,12.1,8,2,7,0,0,156.69
2023-08-02 08:00:00,31.3,,2.0,8,2,8,0,0,177.87
2023-08-02 09:00:00,32.9,60.5,2.0,8,2,9,0,0,175.99
2023-08-02 10:00:00,37.0,54.1,3.1,8,2,10,0,0,270.78
2023-08-02 11:00:00,39.9,59.8,7.2,8,2,11,0,0,255.44
2023-08-02 12:00:00,38.9,59.5,2.4,8,2,12,0,0,249.12
2023-08-02 13:00:00,33.3,49.3,12.2,8,2,13,0,0,172.67
2023-08-02 14:00:00,37.2,56.2,2.2,8,2,14,0,0,220.57
2023-08-02 15:00:00,33.3,74.8,7.5,8,2,15,0,0,200.48
2023-08-02 16:00:00,32.5,65.7,11.0,8,2,16,0,0,196.32
2023-08-02 17:00:00,31.5,70.0,4.2,8,2,17,0,0,188.23
2023-08-02 18:00:00,32.5,62.8,8.9,8,2,18,0,0,216.59
2023-08-02 19:00:00,31.7,49.0,4.4,8,2,19,0,0,197.41
2023-08-02 20:00:00,28.4,64.8,3.9,8,2,20,0,0,208.39
2023-08-02 21:00:00,27.4,74.6,15.6,8,2,21,0,0,192.93
2023-08-02 22:00:00,27.7,56.7,5.2,8,2,22,0,0,164.18
2023-08-02 23:00:00,27.4,72.3,15.5,8,2,23,0,0,141.85
2023-08-03 00:00:00,28.3,52.2,4.0,8,3,0,0,0,147.62
2023-08-03 01:00:00,23.5,68.4,5.5,8,3,1,0,0,136.79
2023-08-03 02:00:00,26.7,71.0,2.9,8,3,2,0,0,138.6
2023-08-03 03:00:00,25.3,64.9,7.5,8,3,3,0,0,149.21
2023-08-03 04:00:00,28.3,85.6,5.8,8,3,4,0,0,171.14
2023-08-03 05:00:00,29.2,61.5,2.0,8,3,5,0,0,164.41
2023-08-03 06:00:00,30.8,59.9,7.0,8,3,6,0,0,175.44
2023-08-03 07:00:00,30.6,66.3,2.6,8,3,7,0,0,178.07
2023-08-03 08:00:00,30.5,58.7,16.5,8,3,8,0,0,182.26
2023-08-03 09:00:00,30.3,53.3,7.4,8,3,9,0,0,197.15
2023-08-03 10:00:00,35.0,53.7,11.4,8,3,10,0,0,219.81
2023-08-03 11:00:00,34.9,68.6,15.8,8,3,11,0,0,224.73
2023-08-03 12:00:00,34.6,60.3,2.4,8,3,12,0,0,210.4
2023-08-03 13:00:00,38.4,74.4,5.3,8,3,13,0,0,224.46
2023-08-03 14:00:00,33.6,59.7,2.2,8,3,14,0,0,193.61
2023-08-03 15:00:00,37.3,67.0,2.4,8,3,15,0,0,212.06
2023-08-03 16:00:00,36.7,65.7,2.3,8,3,16,0,0,235.06
2023-08-03 17:00:00,28.3,62.2,7.2,8,3,17,0,0,166.73
2023-08-03 18:00:00,31.1,57.4,6.8,8,3,18,0,0,236.82
2023-08-03 19:00:00,28.8,51.7,2.5,8,3,19,0,0,220.89
2023-08-03 20:00:00,22.6,73.1,4.4,8,3,20,0,0,177.82
2023-08-03 21:00:00,24.5,77.3,4.2,8,3,21,0,0,211.74
2023-08-03 22:00:00,28.2,53.2,4.8,8,3,22,0,0,180.43
2023-08-03 23:00:00,30.2,62.0,10.2,8,3,23,0,0,186.58
2023-08-04 00:00:00,27.6,60.9,11.6,8,4,0,0,0,172.4
2023-08-04 01:00:00,26.6,71.1,5.3,8,4,1,0,0,135.18
2023-08-04 02:00:00,26.4,64.2,14.4,8,4,2,0,0,127.28
2023-08-04 03:00:00,30.6,75.3,6.3,8,4,3,0,0,164.26
2023-08-04 04:00:00,32.6,60.6,7.9,8,4,4,0,0,154.31
2023-08-04 05:00:00,28.3,56.0,3.3,8,4,5,0,0,115.89
2023-08-04 06:00:00,26.8,62.9,4.1,8,4,6,0,0,169.5
2023-08-04 07:00:00,27.9,63.2,12.4,8,4,7,0,0,168.93
2023-08-04 08:00:00,35.9,66.3,32.2,8,4,8,0,0,204.11
2023-08-04 09:00:00,34.2,59.9,11.8,8,4,9,0,0,212.47
2023-08-04 10:00:00,35.5,65.8,2.4,8,4,10,0,0,262.35
2023-08-04 11:00:00,32.0,57.7,3.2,8,4,11,0,0,217.41
2023-08-04 12:00:00,34.3,60.5,6.7,8,4,12,0,0,192.66
2023-08-04 13:00:00,35.0,56.2,12.6,8,4,13,0,0,199.54
2023-08-04 14:00:00,35.5,55.5,3.5,8,4,14,0,0,217.85
2023-08-04 15:00:00,33.5,73.4,13.1,8,4,15,0,0,204.11
2023-08-04 16:00:00,31.2,58.7,8.5,8,4,16,0,0,152.69
2023-08-04 17:00:00,30.5,62.0,13.9,8,4,17,0,0,170.19
2023-08-04 18:00:00,33.2,71.8,8.5,8,4,18,0,0,190.79
2023-08-04 19:00:00,30.0,71.0,9.4,8,4,19,0,0,212.35
2023-08-04 20:00:00,29.5,78.4,4.3,8,4,20,0,0,196.79
2023-08-04 21:00:00,25.4,71.1,12.2,8,4,21,0,0,211.81
2023-08-04 22:00:00,20.5,64.9,16.9,8,4,22,0,0,190.28
2023-08-04 23:00:00,24.9,84.0,18.4,8,4,23,0,0,162.37
2023-08-05 00:00:00,23.9,72.7,2.2,8,5,0,1,0,106.09
2023-08-05 01:00:00,,65.5,9.8,8,5,1,1,0,105.73
2023-08-05 02:00:00,32.8,64.0,38.5,8,5,2,1,0,128.4
2023-08-05 03:00:00,28.4,67.2,9.1,8,5,3,1,0,128.84
2023-08-05 04:00:00,33.6,61.3,3.5,8,5,4,1,0,142.14
2023-08-05 05:00:00,30.4,53.8,18.8,8,5,5,1,0,85.15
2023-08-05 06:00:00,29.3,78.4,4.5,8,5,6,1,0,152.46
2023-08-05 07:00:00,32.6,63.5,2.4,8,5,7,1,0,132.55
2023-08-05 08:00:00,36.6,63.1,6.5,8,5,8,1,0,164.84
2023-08-05 09:00:00,37.8,77.7,2.8,8,5,9,1,0,235.36
2023-08-05 10:00:00,33.8,57.7,3.0,8,5,10,1,0,172.57
2023-08-05 11:00:00,35.9,67.3,7.0,8,5,11,1,0,205.36
2023-08-05 12:00:00,32.7,57.3,9.6,8,5,12,1,0,170.74
2023-08-05 13:00:00,37.1,64.0,20.9,8,5,13,1,0,173.25
2023-08-05 14:00:00,38.0,62.6,11.8,8,5,14,1,0,194.66
2023-08-05 15:00:00,34.2,69.2,16.8,8,5,15,1,0,154.4
2023-08-05 16:00:00,31.7,73.8,6.2,8,5,16,1,0,159.24
2023-08-05 17:00:00,32.6,59.1,5.1,8,5,17,1,0,160.52
2023-08-05 18:00:00,31.4,75.6,9.2,8,5,18,1,0,167.02
2023-08-05 19:00:00,29.5,77.2,11.5,8,5,19,1,0,166.69
2023-08-05 20:00:00,28.4,63.8,8.7,8,5,20,1,0,161.67
2023-08-05 21:00:00,26.7,66.6,4.5,8,5,21,1,0,181.36
2023-08-05 22:00:00,28.2,61.9,5.7,8,5,22,1,0,152.95
2023-08-05 23:00:00,27.2,63.9,6.8,8,5,23,1,0,128.65
2023-08-06 00:00:00,23.4,58.7,2.1,8,6,0,1,0,114.43
2023-08-06 01:00:00,23.5,74.4,19.0,8,6,1,1,0,103.41
2023-08-06 02:00:00,25.6,50.8,7.7,8,6,2,1,0,101.0
2023-08-06 03:00:00,28.3,60.3,13.1,8,6,3,1,0,122.32
2023-08-06 04:00:00,28.2,65.5,3.5,8,6,4,1,0,110.77
2023-08-06 05:00:00,27.8,76.5,8.5,8,6,5,1,0,120.65
2023-08-06 06:00:00,30.9,60.2,22.8,8,6,6,1,0,143.75
2023-08-06 07:00:00,31.0,67.9,3.9,8,6,7,1,0,162.49
2023-08-06 08:00:00,34.7,62.0,5.4,8,6,8,1,0,172.99
2023-08-06 09:00:00,34.6,70.3,5.9,8,6,9,1,0,208.55
2023-08-06 10:00:00,34.1,66.0,5.9,8,6,10,1,0,207.05
2023-08-06 11:00:00,35.7,68.8,9.3,8,6,11,1,0,211.89
2023-08-06 12:00:00,38.0,56.6,6.0,8,6,12,1,0,210.95
2023-08-06 13:00:00,34.1,54.8,11.0,8,6,13,1,0,164.73
2023-08-06 14:00:00,35.5,65.2,7.3,8,6,14,1,0,160.09
2023-08-06 15:00:00,33.8,59.2,3.4,8,6,15,1,0,143.17
2023-08-06 16:00:00,33.8,63.4,25.7,8,6,16,1,0,155.15
2023-08-06 17:00:00,30.4,67.3,4.2,8,6,17,1,0,158.95
2023-08-06 18:00:00,30.6,74.6,8.6,8,6,18,1,0,167.01
2023-08-06 19:00:00,31.3,70.6,2.5,8,6,19,1,0,185.29
2023-08-06 20:00:00,26.0,61.5,22.1,8,6,20,1,0,181.93
2023-08-06 21:00:00,24.2,58.7,23.0,8,6,21,1,0,177.02
2023-08-06 22:00:00,,81.9,5.6,8,6,22,1,0,139.99
2023-08-06 23:00:00,23.2,55.7,3.0,8,6,23,1,0,142.89
2023-08-07 00:00:00,26.4,63.2,13.8,8,0,0,0,0,146.21
2023-08-07 01:00:00,22.6,73.9,4.4,8,0,1,0,0,153.02
2023-08-07 02:00:00,25.3,80.5,11.6,8,0,2,0,0,164.38
2023-08-07 03:00:00,27.9,64.5,21.7,8,0,3,0,0,165.12
2023-08-07 04:00:00,28.5,65.9,9.1,8,0,4,0,0,154.4
2023-08-07 05:00:00,28.1,58.9,17.8,8,0,5,0,0,143.01
2023-08-07 06:00:00,30.6,65.7,4.0,8,0,6,0,0,163.29
2023-08-07 07:00:00,31.7,54.9,21.3,8,0,7,0,0,208.78
2023-08-07 08:00:00,32.3,57.9,4.1,8,0,8,0,0,182.47
2023-08-07 09:00:00,33.3,69.4,4.0,8,0,9,0,0,224.47
2023-08-07 10:00:00,39.0,57.0,19.0,8,0,10,0,0,240.98
2023-08-07 11:00:00,36.7,69.0,8.5,8,0,11,0,0,211.58
2023-08-07 12:00:00,40.2,58.7,14.9,8,0,12,0,0,271.68
2023-08-07 13:00:00,34.0,52.0,15.0,8,0,13,0,0,163.1
2023-08-07 14:00:00,34.4,72.2,10.3,8,0,14,0,0,162.02
2023-08-07 15:00:00,31.1,53.9,3.7,8,0,15,0,0,183.54
2023-08-07 16:00:00,31.1,59.6,11.4,8,0,16,0,0,169.03
2023-08-07 17:00:00,35.3,60.7,2.5,8,0,17,0,0,215.77
2023-08-07 18:00:00,29.2,73.5,3.8,8,0,18,0,0,192.15
2023-08-07 19:00:00,32.8,59.4,10.2,8,0,19,0,0,220.94
2023-08-07 20:00:00,25.2,60.0,21.1,8,0,20,0,0,180.62
2023-08-07 21:00:00,24.6,69.0,13.8,8,0,21,0,0,199.28
2023-08-07 22:00:00,25.2,65.7,5.2,8,0,22,0,0,192.88
2023-08-07 23:00:00,25.3,63.6,15.9,8,0,23,0,0,185.02
2023-08-08 00:00:00,26.9,68.3,29.2,8,1,0,0,0,159.28
2023-08-08 01:00:00,26.1,57.3,5.2,8,1,1,0,0,140.05
2023-08-08 02:00:00,24.9,53.8,3.7,8,1,2,0,0,144.16
2023-08-08 03:00:00,26.2,84.0,3.8,8,1,3,0,0,149.1
2023-08-08 04:00:00,26.9,67.4,6.1,8,1,4,0,0,147.13
2023-08-08 05:00:00,26.9,67.9,2.4,8,1,5,0,0,129.5
2023-08-08 06:00:00,28.2,59.6,7.4,8,1,6,0,0,167.83
2023-08-08 07:00:00,33.4,70.5,12.5,8,1,7,0,0,198.37
2023-08-08 08:00:00,28.9,61.3,8.0,8,1,8,0,0,205.77
2023-08-08 09:00:00,36.8,39.3,30.1,8,1,9,0,0,230.19
2023-08-08 10:00:00,33.7,58.6,7.0,8,1,10,0,0,215.33
2023-08-08 11:00:00,33.3,61.1,2.1,8,1,11,0,0,209.17
2023-08-08 12:00:00,36.5,60.4,7.1,8,1,12,0,0,205.29
2023-08-08 13:00:00,37.8,59.5,23.3,8,1,13,0,0,240.89
2023-08-08 14:00:00,36.6,56.5,2.8,8,1,14,0,0,192.27
2023-08-08 15:00:00,34.6,56.8,4.0,8,1,15,0,0,164.51
2023-08-08 16:00:00,34.7,60.3,12.1,8,1,16,0,0,206.59
2023-08-08 17:00:00,27.9,52.9,4.8,8,1,17,0,0,171.48
2023-08-08 18:00:00,29.0,49.9,13.6,8,1,18,0,0,183.57
2023-08-08 19:00:00,26.9,67.3,6.3,8,1,19,0,0,196.14
2023-08-08 20:00:00,30.0,65.9,14.7,8,1,20,0,0,187.43
2023-08-08 21:00:00,25.7,74.2,8.4,8,1,21,0,0,197.33
2023-08-08 22:00:00,27.4,64.3,2.7,8,1,22,0,0,179.6
2023-08-08 23:00:00,26.3,57.3,5.9,8,1,23,0,0,159.83
2023-08-09 00:00:00,23.1,52.9,5.2,8,2,0,0,0,163.41
2023-08-09 01:00:00,23.8,61.0,15.3,8,2,1,0,0,146.21
2023-08-09 02:00:00,28.1,69.3,9.8,8,2,2,0,0,107.98
2023-08-09 03:00:00,24.7,79.2,14.0,8,2,3,0,0,136.93
2023-08-09 04:00:00,27.6,66.6,5.7,8,2,4,0,0,158.58
2023-08-09 05:00:00,27.0,56.8,11.4,8,2,5,0,0,123.0
2023-08-09 06:00:00,29.2,58.4,2.5,8,2,6,0,0,148.81
2023-08-09 07:00:00,31.0,57.7,2.3,8,2,7,0,0,193.58
2023-08-09 08:00:00,30.8,61.4,4.7,8,2,8,0,0,180.75
2023-08-09 09:00:00,31.4,73.2,13.9,8,2,9,0,0,168.9
2023-08-09 10:00:00,34.7,72.2,8.1,8,2,10,0,0,241.08
2023-08-09 11:00:00,33.0,62.1,6.2,8,2,11,0,0,204.47
2023-08-09 12:00:00,33.2,64.9,20.2,8,2,12,0,0,199.59
2023-08-09 13:00:00,32.8,57.2,7.5,8,2,13,0,0,186.55
2023-08-09 14:00:00,34.0,49.3,9.6,8,2,14,0,0,202.32
2023-08-09 15:00:00,35.3,76.7,36.1,8,2,15,0,0,170.46
2023-08-09 16:00:00,35.3,43.7,7.9,8,2,16,0,0,204.37
2023-08-09 17:00:00,,50.5,14.2,8,2,17,0,0,190.56
2023-08-09 18:00:00,34.1,77.3,6.3,8,2,18,0,0,195.86
2023-08-09 19:00:00,26.5,66.9,2.3,8,2,19,0,0,183.24
2023-08-09 20:00:00,29.5,56.2,16.4,8,2,20,0,0,222.39
2023-08-09 21:00:00,24.8,73.0,25.1,8,2,21,0,0,197.9
2023-08-09 22:00:00,23.8,74.3,6.6,8,2,22,0,0,166.75
2023-08-09 23:00:00,,57.6,7.6,8,2,23,0,0,143.81
2023-08-10 00:00:00,24.5,63.5,6.4,8,3,0,0,0,150.18
2023-08-10 01:00:00,26.0,74.0,48.2,8,3,1,0,0,129.83
2023-08-10 02:00:00,26.6,60.1,20.7,8,3,2,0,0,129.55
2023-08-10 03:00:00,24.2,70.2,2.3,8,3,3,0,0,171.16
2023-08-10 04:00:00,25.2,78.8,14.1,8,3,4,0,0,146.48
2023-08-10 05:00:00,26.5,47.6,9.3,8,3,5,0,0,126.26
2023-08-10 06:00:00,29.4,62.6,2.2,8,3,6,0,0,179.82
2023-08-10 07:00:00,30.5,66.8,6.7,8,3,7,0,0,177.69
2023-08-10 08:00:00,30.2,50.5,3.3,8,3,8,0,0,172.62
2023-08-10 09:00:00,33.7,58.9,18.5,8,3,9,0,0,217.44
2023-08-10 10:00:00,38.5,69.1,2.1,8,3,10,0,0,274.72
2023-08-10 11:00:00,33.5,57.6,18.5,8,3,11,0,0,205.52
2023-08-10 12:00:00,33.8,51.2,24.6,8,3,12,0,0,176.21
2023-08-10 13:00:00,35.6,71.3,2.6,8,3,13,0,0,212.7
2023-08-10 14:00:00,,67.1,12.2,8,3,14,0,0,168.61
2023-08-10 15:00:00,34.5,62.2,8.4,8,3,15,0,0,195.04
2023-08-10 16:00:00,30.7,63.9,26.7,8,3,16,0,0,176.78
2023-08-10 17:00:00,34.6,70.9,14.8,8,3,17,0,0,171.9
2023-08-10 18:00:00,30.3,67.2,11.5,8,3,18,0,0,201.73
2023-08-10 19:00:00,27.1,71.6,22.8,8,3,19,0,0,181.29
2023-08-10 20:00:00,26.0,61.5,3.4,8,3,20,0,0,187.22
2023-08-10 21:00:00,25.1,52.1,5.8,8,3,21,0,0,165.49
2023-08-10 22:00:00,28.0,71.0,16.8,8,3,22,0,0,165.18
2023-08-10 23:00:00,22.3,77.7,2.9,8,3,23,0,0,196.35
2023-08-11 00:00:00,23.1,66.7,23.9,8,4,0,0,0,149.58
2023-08-11 01:00:00,23.5,75.4,12.9,8,4,1,0,0,158.98
2023-08-11 02:00:00,25.1,64.8,6.6,8,4,2,0,0,122.98
2023-08-11 03:00:00,25.4,66.6,5.3,8,4,3,0,0,162.18
2023-08-11 04:00:00,23.9,82.0,3.3,8,4,4,0,0,140.61
2023-08-11 05:00:00,27.3,64.0,2.8,8,4,5,0,0,137.28
2023-08-11 06:00:00,29.2,62.6,6.4,8,4,6,0,0,145.04
2023-08-11 07:00:00,29.5,50.3,16.8,8,4,7,0,0,146.94
2023-08-11 08:00:00,33.3,68.9,8.1,8,4,8,0,0,189.69
2023-08-11 09:00:00,34.8,56.9,6.8,8,4,9,0,0,202.52
2023-08-11 10:00:00,33.6,64.4,5.1,8,4,10,0,0,228.96
2023-08-11 11:00:00,34.7,60.1,3.4,8,4,11,0,0,257.3
2023-08-11 12:00:00,30.1,61.4,38.9,8,4,12,0,0,164.9
2023-08-11 13:00:00,33.4,62.3,2.2,8,4,13,0,0,191.61
2023-08-11 14:00:00,35.8,61.8,5.0,8,4,14,0,0,175.09
2023-08-11 15:00:00,32.1,73.3,13.7,8,4,15,0,0,164.94
2023-08-11 16:00:00,30.5,76.9,7.9,8,4,16,0,0,153.45
2023-08-11 17:00:00,35.3,67.6,5.0,8,4,17,0,0,222.11
2023-08-11 18:00:00,33.1,73.6,41.4,8,4,18,0,0,220.3
2023-08-11 19:00:00,29.1,72.3,9.7,8,4,19,0,0,183.42
2023-08-11 20:00:00,29.2,69.4,4.8,8,4,20,0,0,203.35
2023-08-11 21:00:00,21.4,80.9,17.1,8,4,21,0,0,182.39
2023-08-11 22:00:00,23.5,57.8,3.3,8,4,22,0,0,185.77
2023-08-11 23:00:00,23.7,62.7,7.0,8,4,23,0,0,165.57
2023-08-12 00:00:00,23.8,61.6,16.6,8,5,0,1,0,146.14
2023-08-12 01:00:00,23.4,65.9,34.9,8,5,1,1,0,89.44
2023-08-12 02:00:00,19.8,75.6,5.9,8,5,2,1,0,126.81
2023-08-12 03:00:00,26.5,57.8,3.2,8,5,3,1,0,101.88
2023-08-12 04:00:00,27.8,70.1,8.7,8,5,4,1,0,93.8
2023-08-12 05:00:00,31.1,59.7,25.1,8,5,5,1,0,146.86
2023-08-12 06:00:00,27.7,63.4,10.8,8,5,6,1,0,157.29
2023-08-12 07:00:00,28.8,67.2,9.4,8,5,7,1,0,150.16
2023-08-12 08:00:00,26.4,80.3,5.0,8,5,8,1,0,144.24
2023-08-12 09:00:00,32.2,58.2,9.5,8,5,9,1,0,157.81
2023-08-12 10:00:00,35.4,61.7,19.3,8,5,10,1,0,201.86
2023-08-12 11:00:00,32.8,55.0,5.8,8,5,11,1,0,147.52
2023-08-12 12:00:00,38.5,55.0,4.2,8,5,12,1,0,223.86
2023-08-12 13:00:00,33.5,54.5,7.2,8,5,13,1,0,159.62
2023-08-12 14:00:00,33.9,65.0,5.8,8,5,14,1,0,159.66
2023-08-12 15:00:00,30.0,68.4,7.1,8,5,15,1,0,130.11
2023-08-12 16:00:00,32.3,69.3,2.8,8,5,16,1,0,140.13
2023-08-12 17:00:00,26.6,60.7,5.3,8,5,17,1,0,142.96
2023-08-12 18:00:00,30.6,68.8,16.0,8,5,18,1,0,168.38
2023-08-12 19:00:00,29.4,66.2,6.1,8,5,19,1,0,174.37
2023-08-12 20:00:00,29.4,64.8,29.5,8,5,20,1,0,184.98
2023-08-12 21:00:00,23.7,58.2,11.9,8,5,21,1,0,158.42
2023-08-12 22:00:00,25.2,68.6,5.6,8,5,22,1,0,165.35
2023-08-12 23:00:00,25.5,68.7,4.3,8,5,23,1,0,122.52
2023-08-13 00:00:00,24.9,68.4,11.3,8,6,0,1,0,113.88
2023-08-13 01:00:00,22.5,72.0,4.9,8,6,1,1,0,139.33
2023-08-13 02:00:00,19.9,75.6,22.9,8,6,2,1,0,119.24
2023-08-13 03:00:00,26.2,58.1,3.0,8,6,3,1,0,115.39
2023-08-13 04:00:00,26.2,65.2,2.2,8,6,4,1,0,109.89
2023-08-13 05:00:00,26.6,70.8,4.0,8,6,5,1,0,109.68
2023-08-13 06:00:00,30.6,62.6,9.5,8,6,6,1,0,131.95
2023-08-13 07:00:00,30.2,72.6,16.4,8,6,7,1,0,157.08
2023-08-13 08:00:00,28.9,66.3,3.5,8,6,8,1,0,127.57
2023-08-13 09:00:00,28.7,50.0,9.0,8,6,9,1,0,184.88
2023-08-13 10:00:00,31.1,71.2,3.2,8,6,10,1,0,198.95
2023-08-13 11:00:00,38.6,59.7,8.6,8,6,11,1,0,237.54
2023-08-13 12:00:00,35.5,48.1,2.1,8,6,12,1,0,196.15
2023-08-13 13:00:00,34.2,60.9,8.5,8,6,13,1,0,172.84
2023-08-13 14:00:00,33.0,53.4,7.9,8,6,14,1,0,162.43
2023-08-13 15:00:00,32.1,70.0,2.4,8,6,15,1,0,152.73
2023-08-13 16:00:00,33.9,62.8,11.4,8,6,16,1,0,195.83
2023-08-13 17:00:00,29.3,57.9,8.8,8,6,17,1,0,147.42
2023-08-13 18:00:00,30.2,71.4,9.8,8,6,18,1,0,160.37
2023-08-13 19:00:00,27.0,70.2,8.0,8,6,19,1,0,164.68
2023-08-13 20:00:00,30.4,62.9,12.2,8,6,20,1,0,169.56
2023-08-13 21:00:00,27.0,56.5,8.0,8,6,21,1,0,176.61
2023-08-13 22:00:00,27.2,59.7,22.4,8,6,22,1,0,139.88
2023-08-13 23:00:00,23.0,61.6,25.0,8,6,23,1,0,127.35
2023-08-14 00:00:00,25.9,73.0,12.4,8,0,0,0,0,168.13
2023-08-14 01:00:00,23.4,54.9,21.4,8,0,1,0,0,145.15
2023-08-14 02:00:00,24.7,67.3,22.5,8,0,2,0,0,112.75
2023-08-14 03:00:00,28.6,63.7,4.4,8,0,3,0,0,160.41
2023-08-14 04:00:00,24.2,76.2,42.8,8,0,4,0,0,99.11
2023-08-14 05:00:00,27.9,67.9,4.5,8,0,5,0,0,128.58
2023-08-14 06:00:00,29.7,69.4,2.1,8,0,6,0,0,162.22
2023-08-14 07:00:00,31.2,60.2,28.2,8,0,7,0,0,171.32
2023-08-14 08:00:00,30.4,54.9,4.0,8,0,8,0,0,181.12
2023-08-14 09:00:00,36.5,59.1,9.0,8,0,9,0,0,233.81
2023-08-14 10:00:00,30.6,70.9,30.2,8,0,10,0,0,183.78
2023-08-14 11:00:00,36.6,67.9,2.4,8,0,11,0,0,202.78
2023-08-14 12:00:00,36.2,58.4,4.5,8,0,12,0,0,216.37
2023-08-14 13:00:00,37.4,54.4,9.5,8,0,13,0,0,193.24
2023-08-14 14:00:00,30.0,56.6,13.5,8,0,14,0,0,165.65
2023-08-14 15:00:00,30.6,63.6,15.2,8,0,15,0,0,149.33
2023-08-14 16:00:00,34.3,63.9,19.2,8,0,16,0,0,195.9
2023-08-14 17:00:00,26.4,78.6,3.5,8,0,17,0,0,194.96
2023-08-14 18:00:00,25.6,68.2,5.7,8,0,18,0,0,154.19
2023-08-14 19:00:00,26.5,71.6,12.0,8,0,19,0,0,160.32
2023-08-14 20:00:00,26.7,60.4,12.1,8,0,20,0,0,188.11
2023-08-14 21:00:00,28.5,66.1,4.9,8,0,21,0,0,215.05
2023-08-14 22:00:00,24.1,69.1,4.9,8,0,22,0,0,180.99
2023-08-14 23:00:00,22.8,67.5,5.1,8,0,23,0,0,159.44
2023-08-15 00:00:00,24.2,67.7,19.8,8,1,0,0,1,94.02
2023-08-15 01:00:00,24.7,68.7,21.2,8,1,1,0,1,115.55
2023-08-15 02:00:00,,71.3,2.1,8,1,2,0,1,133.24
2023-08-15 03:00:00,24.7,77.0,5.1,8,1,3,0,1,79.39
2023-08-15 04:00:00,22.2,50.8,6.0,8,1,4,0,1,104.34
2023-08-15 05:00:00,25.5,76.2,34.3,8,1,5,0,1,141.08
2023-08-15 06:00:00,31.4,50.6,25.1,8,1,6,0,1,118.43
2023-08-15 07:00:00,30.3,67.3,9.9,8,1,7,0,1,141.53
2023-08-15 08:00:00,30.5,83.6,2.4,8,1,8,0,1,163.59
2023-08-15 09:00:00,34.4,62.5,3.7,8,1,9,0,1,180.32
2023-08-15 10:00:00,30.7,66.1,6.6,8,1,10,0,1,186.79
2023-08-15 11:00:00,33.0,61.0,27.6,8,1,11,0,1,193.19
2023-08-15 12:00:00,33.9,68.4,2.8,8,1,12,0,1,152.06
2023-08-15 13:00:00,32.6,66.6,14.5,8,1,13,0,1,141.37
2023-08-15 14:00:00,33.1,58.0,3.7,8,1,14,0,1,174.77
2023-08-15 15:00:00,31.8,63.2,7.7,8,1,15,0,1,156.05
2023-08-15 16:00:00,28.3,56.9,13.7,8,1,16,0,1,137.49
2023-08-15 17:00:00,30.3,63.9,11.4,8,1,17,0,1,159.03
2023-08-15 18:00:00,25.9,63.7,14.0,8,1,18,0,1,146.73
2023-08-15 19:00:00,27.6,67.3,15.4,8,1,19,0,1,167.94
2023-08-15 20:00:00,28.9,59.9,4.9,8,1,20,0,1,167.37
2023-08-15 21:00:00,24.5,66.0,5.6,8,1,21,0,1,155.45
2023-08-15 22:00:00,21.9,69.1,15.5,8,1,22,0,1,140.8
2023-08-15 23:00:00,23.5,68.9,2.3,8,1,23,0,1,131.96
2023-08-16 00:00:00,21.7,71.3,7.8,8,2,0,0,0,153.07
2023-08-16 01:00:00,24.8,66.2,22.2,8,2,1,0,0,137.98
2023-08-16 02:00:00,23.8,61.8,19.3,8,2,2,0,0,99.04
2023-08-16 03:00:00,28.3,66.5,15.0,8,2,3,0,0,134.3
2023-08-16 04:00:00,28.2,64.5,2.2,8,2,4,0,0,145.92
2023-08-16 05:00:00,26.8,74.8,19.5,8,2,5,0,0,165.58
2023-08-16 06:00:00,29.8,74.3,21.4,8,2,6,0,0,155.16
2023-08-16 07:00:00,28.9,54.6,10.7,8,2,7,0,0,166.4
2023-08-16 08:00:00,31.0,69.5,4.8,8,2,8,0,0,189.66
2023-08-16 09:00:00,31.2,70.9,7.4,8,2,9,0,0,219.86
2023-08-16 10:00:00,34.3,52.1,13.5,8,2,10,0,0,193.47
2023-08-16 11:00:00,36.1,66.6,15.4,8,2,11,0,0,211.59
2023-08-16 12:00:00,35.0,69.7,5.4,8,2,12,0,0,200.84
2023-08-16 13:00:00,35.1,54.9,5.2,8,2,13,0,0,201.61
2023-08-16 14:00:00,34.6,60.8,12.7,8,2,14,0,0,168.52
2023-08-16 15:00:00,33.0,65.0,11.3,8,2,15,0,0,204.33
2023-08-16 16:00:00,28.6,70.3,7.8,8,2,16,0,0,175.12
2023-08-16 17:00:00,33.1,55.5,6.4,8,2,17,0,0,201.06
2023-08-16 18:00:00,32.0,73.3,10.6,8,2,18,0,0,232.51
2023-08-16 19:00:00,26.6,50.4,2.3,8,2,19,0,0,184.51
2023-08-16 20:00:00,25.2,78.0,2.6,8,2,20,0,0,212.41
2023-08-16 21:00:00,26.1,71.4,8.8,8,2,21,0,0,200.21
2023-08-16 22:00:00,25.2,62.4,3.9,8,2,22,0,0,201.65
2023-08-16 23:00:00,23.2,75.3,13.9,8,2,23,0,0,174.33
2023-08-17 00:00:00,20.7,61.3,13.8,8,3,0,0,0,132.77
2023-08-17 01:00:00,24.0,68.9,11.9,8,3,1,0,0,144.92
2023-08-17 02:00:00,25.0,69.4,20.7,8,3,2,0,0,120.31
2023-08-17 03:00:00,26.1,68.8,3.2,8,3,3,0,0,131.3
2023-08-17 04:00:00,26.4,60.1,4.4,8,3,4,0,0,138.1
2023-08-17 05:00:00,26.3,62.9,4.3,8,3,5,0,0,142.81
2023-08-17 06:00:00,30.2,65.9,14.2,8,3,6,0,0,148.51
2023-08-17 07:00:00,29.6,59.4,7.9,8,3,7,0,0,136.32
2023-08-17 08:00:00,29.7,67.3,4.3,8,3,8,0,0,189.8
2023-08-17 09:00:00,31.4,59.4,3.2,8,3,9,0,0,204.87
2023-08-17 10:00:00,29.0,73.5,19.9,8,3,10,0,0,194.83
2023-08-17 11:00:00,32.6,76.2,11.4,8,3,11,0,0,235.52
2023-08-17 12:00:00,34.6,60.3,8.0,8,3,12,0,0,183.67
2023-08-17 13:00:00,33.7,70.5,28.9,8,3,13,0,0,208.97
2023-08-17 14:00:00,35.6,60.5,17.2,8,3,14,0,0,232.37
2023-08-17 15:00:00,31.2,56.9,3.6,8,3,15,0,0,200.93
2023-08-17 16:00:00,31.7,60.8,7.7,8,3,16,0,0,173.19
2023-08-17 17:00:00,31.1,65.2,7.3,8,3,17,0,0,191.24
2023-08-17 18:00:00,,49.3,16.9,8,3,18,0,0,183.55
2023-08-17 19:00:00,27.2,71.4,3.3,8,3,19,0,0,186.63
2023-08-17 20:00:00,23.6,68.9,6.8,8,3,20,0,0,218.75
2023-08-17 21:00:00,26.3,74.8,10.1,8,3,21,0,0,202.89
2023-08-17 22:00:00,27.6,71.1,25.2,8,3,22,0,0,187.15
2023-08-17 23:00:00,22.7,,20.4,8,3,23,0,0,141.97
2023-08-18 00:00:00,24.6,64.8,8.1,8,4,0,0,0,123.55
2023-08-18 01:00:00,25.6,79.4,9.5,8,4,1,0,0,161.0
2023-08-18 02:00:00,25.7,84.5,17.3,8,4,2,0,0,143.75
2023-08-18 03:00:00,24.7,64.9,12.9,8,4,3,0,0,125.41
2023-08-18 04:00:00,24.1,76.3,18.9,8,4,4,0,0,158.23
2023-08-18 05:00:00,26.5,61.1,20.1,8,4,5,0,0,146.44
2023-08-18 06:00:00,28.9,60.9,16.3,8,4,6,0,0,141.75
2023-08-18 07:00:00,31.1,61.4,2.1,8,4,7,0,0,150.91
2023-08-18 08:00:00,,69.9,5.0,8,4,8,0,0,200.61
2023-08-18 09:00:00,30.7,56.0,6.1,8,4,9,0,0,187.04
2023-08-18 10:00:00,33.4,75.7,11.1,8,4,10,0,0,212.55
2023-08-18 11:00:00,34.5,70.2,4.9,8,4,11,0,0,215.88
2023-08-18 12:00:00,33.7,68.4,5.1,8,4,12,0,0,226.98
2023-08-18 13:00:00,31.1,62.1,6.1,8,4,13,0,0,193.84
2023-08-18 14:00:00,31.9,70.7,26.9,8,4,14,0,0,170.47
2023-08-18 15:00:00,33.4,40.0,6.6,8,4,15,0,0,177.36
2023-08-18 16:00:00,27.7,69.7,3.2,8,4,16,0,0,172.47
2023-08-18 17:00:00,25.1,68.7,2.1,8,4,17,0,0,189.78
2023-08-18 18:00:00,31.0,49.4,4.2,8,4,18,0,0,193.41
2023-08-18 19:00:00,27.7,69.4,24.4,8,4,19,0,0,178.42
2023-08-18 20:00:00,26.7,71.4,26.8,8,4,20,0,0,170.4
2023-08-18 21:00:00,22.3,54.0,8.0,8,4,21,0,0,181.23
2023-08-18 22:00:00,25.1,58.0,10.3,8,4,22,0,0,155.93
2023-08-18 23:00:00,23.7,84.7,14.7,8,4,23,0,0,171.86
2023-08-19 00:00:00,19.6,68.7,2.5,8,5,0,1,0,131.16
2023-08-19 01:00:00,25.8,74.9,5.8,8,5,1,1,0,138.87
2023-08-19 02:00:00,23.7,77.2,10.2,8,5,2,1,0,108.0
2023-08-19 03:00:00,23.4,71.4,20.3,8,5,3,1,0,117.34
2023-08-19 04:00:00,24.5,75.9,12.4,8,5,4,1,0,134.98
2023-08-19 05:00:00,22.4,51.9,5.4,8,5,5,1,0,113.18
2023-08-19 06:00:00,28.9,63.7,21.3,8,5,6,1,0,161.57
2023-08-19 07:00:00,29.6,40.6,10.7,8,5,7,1,0,159.67
2023-08-19 08:00:00,29.9,51.1,16.2,8,5,8,1,0,142.78
2023-08-19 09:00:00,33.8,58.7,5.9,8,5,9,1,0,230.09
2023-08-19 10:00:00,29.3,60.0,2.0,8,5,10,1,0,169.27
2023-08-19 11:00:00,31.4,64.6,3.5,8,5,11,1,0,197.11
2023-08-19 12:00:00,31.0,64.3,23.0,8,5,12,1,0,165.89
2023-08-19 13:00:00,32.0,65.1,2.3,8,5,13,1,0,167.83
2023-08-19 14:00:00,32.2,65.3,9.3,8,5,14,1,0,175.14
2023-08-19 15:00:00,32.1,66.6,6.2,8,5,15,1,0,157.9
2023-08-19 16:00:00,29.5,57.6,6.5,8,5,16,1,0,142.86
2023-08-19 17:00:00,27.3,60.6,6.1,8,5,17,1,0,144.45
2023-08-19 18:00:00,31.1,64.1,2.6,8,5,18,1,0,155.84
2023-08-19 19:00:00,31.3,64.2,3.0,8,5,19,1,0,200.52
2023-08-19 20:00:00,25.5,58.6,2.5,8,5,20,1,0,159.53
2023-08-19 21:00:00,22.7,77.3,2.4,8,5,21,1,0,170.54
2023-08-19 22:00:00,26.4,72.6,2.7,8,5,22,1,0,159.75
2023-08-19 23:00:00,20.0,63.1,11.5,8,5,23,1,0,146.24
2023-08-20 00:00:00,21.8,67.4,3.0,8,6,0,1,0,122.05
2023-08-20 01:00:00,21.3,85.4,4.4,8,6,1,1,0,117.38
2023-08-20 02:00:00,20.9,70.8,10.6,8,6,2,1,0,114.88
2023-08-20 03:00:00,23.4,71.5,3.0,8,6,3,1,0,115.47
2023-08-20 04:00:00,23.3,63.5,21.3,8,6,4,1,0,85.58
2023-08-20 05:00:00,26.2,64.4,7.2,8,6,5,1,0,117.77
2023-08-20 06:00:00,27.6,78.3,28.4,8,6,6,1,0,143.68
2023-08-20 07:00:00,27.6,67.1,3.7,8,6,7,1,0,179.93
2023-08-20 08:00:00,29.3,64.8,2.2,8,6,8,1,0,133.26
2023-08-20 09:00:00,30.6,64.8,9.1,8,6,9,1,0,181.99
2023-08-20 10:00:00,33.5,83.6,5.2,8,6,10,1,0,196.92
2023-08-20 11:00:00,32.1,64.3,8.8,8,6,11,1,0,167.74
2023-08-20 12:00:00,34.2,56.3,7.1,8,6,12,1,0,172.12
2023-08-20 13:00:00,33.5,58.0,6.9,8,6,13,1,0,152.86
2023-08-20 14:00:00,33.0,69.8,17.2,8,6,14,1,0,136.58
2023-08-20 15:00:00,33.8,51.7,3.7,8,6,15,1,0,167.49
2023-08-20 16:00:00,27.8,69.7,7.5,8,6,16,1,0,167.99
2023-08-20 17:00:00,27.9,60.3,6.3,8,6,17,1,0,151.88
2023-08-20 18:00:00,31.0,49.6,11.0,8,6,18,1,0,166.7
2023-08-20 19:00:00,25.7,59.3,2.4,8,6,19,1,0,155.97
2023-08-20 20:00:00,19.4,70.5,8.0,8,6,20,1,0,154.89
2023-08-20 21:00:00,23.6,79.4,7.2,8,6,21,1,0,166.46
2023-08-20 22:00:00,23.5,75.6,31.1,8,6,22,1,0,126.49
2023-08-20 23:00:00,17.5,68.9,13.3,8,6,23,1,0,159.03
2023-08-21 00:00:00,25.0,75.3,3.3,8,0,0,0,0,142.95
2023-08-21 01:00:00,21.0,66.6,7.7,8,0,1,0,0,126.59
2023-08-21 02:00:00,23.6,56.5,14.3,8,0,2,0,0,161.59
2023-08-21 03:00:00,23.3,68.5,7.9,8,0,3,0,0,151.56
2023-08-21 04:00:00,22.2,56.8,5.5,8,0,4,0,0,114.06
2023-08-21 05:00:00,23.9,74.4,5.8,8,0,5,0,0,131.25
2023-08-21 06:00:00,25.4,73.7,5.7,8,0,6,0,0,151.87
2023-08-21 07:00:00,30.8,57.6,2.2,8,0,7,0,0,175.0
2023-08-21 08:00:00,29.5,66.4,12.5,8,0,8,0,0,173.17
2023-08-21 09:00:00,29.8,66.2,9.6,8,0,9,0,0,211.54
2023-08-21 10:00:00,29.8,72.1,4.5,8,0,10,0,0,202.53
2023-08-21 11:00:00,34.5,52.8,10.0,8,0,11,0,0,210.94
2023-08-21 12:00:00,35.2,67.2,5.0,8,0,12,0,0,205.47
2023-08-21 13:00:00,34.5,52.2,4.2,8,0,13,0,0,181.62
2023-08-21 14:00:00,32.6,69.9,12.8,8,0,14,0,0,172.84
2023-08-21 15:00:00,31.4,72.8,15.2,8,0,15,0,0,161.29
2023-08-21 16:00:00,27.4,61.0,9.9,8,0,16,0,0,142.4
2023-08-21 17:00:00,28.1,75.7,14.3,8,0,17,0,0,189.09
2023-08-21 18:00:00,25.9,54.4,5.6,8,0,18,0,0,190.59
2023-08-21 19:00:00,22.3,77.6,2.6,8,0,19,0,0,186.7
2023-08-21 20:00:00,26.9,78.1,9.4,8,0,20,0,0,219.49
2023-08-21 21:00:00,22.4,71.6,4.4,8,0,21,0,0,198.48
2023-08-21 22:00:00,25.4,65.8,14.0,8,0,22,0,0,158.59
2023-08-21 23:00:00,24.2,70.4,5.5,8,0,23,0,0,145.7
2023-08-22 00:00:00,23.2,63.6,10.9,8,1,0,0,0,147.08
2023-08-22 01:00:00,23.5,89.3,8.4,8,1,1,0,0,153.11
2023-08-22 02:00:00,21.5,64.6,15.6,8,1,2,0,0,109.59
2023-08-22 03:00:00,27.2,76.9,16.3,8,1,3,0,0,129.0
2023-08-22 04:00:00,24.7,61.7,2.6,8,1,4,0,0,149.48
2023-08-22 05:00:00,26.4,79.6,4.8,8,1,5,0,0,174.02
2023-08-22 06:00:00,25.8,83.2,18.4,8,1,6,0,0,153.16
2023-08-22 07:00:00,26.5,69.8,6.1,8,1,7,0,0,165.82
2023-08-22 08:00:00,30.5,67.0,7.8,8,1,8,0,0,179.92
2023-08-22 09:00:00,31.0,56.8,3.6,8,1,9,0,0,219.22
2023-08-22 10:00:00,29.8,56.5,8.4,8,1,10,0,0,201.31
2023-08-22 11:00:00,29.0,67.9,4.5,8,1,11,0,0,179.31
2023-08-22 12:00:00,29.5,76.9,16.1,8,1,12,0,0,194.11
2023-08-22 13:00:00,34.3,58.5,3.8,8,1,13,0,0,187.72
2023-08-22 14:00:00,30.2,82.6,5.6,8,1,14,0,0,163.91
2023-08-22 15:00:00,29.9,60.2,2.8,8,1,15,0,0,163.72
2023-08-22 16:00:00,32.5,65.6,9.1,8,1,16,0,0,170.37
2023-08-22 17:00:00,26.1,68.8,24.8,8,1,17,0,0,146.97
2023-08-22 18:00:00,25.6,66.4,3.5,8,1,18,0,0,159.7
2023-08-22 19:00:00,24.2,51.5,2.2,8,1,19,0,0,175.45
2023-08-22 20:00:00,27.8,61.1,6.4,8,1,20,0,0,190.57
2023-08-22 21:00:00,27.5,67.8,13.0,8,1,21,0,0,171.47
2023-08-22 22:00:00,24.2,67.1,31.5,8,1,22,0,0,172.98
2023-08-22 23:00:00,,73.2,2.4,8,1,23,0,0,143.05
2023-08-23 00:00:00,20.7,75.7,14.3,8,2,0,0,0,138.78
2023-08-23 01:00:00,25.9,65.1,5.7,8,2,1,0,0,153.3
2023-08-23 02:00:00,23.0,60.8,3.3,8,2,2,0,0,151.18
2023-08-23 03:00:00,25.0,79.9,3.7,8,2,3,0,0,130.82
2023-08-23 04:00:00,24.1,57.1,22.6,8,2,4,0,0,139.84
2023-08-23 05:00:00,25.0,62.7,15.3,8,2,5,0,0,132.13
2023-08-23 06:00:00,30.2,58.1,5.0,8,2,6,0,0,198.0
2023-08-23 07:00:00,29.2,71.4,24.5,8,2,7,0,0,142.28
2023-08-23 08:00:00,32.2,74.4,2.9,8,2,8,0,0,184.31
2023-08-23 09:00:00,30.9,63.2,5.1,8,2,9,0,0,199.8
2023-08-23 10:00:00,29.5,67.1,10.5,8,2,10,0,0,174.89
2023-08-23 11:00:00,30.5,68.2,50.0,8,2,11,0,0,164.37
2023-08-23 12:00:00,32.0,78.4,7.0,8,2,12,0,0,205.24
2023-08-23 13:00:00,30.4,50.6,15.3,8,2,13,0,0,172.92
2023-08-23 14:00:00,29.0,71.5,21.8,8,2,14,0,0,161.61
2023-08-23 15:00:00,32.8,66.6,2.1,8,2,15,0,0,185.69
2023-08-23 16:00:00,28.2,62.9,4.7,8,2,16,0,0,130.1
2023-08-23 17:00:00,28.4,68.4,2.8,8,2,17,0,0,179.65
2023-08-23 18:00:00,27.4,72.2,14.0,8,2,18,0,0,171.78
2023-08-23 19:00:00,24.4,72.5,8.7,8,2,19,0,0,183.55
2023-08-23 20:00:00,27.2,83.6,2.8,8,2,20,0,0,181.71
2023-08-23 21:00:00,21.1,70.5,6.4,8,2,21,0,0,198.58
2023-08-23 22:00:00,23.0,68.7,7.8,8,2,22,0,0,184.53
2023-08-23 23:00:00,22.5,67.3,11.6,8,2,23,0,0,144.98
2023-08-24 00:00:00,21.5,73.7,14.1,8,3,0,0,0,146.32
2023-08-24 01:00:00,19.2,70.2,2.7,8,3,1,0,0,169.23
2023-08-24 02:00:00,24.0,68.1,7.3,8,3,2,0,0,137.23
2023-08-24 03:00:00,24.6,67.9,3.4,8,3,3,0,0,105.15
2023-08-24 04:00:00,22.8,67.5,13.2,8,3,4,0,0,122.94
2023-08-24 05:00:00,26.7,61.8,10.6,8,3,5,0,0,144.92
2023-08-24 06:00:00,27.4,69.7,12.3,8,3,6,0,0,186.25
2023-08-24 07:00:00,25.3,65.0,2.6,8,3,7,0,0,144.89
2023-08-24 08:00:00,27.4,71.2,7.7,8,3,8,0,0,174.9
2023-08-24 09:00:00,32.4,64.7,16.7,8,3,9,0,0,183.44
2023-08-24 10:00:00,31.6,61.1,12.0,8,3,10,0,0,213.32
2023-08-24 11:00:00,30.3,77.4,17.8,8,3,11,0,0,187.53
2023-08-24 12:00:00,29.9,64.2,3.8,8,3,12,0,0,145.15
2023-08-24 13:00:00,30.4,69.8,4.7,8,3,13,0,0,175.18
2023-08-24 14:00:00,30.0,59.4,6.7,8,3,14,0,0,168.5
2023-08-24 15:00:00,28.5,49.6,7.9,8,3,15,0,0,165.21
2023-08-24 16:00:00,25.6,62.7,4.3,8,3,16,0,0,163.39
2023-08-24 17:00:00,30.2,47.8,5.8,8,3,17,0,0,186.07
2023-08-24 18:00:00,28.5,63.8,11.3,8,3,18,0,0,181.64
2023-08-24 19:00:00,22.8,80.4,10.3,8,3,19,0,0,190.68
2023-08-24 20:00:00,24.4,60.6,2.9,8,3,20,0,0,193.3
2023-08-24 21:00:00,21.3,52.5,36.0,8,3,21,0,0,161.97
2023-08-24 22:00:00,21.8,81.1,8.6,8,3,22,0,0,187.83
2023-08-24 23:00:00,21.1,65.7,7.3,8,3,23,0,0,176.95
2023-08-25 00:00:00,20.5,69.6,29.4,8,4,0,0,0,134.61
2023-08-25 01:00:00,25.6,73.5,3.2,8,4,1,0,0,139.1
2023-08-25 02:00:00,21.2,73.6,8.3,8,4,2,0,0,119.24
2023-08-25 03:00:00,21.2,75.4,15.1,8,4,3,0,0,135.62
2023-08-25 04:00:00,22.3,76.0,6.1,8,4,4,0,0,122.43
2023-08-25 05:00:00,27.2,52.4,12.7,8,4,5,0,0,142.66
2023-08-25 06:00:00,23.1,57.1,20.4,8,4,6,0,0,141.79
2023-08-25 07:00:00,26.1,76.3,4.4,8,4,7,0,0,183.01
2023-08-25 08:00:00,31.8,57.9,4.2,8,4,8,0,0,212.23
2023-08-25 09:00:00,30.4,59.4,5.6,8,4,9,0,0,148.35
2023-08-25 10:00:00,31.1,54.4,6.3,8,4,10,0,0,195.72
2023-08-25 11:00:00,35.5,59.0,2.9,8,4,11,0,0,191.55
2023-08-25 12:00:00,31.9,61.3,4.1,8,4,12,0,0,211.3
2023-08-25 13:00:00,29.8,57.6,18.5,8,4,13,0,0,167.66
2023-08-25 14:00:00,30.1,56.5,8.7,8,4,14,0,0,185.96
2023-08-25 15:00:00,27.6,68.7,4.5,8,4,15,0,0,168.27
2023-08-25 16:00:00,31.4,57.8,25.0,8,4,16,0,0,147.37
2023-08-25 17:00:00,28.8,60.7,13.9,8,4,17,0,0,156.43
2023-08-25 18:00:00,28.6,48.2,5.6,8,4,18,0,0,179.88
2023-08-25 19:00:00,27.5,81.8,13.6,8,4,19,0,0,204.15
2023-08-25 20:00:00,23.0,76.0,9.3,8,4,20,0,0,194.3
2023-08-25 21:00:00,20.9,65.6,11.2,8,4,21,0,0,187.3
2023-08-25 22:00:00,21.9,61.8,5.1,8,4,22,0,0,169.9
2023-08-25 23:00:00,19.8,70.2,3.9,8,4,23,0,0,185.26
2023-08-26 00:00:00,21.5,69.1,4.3,8,5,0,1,0,124.34
2023-08-26 01:00:00,23.6,58.0,2.7,8,5,1,1,0,115.27
2023-08-26 02:00:00,21.5,48.9,7.1,8,5,2,1,0,107.97
2023-08-26 03:00:00,22.9,64.3,6.2,8,5,3,1,0,100.26
2023-08-26 04:00:00,23.5,55.8,2.0,8,5,4,1,0,103.68
2023-08-26 05:00:00,26.5,68.1,17.5,8,5,5,1,0,123.04
2023-08-26 06:00:00,24.8,69.0,11.2,8,5,6,1,0,136.3
2023-08-26 07:00:00,23.0,60.7,6.7,8,5,7,1,0,145.36
2023-08-26 08:00:00,29.6,60.9,29.3,8,5,8,1,0,142.39
2023-08-26 09:00:00,31.7,78.3,24.6,8,5,9,1,0,172.58
2023-08-26 10:00:00,31.4,70.5,2.8,8,5,10,1,0,172.53
2023-08-26 11:00:00,29.7,61.5,9.6,8,5,11,1,0,176.69
2023-08-26 12:00:00,28.9,83.9,15.6,8,5,12,1,0,143.21
2023-08-26 13:00:00,32.0,54.4,3.5,8,5,13,1,0,162.53
2023-08-26 14:00:00,30.8,58.1,3.1,8,5,14,1,0,162.73
2023-08-26 15:00:00,29.4,64.4,4.4,8,5,15,1,0,145.86
2023-08-26 16:00:00,32.3,51.6,4.6,8,5,16,1,0,159.86
2023-08-26 17:00:00,25.5,81.6,28.8,8,5,17,1,0,132.15
2023-08-26 18:00:00,29.7,66.6,14.1,8,5,18,1,0,134.17
2023-08-26 19:00:00,24.9,61.2,2.5,8,5,19,1,0,154.44
2023-08-26 20:00:00,20.0,73.6,14.4,8,5,20,1,0,166.6
2023-08-26 21:00:00,22.2,70.0,3.5,8,5,21,1,0,154.25
2023-08-26 22:00:00,23.7,65.7,5.5,8,5,22,1,0,159.23
2023-08-26 23:00:00,20.6,60.0,5.1,8,5,23,1,0,117.01
2023-08-27 00:00:00,18.0,59.5,4.5,8,6,0,1,0,94.12
2023-08-27 01:00:00,20.7,87.1,5.0,8,6,1,1,0,132.35
2023-08-27 02:00:00,19.9,59.2,13.2,8,6,2,1,0,99.99
2023-08-27 03:00:00,23.4,81.9,4.5,8,6,3,1,0,118.05
2023-08-27 04:00:00,25.0,60.8,14.9,8,6,4,1,0,97.82
2023-08-27 05:00:00,22.5,75.1,2.8,8,6,5,1,0,128.86
2023-08-27 06:00:00,24.5,71.5,9.2,8,6,6,1,0,146.31
2023-08-27 07:00:00,28.7,71.0,17.9,8,6,7,1,0,162.06
2023-08-27 08:00:00,26.7,72.5,2.7,8,6,8,1,0,143.51
2023-08-27 09:00:00,27.3,53.5,10.1,8,6,9,1,0,147.89
2023-08-27 10:00:00,27.9,60.7,7.7,8,6,10,1,0,165.47
2023-08-27 11:00:00,31.4,53.3,5.2,8,6,11,1,0,200.19
2023-08-27 12:00:00,31.5,65.8,2.8,8,6,12,1,0,151.89
2023-08-27 13:00:00,29.4,54.7,11.0,8,6,13,1,0,127.11
2023-08-27 14:00:00,30.2,49.0,5.0,8,6,14,1,0,156.76
2023-08-27 15:00:00,32.5,61.9,5.3,8,6,15,1,0,146.52
2023-08-27 16:00:00,26.5,49.1,12.1,8,6,16,1,0,139.27
2023-08-27 17:00:00,23.3,70.4,25.3,8,6,17,1,0,123.19
2023-08-27 18:00:00,26.8,56.5,5.2,8,6,18,1,0,159.69
2023-08-27 19:00:00,24.4,61.1,13.0,8,6,19,1,0,150.91
2023-08-27 20:00:00,22.0,50.8,27.1,8,6,20,1,0,136.61
2023-08-27 21:00:00,23.7,81.4,2.8,8,6,21,1,0,171.19
2023-08-27 22:00:00,23.3,56.7,8.0,8,6,22,1,0,129.45
2023-08-27 23:00:00,16.7,68.8,2.1,8,6,23,1,0,156.55
2023-08-28 00:00:00,19.4,56.0,16.0,8,0,0,0,0,135.55
2023-08-28 01:00:00,25.5,60.6,4.7,8,0,1,0,0,121.29
2023-08-28 02:00:00,22.5,82.8,5.2,8,0,2,0,0,144.13
2023-08-28 03:00:00,23.5,70.6,11.3,8,0,3,0,0,135.34
2023-08-28 04:00:00,25.5,61.5,14.5,8,0,4,0,0,96.69
2023-08-28 05:00:00,24.4,67.5,6.1,8,0,5,0,0,142.08
2023-08-28 06:00:00,27.3,61.9,10.8,8,0,6,0,0,152.81
2023-08-28 07:00:00,28.4,65.1,27.1,8,0,7,0,0,159.64
2023-08-28 08:00:00,29.2,71.3,19.4,8,0,8,0,0,149.83
2023-08-28 09:00:00,28.6,63.1,11.7,8,0,9,0,0,190.4
2023-08-28 10:00:00,30.3,66.6,24.9,8,0,10,0,0,197.55
2023-08-28 11:00:00,29.3,67.2,18.7,8,0,11,0,0,171.61
2023-08-28 12:00:00,30.7,62.0,12.4,8,0,12,0,0,163.5
2023-08-28 13:00:00,28.2,60.0,21.9,8,0,13,0,0,146.66
2023-08-28 14:00:00,28.4,61.6,15.6,8,0,14,0,0,162.4
2023-08-28 15:00:00,28.6,71.3,7.6,8,0,15,0,0,148.11
2023-08-28 16:00:00,26.3,73.1,7.6,8,0,16,0,0,143.16
2023-08-28 17:00:00,25.9,57.9,2.1,8,0,17,0,0,199.79
2023-08-28 18:00:00,25.3,65.2,2.2,8,0,18,0,0,180.43
2023-08-28 19:00:00,25.2,61.4,13.0,8,0,19,0,0,180.09
2023-08-28 20:00:00,25.1,73.9,8.5,8,0,20,0,0,185.21
2023-08-28 21:00:00,21.2,65.6,13.4,8,0,21,0,0,177.08
2023-08-28 22:00:00,24.0,85.6,25.9,8,0,22,0,0,200.02
2023-08-28 23:00:00,22.7,70.4,6.8,8,0,23,0,0,178.06
2023-08-29 00:00:00,21.4,78.7,2.7,8,1,0,0,0,186.64
2023-08-29 01:00:00,20.9,61.4,9.9,8,1,1,0,0,142.54
2023-08-29 02:00:00,21.7,69.2,2.8,8,1,2,0,0,122.38
2023-08-29 03:00:00,24.3,72.8,9.8,8,1,3,0,0,137.37
2023-08-29 04:00:00,25.4,59.0,8.0,8,1,4,0,0,142.47
2023-08-29 05:00:00,26.8,66.8,12.0,8,1,5,0,0,153.21
2023-08-29 06:00:00,25.5,75.7,5.5,8,1,6,0,0,148.98
2023-08-29 07:00:00,27.8,63.5,3.2,8,1,7,0,0,195.01
2023-08-29 08:00:00,30.6,57.9,4.2,8,1,8,0,0,167.1
2023-08-29 09:00:00,27.7,80.6,11.2,8,1,9,0,0,193.07
2023-08-29 10:00:00,29.1,56.1,7.2,8,1,10,0,0,186.46
2023-08-29 11:00:00,30.3,66.1,8.2,8,1,11,0,0,182.7
2023-08-29 12:00:00,32.2,58.2,5.1,8,1,12,0,0,197.96
2023-08-29 13:00:00,32.1,56.5,16.5,8,1,13,0,0,197.8
2023-08-29 14:00:00,29.3,71.3,50.0,8,1,14,0,0,155.25
2023-08-29 15:00:00,25.9,65.4,5.0,8,1,15,0,0,163.18
2023-08-29 16:00:00,28.4,69.0,12.1,8,1,16,0,0,135.39
2023-08-29 17:00:00,24.9,49.5,3.5,8,1,17,0,0,177.05
2023-08-29 18:00:00,22.4,72.8,12.9,8,1,18,0,0,168.64
2023-08-29 19:00:00,21.6,63.4,6.5,8,1,19,0,0,194.13
2023-08-29 20:00:00,23.6,53.2,9.4,8,1,20,0,0,200.66
2023-08-29 21:00:00,24.6,82.8,4.2,8,1,21,0,0,197.65
2023-08-29 22:00:00,21.2,74.2,17.3,8,1,22,0,0,143.05
2023-08-29 23:00:00,21.0,71.3,3.5,8,1,23,0,0,189.11
2023-08-30 00:00:00,22.5,78.7,23.1,8,2,0,0,0,167.72
2023-08-30 01:00:00,17.3,73.3,2.5,8,2,1,0,0,161.42
2023-08-30 02:00:00,21.9,62.7,4.7,8,2,2,0,0,122.91
2023-08-30 03:00:00,21.6,67.8,8.6,8,2,3,0,0,149.57
2023-08-30 04:00:00,23.8,62.7,17.6,8,2,4,0,0,124.26
2023-08-30 05:00:00,22.9,64.5,8.9,8,2,5,0,0,138.31
2023-08-30 06:00:00,,58.2,3.9,8,2,6,0,0,166.6
2023-08-30 07:00:00,26.8,58.9,17.7,8,2,7,0,0,166.23
2023-08-30 08:00:00,31.0,71.7,9.3,8,2,8,0,0,154.07
2023-08-30 09:00:00,30.4,67.4,4.1,8,2,9,0,0,200.36
2023-08-30 10:00:00,28.5,61.7,8.6,8,2,10,0,0,207.51
2023-08-30 11:00:00,27.3,58.1,11.0,8,2,11,0,0,160.06
2023-08-30 12:00:00,26.8,63.3,11.1,8,2,12,0,0,187.12
2023-08-30 13:00:00,32.6,50.2,12.3,8,2,13,0,0,157.03
2023-08-30 14:00:00,,67.2,20.1,8,2,14,0,0,154.25
2023-08-30 15:00:00,28.1,73.5,15.9,8,2,15,0,0,169.5
2023-08-30 16:00:00,30.3,83.8,9.5,8,2,16,0,0,174.67
2023-08-30 17:00:00,23.3,59.5,2.3,8,2,17,0,0,182.84
2023-08-30 18:00:00,28.2,73.1,13.1,8,2,18,0,0,162.97
2023-08-30 19:00:00,23.4,62.7,31.5,8,2,19,0,0,186.05
2023-08-30 20:00:00,20.4,60.8,4.9,8,2,20,0,0,192.22
2023-08-30 21:00:00,21.2,60.4,9.5,8,2,21,0,0,171.07
2023-08-30 22:00:00,19.4,71.4,13.7,8,2,22,0,0,182.09
2023-08-30 23:00:00,21.2,61.9,10.2,8,2,23,0,0,160.58
2023-08-31 00:00:00,18.6,65.8,22.5,8,3,0,0,0,162.03
2023-08-31 01:00:00,16.3,68.3,7.1,8,3,1,0,0,156.71
2023-08-31 02:00:00,20.2,64.0,8.1,8,3,2,0,0,139.55
2023-08-31 03:00:00,18.7,,2.3,8,3,3,0,0,125.8
2023-08-31 04:00:00,22.8,49.1,20.4,8,3,4,0,0,124.59
2023-08-31 05:00:00,21.3,70.1,4.4,8,3,5,0,0,134.49
2023-08-31 06:00:00,24.0,68.6,32.7,8,3,6,0,0,136.82
2023-08-31 07:00:00,26.6,60.3,3.8,8,3,7,0,0,182.2
2023-08-31 08:00:00,27.0,69.4,4.3,8,3,8,0,0,172.96
2023-08-31 09:00:00,29.0,76.7,7.3,8,3,9,0,0,171.09
2023-08-31 10:00:00,30.6,64.9,10.6,8,3,10,0,0,205.14
2023-08-31 11:00:00,27.5,76.9,6.6,8,3,11,0,0,200.46
2023-08-31 12:00:00,29.8,83.0,5.5,8,3,12,0,0,214.47
2023-08-31 13:00:00,23.1,88.7,8.2,8,3,13,0,0,180.6
2023-08-31 14:00:00,29.8,55.6,27.4,8,3,14,0,0,153.48
2023-08-31 15:00:00,27.9,56.6,28.2,8,3,15,0,0,153.52
2023-08-31 16:00:00,25.5,63.7,5.2,8,3,16,0,0,166.13
2023-08-31 17:00:00,26.9,67.6,11.1,8,3,17,0,0,175.2
2023-08-31 18:00:00,27.3,79.0,12.2,8,3,18,0,0,146.74
2023-08-31 19:00:00,22.7,73.7,10.5,8,3,19,0,0,178.68
2023-08-31 20:00:00,20.6,60.1,3.0,8,3,20,0,0,199.23
2023-08-31 21:00:00,21.7,64.2,8.2,8,3,21,0,0,201.98
2023-08-31 22:00:00,17.9,70.7,13.5,8,3,22,0,0,168.31
2023-08-31 23:00:00,18.8,58.7,3.8,8,3,23,0,0,160.05
2023-09-01 00:00:00,22.1,69.0,5.4,9,4,0,0,0,142.93
2023-09-01 01:00:00,20.0,60.5,3.8,9,4,1,0,0,138.09
2023-09-01 02:00:00,16.6,58.5,19.4,9,4,2,0,0,145.27
2023-09-01 03:00:00,17.6,63.6,17.6,9,4,3,0,0,119.17
2023-09-01 04:00:00,22.5,72.0,3.5,9,4,4,0,0,150.59
2023-09-01 05:00:00,25.1,70.7,13.4,9,4,5,0,0,162.4
2023-09-01 06:00:00,21.5,70.0,5.6,9,4,6,0,0,144.94
2023-09-01 07:00:00,26.9,74.5,11.3,9,4,7,0,0,158.27
2023-09-01 08:00:00,29.9,72.2,7.4,9,4,8,0,0,188.04
2023-09-01 09:00:00,32.0,65.6,7.1,9,4,9,0,0,193.63
2023-09-01 10:00:00,29.7,65.7,19.0,9,4,10,0,0,188.6
2023-09-01 11:00:00,30.5,65.8,10.1,9,4,11,0,0,172.33
2023-09-01 12:00:00,25.4,66.1,4.2,9,4,12,0,0,186.74
2023-09-01 13:00:00,33.7,45.7,2.9,9,4,13,0,0,216.4
2023-09-01 14:00:00,,75.1,23.7,9,4,14,0,0,148.74
2023-09-01 15:00:00,26.4,70.0,3.3,9,4,15,0,0,137.48
2023-09-01 16:00:00,26.7,56.9,12.6,9,4,16,0,0,170.83
2023-09-01 17:00:00,29.0,76.9,7.5,9,4,17,0,0,173.41
2023-09-01 18:00:00,29.1,60.7,3.2,9,4,18,0,0,178.51
2023-09-01 19:00:00,23.7,67.3,14.0,9,4,19,0,0,182.35
2023-09-01 20:00:00,24.2,76.1,20.8,9,4,20,0,0,170.32
2023-09-01 21:00:00,21.2,71.1,3.0,9,4,21,0,0,197.49
2023-09-01 22:00:00,18.3,81.5,2.6,9,4,22,0,0,166.91
2023-09-01 23:00:00,22.8,65.8,17.2,9,4,23,0,0,141.54
2023-09-02 00:00:00,18.2,84.4,7.6,9,5,0,1,0,110.69
2023-09-02 01:00:00,22.7,62.4,11.0,9,5,1,1,0,113.69
2023-09-02 02:00:00,22.7,79.2,6.7,9,5,2,1,0,85.71
2023-09-02 03:00:00,22.1,50.8,6.3,9,5,3,1,0,133.51
2023-09-02 04:00:00,,58.4,4.8,9,5,4,1,0,105.4
2023-09-02 05:00:00,27.6,68.6,8.6,9,5,5,1,0,91.61
2023-09-02 06:00:00,24.1,64.7,3.4,9,5,6,1,0,110.49
2023-09-02 07:00:00,24.1,67.3,12.1,9,5,7,1,0,141.29
2023-09-02 08:00:00,23.2,68.7,8.4,9,5,8,1,0,164.34
2023-09-02 09:00:00,32.5,54.2,17.0,9,5,9,1,0,173.88
2023-09-02 10:00:00,27.9,57.1,22.3,9,5,10,1,0,155.93
2023-09-02 11:00:00,31.6,66.1,20.5,9,5,11,1,0,145.91
2023-09-02 12:00:00,28.0,60.7,9.4,9,5,12,1,0,172.97
2023-09-02 13:00:00,32.4,74.5,5.1,9,5,13,1,0,174.81
2023-09-02 14:00:00,27.4,64.8,5.5,9,5,14,1,0,143.22
2023-09-02 15:00:00,25.6,72.9,10.5,9,5,15,1,0,133.23
2023-09-02 16:00:00,26.5,70.3,12.0,9,5,16,1,0,143.95
2023-09-02 17:00:00,24.7,62.9,3.4,9,5,17,1,0,130.0
2023-09-02 18:00:00,25.6,51.3,50.0,9,5,18,1,0,142.08
2023-09-02 19:00:00,23.1,78.0,2.9,9,5,19,1,0,179.56
2023-09-02 20:00:00,23.2,60.6,9.5,9,5,20,1,0,162.32
2023-09-02 21:00:00,20.3,66.6,8.1,9,5,21,1,0,157.87
2023-09-02 22:00:00,18.8,69.4,9.2,9,5,22,1,0,120.7
2023-09-02 23:00:00,18.5,70.4,8.1,9,5,23,1,0,117.2
2023-09-03 00:00:00,23.3,76.0,2.5,9,6,0,1,0,133.69
2023-09-03 01:00:00,19.8,70.1,46.0,9,6,1,1,0,110.65
2023-09-03 02:00:00,15.9,71.0,33.8,9,6,2,1,0,122.09
2023-09-03 03:00:00,19.6,78.3,7.9,9,6,3,1,0,90.79
2023-09-03 04:00:00,21.9,73.9,3.9,9,6,4,1,0,147.31
2023-09-03 05:00:00,26.6,60.8,3.6,9,6,5,1,0,135.92
2023-09-03 06:00:00,26.3,57.7,2.5,9,6,6,1,0,119.58
2023-09-03 07:00:00,23.7,61.6,9.6,9,6,7,1,0,133.86
2023-09-03 08:00:00,31.5,63.8,7.2,9,6,8,1,0,140.16
2023-09-03 09:00:00,27.7,56.2,6.3,9,6,9,1,0,148.76
2023-09-03 10:00:00,31.0,65.2,8.0,9,6,10,1,0,183.98
2023-09-03 11:00:00,26.7,65.6,18.5,9,6,11,1,0,153.42
2023-09-03 12:00:00,24.4,47.5,2.6,9,6,12,1,0,168.75
2023-09-03 13:00:00,26.2,55.6,8.3,9,6,13,1,0,114.63
2023-09-03 14:00:00,22.0,45.9,11.7,9,6,14,1,0,120.69
2023-09-03 15:00:00,32.0,61.3,30.2,9,6,15,1,0,124.1
2023-09-03 16:00:00,27.1,75.0,12.8,9,6,16,1,0,161.48
2023-09-03 17:00:00,23.6,53.1,8.4,9,6,17,1,0,139.45
2023-09-03 18:00:00,25.1,56.9,13.6,9,6,18,1,0,147.05
2023-09-03 19:00:00,23.3,67.0,48.6,9,6,19,1,0,139.52
2023-09-03 20:00:00,22.9,60.0,19.6,9,6,20,1,0,145.29
2023-09-03 21:00:00,23.1,59.9,2.7,9,6,21,1,0,180.17
2023-09-03 22:00:00,19.3,74.7,8.8,9,6,22,1,0,156.64
2023-09-03 23:00:00,17.6,67.2,14.4,9,6,23,1,0,144.46
2023-09-04 00:00:00,20.6,57.8,10.9,9,0,0,0,0,149.61
2023-09-04 01:00:00,20.7,52.9,6.3,9,0,1,0,0,123.07
2023-09-04 02:00:00,19.8,87.8,5.1,9,0,2,0,0,172.24
2023-09-04 03:00:00,24.8,76.6,9.9,9,0,3,0,0,158.58
2023-09-04 04:00:00,20.6,66.1,6.3,9,0,4,0,0,134.35
2023-09-04 05:00:00,20.9,70.3,6.0,9,0,5,0,0,138.09
2023-09-04 06:00:00,24.8,63.7,16.5,9,0,6,0,0,154.97
2023-09-04 07:00:00,23.9,72.1,5.0,9,0,7,0,0,178.86
2023-09-04 08:00:00,27.4,59.4,10.3,9,0,8,0,0,198.68
2023-09-04 09:00:00,25.8,62.7,18.5,9,0,9,0,0,184.14
2023-09-04 10:00:00,27.5,69.9,9.8,9,0,10,0,0,190.61
2023-09-04 11:00:00,32.6,75.3,7.4,9,0,11,0,0,210.33
2023-09-04 12:00:00,28.1,71.9,2.3,9,0,12,0,0,154.85
2023-09-04 13:00:00,27.2,76.3,11.2,9,0,13,0,0,162.4
2023-09-04 14:00:00,30.6,62.2,50.0,9,0,14,0,0,157.18
2023-09-04 15:00:00,25.4,62.3,15.2,9,0,15,0,0,118.17
2023-09-04 16:00:00,25.1,52.0,10.1,9,0,16,0,0,156.36
2023-09-04 17:00:00,26.4,67.4,7.1,9,0,17,0,0,157.4
2023-09-04 18:00:00,25.8,70.1,4.0,9,0,18,0,0,205.62
2023-09-04 19:00:00,25.1,65.0,11.4,9,0,19,0,0,182.24
2023-09-04 20:00:00,20.0,63.8,3.6,9,0,20,0,0,189.45
2023-09-04 21:00:00,21.6,79.1,19.4,9,0,21,0,0,182.3
2023-09-04 22:00:00,18.7,,5.5,9,0,22,0,0,181.89
2023-09-04 23:00:00,17.9,81.5,6.1,9,0,23,0,0,185.47
2023-09-05 00:00:00,21.1,61.8,3.9,9,1,0,0,0,140.11
2023-09-05 01:00:00,17.8,65.4,7.3,9,1,1,0,0,143.69
2023-09-05 02:00:00,19.9,79.7,11.1,9,1,2,0,0,148.75
2023-09-05 03:00:00,20.5,69.4,4.9,9,1,3,0,0,134.14
2023-09-05 04:00:00,19.1,65.9,11.7,9,1,4,0,0,143.6
2023-09-05 05:00:00,24.3,63.8,9.8,9,1,5,0,0,133.15
2023-09-05 06:00:00,24.8,67.5,5.7,9,1,6,0,0,157.21
2023-09-05 07:00:00,21.0,77.5,5.0,9,1,7,0,0,182.66
2023-09-05 08:00:00,26.8,65.3,17.8,9,1,8,0,0,177.72
2023-09-05 09:00:00,25.7,73.5,2.1,9,1,9,0,0,157.6
2023-09-05 10:00:00,30.2,68.6,12.1,9,1,10,0,0,204.77
2023-09-05 11:00:00,25.6,60.2,6.3,9,1,11,0,0,162.37
2023-09-05 12:00:00,28.0,59.0,12.1,9,1,12,0,0,159.94
2023-09-05 13:00:00,29.3,61.8,7.7,9,1,13,0,0,180.08
2023-09-05 14:00:00,28.1,55.2,2.7,9,1,14,0,0,149.62
2023-09-05 15:00:00,28.8,61.5,34.2,9,1,15,0,0,134.25
2023-09-05 16:00:00,23.2,80.5,2.7,9,1,16,0,0,163.83
2023-09-05 17:00:00,28.3,65.6,3.4,9,1,17,0,0,166.77
2023-09-05 18:00:00,24.8,61.5,6.4,9,1,18,0,0,151.99
2023-09-05 19:00:00,25.1,82.8,25.1,9,1,19,0,0,193.34
2023-09-05 20:00:00,23.0,61.1,4.8,9,1,20,0,0,205.94
2023-09-05 21:00:00,20.1,62.2,8.7,9,1,21,0,0,199.04
2023-09-05 22:00:00,16.8,81.4,7.9,9,1,22,0,0,173.01
2023-09-05 23:00:00,17.7,76.4,5.2,9,1,23,0,0,178.99
2023-09-06 00:00:00,21.6,68.1,11.5,9,2,0,0,0,135.8
2023-09-06 01:00:00,21.4,76.0,7.6,9,2,1,0,0,122.95
2023-09-06 02:00:00,17.9,73.5,8.9,9,2,2,0,0,127.97
2023-09-06 03:00:00,14.3,63.4,3.9,9,2,3,0,0,104.73
2023-09-06 04:00:00,20.5,50.6,22.9,9,2,4,0,0,106.09
2023-09-06 05:00:00,21.6,64.7,2.9,9,2,5,0,0,120.16
2023-09-06 06:00:00,23.0,77.2,11.4,9,2,6,0,0,153.31
2023-09-06 07:00:00,25.8,63.7,19.4,9,2,7,0,0,159.44
2023-09-06 08:00:00,27.7,69.8,2.7,9,2,8,0,0,154.71
2023-09-06 09:00:00,29.0,67.0,2.2,9,2,9,0,0,204.8
2023-09-06 10:00:00,28.7,52.1,5.2,9,2,10,0,0,180.0
2023-09-06 11:00:00,24.7,64.4,14.5,9,2,11,0,0,159.31
2023-09-06 12:00:00,27.8,,12.1,9,2,12,0,0,149.32
2023-09-06 13:00:00,32.9,57.3,15.8,9,2,13,0,0,171.74
2023-09-06 14:00:00,28.5,62.8,6.1,9,2,14,0,0,163.91
2023-09-06 15:00:00,27.7,69.3,42.6,9,2,15,0,0,160.68
2023-09-06 16:00:00,26.7,67.2,5.6,9,2,16,0,0,161.98
2023-09-06 17:00:00,25.6,75.6,15.1,9,2,17,0,0,161.66
2023-09-06 18:00:00,18.7,73.7,5.5,9,2,18,0,0,190.11
2023-09-06 19:00:00,21.7,61.5,4.0,9,2,19,0,0,188.9
2023-09-06 20:00:00,20.9,65.7,5.3,9,2,20,0,0,169.82
2023-09-06 21:00:00,22.5,68.9,3.7,9,2,21,0,0,182.63
2023-09-06 22:00:00,19.2,81.1,3.1,9,2,22,0,0,175.34
2023-09-06 23:00:00,15.3,68.5,5.6,9,2,23,0,0,174.61
2023-09-07 00:00:00,19.1,56.6,3.3,9,3,0,0,0,138.88
2023-09-07 01:00:00,16.8,75.1,7.6,9,3,1,0,0,136.37
2023-09-07 02:00:00,16.4,65.7,2.3,9,3,2,0,0,165.64
2023-09-07 03:00:00,18.0,60.7,6.5,9,3,3,0,0,133.35
2023-09-07 04:00:00,21.8,69.3,27.4,9,3,4,0,0,131.94
2023-09-07 05:00:00,24.4,75.6,5.6,9,3,5,0,0,143.79
2023-09-07 06:00:00,24.2,63.3,3.2,9,3,6,0,0,163.38
2023-09-07 07:00:00,25.8,71.1,4.9,9,3,7,0,0,163.08
2023-09-07 08:00:00,26.6,72.1,14.5,9,3,8,0,0,186.68
2023-09-07 09:00:00,26.9,72.9,5.0,9,3,9,0,0,143.66
2023-09-07 10:00:00,28.9,59.7,5.9,9,3,10,0,0,193.42
2023-09-07 11:00:00,23.2,59.4,14.4,9,3,11,0,0,176.35
2023-09-07 12:00:00,28.4,57.9,4.4,9,3,12,0,0,183.26
2023-09-07 13:00:00,25.9,73.4,7.2,9,3,13,0,0,150.86
2023-09-07 14:00:00,29.9,70.4,2.5,9,3,14,0,0,163.97
2023-09-07 15:00:00,26.4,59.1,3.5,9,3,15,0,0,143.33
2023-09-07 16:00:00,25.8,84.2,3.9,9,3,16,0,0,174.91
2023-09-07 17:00:00,21.5,60.6,7.0,9,3,17,0,0,176.38
2023-09-07 18:00:00,25.2,75.4,15.8,9,3,18,0,0,151.96
2023-09-07 19:00:00,23.2,80.6,5.5,9,3,19,0,0,195.14
2023-09-07 20:00:00,21.8,70.0,5.8,9,3,20,0,0,180.11
2023-09-07 21:00:00,18.0,64.8,4.9,9,3,21,0,0,217.45
2023-09-07 22:00:00,17.3,65.4,5.1,9,3,22,0,0,190.22
2023-09-07 23:00:00,18.8,68.5,6.1,9,3,23,0,0,162.72
2023-09-08 00:00:00,16.6,80.4,20.4,9,4,0,0,0,147.8
2023-09-08 01:00:00,19.0,60.9,2.2,9,4,1,0,0,161.76
2023-09-08 02:00:00,14.3,58.1,9.8,9,4,2,0,0,145.57
2023-09-08 03:00:00,18.4,73.7,19.5,9,4,3,0,0,103.76
2023-09-08 04:00:00,24.0,72.6,6.3,9,4,4,0,0,160.12
2023-09-08 05:00:00,22.5,84.5,10.4,9,4,5,0,0,156.58
2023-09-08 06:00:00,23.3,57.3,9.0,9,4,6,0,0,137.58
2023-09-08 07:00:00,28.2,64.8,5.3,9,4,7,0,0,177.49
2023-09-08 08:00:00,20.8,78.9,3.2,9,4,8,0,0,165.57
2023-09-08 09:00:00,24.9,68.5,4.0,9,4,9,0,0,172.26
2023-09-08 10:00:00,26.5,65.2,2.5,9,4,10,0,0,186.47
2023-09-08 11:00:00,29.5,71.6,13.6,9,4,11,0,0,199.2
2023-09-08 12:00:00,29.7,60.4,8.1,9,4,12,0,0,189.16
2023-09-08 13:00:00,26.0,73.8,14.3,9,4,13,0,0,177.97
2023-09-08 14:00:00,29.3,55.3,4.7,9,4,14,0,0,174.09
2023-09-08 15:00:00,25.7,55.0,15.1,9,4,15,0,0,172.23
2023-09-08 16:00:00,27.9,63.9,5.0,9,4,16,0,0,191.92
2023-09-08 17:00:00,22.2,48.4,3.0,9,4,17,0,0,165.6
2023-09-08 18:00:00,22.7,69.3,8.1,9,4,18,0,0,171.09
2023-09-08 19:00:00,20.7,55.8,25.2,9,4,19,0,0,172.16
2023-09-08 20:00:00,22.6,71.0,6.3,9,4,20,0,0,164.35
2023-09-08 21:00:00,18.4,72.3,7.8,9,4,21,0,0,191.7
2023-09-08 22:00:00,18.5,70.2,6.8,9,4,22,0,0,170.66
2023-09-08 23:00:00,19.1,73.9,6.9,9,4,23,0,0,158.2
2023-09-09 00:00:00,18.8,72.2,3.9,9,5,0,1,0,125.23
2023-09-09 01:00:00,19.6,67.8,6.4,9,5,1,1,0,84.93
2023-09-09 02:00:00,18.8,85.3,7.5,9,5,2,1,0,114.08
2023-09-09 03:00:00,18.3,74.0,12.9,9,5,3,1,0,112.24
2023-09-09 04:00:00,19.5,76.4,3.2,9,5,4,1,0,92.54
2023-09-09 05:00:00,21.5,77.9,8.8,9,5,5,1,0,138.54
2023-09-09 06:00:00,23.2,73.7,10.7,9,5,6,1,0,131.35
2023-09-09 07:00:00,23.7,84.7,5.9,9,5,7,1,0,159.58
2023-09-09 08:00:00,25.2,68.7,8.4,9,5,8,1,0,152.87
2023-09-09 09:00:00,23.2,68.3,11.9,9,5,9,1,0,156.57
2023-09-09 10:00:00,28.4,60.6,7.0,9,5,10,1,0,187.59
2023-09-09 11:00:00,27.9,64.0,5.2,9,5,11,1,0,181.45
2023-09-09 12:00:00,29.7,59.3,15.9,9,5,12,1,0,181.98
2023-09-09 13:00:00,27.5,71.7,37.9,9,5,13,1,0,128.12
2023-09-09 14:00:00,23.5,60.9,4.0,9,5,14,1,0,119.49
2023-09-09 15:00:00,25.5,67.8,19.6,9,5,15,1,0,109.34
2023-09-09 16:00:00,24.8,72.1,8.3,9,5,16,1,0,120.51
2023-09-09 17:00:00,25.5,68.5,6.8,9,5,17,1,0,153.41
2023-09-09 18:00:00,18.6,63.6,19.9,9,5,18,1,0,187.25
2023-09-09 19:00:00,21.5,74.8,21.3,9,5,19,1,0,179.8
2023-09-09 20:00:00,21.2,68.7,4.5,9,5,20,1,0,165.79
2023-09-09 21:00:00,17.8,48.1,5.5,9,5,21,1,0,172.78
2023-09-09 22:00:00,18.5,62.9,17.3,9,5,22,1,0,139.22
2023-09-09 23:00:00,16.6,82.9,7.4,9,5,23,1,0,144.04
2023-09-10 00:00:00,16.0,83.9,4.7,9,6,0,1,0,119.85
2023-09-10 01:00:00,16.8,75.8,28.2,9,6,1,1,0,98.77
2023-09-10 02:00:00,16.7,77.9,4.0,9,6,2,1,0,129.14
2023-09-10 03:00:00,20.3,63.6,9.5,9,6,3,1,0,127.37
2023-09-10 04:00:00,18.5,68.7,6.5,9,6,4,1,0,128.78
2023-09-10 05:00:00,19.3,80.2,6.8,9,6,5,1,0,143.48
2023-09-10 06:00:00,,70.4,2.9,9,6,6,1,0,142.96
2023-09-10 07:00:00,25.7,67.7,4.4,9,6,7,1,0,137.98
2023-09-10 08:00:00,21.2,67.9,3.5,9,6,8,1,0,138.22
2023-09-10 09:00:00,24.4,77.2,13.1,9,6,9,1,0,163.02
2023-09-10 10:00:00,27.3,75.3,11.6,9,6,10,1,0,138.49
2023-09-10 11:00:00,27.9,71.2,14.6,9,6,11,1,0,150.21
2023-09-10 12:00:00,24.5,68.3,11.6,9,6,12,1,0,132.59
2023-09-10 13:00:00,29.6,62.4,3.1,9,6,13,1,0,170.04
2023-09-10 14:00:00,28.4,71.3,32.8,9,6,14,1,0,109.18
2023-09-10 15:00:00,26.9,57.7,3.7,9,6,15,1,0,148.6
2023-09-10 16:00:00,27.7,59.0,5.5,9,6,16,1,0,144.53
2023-09-10 17:00:00,24.6,56.1,11.8,9,6,17,1,0,141.7
2023-09-10 18:00:00,23.3,78.2,3.2,9,6,18,1,0,149.57
2023-09-10 19:00:00,24.3,62.1,3.5,9,6,19,1,0,141.52
2023-09-10 20:00:00,22.1,72.2,18.7,9,6,20,1,0,169.79
2023-09-10 21:00:00,17.2,70.4,5.2,9,6,21,1,0,182.79
2023-09-10 22:00:00,19.4,93.5,10.8,9,6,22,1,0,166.1
2023-09-10 23:00:00,16.3,75.4,17.7,9,6,23,1,0,142.78
2023-09-11 00:00:00,18.2,56.0,31.0,9,0,0,0,0,116.38
2023-09-11 01:00:00,18.3,80.2,3.9,9,0,1,0,0,139.06
2023-09-11 02:00:00,15.1,69.4,3.0,9,0,2,0,0,155.33
2023-09-11 03:00:00,18.4,69.2,12.8,9,0,3,0,0,120.8
2023-09-11 04:00:00,20.2,64.5,3.7,9,0,4,0,0,121.57
2023-09-11 05:00:00,20.0,71.6,8.9,9,0,5,0,0,120.46
2023-09-11 06:00:00,22.8,70.1,8.1,9,0,6,0,0,157.74
2023-09-11 07:00:00,25.1,62.3,8.6,9,0,7,0,0,166.54
2023-09-11 08:00:00,24.6,63.6,10.4,9,0,8,0,0,185.24
2023-09-11 09:00:00,26.2,67.7,17.2,9,0,9,0,0,145.15
2023-09-11 10:00:00,29.3,46.6,4.5,9,0,10,0,0,207.51
2023-09-11 11:00:00,28.0,54.5,8.5,9,0,11,0,0,199.17
2023-09-11 12:00:00,27.6,79.6,5.3,9,0,12,0,0,200.37
2023-09-11 13:00:00,25.1,70.1,5.1,9,0,13,0,0,167.51
2023-09-11 14:00:00,27.9,61.9,2.2,9,0,14,0,0,168.89
2023-09-11 15:00:00,26.4,53.2,9.3,9,0,15,0,0,157.45
2023-09-11 16:00:00,27.3,65.9,30.8,9,0,16,0,0,138.36
2023-09-11 17:00:00,23.6,76.1,13.5,9,0,17,0,0,151.71
2023-09-11 18:00:00,18.6,91.8,4.2,9,0,18,0,0,191.06
2023-09-11 19:00:00,17.5,86.4,12.1,9,0,19,0,0,191.52
2023-09-11 20:00:00,21.2,62.3,4.8,9,0,20,0,0,202.21
2023-09-11 21:00:00,17.5,67.3,13.2,9,0,21,0,0,183.57
2023-09-11 22:00:00,18.7,58.9,17.4,9,0,22,0,0,148.84
2023-09-11 23:00:00,17.6,64.5,5.3,9,0,23,0,0,148.24
2023-09-12 00:00:00,16.6,70.0,2.0,9,1,0,0,0,144.38
2023-09-12 01:00:00,16.9,68.6,4.9,9,1,1,0,0,158.37
2023-09-12 02:00:00,15.9,88.5,3.8,9,1,2,0,0,143.59
2023-09-12 03:00:00,18.4,60.3,9.7,9,1,3,0,0,136.08
2023-09-12 04:00:00,18.3,70.5,4.7,9,1,4,0,0,114.87
2023-09-12 05:00:00,19.9,53.5,2.3,9,1,5,0,0,142.65
2023-09-12 06:00:00,21.3,72.0,8.1,9,1,6,0,0,150.83
2023-09-12 07:00:00,22.8,57.9,18.6,9,1,7,0,0,168.09
2023-09-12 08:00:00,26.3,75.7,6.8,9,1,8,0,0,178.5
2023-09-12 09:00:00,25.2,65.1,5.8,9,1,9,0,0,191.9
2023-09-12 10:00:00,28.3,54.6,3.6,9,1,10,0,0,218.69
2023-09-12 11:00:00,29.8,48.3,5.9,9,1,11,0,0,188.94
2023-09-12 12:00:00,28.6,57.9,5.2,9,1,12,0,0,201.99
2023-09-12 13:00:00,27.8,68.0,44.3,9,1,13,0,0,153.45
2023-09-12 14:00:00,26.9,69.9,2.2,9,1,14,0,0,157.38
2023-09-12 15:00:00,27.2,62.4,4.2,9,1,15,0,0,159.83
2023-09-12 16:00:00,24.6,75.1,2.6,9,1,16,0,0,156.1
2023-09-12 17:00:00,25.2,58.3,17.6,9,1,17,0,0,152.25
2023-09-12 18:00:00,23.2,45.0,6.3,9,1,18,0,0,161.35
2023-09-12 19:00:00,19.9,72.3,14.7,9,1,19,0,0,181.16
2023-09-12 20:00:00,21.2,79.7,11.4,9,1,20,0,0,204.01
2023-09-12 21:00:00,18.6,81.1,23.1,9,1,21,0,0,160.51
2023-09-12 22:00:00,17.4,60.9,2.2,9,1,22,0,0,186.06
2023-09-12 23:00:00,16.1,67.6,3.9,9,1,23,0,0,176.69
2023-09-13 00:00:00,17.0,77.3,11.7,9,2,0,0,0,172.85
2023-09-13 01:00:00,18.8,65.6,9.0,9,2,1,0,0,135.03
2023-09-13 02:00:00,19.1,71.3,11.5,9,2,2,0,0,152.04
2023-09-13 03:00:00,18.8,64.8,8.9,9,2,3,0,0,119.68
2023-09-13 04:00:00,20.4,61.1,9.0,9,2,4,0,0,125.37
2023-09-13 05:00:00,22.9,61.4,23.6,9,2,5,0,0,137.27
2023-09-13 06:00:00,21.4,77.0,22.3,9,2,6,0,0,153.7
2023-09-13 07:00:00,20.7,69.7,2.3,9,2,7,0,0,158.22
2023-09-13 08:00:00,26.8,76.8,6.3,9,2,8,0,0,181.27
2023-09-13 09:00:00,24.2,72.1,7.7,9,2,9,0,0,177.71
2023-09-13 10:00:00,24.6,80.5,5.5,9,2,10,0,0,199.94
2023-09-13 11:00:00,22.9,75.1,2.4,9,2,11,0,0,180.8
2023-09-13 12:00:00,27.8,72.2,7.1,9,2,12,0,0,176.42
2023-09-13 13:00:00,23.3,67.4,31.7,9,2,13,0,0,164.45
2023-09-13 14:00:00,24.5,91.8,2.6,9,2,14,0,0,170.47
2023-09-13 15:00:00,26.4,67.7,15.6,9,2,15,0,0,165.44
2023-09-13 16:00:00,25.6,51.4,3.7,9,2,16,0,0,195.05
2023-09-13 17:00:00,21.7,71.3,8.9,9,2,17,0,0,135.26
2023-09-13 18:00:00,21.4,61.4,5.9,9,2,18,0,0,159.42
2023-09-13 19:00:00,18.6,78.8,5.4,9,2,19,0,0,180.14
2023-09-13 20:00:00,18.1,76.8,18.3,9,2,20,0,0,179.9
2023-09-13 21:00:00,18.7,69.1,31.0,9,2,21,0,0,199.64
2023-09-13 22:00:00,16.3,64.7,5.9,9,2,22,0,0,143.72
2023-09-13 23:00:00,16.4,73.0,10.2,9,2,23,0,0,179.98
2023-09-14 00:00:00,13.5,68.1,8.5,9,3,0,0,0,139.81
2023-09-14 01:00:00,18.9,76.9,2.6,9,3,1,0,0,147.47
2023-09-14 02:00:00,18.1,75.4,2.3,9,3,2,0,0,146.49
2023-09-14 03:00:00,19.5,93.8,13.9,9,3,3,0,0,151.45
2023-09-14 04:00:00,21.5,65.7,6.0,9,3,4,0,0,130.46
2023-09-14 05:00:00,18.5,68.3,4.9,9,3,5,0,0,142.73
2023-09-14 06:00:00,20.7,68.4,35.9,9,3,6,0,0,104.81
2023-09-14 07:00:00,18.9,69.7,2.7,9,3,7,0,0,198.14
2023-09-14 08:00:00,30.2,73.1,4.5,9,3,8,0,0,193.4
2023-09-14 09:00:00,24.7,65.5,17.5,9,3,9,0,0,180.46
2023-09-14 10:00:00,27.8,81.9,6.3,9,3,10,0,0,210.95
2023-09-14 11:00:00,23.8,72.8,9.0,9,3,11,0,0,178.56
2023-09-14 12:00:00,28.4,61.9,2.4,9,3,12,0,0,187.22
2023-09-14 13:00:00,,59.1,22.2,9,3,13,0,0,178.02
2023-09-14 14:00:00,25.6,75.5,3.2,9,3,14,0,0,141.74
2023-09-14 15:00:00,22.9,68.8,3.9,9,3,15,0,0,164.92
2023-09-14 16:00:00,23.6,68.3,3.4,9,3,16,0,0,191.34
2023-09-14 17:00:00,18.3,66.1,7.5,9,3,17,0,0,193.83
2023-09-14 18:00:00,21.3,68.8,15.6,9,3,18,0,0,195.22
2023-09-14 19:00:00,21.8,64.0,4.5,9,3,19,0,0,215.93
2023-09-14 20:00:00,18.8,81.5,3.2,9,3,20,0,0,181.42
2023-09-14 21:00:00,17.3,77.1,6.2,9,3,21,0,0,187.93
2023-09-14 22:00:00,18.1,69.5,34.0,9,3,22,0,0,153.17
2023-09-14 23:00:00,17.8,69.6,2.1,9,3,23,0,0,224.66
2023-09-15 00:00:00,12.8,74.3,7.6,9,4,0,0,0,171.63
2023-09-15 01:00:00,16.5,71.7,10.9,9,4,1,0,0,125.28
2023-09-15 02:00:00,21.7,61.5,15.1,9,4,2,0,0,111.73
2023-09-15 03:00:00,15.0,57.3,13.0,9,4,3,0,0,139.79
2023-09-15 04:00:00,18.5,64.4,2.6,9,4,4,0,0,118.32
2023-09-15 05:00:00,23.8,67.1,7.0,9,4,5,0,0,169.63
2023-09-15 06:00:00,23.4,62.4,2.7,9,4,6,0,0,162.29
2023-09-15 07:00:00,21.4,75.8,9.7,9,4,7,0,0,164.69
2023-09-15 08:00:00,24.1,66.1,2.6,9,4,8,0,0,156.11
2023-09-15 09:00:00,24.7,82.6,2.4,9,4,9,0,0,166.84
2023-09-15 10:00:00,24.0,63.5,4.9,9,4,10,0,0,187.78
2023-09-15 11:00:00,25.8,68.2,24.4,9,4,11,0,0,175.51
2023-09-15 12:00:00,25.6,64.9,11.9,9,4,12,0,0,150.71
2023-09-15 13:00:00,26.2,70.4,2.0,9,4,13,0,0,168.57
2023-09-15 14:00:00,24.0,76.5,4.7,9,4,14,0,0,160.35
2023-09-15 15:00:00,22.1,73.8,2.1,9,4,15,0,0,170.22
2023-09-15 16:00:00,23.6,52.0,4.8,9,4,16,0,0,186.16
2023-09-15 17:00:00,25.9,71.1,11.3,9,4,17,0,0,136.32
2023-09-15 18:00:00,,61.3,13.4,9,4,18,0,0,183.07
2023-09-15 19:00:00,19.2,67.9,15.0,9,4,19,0,0,174.66
2023-09-15 20:00:00,20.2,75.4,21.3,9,4,20,0,0,194.16
2023-09-15 21:00:00,17.3,62.4,5.6,9,4,21,0,0,193.66
2023-09-15 22:00:00,20.6,79.0,17.9,9,4,22,0,0,182.03
2023-09-15 23:00:00,16.3,69.0,12.4,9,4,23,0,0,151.9
2023-09-16 00:00:00,17.3,88.7,8.2,9,5,0,1,0,146.09
2023-09-16 01:00:00,14.6,73.3,26.7,9,5,1,1,0,120.91
2023-09-16 02:00:00,17.6,84.9,25.6,9,5,2,1,0,130.77
2023-09-16 03:00:00,17.9,80.6,20.2,9,5,3,1,0,132.19
2023-09-16 04:00:00,18.3,66.0,3.8,9,5,4,1,0,117.56
2023-09-16 05:00:00,18.6,60.3,3.9,9,5,5,1,0,133.07
2023-09-16 06:00:00,,71.1,20.5,9,5,6,1,0,133.6
2023-09-16 07:00:00,22.8,64.0,6.1,9,5,7,1,0,153.42
2023-09-16 08:00:00,24.7,80.3,14.8,9,5,8,1,0,164.79
2023-09-16 09:00:00,24.2,65.9,11.3,9,5,9,1,0,134.12
2023-09-16 10:00:00,25.8,64.7,13.5,9,5,10,1,0,160.41
2023-09-16 11:00:00,25.7,56.0,2.2,9,5,11,1,0,134.68
2023-09-16 12:00:00,26.1,70.3,6.5,9,5,12,1,0,142.43
2023-09-16 13:00:00,25.3,57.9,17.6,9,5,13,1,0,123.98
2023-09-16 14:00:00,25.3,70.9,7.4,9,5,14,1,0,143.53
2023-09-16 15:00:00,29.8,69.7,11.4,9,5,15,1,0,140.2
2023-09-16 16:00:00,24.0,62.0,13.3,9,5,16,1,0,126.33
2023-09-16 17:00:00,23.5,75.9,3.0,9,5,17,1,0,159.85
2023-09-16 18:00:00,21.8,66.9,3.4,9,5,18,1,0,165.87
2023-09-16 19:00:00,19.1,58.7,12.3,9,5,19,1,0,163.02
2023-09-16 20:00:00,21.0,81.9,2.4,9,5,20,1,0,184.83
2023-09-16 21:00:00,16.8,64.2,5.3,9,5,21,1,0,178.38
2023-09-16 22:00:00,18.7,74.7,22.0,9,5,22,1,0,177.89
2023-09-16 23:00:00,15.4,75.7,8.8,9,5,23,1,0,149.02
2023-09-17 00:00:00,13.7,76.3,21.3,9,6,0,1,0,121.57
2023-09-17 01:00:00,16.5,74.7,5.0,9,6,1,1,0,128.29
2023-09-17 02:00:00,14.1,65.2,10.1,9,6,2,1,0,108.19
2023-09-17 03:00:00,18.2,84.4,4.7,9,6,3,1,0,111.17
2023-09-17 04:00:00,15.8,79.8,2.9,9,6,4,1,0,131.64
2023-09-17 05:00:00,18.7,74.4,39.4,9,6,5,1,0,96.9
2023-09-17 06:00:00,17.8,60.4,3.6,9,6,6,1,0,124.95
2023-09-17 07:00:00,27.6,58.4,3.7,9,6,7,1,0,136.42
2023-09-17 08:00:00,19.8,75.3,16.8,9,6,8,1,0,136.21
2023-09-17 09:00:00,24.2,51.9,15.0,9,6,9,1,0,129.09
2023-09-17 10:00:00,27.3,69.1,32.5,9,6,10,1,0,166.55
2023-09-17 11:00:00,27.5,55.6,2.6,9,6,11,1,0,180.09
2023-09-17 12:00:00,27.3,59.4,2.8,9,6,12,1,0,166.05
2023-09-17 13:00:00,24.8,56.3,6.8,9,6,13,1,0,149.49
2023-09-17 14:00:00,27.7,68.1,9.2,9,6,14,1,0,132.18
2023-09-17 15:00:00,26.0,75.9,2.3,9,6,15,1,0,141.34
2023-09-17 16:00:00,23.6,71.0,3.4,9,6,16,1,0,124.28
2023-09-17 17:00:00,22.4,72.5,11.7,9,6,17,1,0,136.95
2023-09-17 18:00:00,20.0,71.3,10.8,9,6,18,1,0,150.53
2023-09-17 19:00:00,17.5,76.7,2.8,9,6,19,1,0,151.15
2023-09-17 20:00:00,20.6,73.4,23.5,9,6,20,1,0,162.75
2023-09-17 21:00:00,19.7,48.4,4.4,9,6,21,1,0,150.97
2023-09-17 22:00:00,14.5,80.0,19.5,9,6,22,1,0,166.39
2023-09-17 23:00:00,15.5,78.7,22.5,9,6,23,1,0,142.34
2023-09-18 00:00:00,15.1,69.6,7.4,9,0,0,0,0,162.78
2023-09-18 01:00:00,15.5,56.5,6.2,9,0,1,0,0,157.74
2023-09-18 02:00:00,16.2,73.8,4.6,9,0,2,0,0,126.86
2023-09-18 03:00:00,18.7,73.2,15.2,9,0,3,0,0,127.3
2023-09-18 04:00:00,16.4,68.3,3.8,9,0,4,0,0,134.43
2023-09-18 05:00:00,17.4,72.8,9.8,9,0,5,0,0,164.1
2023-09-18 06:00:00,22.9,77.1,8.7,9,0,6,0,0,177.01
2023-09-18 07:00:00,20.8,88.8,4.3,9,0,7,0,0,167.55
2023-09-18 08:00:00,20.4,71.0,34.6,9,0,8,0,0,163.05
2023-09-18 09:00:00,23.0,71.2,17.0,9,0,9,0,0,152.24
2023-09-18 10:00:00,24.1,61.4,2.2,9,0,10,0,0,187.89
2023-09-18 11:00:00,28.3,61.8,6.4,9,0,11,0,0,182.95
2023-09-18 12:00:00,27.2,65.3,5.6,9,0,12,0,0,197.25
2023-09-18 13:00:00,27.5,75.7,19.2,9,0,13,0,0,162.13
2023-09-18 14:00:00,26.4,73.4,4.5,9,0,14,0,0,151.73
2023-09-18 15:00:00,25.8,82.5,50.0,9,0,15,0,0,121.33
2023-09-18 16:00:00,21.5,57.3,3.8,9,0,16,0,0,158.83
2023-09-18 17:00:00,21.3,58.8,4.2,9,0,17,0,0,155.54
2023-09-18 18:00:00,18.4,79.6,10.8,9,0,18,0,0,199.25
2023-09-18 19:00:00,18.7,82.3,3.4,9,0,19,0,0,205.54
2023-09-18 20:00:00,19.3,70.6,19.6,9,0,20,0,0,186.77
2023-09-18 21:00:00,17.1,35.7,2.9,9,0,21,0,0,194.91
2023-09-18 22:00:00,18.7,64.7,34.7,9,0,22,0,0,190.2
2023-09-18 23:00:00,13.3,76.0,18.6,9,0,23,0,0,163.13
2023-09-19 00:00:00,16.1,64.7,16.6,9,1,0,0,0,138.7
2023-09-19 01:00:00,12.8,75.1,6.2,9,1,1,0,0,192.57
2023-09-19 02:00:00,16.0,87.2,7.8,9,1,2,0,0,137.36
2023-09-19 03:00:00,18.1,82.4,6.9,9,1,3,0,0,150.13
2023-09-19 04:00:00,,77.9,37.0,9,1,4,0,0,146.11
2023-09-19 05:00:00,19.9,69.5,2.3,9,1,5,0,0,144.73
2023-09-19 06:00:00,18.2,66.9,5.8,9,1,6,0,0,163.66
2023-09-19 07:00:00,18.1,77.0,29.6,9,1,7,0,0,149.72
2023-09-19 08:00:00,23.7,68.3,5.7,9,1,8,0,0,197.98
2023-09-19 09:00:00,27.2,66.9,6.1,9,1,9,0,0,178.3
2023-09-19 10:00:00,22.5,56.4,10.0,9,1,10,0,0,162.61
2023-09-19 11:00:00,27.4,60.6,21.0,9,1,11,0,0,189.76
2023-09-19 12:00:00,25.2,73.4,4.8,9,1,12,0,0,186.07
2023-09-19 13:00:00,22.3,60.0,25.6,9,1,13,0,0,152.3
2023-09-19 14:00:00,22.2,71.0,4.7,9,1,14,0,0,158.99
2023-09-19 15:00:00,23.7,71.5,15.5,9,1,15,0,0,145.03
2023-09-19 16:00:00,21.8,72.9,4.6,9,1,16,0,0,149.3
2023-09-19 17:00:00,18.8,75.1,2.6,9,1,17,0,0,162.75
2023-09-19 18:00:00,16.7,76.7,15.4,9,1,18,0,0,186.18
2023-09-19 19:00:00,17.1,66.4,6.8,9,1,19,0,0,189.64
2023-09-19 20:00:00,18.0,59.3,6.0,9,1,20,0,0,171.39
2023-09-19 21:00:00,16.6,64.7,6.5,9,1,21,0,0,187.5
2023-09-19 22:00:00,14.8,78.4,9.6,9,1,22,0,0,187.79
2023-09-19 23:00:00,15.7,62.5,4.4,9,1,23,0,0,182.09
2023-09-20 00:00:00,17.0,63.2,4.2,9,2,0,0,0,156.14
2023-09-20 01:00:00,15.8,63.7,7.3,9,2,1,0,0,174.19
2023-09-20 02:00:00,15.3,57.6,2.3,9,2,2,0,0,130.03
2023-09-20 03:00:00,18.2,61.7,10.2,9,2,3,0,0,140.39
2023-09-20 04:00:00,15.5,80.3,15.8,9,2,4,0,0,154.09
2023-09-20 05:00:00,18.1,65.2,12.4,9,2,5,0,0,145.49
2023-09-20 06:00:00,19.5,56.3,7.1,9,2,6,0,0,143.06
2023-09-20 07:00:00,18.7,66.6,8.7,9,2,7,0,0,150.15
2023-09-20 08:00:00,21.5,73.3,2.2,9,2,8,0,0,172.65
2023-09-20 09:00:00,19.3,55.7,21.5,9,2,9,0,0,142.3
2023-09-20 10:00:00,28.0,73.6,8.5,9,2,10,0,0,177.99
2023-09-20 11:00:00,22.8,57.1,5.0,9,2,11,0,0,161.61
2023-09-20 12:00:00,28.0,62.8,4.8,9,2,12,0,0,186.35
2023-09-20 13:00:00,24.8,64.3,10.6,9,2,13,0,0,170.13
2023-09-20 14:00:00,25.3,62.8,9.0,9,2,14,0,0,140.54
2023-09-20 15:00:00,22.4,68.3,3.7,9,2,15,0,0,137.16
2023-09-20 16:00:00,22.8,74.8,6.2,9,2,16,0,0,138.29
2023-09-20 17:00:00,22.5,68.4,11.0,9,2,17,0,0,177.79
2023-09-20 18:00:00,21.2,64.6,4.8,9,2,18,0,0,190.11
2023-09-20 19:00:00,20.1,73.6,7.7,9,2,19,0,0,199.15
2023-09-20 20:00:00,16.6,73.3,4.4,9,2,20,0,0,224.57
2023-09-20 21:00:00,15.4,67.0,2.6,9,2,21,0,0,226.73
2023-09-20 22:00:00,12.4,74.2,5.9,9,2,22,0,0,186.91
2023-09-20 23:00:00,16.1,65.9,12.5,9,2,23,0,0,164.32
2023-09-21 00:00:00,16.8,64.7,3.9,9,3,0,0,0,164.47
2023-09-21 01:00:00,18.0,77.4,13.2,9,3,1,0,0,102.04
2023-09-21 02:00:00,15.9,75.6,10.9,9,3,2,0,0,140.18
2023-09-21 03:00:00,14.5,78.9,7.7,9,3,3,0,0,163.24
2023-09-21 04:00:00,13.7,78.2,30.5,9,3,4,0,0,137.84
2023-09-21 05:00:00,20.4,62.7,19.2,9,3,5,0,0,145.02
2023-09-21 06:00:00,16.0,80.0,8.6,9,3,6,0,0,131.19
2023-09-21 07:00:00,20.2,67.5,8.5,9,3,7,0,0,163.07
2023-09-21 08:00:00,21.7,76.6,4.6,9,3,8,0,0,166.11
2023-09-21 09:00:00,23.0,67.5,22.2,9,3,9,0,0,167.26
2023-09-21 10:00:00,24.0,70.5,20.1,9,3,10,0,0,162.85
2023-09-21 11:00:00,24.7,70.4,12.8,9,3,11,0,0,202.0
2023-09-21 12:00:00,19.8,76.6,3.1,9,3,12,0,0,176.91
2023-09-21 13:00:00,24.5,54.7,11.7,9,3,13,0,0,159.08
2023-09-21 14:00:00,19.5,57.6,4.3,9,3,14,0,0,187.14
2023-09-21 15:00:00,24.6,73.1,3.7,9,3,15,0,0,145.99
2023-09-21 16:00:00,21.0,72.3,13.4,9,3,16,0,0,158.1
2023-09-21 17:00:00,16.6,65.5,27.7,9,3,17,0,0,150.94
2023-09-21 18:00:00,18.0,73.9,2.9,9,3,18,0,0,173.07
2023-09-21 19:00:00,17.2,60.1,3.4,9,3,19,0,0,197.06
2023-09-21 20:00:00,19.5,96.4,4.0,9,3,20,0,0,199.26
2023-09-21 21:00:00,16.5,82.3,28.4,9,3,21,0,0,218.12
2023-09-21 22:00:00,16.0,77.0,11.5,9,3,22,0,0,212.41
2023-09-21 23:00:00,17.1,72.0,11.1,9,3,23,0,0,167.51
2023-09-22 00:00:00,14.2,68.0,7.6,9,4,0,0,0,137.33
2023-09-22 01:00:00,16.0,61.5,8.2,9,4,1,0,0,141.77
2023-09-22 02:00:00,16.4,70.9,4.7,9,4,2,0,0,159.83
2023-09-22 03:00:00,13.2,66.5,3.3,9,4,3,0,0,139.2
2023-09-22 04:00:00,19.8,63.7,14.1,9,4,4,0,0,155.01
2023-09-22 05:00:00,15.2,61.1,7.1,9,4,5,0,0,159.17
2023-09-22 06:00:00,21.2,71.4,4.4,9,4,6,0,0,134.41
2023-09-22 07:00:00,17.6,68.2,10.0,9,4,7,0,0,152.39
2023-09-22 08:00:00,23.1,72.8,3.9,9,4,8,0,0,164.7
2023-09-22 09:00:00,26.6,70.3,7.4,9,4,9,0,0,171.91
2023-09-22 10:00:00,23.3,70.2,3.7,9,4,10,0,0,167.39
2023-09-22 11:00:00,23.7,89.4,13.4,9,4,11,0,0,173.67
2023-09-22 12:00:00,25.6,73.8,5.1,9,4,12,0,0,170.29
2023-09-22 13:00:00,23.5,58.2,6.7,9,4,13,0,0,179.01
2023-09-22 14:00:00,27.3,70.0,13.2,9,4,14,0,0,167.54
2023-09-22 15:00:00,23.3,67.9,10.6,9,4,15,0,0,161.02
2023-09-22 16:00:00,21.2,58.7,6.1,9,4,16,0,0,160.7
2023-09-22 17:00:00,19.6,58.8,2.6,9,4,17,0,0,153.95
2023-09-22 18:00:00,17.5,74.9,22.4,9,4,18,0,0,192.85
2023-09-22 19:00:00,16.8,77.2,2.1,9,4,19,0,0,192.65
2023-09-22 20:00:00,16.2,63.6,12.6,9,4,20,0,0,191.27
2023-09-22 21:00:00,14.8,80.3,25.3,9,4,21,0,0,200.26
2023-09-22 22:00:00,13.7,75.4,4.9,9,4,22,0,0,234.11
2023-09-22 23:00:00,18.7,80.2,2.6,9,4,23,0,0,164.94
2023-09-23 00:00:00,12.0,82.7,4.3,9,5,0,1,0,126.54
2023-09-23 01:00:00,14.6,71.5,5.0,9,5,1,1,0,134.98
2023-09-23 02:00:00,16.0,85.1,6.8,9,5,2,1,0,133.9
2023-09-23 03:00:00,16.8,62.6,8.0,9,5,3,1,0,105.05
2023-09-23 04:00:00,16.5,90.9,12.3,9,5,4,1,0,112.49
2023-09-23 05:00:00,17.3,64.3,20.5,9,5,5,1,0,94.64
2023-09-23 06:00:00,20.0,69.6,7.0,9,5,6,1,0,131.01
2023-09-23 07:00:00,20.9,65.0,13.0,9,5,7,1,0,159.5
2023-09-23 08:00:00,21.1,66.4,3.1,9,5,8,1,0,171.61
2023-09-23 09:00:00,19.5,93.6,5.2,9,5,9,1,0,167.81
2023-09-23 10:00:00,22.5,65.1,3.0,9,5,10,1,0,151.79
2023-09-23 11:00:00,21.6,76.0,11.4,9,5,11,1,0,159.32
2023-09-23 12:00:00,22.8,66.7,21.1,9,5,12,1,0,132.97
2023-09-23 13:00:00,24.0,75.5,19.6,9,5,13,1,0,124.06
2023-09-23 14:00:00,24.1,63.6,5.2,9,5,14,1,0,134.59
2023-09-23 15:00:00,26.2,69.0,4.1,9,5,15,1,0,155.26
2023-09-23 16:00:00,20.5,74.8,4.6,9,5,16,1,0,133.6
2023-09-23 17:00:00,21.9,63.3,4.7,9,5,17,1,0,136.66
2023-09-23 18:00:00,19.7,92.2,2.7,9,5,18,1,0,157.93
2023-09-23 19:00:00,20.4,75.3,3.1,9,5,19,1,0,178.84
2023-09-23 20:00:00,17.7,69.3,3.9,9,5,20,1,0,186.13
2023-09-23 21:00:00,13.5,67.6,2.1,9,5,21,1,0,166.29
2023-09-23 22:00:00,11.3,75.1,2.4,9,5,22,1,0,181.45
2023-09-23 23:00:00,14.9,62.8,11.6,9,5,23,1,0,165.27
2023-09-24 00:00:00,12.8,87.9,9.7,9,6,0,1,0,141.23
2023-09-24 01:00:00,12.0,77.4,25.3,9,6,1,1,0,154.11
2023-09-24 02:00:00,12.0,73.3,6.1,9,6,2,1,0,146.73
2023-09-24 03:00:00,15.6,80.6,6.7,9,6,3,1,0,147.39
2023-09-24 04:00:00,19.4,64.6,2.6,9,6,4,1,0,107.85
2023-09-24 05:00:00,16.7,62.4,3.3,9,6,5,1,0,133.72
2023-09-24 06:00:00,20.0,68.9,11.4,9,6,6,1,0,134.52
2023-09-24 07:00:00,19.9,71.1,4.1,9,6,7,1,0,153.51
2023-09-24 08:00:00,18.8,74.9,13.9,9,6,8,1,0,150.76
2023-09-24 09:00:00,23.8,56.3,11.8,9,6,9,1,0,164.79
2023-09-24 10:00:00,21.0,65.9,13.0,9,6,10,1,0,144.01
2023-09-24 11:00:00,23.7,43.5,11.4,9,6,11,1,0,143.72
2023-09-24 12:00:00,23.2,59.0,11.8,9,6,12,1,0,117.99
2023-09-24 13:00:00,25.5,73.0,8.3,9,6,13,1,0,136.5
2023-09-24 14:00:00,21.1,77.2,11.1,9,6,14,1,0,119.58
2023-09-24 15:00:00,23.2,59.3,8.0,9,6,15,1,0,132.17
2023-09-24 16:00:00,19.7,67.6,3.8,9,6,16,1,0,150.26
2023-09-24 17:00:00,19.1,70.6,4.0,9,6,17,1,0,152.82
2023-09-24 18:00:00,,82.8,6.2,9,6,18,1,0,194.95
2023-09-24 19:00:00,21.7,81.4,2.1,9,6,19,1,0,170.11
2023-09-24 20:00:00,17.4,72.5,19.6,9,6,20,1,0,165.03
2023-09-24 21:00:00,13.8,71.0,4.5,9,6,21,1,0,163.7
2023-09-24 22:00:00,12.3,62.3,2.4,9,6,22,1,0,146.6
2023-09-24 23:00:00,13.0,74.4,6.4,9,6,23,1,0,139.63
2023-09-25 00:00:00,15.0,89.1,15.5,9,0,0,0,0,149.72
2023-09-25 01:00:00,10.0,85.3,6.1,9,0,1,0,0,195.32
2023-09-25 02:00:00,14.0,74.4,4.4,9,0,2,0,0,135.16
2023-09-25 03:00:00,18.6,73.1,8.3,9,0,3,0,0,123.44
2023-09-25 04:00:00,13.8,67.6,8.8,9,0,4,0,0,143.24
2023-09-25 05:00:00,17.4,68.4,13.4,9,0,5,0,0,162.52
2023-09-25 06:00:00,23.0,69.7,14.9,9,0,6,0,0,145.71
2023-09-25 07:00:00,21.1,70.6,11.8,9,0,7,0,0,159.53
2023-09-25 08:00:00,21.3,77.4,2.0,9,0,8,0,0,180.8
2023-09-25 09:00:00,23.1,76.1,2.0,9,0,9,0,0,204.33
2023-09-25 10:00:00,22.1,73.1,32.3,9,0,10,0,0,171.98
2023-09-25 11:00:00,26.0,59.0,4.5,9,0,11,0,0,154.49
2023-09-25 12:00:00,22.8,60.9,4.7,9,0,12,0,0,171.21
2023-09-25 13:00:00,19.5,63.2,12.5,9,0,13,0,0,180.68
2023-09-25 14:00:00,22.1,70.8,9.0,9,0,14,0,0,165.88
2023-09-25 15:00:00,20.2,53.7,7.0,9,0,15,0,0,154.74
2023-09-25 16:00:00,20.5,69.7,3.0,9,0,16,0,0,166.01
2023-09-25 17:00:00,19.4,81.6,2.7,9,0,17,0,0,145.38
2023-09-25 18:00:00,21.0,74.8,11.7,9,0,18,0,0,146.47
2023-09-25 19:00:00,18.7,67.9,3.1,9,0,19,0,0,205.3
2023-09-25 20:00:00,16.6,66.1,6.6,9,0,20,0,0,218.1
2023-09-25 21:00:00,15.0,78.9,12.7,9,0,21,0,0,190.31
2023-09-25 22:00:00,12.1,76.4,22.5,9,0,22,0,0,198.14
2023-09-25 23:00:00,9.4,73.3,18.5,9,0,23,0,0,209.78
2023-09-26 00:00:00,13.6,68.5,18.0,9,1,0,0,0,182.82
2023-09-26 01:00:00,15.1,73.1,5.6,9,1,1,0,0,152.77
2023-09-26 02:00:00,13.8,70.7,23.0,9,1,2,0,0,155.05
2023-09-26 03:00:00,13.7,79.4,11.2,9,1,3,0,0,180.32
2023-09-26 04:00:00,16.8,81.6,19.4,9,1,4,0,0,135.12
2023-09-26 05:00:00,16.9,60.6,2.7,9,1,5,0,0,148.57
2023-09-26 06:00:00,21.7,59.3,2.3,9,1,6,0,0,132.65
2023-09-26 07:00:00,22.1,79.7,6.5,9,1,7,0,0,146.88
2023-09-26 08:00:00,22.7,70.0,16.1,9,1,8,0,0,178.53
2023-09-26 09:00:00,23.4,59.3,6.2,9,1,9,0,0,194.31
2023-09-26 10:00:00,20.1,77.8,19.3,9,1,10,0,0,197.05
2023-09-26 11:00:00,24.5,70.5,4.1,9,1,11,0,0,166.59
2023-09-26 12:00:00,24.1,85.6,2.3,9,1,12,0,0,175.72
2023-09-26 13:00:00,24.4,65.9,13.5,9,1,13,0,0,166.46
2023-09-26 14:00:00,23.6,77.0,9.9,9,1,14,0,0,124.21
2023-09-26 15:00:00,22.8,57.0,6.6,9,1,15,0,0,158.86
2023-09-26 16:00:00,26.2,78.1,16.9,9,1,16,0,0,188.37
2023-09-26 17:00:00,19.5,77.8,15.9,9,1,17,0,0,182.1
2023-09-26 18:00:00,20.2,82.7,5.1,9,1,18,0,0,146.18
2023-09-26 19:00:00,16.1,80.8,16.6,9,1,19,0,0,200.97
2023-09-26 20:00:00,17.4,70.5,5.4,9,1,20,0,0,201.97
2023-09-26 21:00:00,16.7,62.3,9.8,9,1,21,0,0,195.28
2023-09-26 22:00:00,14.7,67.8,3.7,9,1,22,0,0,192.6
2023-09-26 23:00:00,16.8,57.5,4.5,9,1,23,0,0,164.78
2023-09-27 00:00:00,11.3,67.0,6.8,9,2,0,0,0,138.97
2023-09-27 01:00:00,12.3,77.3,5.0,9,2,1,0,0,171.9
2023-09-27 02:00:00,14.2,72.5,3.1,9,2,2,0,0,162.33
2023-09-27 03:00:00,16.3,70.1,7.3,9,2,3,0,0,132.26
2023-09-27 04:00:00,15.9,65.7,7.7,9,2,4,0,0,161.62
2023-09-27 05:00:00,19.3,56.1,3.4,9,2,5,0,0,116.5
2023-09-27 06:00:00,16.7,73.1,3.5,9,2,6,0,0,133.75
2023-09-27 07:00:00,17.1,74.5,2.2,9,2,7,0,0,170.58
2023-09-27 08:00:00,21.2,61.5,2.2,9,2,8,0,0,159.58
2023-09-27 09:00:00,21.4,65.0,5.6,9,2,9,0,0,192.63
2023-09-27 10:00:00,23.5,80.6,3.3,9,2,10,0,0,181.64
2023-09-27 11:00:00,22.8,77.9,22.1,9,2,11,0,0,194.32
2023-09-27 12:00:00,22.4,56.9,3.8,9,2,12,0,0,157.61
2023-09-27 13:00:00,22.7,67.9,2.5,9,2,13,0,0,166.23
2023-09-27 14:00:00,22.5,80.4,6.1,9,2,14,0,0,130.84
2023-09-27 15:00:00,21.0,67.8,3.7,9,2,15,0,0,156.01
2023-09-27 16:00:00,20.2,67.8,2.5,9,2,16,0,0,161.76
2023-09-27 17:00:00,18.6,79.5,13.2,9,2,17,0,0,186.41
2023-09-27 18:00:00,19.8,78.0,8.5,9,2,18,0,0,156.98
2023-09-27 19:00:00,17.2,78.9,2.5,9,2,19,0,0,194.34
2023-09-27 20:00:00,20.1,67.9,7.0,9,2,20,0,0,214.55
2023-09-27 21:00:00,14.9,77.9,2.3,9,2,21,0,0,229.05
2023-09-27 22:00:00,12.6,85.6,5.5,9,2,22,0,0,191.6
2023-09-27 23:00:00,18.6,70.3,5.6,9,2,23,0,0,158.91
2023-09-28 00:00:00,13.6,70.0,15.9,9,3,0,0,0,133.54
2023-09-28 01:00:00,15.0,82.4,12.6,9,3,1,0,0,121.79
2023-09-28 02:00:00,14.7,89.0,20.2,9,3,2,0,0,141.59
2023-09-28 03:00:00,15.5,89.2,3.2,9,3,3,0,0,141.01
2023-09-28 04:00:00,16.4,68.8,8.1,9,3,4,0,0,173.08
2023-09-28 05:00:00,14.3,70.7,2.2,9,3,5,0,0,164.28
2023-09-28 06:00:00,18.5,62.5,16.0,9,3,6,0,0,143.18
2023-09-28 07:00:00,16.5,72.7,5.7,9,3,7,0,0,178.54
2023-09-28 08:00:00,20.0,61.4,2.6,9,3,8,0,0,185.92
2023-09-28 09:00:00,19.9,65.8,5.1,9,3,9,0,0,197.74
2023-09-28 10:00:00,22.9,74.2,4.7,9,3,10,0,0,188.94
2023-09-28 11:00:00,23.3,71.5,13.6,9,3,11,0,0,176.17
2023-09-28 12:00:00,23.8,53.6,3.1,9,3,12,0,0,170.92
2023-09-28 13:00:00,23.2,81.0,8.5,9,3,13,0,0,164.36
2023-09-28 14:00:00,20.9,60.8,14.6,9,3,14,0,0,142.79
2023-09-28 15:00:00,20.8,61.9,12.8,9,3,15,0,0,166.26
2023-09-28 16:00:00,22.2,59.0,24.0,9,3,16,0,0,143.57
2023-09-28 17:00:00,21.2,64.1,2.0,9,3,17,0,0,151.2
2023-09-28 18:00:00,15.5,65.1,5.5,9,3,18,0,0,186.85
2023-09-28 19:00:00,13.5,66.3,5.7,9,3,19,0,0,216.34
2023-09-28 20:00:00,13.9,53.4,2.3,9,3,20,0,0,184.6
2023-09-28 21:00:00,16.4,72.9,15.6,9,3,21,0,0,188.25
2023-09-28 22:00:00,15.9,73.9,11.3,9,3,22,0,0,172.99
2023-09-28 23:00:00,11.1,92.4,8.0,9,3,23,0,0,233.96
2023-09-29 00:00:00,13.2,77.3,6.2,9,4,0,0,0,169.48
2023-09-29 01:00:00,16.4,67.8,20.1,9,4,1,0,0,164.32
2023-09-29 02:00:00,14.1,63.4,4.5,9,4,2,0,0,153.57
2023-09-29 03:00:00,16.9,70.8,5.3,9,4,3,0,0,145.27
2023-09-29 04:00:00,17.1,75.1,26.4,9,4,4,0,0,132.19
2023-09-29 05:00:00,14.4,68.8,2.5,9,4,5,0,0,154.48
2023-09-29 06:00:00,17.2,71.9,14.1,9,4,6,0,0,151.77
2023-09-29 07:00:00,18.9,85.7,12.1,9,4,7,0,0,154.19
2023-09-29 08:00:00,20.3,66.8,20.6,9,4,8,0,0,162.65
2023-09-29 09:00:00,22.9,53.4,2.8,9,4,9,0,0,151.76
2023-09-29 10:00:00,22.7,75.6,30.2,9,4,10,0,0,175.29
2023-09-29 11:00:00,16.5,74.3,2.2,9,4,11,0,0,172.08
2023-09-29 12:00:00,19.9,56.4,5.3,9,4,12,0,0,169.95
2023-09-29 13:00:00,18.0,74.4,2.7,9,4,13,0,0,174.59
2023-09-29 14:00:00,22.2,60.9,2.4,9,4,14,0,0,177.83
2023-09-29 15:00:00,21.6,72.7,28.8,9,4,15,0,0,150.32
2023-09-29 16:00:00,20.6,84.9,12.2,9,4,16,0,0,156.62
2023-09-29 17:00:00,16.9,70.1,7.6,9,4,17,0,0,162.25
2023-09-29 18:00:00,18.9,79.2,2.9,9,4,18,0,0,194.71
2023-09-29 19:00:00,17.7,61.3,8.0,9,4,19,0,0,187.86
2023-09-29 20:00:00,12.5,61.6,5.1,9,4,20,0,0,201.98
2023-09-29 21:00:00,11.1,90.6,4.5,9,4,21,0,0,227.27
2023-09-29 22:00:00,13.2,75.8,9.7,9,4,22,0,0,168.55
2023-09-29 23:00:00,16.3,76.9,14.5,9,4,23,0,0,173.1
2023-09-30 00:00:00,15.7,81.4,6.7,9,5,0,1,0,122.78
2023-09-30 01:00:00,13.6,69.0,7.4,9,5,1,1,0,127.59
2023-09-30 02:00:00,11.5,80.8,10.4,9,5,2,1,0,168.8
2023-09-30 03:00:00,15.5,77.6,3.1,9,5,3,1,0,114.97
2023-09-30 04:00:00,13.9,62.7,16.1,9,5,4,1,0,131.69
2023-09-30 05:00:00,14.5,84.9,16.5,9,5,5,1,0,146.29
2023-09-30 06:00:00,13.0,83.9,8.2,9,5,6,1,0,161.62
2023-09-30 07:00:00,18.8,60.3,3.7,9,5,7,1,0,141.42
2023-09-30 08:00:00,18.5,72.3,7.6,9,5,8,1,0,131.61
2023-09-30 09:00:00,21.0,67.6,2.9,9,5,9,1,0,145.57
2023-09-30 10:00:00,17.0,82.8,13.5,9,5,10,1,0,146.72
2023-09-30 11:00:00,22.5,57.5,5.0,9,5,11,1,0,146.0
2023-09-30 12:00:00,17.4,100.0,5.0,9,5,12,1,0,155.81
2023-09-30 13:00:00,24.3,66.4,25.2,9,5,13,1,0,114.78
2023-09-30 14:00:00,22.7,74.6,6.4,9,5,14,1,0,142.01
2023-09-30 15:00:00,20.3,81.0,14.5,9,5,15,1,0,123.47
2023-09-30 16:00:00,20.9,68.0,10.1,9,5,16,1,0,125.93
2023-09-30 17:00:00,16.6,70.8,5.0,9,5,17,1,0,125.41
2023-09-30 18:00:00,17.4,67.3,3.1,9,5,18,1,0,159.14
2023-09-30 19:00:00,17.6,64.1,14.8,9,5,19,1,0,160.57
2023-09-30 20:00:00,8.6,77.9,13.5,9,5,20,1,0,202.41
2023-09-30 21:00:00,12.9,72.5,3.5,9,5,21,1,0,191.84
2023-09-30 22:00:00,12.9,69.5,4.3,9,5,22,1,0,175.31
2023-09-30 23:00:00,12.1,70.4,13.6,9,5,23,1,0,170.69
2023-10-01 00:00:00,15.0,77.1,34.9,10,6,0,1,0,131.06
2023-10-01 01:00:00,10.0,68.6,16.8,10,6,1,1,0,156.93
2023-10-01 02:00:00,11.5,72.3,11.2,10,6,2,1,0,161.15
2023-10-01 03:00:00,9.7,82.3,21.8,10,6,3,1,0,143.75
2023-10-01 04:00:00,17.6,73.2,4.7,10,6,4,1,0,103.01
2023-10-01 05:00:00,15.3,64.0,2.1,10,6,5,1,0,122.24
2023-10-01 06:00:00,16.2,71.7,5.1,10,6,6,1,0,128.97
2023-10-01 07:00:00,18.2,74.4,30.6,10,6,7,1,0,113.79
2023-10-01 08:00:00,20.8,77.5,19.1,10,6,8,1,0,103.67
2023-10-01 09:00:00,21.3,63.3,2.4,10,6,9,1,0,157.64
2023-10-01 10:00:00,26.7,62.2,7.6,10,6,10,1,0,160.8
2023-10-01 11:00:00,22.8,63.0,2.7,10,6,11,1,0,182.92
2023-10-01 12:00:00,21.1,64.3,14.4,10,6,12,1,0,168.22
2023-10-01 13:00:00,20.8,72.9,5.7,10,6,13,1,0,149.4
2023-10-01 14:00:00,20.6,74.5,21.4,10,6,14,1,0,135.06
2023-10-01 15:00:00,17.6,79.6,2.4,10,6,15,1,0,128.17
2023-10-01 16:00:00,19.6,69.5,12.6,10,6,16,1,0,134.52
2023-10-01 17:00:00,19.9,58.8,6.1,10,6,17,1,0,137.0
2023-10-01 18:00:00,15.8,77.4,4.5,10,6,18,1,0,166.98
2023-10-01 19:00:00,14.1,74.2,7.8,10,6,19,1,0,167.55
2023-10-01 20:00:00,17.6,71.7,7.3,10,6,20,1,0,179.02
2023-10-01 21:00:00,10.7,,5.4,10,6,21,1,0,173.51
2023-10-01 22:00:00,8.6,74.1,10.4,10,6,22,1,0,241.85
2023-10-01 23:00:00,9.9,65.5,10.7,10,6,23,1,0,195.52
2023-10-02 00:00:00,8.7,79.5,2.6,10,0,0,0,1,185.06
2023-10-02 01:00:00,12.7,70.2,9.2,10,0,1,0,1,111.61
2023-10-02 02:00:00,11.7,70.0,11.9,10,0,2,0,1,104.37
2023-10-02 03:00:00,12.8,61.3,2.6,10,0,3,0,1,127.32
2023-10-02 04:00:00,16.6,79.9,10.6,10,0,4,0,1,109.07
2023-10-02 05:00:00,14.1,70.9,15.0,10,0,5,0,1,151.17
2023-10-02 06:00:00,18.3,71.5,16.3,10,0,6,0,1,128.64
2023-10-02 07:00:00,21.1,63.6,2.3,10,0,7,0,1,129.51
2023-10-02 08:00:00,18.4,57.6,11.6,10,0,8,0,1,159.28
2023-10-02 09:00:00,21.8,64.8,14.8,10,0,9,0,1,146.07
2023-10-02 10:00:00,20.6,66.7,6.0,10,0,10,0,1,155.84
2023-10-02 11:00:00,23.5,70.6,8.3,10,0,11,0,1,164.7
2023-10-02 12:00:00,18.7,67.8,4.5,10,0,12,0,1,133.96
2023-10-02 13:00:00,18.3,65.1,5.0,10,0,13,0,1,150.5
2023-10-02 14:00:00,20.3,57.8,7.6,10,0,14,0,1,132.23
2023-10-02 15:00:00,18.6,71.1,3.3,10,0,15,0,1,116.91
2023-10-02 16:00:00,18.3,64.5,5.7,10,0,16,0,1,160.1
2023-10-02 17:00:00,17.7,81.7,4.9,10,0,17,0,1,138.0
2023-10-02 18:00:00,18.2,72.1,4.2,10,0,18,0,1,127.83
2023-10-02 19:00:00,14.7,77.2,7.3,10,0,19,0,1,161.5
2023-10-02 20:00:00,12.6,71.7,16.6,10,0,20,0,1,164.53
2023-10-02 21:00:00,12.6,75.3,4.2,10,0,21,0,1,186.01
2023-10-02 22:00:00,10.9,67.4,10.6,10,0,22,0,1,199.15
2023-10-02 23:00:00,10.1,65.5,4.3,10,0,23,0,1,174.61
2023-10-03 00:00:00,8.3,76.0,3.2,10,1,0,0,0,220.26
2023-10-03 01:00:00,11.9,78.6,25.0,10,1,1,0,0,175.71
2023-10-03 02:00:00,11.1,58.9,10.0,10,1,2,0,0,119.84
2023-10-03 03:00:00,14.9,68.5,2.9,10,1,3,0,0,160.13
2023-10-03 04:00:00,11.2,89.2,10.0,10,1,4,0,0,160.14
2023-10-03 05:00:00,14.2,76.8,3.6,10,1,5,0,0,168.47
2023-10-03 06:00:00,20.2,82.2,19.5,10,1,6,0,0,147.45
2023-10-03 07:00:00,16.0,66.9,4.3,10,1,7,0,0,210.89
2023-10-03 08:00:00,18.6,67.1,15.2,10,1,8,0,0,174.33
2023-10-03 09:00:00,17.6,78.9,3.8,10,1,9,0,0,196.53
2023-10-03 10:00:00,18.2,75.9,8.5,10,1,10,0,0,203.28
2023-10-03 11:00:00,24.5,67.0,21.5,10,1,11,0,0,150.02
2023-10-03 12:00:00,21.9,59.0,4.8,10,1,12,0,0,184.75
2023-10-03 13:00:00,21.6,78.4,2.7,10,1,13,0,0,163.82
2023-10-03 14:00:00,17.5,91.3,8.4,10,1,14,0,0,157.42
2023-10-03 15:00:00,20.8,57.0,3.5,10,1,15,0,0,166.09
2023-10-03 16:00:00,21.4,80.5,12.4,10,1,16,0,0,136.48
2023-10-03 17:00:00,20.1,66.2,9.1,10,1,17,0,0,178.28
2023-10-03 18:00:00,17.9,68.4,5.4,10,1,18,0,0,178.96
2023-10-03 19:00:00,13.0,75.7,11.8,10,1,19,0,0,205.89
2023-10-03 20:00:00,14.7,63.0,4.2,10,1,20,0,0,171.58
2023-10-03 21:00:00,14.3,72.5,21.9,10,1,21,0,0,209.26
2023-10-03 22:00:00,8.6,62.8,5.4,10,1,22,0,0,223.82
2023-10-03 23:00:00,9.5,79.1,13.5,10,1,23,0,0,197.17
2023-10-04 00:00:00,13.1,91.3,4.4,10,2,0,0,0,159.73
2023-10-04 01:00:00,13.2,68.3,12.0,10,2,1,0,0,168.34
2023-10-04 02:00:00,8.9,74.2,2.3,10,2,2,0,0,186.84
2023-10-04 03:00:00,14.3,71.9,4.8,10,2,3,0,0,148.94
2023-10-04 04:00:00,14.0,80.9,2.8,10,2,4,0,0,141.8
2023-10-04 05:00:00,16.6,75.0,6.8,10,2,5,0,0,155.21
2023-10-04 06:00:00,15.0,79.8,6.6,10,2,6,0,0,169.05
2023-10-04 07:00:00,18.9,66.5,5.6,10,2,7,0,0,181.38
2023-10-04 08:00:00,,73.2,33.8,10,2,8,0,0,140.01
2023-10-04 09:00:00,19.1,43.5,4.2,10,2,9,0,0,163.51
2023-10-04 10:00:00,20.7,75.0,14.5,10,2,10,0,0,209.8
2023-10-04 11:00:00,19.8,60.3,6.7,10,2,11,0,0,180.25
2023-10-04 12:00:00,24.6,65.1,5.3,10,2,12,0,0,175.58
2023-10-04 13:00:00,20.9,75.5,3.8,10,2,13,0,0,180.37
2023-10-04 14:00:00,18.8,58.3,10.0,10,2,14,0,0,181.76
2023-10-04 15:00:00,18.4,79.5,5.2,10,2,15,0,0,145.12
2023-10-04 16:00:00,19.0,69.5,15.4,10,2,16,0,0,188.79
2023-10-04 17:00:00,19.1,82.1,29.7,10,2,17,0,0,159.3
2023-10-04 18:00:00,13.6,66.0,4.1,10,2,18,0,0,198.53
2023-10-04 19:00:00,18.7,56.1,3.1,10,2,19,0,0,189.23
2023-10-04 20:00:00,14.4,72.6,5.0,10,2,20,0,0,231.11
2023-10-04 21:00:00,13.7,77.9,7.0,10,2,21,0,0,221.77
2023-10-04 22:00:00,11.8,79.5,4.9,10,2,22,0,0,204.66
2023-10-04 23:00:00,11.5,65.2,30.2,10,2,23,0,0,163.09
2023-10-05 00:00:00,10.7,61.6,14.1,10,3,0,0,0,167.96
2023-10-05 01:00:00,13.3,70.9,29.1,10,3,1,0,0,128.67
2023-10-05 02:00:00,11.7,78.3,5.7,10,3,2,0,0,177.87
2023-10-05 03:00:00,14.0,76.7,4.9,10,3,3,0,0,141.27
2023-10-05 04:00:00,12.7,86.2,6.2,10,3,4,0,0,160.65
2023-10-05 05:00:00,15.1,69.4,7.9,10,3,5,0,0,170.42
2023-10-05 06:00:00,14.4,58.0,12.8,10,3,6,0,0,169.97
2023-10-05 07:00:00,19.8,79.7,19.0,10,3,7,0,0,163.41
2023-10-05 08:00:00,16.9,73.1,7.0,10,3,8,0,0,165.39
2023-10-05 09:00:00,18.9,72.8,4.7,10,3,9,0,0,190.36
2023-10-05 10:00:00,19.7,76.3,5.1,10,3,10,0,0,174.64
2023-10-05 11:00:00,20.2,80.0,11.6,10,3,11,0,0,187.96
2023-10-05 12:00:00,22.5,68.6,8.7,10,3,12,0,0,149.88
2023-10-05 13:00:00,20.2,79.3,7.3,10,3,13,0,0,183.83
2023-10-05 14:00:00,23.2,72.8,3.8,10,3,14,0,0,162.78
2023-10-05 15:00:00,17.9,65.8,18.7,10,3,15,0,0,152.4
2023-10-05 16:00:00,18.9,68.7,14.2,10,3,16,0,0,162.57
2023-10-05 17:00:00,15.8,77.0,3.2,10,3,17,0,0,177.47
2023-10-05 18:00:00,16.9,65.9,5.7,10,3,18,0,0,183.76
2023-10-05 19:00:00,14.7,79.7,8.2,10,3,19,0,0,222.72
2023-10-05 20:00:00,13.2,74.6,6.8,10,3,20,0,0,229.04
2023-10-05 21:00:00,14.9,75.6,6.1,10,3,21,0,0,213.3
2023-10-05 22:00:00,10.4,86.3,12.2,10,3,22,0,0,216.47
2023-10-05 23:00:00,12.4,76.7,2.4,10,3,23,0,0,188.11
2023-10-06 00:00:00,9.3,75.9,7.1,10,4,0,0,0,204.42
2023-10-06 01:00:00,11.2,73.7,4.4,10,4,1,0,0,158.32
2023-10-06 02:00:00,9.1,74.4,2.7,10,4,2,0,0,206.84
2023-10-06 03:00:00,10.9,77.0,7.0,10,4,3,0,0,175.95
2023-10-06 04:00:00,13.1,84.3,3.5,10,4,4,0,0,178.62
2023-10-06 05:00:00,18.1,66.0,4.4,10,4,5,0,0,152.56
2023-10-06 06:00:00,16.0,66.5,7.7,10,4,6,0,0,155.86
2023-10-06 07:00:00,20.4,80.1,31.1,10,4,7,0,0,165.37
2023-10-06 08:00:00,18.7,66.1,11.2,10,4,8,0,0,148.09
2023-10-06 09:00:00,18.6,72.4,4.6,10,4,9,0,0,174.81
2023-10-06 10:00:00,23.2,63.7,5.9,10,4,10,0,0,178.62
2023-10-06 11:00:00,21.5,55.8,6.2,10,4,11,0,0,154.48
2023-10-06 12:00:00,19.5,71.8,3.3,10,4,12,0,0,184.19
2023-10-06 13:00:00,21.6,78.1,3.4,10,4,13,0,0,185.6
2023-10-06 14:00:00,19.5,69.7,3.3,10,4,14,0,0,134.66
2023-10-06 15:00:00,15.4,60.5,7.9,10,4,15,0,0,157.08
2023-10-06 16:00:00,20.2,70.8,11.0,10,4,16,0,0,154.79
2023-10-06 17:00:00,19.3,64.3,9.1,10,4,17,0,0,169.46
2023-10-06 18:00:00,19.5,49.3,32.4,10,4,18,0,0,172.26
2023-10-06 19:00:00,15.3,71.7,3.1,10,4,19,0,0,197.15
2023-10-06 20:00:00,12.8,77.7,36.4,10,4,20,0,0,215.39
2023-10-06 21:00:00,13.9,82.5,7.0,10,4,21,0,0,209.13
2023-10-06 22:00:00,13.2,87.5,4.0,10,4,22,0,0,193.98
2023-10-06 23:00:00,14.2,78.1,25.0,10,4,23,0,0,177.43
2023-10-07 00:00:00,10.5,82.2,7.1,10,5,0,1,0,138.99
2023-10-07 01:00:00,10.4,64.5,5.4,10,5,1,1,0,144.41
2023-10-07 02:00:00,9.8,88.1,3.9,10,5,2,1,0,151.47
2023-10-07 03:00:00,13.1,83.6,4.5,10,5,3,1,0,123.68
2023-10-07 04:00:00,10.0,72.1,33.0,10,5,4,1,0,172.09
2023-10-07 05:00:00,15.8,77.5,4.9,10,5,5,1,0,149.11
2023-10-07 06:00:00,16.7,76.3,32.5,10,5,6,1,0,124.17
2023-10-07 07:00:00,18.0,82.8,5.2,10,5,7,1,0,149.64
2023-10-07 08:00:00,18.3,69.6,4.1,10,5,8,1,0,157.28
2023-10-07 09:00:00,22.2,63.0,3.6,10,5,9,1,0,162.7
2023-10-07 10:00:00,21.6,65.3,6.2,10,5,10,1,0,179.88
2023-10-07 11:00:00,19.2,77.6,4.2,10,5,11,1,0,173.59
2023-10-07 12:00:00,19.4,55.0,11.6,10,5,12,1,0,110.86
2023-10-07 13:00:00,18.6,46.7,4.2,10,5,13,1,0,147.11
2023-10-07 14:00:00,21.0,76.7,16.4,10,5,14,1,0,116.99
2023-10-07 15:00:00,17.1,73.7,16.4,10,5,15,1,0,124.72
2023-10-07 16:00:00,20.2,70.0,4.7,10,5,16,1,0,149.93
2023-10-07 17:00:00,19.5,59.8,13.2,10,5,17,1,0,108.02
2023-10-07 18:00:00,13.8,59.4,17.6,10,5,18,1,0,185.84
2023-10-07 19:00:00,13.9,68.0,9.1,10,5,19,1,0,189.85
2023-10-07 20:00:00,13.1,76.4,5.6,10,5,20,1,0,194.97
2023-10-07 21:00:00,13.8,68.4,6.7,10,5,21,1,0,191.89
2023-10-07 22:00:00,14.4,80.0,14.3,10,5,22,1,0,182.61
2023-10-07 23:00:00,7.3,68.7,4.8,10,5,23,1,0,198.21
2023-10-08 00:00:00,9.7,71.0,5.3,10,6,0,1,0,171.82
2023-10-08 01:00:00,9.9,80.7,3.4,10,6,1,1,0,142.02
2023-10-08 02:00:00,8.2,72.9,6.1,10,6,2,1,0,171.18
2023-10-08 03:00:00,10.8,72.0,2.7,10,6,3,1,0,150.79
2023-10-08 04:00:00,13.7,68.0,5.1,10,6,4,1,0,149.52
2023-10-08 05:00:00,13.5,66.6,5.7,10,6,5,1,0,137.19
2023-10-08 06:00:00,12.2,76.7,4.4,10,6,6,1,0,156.94
2023-10-08 07:00:00,22.3,72.7,2.9,10,6,7,1,0,123.59
2023-10-08 08:00:00,18.3,72.6,7.9,10,6,8,1,0,148.51
2023-10-08 09:00:00,19.1,65.5,18.0,10,6,9,1,0,158.23
2023-10-08 10:00:00,17.4,69.7,5.3,10,6,10,1,0,174.02
2023-10-08 11:00:00,20.7,82.4,4.2,10,6,11,1,0,185.27
2023-10-08 12:00:00,20.0,58.6,4.7,10,6,12,1,0,151.41
2023-10-08 13:00:00,16.4,86.9,17.8,10,6,13,1,0,143.55
2023-10-08 14:00:00,17.5,72.1,8.0,10,6,14,1,0,145.55
2023-10-08 15:00:00,20.4,68.3,3.1,10,6,15,1,0,124.27
2023-10-08 16:00:00,21.7,76.8,11.9,10,6,16,1,0,152.74
2023-10-08 17:00:00,17.3,54.8,3.3,10,6,17,1,0,132.86
2023-10-08 18:00:00,17.5,82.3,2.5,10,6,18,1,0,156.67
2023-10-08 19:00:00,13.7,88.0,4.4,10,6,19,1,0,170.62
2023-10-08 20:00:00,12.6,82.4,3.5,10,6,20,1,0,196.17
2023-10-08 21:00:00,13.9,56.2,9.4,10,6,21,1,0,183.33
2023-10-08 22:00:00,14.3,79.0,7.3,10,6,22,1,0,193.93
2023-10-08 23:00:00,13.1,86.6,12.3,10,6,23,1,0,161.87
2023-10-09 00:00:00,7.9,88.4,7.7,10,0,0,0,0,197.31
2023-10-09 01:00:00,10.1,63.7,6.3,10,0,1,0,0,134.21
2023-10-09 02:00:00,11.3,82.5,8.0,10,0,2,0,0,170.18
2023-10-09 03:00:00,11.0,88.9,6.6,10,0,3,0,0,169.09
2023-10-09 04:00:00,13.3,73.6,2.3,10,0,4,0,0,157.61
2023-10-09 05:00:00,15.4,60.7,11.1,10,0,5,0,0,170.28
2023-10-09 06:00:00,17.1,78.1,28.2,10,0,6,0,0,156.18
2023-10-09 07:00:00,19.7,78.6,6.4,10,0,7,0,0,157.46
2023-10-09 08:00:00,16.9,70.4,6.4,10,0,8,0,0,163.16
2023-10-09 09:00:00,15.9,62.5,2.4,10,0,9,0,0,170.87
2023-10-09 10:00:00,20.1,77.8,19.7,10,0,10,0,0,172.67
2023-10-09 11:00:00,23.7,62.0,23.2,10,0,11,0,0,174.78
2023-10-09 12:00:00,19.1,73.6,15.4,10,0,12,0,0,138.04
2023-10-09 13:00:00,21.3,81.8,2.9,10,0,13,0,0,166.04
2023-10-09 14:00:00,20.8,56.3,20.4,10,0,14,0,0,158.59
2023-10-09 15:00:00,19.0,77.8,2.2,10,0,15,0,0,147.07
2023-10-09 16:00:00,17.6,69.6,6.7,10,0,16,0,0,160.49
2023-10-09 17:00:00,14.5,71.3,7.6,10,0,17,0,0,164.83
2023-10-09 18:00:00,10.5,78.9,16.4,10,0,18,0,0,167.21
2023-10-09 19:00:00,,68.1,13.1,10,0,19,0,0,199.5
2023-10-09 20:00:00,11.8,64.7,14.8,10,0,20,0,0,197.2
2023-10-09 21:00:00,13.7,58.9,18.2,10,0,21,0,0,207.64
2023-10-09 22:00:00,10.5,84.6,7.2,10,0,22,0,0,221.19
2023-10-09 23:00:00,9.2,72.4,14.1,10,0,23,0,0,188.04
2023-10-10 00:00:00,,80.5,2.6,10,1,0,0,0,219.54
2023-10-10 01:00:00,11.3,70.5,6.7,10,1,1,0,0,180.16
2023-10-10 02:00:00,13.2,64.1,2.2,10,1,2,0,0,150.97
2023-10-10 03:00:00,13.4,78.5,21.8,10,1,3,0,0,151.15
2023-10-10 04:00:00,13.5,75.9,27.4,10,1,4,0,0,130.48
2023-10-10 05:00:00,10.6,,2.7,10,1,5,0,0,140.41
2023-10-10 06:00:00,14.1,75.4,8.1,10,1,6,0,0,168.05
2023-10-10 07:00:00,20.0,62.3,5.1,10,1,7,0,0,138.69
2023-10-10 08:00:00,19.6,78.7,5.4,10,1,8,0,0,171.34
2023-10-10 09:00:00,15.3,82.7,6.8,10,1,9,0,0,200.13
2023-10-10 10:00:00,19.0,76.6,3.1,10,1,10,0,0,159.43
2023-10-10 11:00:00,20.4,66.8,3.6,10,1,11,0,0,183.49
2023-10-10 12:00:00,18.3,71.3,8.9,10,1,12,0,0,186.0
2023-10-10 13:00:00,15.0,85.0,2.2,10,1,13,0,0,150.23
2023-10-10 14:00:00,19.3,80.6,9.3,10,1,14,0,0,171.36
2023-10-10 15:00:00,16.8,87.6,5.1,10,1,15,0,0,197.12
2023-10-10 16:00:00,15.7,65.9,16.3,10,1,16,0,0,158.32
2023-10-10 17:00:00,15.4,65.3,9.3,10,1,17,0,0,184.98
2023-10-10 18:00:00,14.5,73.8,11.9,10,1,18,0,0,174.3
2023-10-10 19:00:00,13.5,76.5,3.0,10,1,19,0,0,223.62
2023-10-10 20:00:00,10.5,73.6,4.5,10,1,20,0,0,235.28
2023-10-10 21:00:00,10.8,71.5,47.6,10,1,21,0,0,202.32
2023-10-10 22:00:00,7.0,86.7,6.5,10,1,22,0,0,240.86
2023-10-10 23:00:00,10.6,74.0,5.6,10,1,23,0,0,205.76
2023-10-11 00:00:00,3.9,68.3,18.6,10,2,0,0,0,221.02
2023-10-11 01:00:00,9.2,66.6,2.3,10,2,1,0,0,168.31
2023-10-11 02:00:00,12.1,75.9,8.1,10,2,2,0,0,158.45
2023-10-11 03:00:00,8.9,99.6,3.9,10,2,3,0,0,185.05
2023-10-11 04:00:00,13.5,65.4,5.7,10,2,4,0,0,134.9
2023-10-11 05:00:00,15.6,69.7,3.8,10,2,5,0,0,151.81
2023-10-11 06:00:00,8.0,95.3,2.3,10,2,6,0,0,208.36
2023-10-11 07:00:00,15.6,68.3,6.3,10,2,7,0,0,161.92
2023-10-11 08:00:00,11.3,78.0,14.5,10,2,8,0,0,202.27
2023-10-11 09:00:00,17.9,86.1,26.3,10,2,9,0,0,187.03
2023-10-11 10:00:00,18.9,62.9,9.8,10,2,10,0,0,171.39
2023-10-11 11:00:00,14.4,70.3,5.9,10,2,11,0,0,196.12
2023-10-11 12:00:00,23.4,64.4,13.8,10,2,12,0,0,179.8
2023-10-11 13:00:00,20.0,57.9,7.6,10,2,13,0,0,144.24
2023-10-11 14:00:00,17.2,84.0,5.7,10,2,14,0,0,142.65
2023-10-11 15:00:00,21.0,64.8,3.6,10,2,15,0,0,141.84
2023-10-11 16:00:00,13.5,66.2,14.7,10,2,16,0,0,179.3
2023-10-11 17:00:00,13.4,69.7,7.6,10,2,17,0,0,176.79
2023-10-11 18:00:00,10.0,82.4,28.6,10,2,18,0,0,187.3
2023-10-11 19:00:00,16.9,72.5,15.0,10,2,19,0,0,210.15
2023-10-11 20:00:00,12.7,67.3,6.4,10,2,20,0,0,195.75
2023-10-11 21:00:00,12.4,77.1,12.8,10,2,21,0,0,207.71
2023-10-11 22:00:00,,81.1,6.8,10,2,22,0,0,222.32
2023-10-11 23:00:00,10.9,74.4,2.7,10,2,23,0,0,209.86
2023-10-12 00:00:00,9.5,73.4,7.8,10,3,0,0,0,191.99
2023-10-12 01:00:00,10.0,83.1,18.1,10,3,1,0,0,164.47
2023-10-12 02:00:00,10.2,73.5,17.5,10,3,2,0,0,173.72
2023-10-12 03:00:00,9.6,88.1,8.8,10,3,3,0,0,175.84
2023-10-12 04:00:00,11.7,68.1,5.8,10,3,4,0,0,167.6
2023-10-12 05:00:00,13.6,67.0,2.1,10,3,5,0,0,181.49
2023-10-12 06:00:00,14.6,65.5,5.0,10,3,6,0,0,145.67
2023-10-12 07:00:00,12.7,71.8,38.7,10,3,7,0,0,171.74
2023-10-12 08:00:00,14.1,72.9,12.4,10,3,8,0,0,185.58
2023-10-12 09:00:00,20.0,59.4,12.1,10,3,9,0,0,188.14
2023-10-12 10:00:00,18.1,71.7,13.5,10,3,10,0,0,210.33
2023-10-12 11:00:00,20.3,74.4,9.7,10,3,11,0,0,205.81
2023-10-12 12:00:00,17.2,59.7,9.1,10,3,12,0,0,185.0
2023-10-12 13:00:00,16.2,67.7,6.8,10,3,13,0,0,161.1
2023-10-12 14:00:00,17.0,76.1,6.7,10,3,14,0,0,158.94
2023-10-12 15:00:00,17.4,62.6,18.4,10,3,15,0,0,163.71
2023-10-12 16:00:00,15.5,69.7,6.0,10,3,16,0,0,149.91
2023-10-12 17:00:00,18.2,79.6,16.7,10,3,17,0,0,163.67
2023-10-12 18:00:00,14.7,87.0,16.5,10,3,18,0,0,179.38
2023-10-12 19:00:00,16.7,75.2,13.8,10,3,19,0,0,175.22
2023-10-12 20:00:00,12.6,72.3,2.3,10,3,20,0,0,221.15
2023-10-12 21:00:00,6.0,73.0,3.3,10,3,21,0,0,266.61
2023-10-12 22:00:00,12.1,81.2,5.0,10,3,22,0,0,214.54
2023-10-12 23:00:00,6.5,85.8,17.0,10,3,23,0,0,227.16
2023-10-13 00:00:00,9.6,66.0,18.5,10,4,0,0,0,172.46
2023-10-13 01:00:00,7.7,83.4,2.3,10,4,1,0,0,189.86
2023-10-13 02:00:00,14.1,68.1,5.1,10,4,2,0,0,164.09
2023-10-13 03:00:00,13.4,66.4,17.2,10,4,3,0,0,137.03
2023-10-13 04:00:00,10.1,73.7,4.3,10,4,4,0,0,164.88
2023-10-13 05:00:00,12.5,81.7,31.8,10,4,5,0,0,161.27
2023-10-13 06:00:00,14.6,75.2,7.4,10,4,6,0,0,150.46
2023-10-13 07:00:00,17.1,73.7,24.2,10,4,7,0,0,159.3
2023-10-13 08:00:00,16.7,74.5,6.5,10,4,8,0,0,170.63
2023-10-13 09:00:00,15.6,76.0,5.1,10,4,9,0,0,181.7
2023-10-13 10:00:00,17.0,70.6,5.6,10,4,10,0,0,185.86
2023-10-13 11:00:00,18.9,75.6,19.3,10,4,11,0,0,188.22
2023-10-13 12:00:00,21.6,63.9,5.2,10,4,12,0,0,172.48
2023-10-13 13:00:00,19.8,75.3,10.9,10,4,13,0,0,167.62
2023-10-13 14:00:00,16.9,78.4,7.1,10,4,14,0,0,177.43
2023-10-13 15:00:00,18.9,76.1,24.7,10,4,15,0,0,160.26
2023-10-13 16:00:00,15.8,78.1,3.4,10,4,16,0,0,169.34
2023-10-13 17:00:00,17.2,75.1,6.5,10,4,17,0,0,181.53
2023-10-13 18:00:00,19.2,79.8,3.1,10,4,18,0,0,181.19
2023-10-13 19:00:00,12.1,55.8,8.9,10,4,19,0,0,213.74
2023-10-13 20:00:00,13.2,80.2,6.1,10,4,20,0,0,230.99
2023-10-13 21:00:00,9.1,91.3,2.5,10,4,21,0,0,246.04
2023-10-13 22:00:00,9.5,70.3,17.2,10,4,22,0,0,191.86
2023-10-13 23:00:00,9.3,69.5,5.8,10,4,23,0,0,198.65
2023-10-14 00:00:00,8.5,86.1,7.4,10,5,0,1,0,181.06
2023-10-14 01:00:00,14.0,65.6,6.2,10,5,1,1,0,98.31
2023-10-14 02:00:00,8.9,70.2,7.4,10,5,2,1,0,157.39
2023-10-14 03:00:00,11.5,75.6,2.1,10,5,3,1,0,143.27
2023-10-14 04:00:00,7.5,69.9,15.5,10,5,4,1,0,199.36
2023-10-14 05:00:00,13.4,80.3,5.2,10,5,5,1,0,145.5
2023-10-14 06:00:00,16.1,65.6,12.3,10,5,6,1,0,128.04
2023-10-14 07:00:00,14.1,75.8,2.5,10,5,7,1,0,171.58
2023-10-14 08:00:00,11.3,76.6,7.9,10,5,8,1,0,169.58
2023-10-14 09:00:00,17.3,84.7,21.2,10,5,9,1,0,157.18
2023-10-14 10:00:00,18.2,80.2,6.1,10,5,10,1,0,165.88
2023-10-14 11:00:00,20.1,65.7,3.8,10,5,11,1,0,164.17
2023-10-14 12:00:00,22.9,58.4,2.8,10,5,12,1,0,130.67
2023-10-14 13:00:00,17.9,77.7,17.7,10,5,13,1,0,150.96
2023-10-14 14:00:00,16.5,66.5,4.2,10,5,14,1,0,132.11
2023-10-14 15:00:00,15.1,69.8,31.5,10,5,15,1,0,161.17
2023-10-14 16:00:00,16.8,63.1,4.3,10,5,16,1,0,116.73
2023-10-14 17:00:00,16.1,77.4,7.2,10,5,17,1,0,139.95
2023-10-14 18:00:00,12.8,68.4,6.9,10,5,18,1,0,142.22
2023-10-14 19:00:00,14.1,72.7,2.5,10,5,19,1,0,225.83
2023-10-14 20:00:00,12.3,73.7,8.1,10,5,20,1,0,173.24
2023-10-14 21:00:00,10.4,76.3,10.9,10,5,21,1,0,207.69
2023-10-14 22:00:00,7.7,81.4,12.8,10,5,22,1,0,214.12
2023-10-14 23:00:00,8.1,74.0,7.9,10,5,23,1,0,176.18
2023-10-15 00:00:00,3.8,72.2,15.4,10,6,0,1,0,212.19
2023-10-15 01:00:00,9.3,60.5,13.2,10,6,1,1,0,133.94
2023-10-15 02:00:00,9.3,76.1,3.7,10,6,2,1,0,141.16
2023-10-15 03:00:00,10.5,73.5,6.1,10,6,3,1,0,118.89
2023-10-15 04:00:00,12.1,68.2,3.2,10,6,4,1,0,145.92
2023-10-15 05:00:00,13.1,73.9,3.1,10,6,5,1,0,110.21
2023-10-15 06:00:00,13.4,80.1,12.0,10,6,6,1,0,150.0
2023-10-15 07:00:00,15.0,81.4,8.0,10,6,7,1,0,147.76
2023-10-15 08:00:00,13.3,61.1,9.3,10,6,8,1,0,185.96
2023-10-15 09:00:00,16.0,69.1,12.5,10,6,9,1,0,160.23
2023-10-15 10:00:00,18.1,78.7,4.6,10,6,10,1,0,177.86
2023-10-15 11:00:00,17.0,84.3,6.1,10,6,11,1,0,172.66
2023-10-15 12:00:00,20.3,63.3,9.5,10,6,12,1,0,141.6
2023-10-15 13:00:00,17.1,82.5,2.8,10,6,13,1,0,165.79
2023-10-15 14:00:00,18.4,60.0,16.3,10,6,14,1,0,133.31
2023-10-15 15:00:00,17.4,80.5,5.4,10,6,15,1,0,153.32
2023-10-15 16:00:00,17.6,68.9,10.6,10,6,16,1,0,122.01
2023-10-15 17:00:00,16.7,84.1,45.3,10,6,17,1,0,140.51
2023-10-15 18:00:00,15.0,68.8,7.2,10,6,18,1,0,175.56
2023-10-15 19:00:00,8.1,73.5,3.9,10,6,19,1,0,197.21
2023-10-15 20:00:00,13.5,72.2,4.0,10,6,20,1,0,186.58
2023-10-15 21:00:00,13.1,61.1,2.5,10,6,21,1,0,155.92
2023-10-15 22:00:00,8.3,61.7,13.7,10,6,22,1,0,168.86
2023-10-15 23:00:00,9.3,79.4,4.8,10,6,23,1,0,184.05
2023-10-16 00:00:00,6.6,84.6,3.5,10,0,0,0,0,238.34
2023-10-16 01:00:00,4.7,82.5,12.0,10,0,1,0,0,244.91
2023-10-16 02:00:00,7.6,66.2,5.0,10,0,2,0,0,182.11
2023-10-16 03:00:00,8.8,79.5,9.3,10,0,3,0,0,163.68
2023-10-16 04:00:00,10.2,67.0,6.3,10,0,4,0,0,183.44
2023-10-16 05:00:00,10.2,78.2,5.3,10,0,5,0,0,149.89
2023-10-16 06:00:00,11.9,83.1,7.4,10,0,6,0,0,173.13
2023-10-16 07:00:00,14.7,75.6,5.0,10,0,7,0,0,164.44
2023-10-16 08:00:00,14.4,84.6,18.4,10,0,8,0,0,181.84
2023-10-16 09:00:00,18.0,69.8,2.6,10,0,9,0,0,205.49
2023-10-16 10:00:00,19.1,68.7,2.2,10,0,10,0,0,147.75
2023-10-16 11:00:00,23.0,69.0,6.2,10,0,11,0,0,183.99
2023-10-16 12:00:00,20.6,58.9,3.5,10,0,12,0,0,174.74
2023-10-16 13:00:00,18.7,67.4,12.9,10,0,13,0,0,160.4
2023-10-16 14:00:00,16.5,69.2,5.5,10,0,14,0,0,169.51
2023-10-16 15:00:00,17.5,69.0,4.4,10,0,15,0,0,169.3
2023-10-16 16:00:00,16.5,73.9,5.6,10,0,16,0,0,169.94
2023-10-16 17:00:00,13.7,61.3,4.0,10,0,17,0,0,151.32
2023-10-16 18:00:00,15.0,63.4,4.8,10,0,18,0,0,174.91
2023-10-16 19:00:00,9.3,84.4,8.7,10,0,19,0,0,255.54
2023-10-16 20:00:00,10.4,58.7,18.0,10,0,20,0,0,199.76
2023-10-16 21:00:00,11.0,79.4,5.7,10,0,21,0,0,222.91
2023-10-16 22:00:00,8.5,72.8,5.1,10,0,22,0,0,213.38
2023-10-16 23:00:00,8.1,77.2,14.2,10,0,23,0,0,220.94
2023-10-17 00:00:00,7.9,88.5,2.2,10,1,0,0,0,200.74
2023-10-17 01:00:00,6.7,75.6,4.9,10,1,1,0,0,211.76
2023-10-17 02:00:00,11.2,79.4,6.8,10,1,2,0,0,172.8
2023-10-17 03:00:00,7.6,76.7,9.3,10,1,3,0,0,179.46
2023-10-17 04:00:00,11.3,73.5,3.4,10,1,4,0,0,133.25
2023-10-17 05:00:00,12.7,71.8,6.5,10,1,5,0,0,151.11
2023-10-17 06:00:00,11.3,80.0,8.7,10,1,6,0,0,162.94
2023-10-17 07:00:00,14.6,66.8,7.7,10,1,7,0,0,153.71
2023-10-17 08:00:00,13.8,64.0,8.8,10,1,8,0,0,191.3
2023-10-17 09:00:00,19.5,70.9,10.7,10,1,9,0,0,209.12
2023-10-17 10:00:00,15.2,73.9,5.8,10,1,10,0,0,158.76
2023-10-17 11:00:00,16.7,57.1,2.5,10,1,11,0,0,161.8
2023-10-17 12:00:00,15.7,72.1,2.5,10,1,12,0,0,186.96
2023-10-17 13:00:00,15.3,62.5,17.7,10,1,13,0,0,162.27
2023-10-17 14:00:00,20.7,74.7,11.1,10,1,14,0,0,163.62
2023-10-17 15:00:00,17.8,56.7,13.6,10,1,15,0,0,152.05
2023-10-17 16:00:00,15.9,87.4,23.1,10,1,16,0,0,184.34
2023-10-17 17:00:00,13.1,70.7,13.1,10,1,17,0,0,190.88
2023-10-17 18:00:00,15.0,65.6,11.4,10,1,18,0,0,198.72
2023-10-17 19:00:00,10.2,72.6,10.5,10,1,19,0,0,236.79
2023-10-17 20:00:00,12.2,78.3,4.4,10,1,20,0,0,202.18
2023-10-17 21:00:00,7.9,83.2,27.2,10,1,21,0,0,240.29
2023-10-17 22:00:00,7.5,74.0,8.2,10,1,22,0,0,239.25
2023-10-17 23:00:00,9.8,63.6,4.0,10,1,23,0,0,196.84
2023-10-18 00:00:00,9.7,65.5,3.9,10,2,0,0,0,179.05
2023-10-18 01:00:00,9.3,77.6,15.5,10,2,1,0,0,173.94
2023-10-18 02:00:00,6.5,84.6,4.3,10,2,2,0,0,187.45
2023-10-18 03:00:00,8.5,84.7,2.3,10,2,3,0,0,164.13
2023-10-18 04:00:00,10.7,76.0,6.5,10,2,4,0,0,201.08
2023-10-18 05:00:00,9.9,82.8,15.6,10,2,5,0,0,193.78
2023-10-18 06:00:00,15.7,87.5,6.3,10,2,6,0,0,166.06
2023-10-18 07:00:00,9.4,84.8,15.0,10,2,7,0,0,177.5
2023-10-18 08:00:00,13.9,80.4,16.0,10,2,8,0,0,193.12
2023-10-18 09:00:00,15.4,65.8,17.6,10,2,9,0,0,177.47
2023-10-18 10:00:00,11.6,81.9,9.1,10,2,10,0,0,209.8
2023-10-18 11:00:00,15.0,76.2,11.6,10,2,11,0,0,224.6
2023-10-18 12:00:00,19.2,75.6,4.4,10,2,12,0,0,204.13
2023-10-18 13:00:00,17.8,81.2,2.8,10,2,13,0,0,136.65
2023-10-18 14:00:00,20.4,72.7,8.1,10,2,14,0,0,163.37
2023-10-18 15:00:00,19.6,69.4,2.1,10,2,15,0,0,161.83
2023-10-18 16:00:00,16.3,63.3,7.0,10,2,16,0,0,169.68
2023-10-18 17:00:00,14.9,70.2,2.9,10,2,17,0,0,172.08
2023-10-18 18:00:00,13.1,75.2,2.9,10,2,18,0,0,200.37
2023-10-18 19:00:00,6.3,79.1,18.4,10,2,19,0,0,229.82
2023-10-18 20:00:00,7.6,78.1,10.2,10,2,20,0,0,260.44
2023-10-18 21:00:00,9.6,82.9,10.3,10,2,21,0,0,243.57
2023-10-18 22:00:00,9.8,82.0,6.1,10,2,22,0,0,242.4
2023-10-18 23:00:00,8.7,75.2,6.3,10,2,23,0,0,200.14
2023-10-19 00:00:00,5.9,70.3,4.9,10,3,0,0,0,215.82
2023-10-19 01:00:00,9.8,78.2,6.6,10,3,1,0,0,211.21
2023-10-19 02:00:00,11.3,92.3,9.1,10,3,2,0,0,158.79
2023-10-19 03:00:00,11.0,77.0,3.7,10,3,3,0,0,151.21
2023-10-19 04:00:00,12.2,71.5,4.4,10,3,4,0,0,165.52
2023-10-19 05:00:00,10.3,79.1,7.5,10,3,5,0,0,195.94
2023-10-19 06:00:00,14.9,77.3,5.9,10,3,6,0,0,155.57
2023-10-19 07:00:00,14.3,77.5,15.7,10,3,7,0,0,201.29
2023-10-19 08:00:00,16.2,82.9,15.8,10,3,8,0,0,163.87
2023-10-19 09:00:00,17.0,74.6,5.3,10,3,9,0,0,197.19
2023-10-19 10:00:00,16.8,82.2,6.8,10,3,10,0,0,182.85
2023-10-19 11:00:00,15.8,73.9,32.0,10,3,11,0,0,170.21
2023-10-19 12:00:00,17.5,83.3,16.1,10,3,12,0,0,187.49
2023-10-19 13:00:00,19.5,79.9,3.9,10,3,13,0,0,165.24
2023-10-19 14:00:00,16.2,79.3,4.6,10,3,14,0,0,146.74
2023-10-19 15:00:00,18.0,77.3,2.7,10,3,15,0,0,151.88
2023-10-19 16:00:00,16.7,90.1,11.1,10,3,16,0,0,180.14
2023-10-19 17:00:00,13.4,81.9,5.0,10,3,17,0,0,194.54
2023-10-19 18:00:00,15.5,65.5,8.2,10,3,18,0,0,196.33
2023-10-19 19:00:00,10.7,76.6,13.7,10,3,19,0,0,209.32
2023-10-19 20:00:00,13.2,71.3,16.5,10,3,20,0,0,191.5
2023-10-19 21:00:00,10.0,91.5,5.1,10,3,21,0,0,218.66
2023-10-19 22:00:00,8.3,85.8,4.2,10,3,22,0,0,218.3
2023-10-19 23:00:00,6.1,93.2,17.1,10,3,23,0,0,229.89
2023-10-20 00:00:00,7.3,70.3,5.8,10,4,0,0,0,182.89
2023-10-20 01:00:00,7.2,85.2,15.8,10,4,1,0,0,210.94
2023-10-20 02:00:00,5.6,66.3,3.3,10,4,2,0,0,210.28
2023-10-20 03:00:00,8.5,63.0,21.4,10,4,3,0,0,155.77
2023-10-20 04:00:00,8.4,72.6,7.3,10,4,4,0,0,179.27
2023-10-20 05:00:00,12.4,85.9,3.5,10,4,5,0,0,158.15
2023-10-20 06:00:00,15.1,64.5,8.1,10,4,6,0,0,157.54
2023-10-20 07:00:00,11.3,74.2,18.3,10,4,7,0,0,171.12
2023-10-20 08:00:00,18.4,80.3,5.9,10,4,8,0,0,208.8
2023-10-20 09:00:00,15.8,78.9,3.6,10,4,9,0,0,169.01
2023-10-20 10:00:00,14.9,90.3,8.9,10,4,10,0,0,181.31
2023-10-20 11:00:00,18.8,70.6,16.4,10,4,11,0,0,173.41
2023-10-20 12:00:00,16.6,68.2,3.0,10,4,12,0,0,180.87
2023-10-20 13:00:00,17.1,62.7,2.3,10,4,13,0,0,169.85
2023-10-20 14:00:00,16.0,69.1,2.5,10,4,14,0,0,181.75
2023-10-20 15:00:00,14.4,64.0,4.1,10,4,15,0,0,176.36
2023-10-20 16:00:00,16.4,57.4,2.1,10,4,16,0,0,150.87
2023-10-20 17:00:00,13.2,89.1,6.5,10,4,17,0,0,206.82
2023-10-20 18:00:00,9.6,75.6,11.6,10,4,18,0,0,223.98
2023-10-20 19:00:00,12.3,94.6,11.9,10,4,19,0,0,237.1
2023-10-20 20:00:00,7.6,69.5,10.1,10,4,20,0,0,243.63
2023-10-20 21:00:00,6.6,73.2,4.8,10,4,21,0,0,265.21
2023-10-20 22:00:00,10.5,68.5,12.7,10,4,22,0,0,165.51
2023-10-20 23:00:00,5.3,72.2,8.9,10,4,23,0,0,228.0
2023-10-21 00:00:00,2.6,85.7,17.8,10,5,0,1,0,200.46
2023-10-21 01:00:00,8.7,80.2,7.2,10,5,1,1,0,173.24
2023-10-21 02:00:00,7.3,83.3,3.6,10,5,2,1,0,158.34
2023-10-21 03:00:00,8.3,86.6,10.1,10,5,3,1,0,172.65
2023-10-21 04:00:00,9.1,84.3,3.3,10,5,4,1,0,169.54
2023-10-21 05:00:00,11.4,66.2,28.4,10,5,5,1,0,123.68
2023-10-21 06:00:00,10.8,70.4,11.7,10,5,6,1,0,158.04
2023-10-21 07:00:00,16.5,72.7,13.3,10,5,7,1,0,136.53
2023-10-21 08:00:00,11.8,100.0,11.1,10,5,8,1,0,179.49
2023-10-21 09:00:00,16.7,77.8,2.8,10,5,9,1,0,176.5
2023-10-21 10:00:00,17.9,71.9,7.0,10,5,10,1,0,157.4
2023-10-21 11:00:00,15.6,77.6,10.4,10,5,11,1,0,140.03
2023-10-21 12:00:00,15.2,67.6,4.1,10,5,12,1,0,166.89
2023-10-21 13:00:00,19.1,72.5,11.1,10,5,13,1,0,154.19
2023-10-21 14:00:00,14.6,80.3,15.7,10,5,14,1,0,118.91
2023-10-21 15:00:00,14.6,72.5,4.6,10,5,15,1,0,145.74
2023-10-21 16:00:00,16.5,65.7,3.8,10,5,16,1,0,127.05
2023-10-21 17:00:00,13.6,72.6,19.2,10,5,17,1,0,169.68
2023-10-21 18:00:00,8.7,73.1,2.0,10,5,18,1,0,217.38
2023-10-21 19:00:00,14.5,61.9,4.4,10,5,19,1,0,163.76
2023-10-21 20:00:00,8.7,71.1,6.2,10,5,20,1,0,192.73
2023-10-21 21:00:00,7.9,64.9,10.9,10,5,21,1,0,212.55
2023-10-21 22:00:00,8.4,65.9,48.6,10,5,22,1,0,159.03
2023-10-21 23:00:00,8.7,66.5,5.7,10,5,23,1,0,197.32
2023-10-22 00:00:00,11.0,82.1,25.8,10,6,0,1,0,143.76
2023-10-22 01:00:00,3.9,90.0,5.7,10,6,1,1,0,228.12
2023-10-22 02:00:00,9.4,63.0,11.5,10,6,2,1,0,170.2
2023-10-22 03:00:00,10.0,87.6,3.4,10,6,3,1,0,173.98
2023-10-22 04:00:00,9.3,66.4,6.9,10,6,4,1,0,155.71
2023-10-22 05:00:00,12.3,79.8,18.4,10,6,5,1,0,123.17
2023-10-22 06:00:00,13.9,75.1,5.1,10,6,6,1,0,121.68
2023-10-22 07:00:00,10.6,79.8,2.9,10,6,7,1,0,181.11
2023-10-22 08:00:00,18.0,61.7,7.9,10,6,8,1,0,155.82
2023-10-22 09:00:00,12.5,59.3,6.6,10,6,9,1,0,177.42
2023-10-22 10:00:00,14.1,66.5,4.1,10,6,10,1,0,153.55
2023-10-22 11:00:00,16.3,75.2,20.9,10,6,11,1,0,144.63
2023-10-22 12:00:00,20.9,85.2,9.4,10,6,12,1,0,150.65
2023-10-22 13:00:00,16.3,63.6,5.4,10,6,13,1,0,135.27
2023-10-22 14:00:00,16.3,71.1,46.4,10,6,14,1,0,109.07
2023-10-22 15:00:00,18.4,64.8,3.2,10,6,15,1,0,119.59
2023-10-22 16:00:00,13.9,72.9,17.1,10,6,16,1,0,143.3
2023-10-22 17:00:00,11.0,59.1,4.1,10,6,17,1,0,165.99
2023-10-22 18:00:00,11.2,86.4,4.2,10,6,18,1,0,174.83
2023-10-22 19:00:00,13.5,73.4,7.5,10,6,19,1,0,181.85
2023-10-22 20:00:00,9.7,82.5,10.7,10,6,20,1,0,211.09
2023-10-22 21:00:00,12.4,72.0,11.4,10,6,21,1,0,189.7
2023-10-22 22:00:00,9.2,76.9,2.2,10,6,22,1,0,182.95
2023-10-22 23:00:00,5.9,86.1,4.7,10,6,23,1,0,206.49
2023-10-23 00:00:00,6.9,77.6,10.6,10,0,0,0,0,203.53
2023-10-23 01:00:00,5.3,78.7,19.6,10,0,1,0,0,208.38
2023-10-23 02:00:00,6.2,70.6,10.9,10,0,2,0,0,175.84
2023-10-23 03:00:00,17.2,67.1,4.5,10,0,3,0,0,133.5
2023-10-23 04:00:00,11.4,66.2,7.7,10,0,4,0,0,170.91
2023-10-23 05:00:00,12.2,68.0,10.3,10,0,5,0,0,154.27
2023-10-23 06:00:00,10.6,84.7,3.2,10,0,6,0,0,194.37
2023-10-23 07:00:00,16.3,86.3,8.3,10,0,7,0,0,172.26
2023-10-23 08:00:00,16.5,61.8,7.1,10,0,8,0,0,167.9
2023-10-23 09:00:00,19.1,73.6,5.3,10,0,9,0,0,201.69
2023-10-23 10:00:00,19.8,67.5,9.8,10,0,10,0,0,176.96
2023-10-23 11:00:00,13.7,84.3,10.1,10,0,11,0,0,195.82
2023-10-23 12:00:00,14.6,73.8,30.5,10,0,12,0,0,166.53
2023-10-23 13:00:00,14.6,72.6,6.5,10,0,13,0,0,199.11
2023-10-23 14:00:00,14.3,66.9,8.1,10,0,14,0,0,191.37
2023-10-23 15:00:00,16.0,59.7,3.4,10,0,15,0,0,180.5
2023-10-23 16:00:00,13.2,79.5,8.4,10,0,16,0,0,192.87
2023-10-23 17:00:00,17.3,74.2,2.3,10,0,17,0,0,161.52
2023-10-23 18:00:00,15.6,75.2,3.3,10,0,18,0,0,183.58
2023-10-23 19:00:00,10.5,69.9,3.5,10,0,19,0,0,210.95
2023-10-23 20:00:00,13.2,72.2,10.0,10,0,20,0,0,226.33
2023-10-23 21:00:00,11.3,80.7,8.7,10,0,21,0,0,254.02
2023-10-23 22:00:00,6.6,84.6,14.8,10,0,22,0,0,246.79
2023-10-23 23:00:00,3.0,69.1,7.0,10,0,23,0,0,280.86
2023-10-24 00:00:00,6.2,71.8,7.2,10,1,0,0,1,185.99
2023-10-24 01:00:00,5.5,66.1,3.4,10,1,1,0,1,183.93
2023-10-24 02:00:00,7.7,77.8,12.9,10,1,2,0,1,146.76
2023-10-24 03:00:00,8.2,83.0,2.0,10,1,3,0,1,165.4
2023-10-24 04:00:00,9.2,73.2,6.4,10,1,4,0,1,160.87
2023-10-24 05:00:00,11.4,69.0,3.7,10,1,5,0,1,157.17
2023-10-24 06:00:00,9.2,72.7,13.8,10,1,6,0,1,160.12
2023-10-24 07:00:00,13.7,91.6,11.0,10,1,7,0,1,154.13
2023-10-24 08:00:00,13.2,82.9,11.8,10,1,8,0,1,159.61
2023-10-24 09:00:00,15.5,78.1,3.3,10,1,9,0,1,154.99
2023-10-24 10:00:00,17.9,73.6,10.8,10,1,10,0,1,169.15
2023-10-24 11:00:00,14.0,72.9,11.4,10,1,11,0,1,135.27
2023-10-24 12:00:00,16.0,64.7,2.0,10,1,12,0,1,125.4
2023-10-24 13:00:00,16.2,63.4,5.1,10,1,13,0,1,131.53
2023-10-24 14:00:00,14.9,68.0,2.7,10,1,14,0,1,122.01
2023-10-24 15:00:00,16.9,63.9,11.2,10,1,15,0,1,144.36
2023-10-24 16:00:00,12.7,68.8,3.9,10,1,16,0,1,144.58
2023-10-24 17:00:00,11.8,73.3,4.5,10,1,17,0,1,177.03
2023-10-24 18:00:00,10.2,74.7,2.7,10,1,18,0,1,204.82
2023-10-24 19:00:00,12.5,68.8,7.3,10,1,19,0,1,180.79
2023-10-24 20:00:00,8.1,79.9,2.3,10,1,20,0,1,220.9
2023-10-24 21:00:00,9.0,74.0,16.9,10,1,21,0,1,214.74
2023-10-24 22:00:00,11.2,76.1,2.2,10,1,22,0,1,194.99
2023-10-24 23:00:00,6.6,70.7,2.5,10,1,23,0,1,165.97
2023-10-25 00:00:00,8.6,81.2,10.2,10,2,0,0,1,156.38
2023-10-25 01:00:00,9.9,70.8,21.9,10,2,1,0,1,147.4
2023-10-25 02:00:00,9.1,88.3,19.8,10,2,2,0,1,148.67
2023-10-25 03:00:00,7.8,74.3,2.7,10,2,3,0,1,141.35
2023-10-25 04:00:00,10.2,74.2,4.7,10,2,4,0,1,116.9
2023-10-25 05:00:00,7.5,81.0,7.9,10,2,5,0,1,176.09
2023-10-25 06:00:00,9.8,81.6,2.2,10,2,6,0,1,150.29
2023-10-25 07:00:00,11.5,81.6,8.0,10,2,7,0,1,158.17
2023-10-25 08:00:00,18.4,85.0,6.8,10,2,8,0,1,149.9
2023-10-25 09:00:00,13.3,78.6,9.1,10,2,9,0,1,166.76
2023-10-25 10:00:00,14.1,72.4,22.2,10,2,10,0,1,147.32
2023-10-25 11:00:00,14.1,68.7,4.6,10,2,11,0,1,164.02
2023-10-25 12:00:00,17.5,70.2,10.2,10,2,12,0,1,136.05
2023-10-25 13:00:00,16.5,83.6,6.5,10,2,13,0,1,169.04
2023-10-25 14:00:00,17.9,60.0,6.6,10,2,14,0,1,131.62
2023-10-25 15:00:00,16.3,65.3,10.3,10,2,15,0,1,169.2
2023-10-25 16:00:00,11.1,72.7,26.2,10,2,16,0,1,129.21
2023-10-25 17:00:00,11.1,67.8,17.9,10,2,17,0,1,154.78
2023-10-25 18:00:00,14.1,69.7,10.2,10,2,18,0,1,156.03
2023-10-25 19:00:00,9.7,89.6,7.0,10,2,19,0,1,189.92
2023-10-25 20:00:00,11.3,72.0,6.4,10,2,20,0,1,186.91
2023-10-25 21:00:00,7.6,79.5,14.4,10,2,21,0,1,201.91
2023-10-25 22:00:00,5.1,64.2,4.0,10,2,22,0,1,203.01
2023-10-25 23:00:00,6.0,68.2,9.1,10,2,23,0,1,225.16
2023-10-26 00:00:00,4.2,85.3,7.6,10,3,0,0,0,227.84
2023-10-26 01:00:00,5.2,90.7,10.4,10,3,1,0,0,229.17
2023-10-26 02:00:00,7.3,78.1,3.7,10,3,2,0,0,208.18
2023-10-26 03:00:00,8.7,73.2,11.5,10,3,3,0,0,197.11
2023-10-26 04:00:00,5.5,81.2,9.9,10,3,4,0,0,190.41
2023-10-26 05:00:00,9.9,54.3,3.6,10,3,5,0,0,194.56
2023-10-26 06:00:00,10.0,76.8,6.8,10,3,6,0,0,187.06
2023-10-26 07:00:00,11.2,66.0,11.1,10,3,7,0,0,216.11
2023-10-26 08:00:00,13.9,79.4,20.6,10,3,8,0,0,189.93
2023-10-26 09:00:00,13.6,55.7,3.0,10,3,9,0,0,176.7
2023-10-26 10:00:00,18.3,65.8,2.1,10,3,10,0,0,206.0
2023-10-26 11:00:00,18.4,70.5,3.4,10,3,11,0,0,201.54
2023-10-26 12:00:00,18.5,64.6,38.3,10,3,12,0,0,137.06
2023-10-26 13:00:00,15.0,69.5,13.7,10,3,13,0,0,182.16
2023-10-26 14:00:00,13.6,80.4,9.6,10,3,14,0,0,200.57
2023-10-26 15:00:00,14.9,72.4,3.1,10,3,15,0,0,178.06
2023-10-26 16:00:00,13.4,65.9,6.3,10,3,16,0,0,161.31
2023-10-26 17:00:00,11.3,81.9,12.0,10,3,17,0,0,210.59
2023-10-26 18:00:00,8.8,77.6,20.1,10,3,18,0,0,225.83
2023-10-26 19:00:00,9.8,77.4,5.8,10,3,19,0,0,224.32
2023-10-26 20:00:00,7.9,68.9,50.0,10,3,20,0,0,213.65
2023-10-26 21:00:00,9.0,55.1,3.2,10,3,21,0,0,237.23
2023-10-26 22:00:00,8.2,68.7,5.9,10,3,22,0,0,210.97
2023-10-26 23:00:00,8.6,67.7,18.7,10,3,23,0,0,207.17
2023-10-27 00:00:00,3.5,73.4,10.4,10,4,0,0,0,249.26
2023-10-27 01:00:00,6.9,69.8,15.3,10,4,1,0,0,215.58
2023-10-27 02:00:00,5.2,78.3,21.1,10,4,2,0,0,193.08
2023-10-27 03:00:00,5.0,84.5,7.7,10,4,3,0,0,185.05
2023-10-27 04:00:00,7.6,84.8,4.1,10,4,4,0,0,182.15
2023-10-27 05:00:00,11.8,80.8,11.5,10,4,5,0,0,180.85
2023-10-27 06:00:00,10.2,67.7,8.6,10,4,6,0,0,172.08
2023-10-27 07:00:00,15.4,72.8,13.9,10,4,7,0,0,184.07
2023-10-27 08:00:00,14.6,85.2,7.7,10,4,8,0,0,176.66
2023-10-27 09:00:00,,60.5,15.3,10,4,9,0,0,180.49
2023-10-27 10:00:00,17.6,82.0,20.6,10,4,10,0,0,181.45
2023-10-27 11:00:00,16.7,63.7,13.1,10,4,11,0,0,195.24
2023-10-27 12:00:00,14.1,75.3,12.9,10,4,12,0,0,161.16
2023-10-27 13:00:00,19.5,73.5,9.1,10,4,13,0,0,168.08
2023-10-27 14:00:00,15.8,73.6,7.1,10,4,14,0,0,171.5
2023-10-27 15:00:00,14.5,90.6,30.8,10,4,15,0,0,148.86
2023-10-27 16:00:00,11.8,71.7,10.3,10,4,16,0,0,188.65
2023-10-27 17:00:00,14.6,59.6,16.7,10,4,17,0,0,168.47
2023-10-27 18:00:00,12.0,76.8,7.6,10,4,18,0,0,186.49
2023-10-27 19:00:00,10.9,73.2,8.5,10,4,19,0,0,217.49
2023-10-27 20:00:00,7.5,80.7,10.7,10,4,20,0,0,231.08
2023-10-27 21:00:00,9.1,82.5,12.4,10,4,21,0,0,220.78
2023-10-27 22:00:00,8.5,75.5,6.8,10,4,22,0,0,237.5
2023-10-27 23:00:00,4.8,81.1,5.5,10,4,23,0,0,238.76
2023-10-28 00:00:00,2.9,79.7,4.2,10,5,0,1,0,229.06
2023-10-28 01:00:00,7.1,90.8,6.4,10,5,1,1,0,175.02
2023-10-28 02:00:00,3.3,75.4,3.9,10,5,2,1,0,186.07
2023-10-28 03:00:00,7.5,70.7,6.3,10,5,3,1,0,167.61
2023-10-28 04:00:00,7.4,83.4,18.6,10,5,4,1,0,170.25
2023-10-28 05:00:00,11.9,66.6,32.2,10,5,5,1,0,110.04
2023-10-28 06:00:00,10.0,78.1,8.9,10,5,6,1,0,179.69
2023-10-28 07:00:00,14.3,71.5,3.3,10,5,7,1,0,174.57
2023-10-28 08:00:00,12.2,73.1,6.5,10,5,8,1,0,179.21
2023-10-28 09:00:00,16.3,91.3,9.4,10,5,9,1,0,168.24
2023-10-28 10:00:00,19.2,80.3,5.7,10,5,10,1,0,193.29
2023-10-28 11:00:00,13.5,,3.8,10,5,11,1,0,185.28
2023-10-28 12:00:00,16.4,76.1,4.1,10,5,12,1,0,159.93
2023-10-28 13:00:00,21.1,63.9,7.1,10,5,13,1,0,161.14
2023-10-28 14:00:00,15.2,74.5,4.0,10,5,14,1,0,170.36
2023-10-28 15:00:00,14.4,77.5,4.3,10,5,15,1,0,126.9
2023-10-28 16:00:00,14.8,74.2,18.5,10,5,16,1,0,133.97
2023-10-28 17:00:00,12.1,74.7,14.1,10,5,17,1,0,171.47
2023-10-28 18:00:00,7.4,73.1,2.5,10,5,18,1,0,227.01
2023-10-28 19:00:00,11.7,76.3,5.1,10,5,19,1,0,174.48
2023-10-28 20:00:00,4.3,73.7,8.1,10,5,20,1,0,260.31
2023-10-28 21:00:00,6.4,82.4,2.5,10,5,21,1,0,223.54
2023-10-28 22:00:00,8.9,59.4,11.2,10,5,22,1,0,200.45
2023-10-28 23:00:00,5.2,88.3,5.9,10,5,23,1,0,208.34
2023-10-29 00:00:00,4.2,67.4,6.0,10,6,0,1,0,165.09
2023-10-29 01:00:00,7.5,67.7,4.5,10,6,1,1,0,141.96
2023-10-29 02:00:00,4.5,81.0,5.3,10,6,2,1,0,173.39
2023-10-29 03:00:00,4.6,82.0,17.8,10,6,3,1,0,172.68
2023-10-29 04:00:00,8.6,92.3,14.4,10,6,4,1,0,157.83
2023-10-29 05:00:00,8.9,77.9,24.0,10,6,5,1,0,145.66
2023-10-29 06:00:00,8.1,75.6,11.6,10,6,6,1,0,172.18
2023-10-29 07:00:00,13.1,75.0,8.9,10,6,7,1,0,147.27
2023-10-29 08:00:00,14.0,85.7,4.4,10,6,8,1,0,166.77
2023-10-29 09:00:00,13.4,92.7,10.8,10,6,9,1,0,191.18
2023-10-29 10:00:00,14.3,71.4,20.9,10,6,10,1,0,165.44
2023-10-29 11:00:00,16.3,76.2,2.6,10,6,11,1,0,174.16
2023-10-29 12:00:00,17.9,70.4,6.7,10,6,12,1,0,160.81
2023-10-29 13:00:00,14.8,71.8,3.3,10,6,13,1,0,150.2
2023-10-29 14:00:00,16.2,86.9,15.3,10,6,14,1,0,114.45
2023-10-29 15:00:00,15.2,65.0,9.6,10,6,15,1,0,142.99
2023-10-29 16:00:00,14.8,53.9,18.9,10,6,16,1,0,125.2
2023-10-29 17:00:00,11.9,76.6,2.5,10,6,17,1,0,182.99
2023-10-29 18:00:00,8.7,85.2,20.9,10,6,18,1,0,213.81
2023-10-29 19:00:00,8.3,77.6,2.6,10,6,19,1,0,210.02
2023-10-29 20:00:00,8.8,79.6,4.7,10,6,20,1,0,217.86
2023-10-29 21:00:00,10.7,80.7,3.4,10,6,21,1,0,209.94
2023-10-29 22:00:00,5.3,78.3,3.3,10,6,22,1,0,213.89
2023-10-29 23:00:00,7.3,80.8,3.5,10,6,23,1,0,199.27
2023-10-30 00:00:00,4.7,82.0,7.2,10,0,0,0,0,200.97
2023-10-30 01:00:00,5.8,61.5,14.3,10,0,1,0,0,215.76
2023-10-30 02:00:00,9.1,76.4,20.3,10,0,2,0,0,197.22
2023-10-30 03:00:00,8.4,63.2,8.7,10,0,3,0,0,177.69
2023-10-30 04:00:00,5.4,77.0,3.4,10,0,4,0,0,196.82
2023-10-30 05:00:00,7.9,72.1,2.7,10,0,5,0,0,197.89
2023-10-30 06:00:00,12.9,81.8,7.5,10,0,6,0,0,155.05
2023-10-30 07:00:00,11.9,76.0,13.6,10,0,7,0,0,176.75
2023-10-30 08:00:00,10.6,78.5,9.7,10,0,8,0,0,197.37
2023-10-30 09:00:00,12.3,72.3,9.0,10,0,9,0,0,194.31
2023-10-30 10:00:00,16.1,80.4,2.4,10,0,10,0,0,199.84
2023-10-30 11:00:00,17.2,58.6,6.2,10,0,11,0,0,188.24
2023-10-30 12:00:00,15.4,65.1,8.4,10,0,12,0,0,179.64
2023-10-30 13:00:00,20.1,80.2,9.3,10,0,13,0,0,178.61
2023-10-30 14:00:00,16.3,68.3,2.0,10,0,14,0,0,172.83
2023-10-30 15:00:00,13.4,56.1,3.8,10,0,15,0,0,164.03
2023-10-30 16:00:00,11.2,86.0,25.9,10,0,16,0,0,180.92
2023-10-30 17:00:00,9.7,83.8,7.7,10,0,17,0,0,205.86
2023-10-30 18:00:00,11.0,80.2,11.7,10,0,18,0,0,201.74
2023-10-30 19:00:00,8.1,76.7,4.9,10,0,19,0,0,246.8
2023-10-30 20:00:00,11.2,87.7,9.0,10,0,20,0,0,193.88
2023-10-30 21:00:00,9.8,85.2,5.5,10,0,21,0,0,230.99
2023-10-30 22:00:00,7.3,88.7,4.8,10,0,22,0,0,242.09
2023-10-30 23:00:00,3.2,84.0,6.2,10,0,23,0,0,267.58
2023-10-31 00:00:00,3.8,79.1,6.9,10,1,0,0,0,247.94
2023-10-31 01:00:00,7.9,72.9,5.2,10,1,1,0,0,190.04
2023-10-31 02:00:00,4.7,67.5,4.4,10,1,2,0,0,222.57
2023-10-31 03:00:00,8.9,79.6,9.8,10,1,3,0,0,186.21
2023-10-31 04:00:00,8.6,80.4,5.8,10,1,4,0,0,187.59
2023-10-31 05:00:00,9.0,72.7,3.8,10,1,5,0,0,165.6
2023-10-31 06:00:00,8.8,80.5,13.4,10,1,6,0,0,210.18
2023-10-31 07:00:00,11.3,71.7,12.3,10,1,7,0,0,187.58
2023-10-31 08:00:00,13.1,80.4,19.4,10,1,8,0,0,182.96
2023-10-31 09:00:00,15.8,65.1,8.5,10,1,9,0,0,168.87
2023-10-31 10:00:00,12.7,65.2,4.6,10,1,10,0,0,167.02
2023-10-31 11:00:00,14.5,70.8,17.9,10,1,11,0,0,216.43
2023-10-31 12:00:00,15.3,79.0,4.6,10,1,12,0,0,190.54
2023-10-31 13:00:00,16.3,62.6,10.5,10,1,13,0,0,149.77
2023-10-31 14:00:00,12.7,82.1,3.7,10,1,14,0,0,165.05
2023-10-31 15:00:00,11.1,61.3,9.9,10,1,15,0,0,177.16
2023-10-31 16:00:00,,71.0,16.7,10,1,16,0,0,181.74
2023-10-31 17:00:00,8.4,64.5,8.2,10,1,17,0,0,218.79
2023-10-31 18:00:00,12.7,52.7,7.1,10,1,18,0,0,203.2
2023-10-31 19:00:00,8.6,78.6,42.3,10,1,19,0,0,204.57
2023-10-31 20:00:00,4.6,76.3,2.2,10,1,20,0,0,270.0
2023-10-31 21:00:00,5.7,66.0,5.2,10,1,21,0,0,256.01
2023-10-31 22:00:00,6.6,72.6,22.1,10,1,22,0,0,228.43
2023-10-31 23:00:00,4.3,81.4,10.2,10,1,23,0,0,254.0
2023-11-01 00:00:00,5.0,74.5,8.2,11,2,0,0,1,212.44
2023-11-01 01:00:00,6.6,75.1,10.1,11,2,1,0,1,172.56
2023-11-01 02:00:00,5.2,74.2,5.1,11,2,2,0,1,168.48
2023-11-01 03:00:00,4.6,73.1,2.6,11,2,3,0,1,159.85
2023-11-01 04:00:00,6.9,71.8,4.6,11,2,4,0,1,166.72
2023-11-01 05:00:00,11.5,69.2,5.3,11,2,5,0,1,129.91
2023-11-01 06:00:00,13.3,67.3,7.2,11,2,6,0,1,144.28
2023-11-01 07:00:00,7.2,68.2,6.0,11,2,7,0,1,189.49
2023-11-01 08:00:00,14.7,69.6,7.9,11,2,8,0,1,176.18
2023-11-01 09:00:00,14.0,67.9,3.7,11,2,9,0,1,168.89
2023-11-01 10:00:00,16.2,63.3,3.6,11,2,10,0,1,167.52
2023-11-01 11:00:00,13.7,79.3,5.5,11,2,11,0,1,159.88
2023-11-01 12:00:00,11.4,84.1,7.1,11,2,12,0,1,151.27
2023-11-01 13:00:00,16.0,72.0,5.3,11,2,13,0,1,158.94
2023-11-01 14:00:00,12.4,,8.9,11,2,14,0,1,168.37
2023-11-01 15:00:00,10.7,69.1,5.0,11,2,15,0,1,153.07
2023-11-01 16:00:00,9.8,83.6,3.6,11,2,16,0,1,141.99
2023-11-01 17:00:00,12.5,87.7,17.9,11,2,17,0,1,178.5
2023-11-01 18:00:00,10.3,73.6,3.8,11,2,18,0,1,201.74
2023-11-01 19:00:00,10.2,70.7,29.2,11,2,19,0,1,179.68
2023-11-01 20:00:00,8.8,78.3,37.0,11,2,20,0,1,209.48
2023-11-01 21:00:00,5.6,78.2,11.5,11,2,21,0,1,224.61
2023-11-01 22:00:00,5.5,73.2,7.6,11,2,22,0,1,218.7
2023-11-01 23:00:00,4.1,81.7,14.7,11,2,23,0,1,190.63
2023-11-02 00:00:00,4.4,85.3,18.5,11,3,0,0,0,240.9
2023-11-02 01:00:00,3.0,72.2,11.9,11,3,1,0,0,202.31
2023-11-02 02:00:00,6.2,97.2,2.9,11,3,2,0,0,233.02
2023-11-02 03:00:00,8.4,63.5,2.0,11,3,3,0,0,206.68
2023-11-02 04:00:00,5.7,70.4,3.7,11,3,4,0,0,165.41
2023-11-02 05:00:00,11.1,76.3,3.7,11,3,5,0,0,198.55
2023-11-02 06:00:00,10.0,93.0,3.6,11,3,6,0,0,190.98
2023-11-02 07:00:00,11.6,69.7,7.7,11,3,7,0,0,192.65
2023-11-02 08:00:00,8.9,67.0,7.9,11,3,8,0,0,190.3
2023-11-02 09:00:00,9.7,79.5,12.3,11,3,9,0,0,211.91
2023-11-02 10:00:00,14.4,70.8,3.8,11,3,10,0,0,181.0
2023-11-02 11:00:00,16.2,77.2,2.8,11,3,11,0,0,179.83
2023-11-02 12:00:00,13.4,72.7,10.8,11,3,12,0,0,206.26
2023-11-02 13:00:00,18.0,64.2,7.3,11,3,13,0,0,179.5
2023-11-02 14:00:00,15.6,91.0,10.8,11,3,14,0,0,184.0
2023-11-02 15:00:00,11.5,50.6,5.8,11,3,15,0,0,169.78
2023-11-02 16:00:00,12.4,88.4,13.1,11,3,16,0,0,173.63
2023-11-02 17:00:00,16.0,79.4,11.2,11,3,17,0,0,150.45
2023-11-02 18:00:00,7.3,70.4,10.4,11,3,18,0,0,239.35
2023-11-02 19:00:00,9.6,90.2,2.2,11,3,19,0,0,264.05
2023-11-02 20:00:00,6.6,65.7,17.6,11,3,20,0,0,266.7
2023-11-02 21:00:00,7.7,84.2,5.8,11,3,21,0,0,244.5
2023-11-02 22:00:00,8.0,59.3,3.2,11,3,22,0,0,231.93
2023-11-02 23:00:00,4.2,68.7,13.3,11,3,23,0,0,245.02
2023-11-03 00:00:00,6.8,67.4,7.3,11,4,0,0,0,216.17
2023-11-03 01:00:00,9.2,69.4,2.3,11,4,1,0,0,209.56
2023-11-03 02:00:00,5.4,77.4,14.2,11,4,2,0,0,193.81
2023-11-03 03:00:00,7.6,69.6,6.6,11,4,3,0,0,176.26
2023-11-03 04:00:00,5.9,60.7,13.2,11,4,4,0,0,189.62
2023-11-03 05:00:00,8.3,79.5,13.3,11,4,5,0,0,187.53
2023-11-03 06:00:00,9.2,75.8,2.8,11,4,6,0,0,205.46
2023-11-03 07:00:00,12.5,77.0,9.6,11,4,7,0,0,181.95
2023-11-03 08:00:00,14.5,74.1,5.6,11,4,8,0,0,172.99
2023-11-03 09:00:00,12.9,81.2,8.3,11,4,9,0,0,189.47
2023-11-03 10:00:00,17.0,70.9,2.7,11,4,10,0,0,173.48
2023-11-03 11:00:00,17.5,79.4,9.1,11,4,11,0,0,184.21
2023-11-03 12:00:00,16.3,65.6,14.0,11,4,12,0,0,189.54
2023-11-03 13:00:00,13.4,67.6,36.6,11,4,13,0,0,171.58
2023-11-03 14:00:00,12.7,84.7,5.1,11,4,14,0,0,192.4
2023-11-03 15:00:00,11.5,85.1,3.3,11,4,15,0,0,173.17
2023-11-03 16:00:00,14.0,77.6,5.6,11,4,16,0,0,159.61
2023-11-03 17:00:00,8.5,68.7,2.2,11,4,17,0,0,216.0
2023-11-03 18:00:00,11.0,66.8,6.2,11,4,18,0,0,225.39
2023-11-03 19:00:00,6.1,87.6,21.7,11,4,19,0,0,261.25
2023-11-03 20:00:00,8.7,85.8,3.7,11,4,20,0,0,232.68
2023-11-03 21:00:00,6.1,76.4,7.2,11,4,21,0,0,287.21
2023-11-03 22:00:00,7.9,94.8,8.8,11,4,22,0,0,202.28
2023-11-03 23:00:00,7.1,80.1,3.6,11,4,23,0,0,226.52
2023-11-04 00:00:00,7.3,67.5,5.2,11,5,0,1,0,176.82
2023-11-04 01:00:00,7.5,,21.4,11,5,1,1,0,158.76
2023-11-04 02:00:00,5.4,77.4,4.8,11,5,2,1,0,190.16
2023-11-04 03:00:00,3.6,78.9,10.1,11,5,3,1,0,190.65
2023-11-04 04:00:00,4.8,87.6,3.2,11,5,4,1,0,168.81
2023-11-04 05:00:00,3.9,,10.9,11,5,5,1,0,195.0
2023-11-04 06:00:00,7.2,65.7,4.6,11,5,6,1,0,181.84
2023-11-04 07:00:00,10.8,79.4,4.1,11,5,7,1,0,183.56
2023-11-04 08:00:00,10.8,70.5,3.1,11,5,8,1,0,199.59
2023-11-04 09:00:00,12.6,93.1,2.4,11,5,9,1,0,172.29
2023-11-04 10:00:00,14.7,80.2,29.5,11,5,10,1,0,187.55
2023-11-04 11:00:00,13.6,69.0,6.3,11,5,11,1,0,165.09
2023-11-04 12:00:00,12.2,83.6,14.0,11,5,12,1,0,162.77
2023-11-04 13:00:00,14.1,78.8,22.2,11,5,13,1,0,141.63
2023-11-04 14:00:00,11.9,79.1,3.8,11,5,14,1,0,132.3
2023-11-04 15:00:00,12.4,72.8,18.3,11,5,15,1,0,142.42
2023-11-04 16:00:00,14.6,76.1,11.8,11,5,16,1,0,165.99
2023-11-04 17:00:00,10.2,58.1,8.9,11,5,17,1,0,178.18
2023-11-04 18:00:00,13.0,84.1,15.2,11,5,18,1,0,175.72
2023-11-04 19:00:00,11.0,47.0,2.9,11,5,19,1,0,193.53
2023-11-04 20:00:00,5.8,73.6,4.4,11,5,20,1,0,254.73
2023-11-04 21:00:00,3.7,65.4,3.1,11,5,21,1,0,234.29
2023-11-04 22:00:00,5.0,73.5,20.1,11,5,22,1,0,232.23
2023-11-04 23:00:00,6.9,76.0,2.8,11,5,23,1,0,202.41
2023-11-05 00:00:00,3.3,68.8,33.3,11,6,0,1,0,183.6
2023-11-05 01:00:00,6.2,54.7,2.9,11,6,1,1,0,182.01
2023-11-05 02:00:00,7.3,78.0,10.7,11,6,2,1,0,165.54
2023-11-05 03:00:00,4.2,94.6,10.6,11,6,3,1,0,180.67
2023-11-05 04:00:00,5.4,74.5,23.4,11,6,4,1,0,156.31
2023-11-05 05:00:00,9.4,83.0,5.1,11,6,5,1,0,154.9
2023-11-05 06:00:00,9.5,87.3,5.2,11,6,6,1,0,162.29
2023-11-05 07:00:00,9.2,60.2,17.0,11,6,7,1,0,186.16
2023-11-05 08:00:00,11.0,70.8,32.7,11,6,8,1,0,159.06
2023-11-05 09:00:00,12.6,63.5,2.2,11,6,9,1,0,170.53
2023-11-05 10:00:00,10.4,68.3,10.1,11,6,10,1,0,205.79
2023-11-05 11:00:00,15.6,85.8,4.2,11,6,11,1,0,190.6
2023-11-05 12:00:00,13.3,75.2,12.4,11,6,12,1,0,151.1
2023-11-05 13:00:00,8.5,82.1,13.9,11,6,13,1,0,164.45
2023-11-05 14:00:00,13.5,72.9,13.5,11,6,14,1,0,155.34
2023-11-05 15:00:00,11.3,64.7,6.6,11,6,15,1,0,154.77
2023-11-05 16:00:00,15.1,77.9,3.4,11,6,16,1,0,141.1
2023-11-05 17:00:00,9.4,85.3,9.0,11,6,17,1,0,199.67
2023-11-05 18:00:00,7.0,79.0,14.4,11,6,18,1,0,202.8
2023-11-05 19:00:00,9.0,79.4,21.5,11,6,19,1,0,229.71
2023-11-05 20:00:00,,67.4,6.8,11,6,20,1,0,236.3
2023-11-05 21:00:00,4.1,83.6,4.3,11,6,21,1,0,250.45
2023-11-05 22:00:00,5.9,87.8,3.0,11,6,22,1,0,257.31
2023-11-05 23:00:00,2.3,82.1,14.8,11,6,23,1,0,241.65
2023-11-06 00:00:00,1.1,65.1,8.1,11,0,0,0,0,242.13
2023-11-06 01:00:00,7.7,89.2,11.0,11,0,1,0,0,180.12
2023-11-06 02:00:00,5.9,69.5,3.4,11,0,2,0,0,194.51
2023-11-06 03:00:00,5.0,80.6,2.1,11,0,3,0,0,214.07
2023-11-06 04:00:00,6.5,84.3,29.4,11,0,4,0,0,201.62
2023-11-06 05:00:00,8.8,84.2,15.3,11,0,5,0,0,162.97
2023-11-06 06:00:00,11.0,60.1,6.1,11,0,6,0,0,177.83
2023-11-06 07:00:00,8.8,76.5,6.9,11,0,7,0,0,224.03
2023-11-06 08:00:00,12.3,74.3,23.2,11,0,8,0,0,190.52
2023-11-06 09:00:00,11.6,85.7,3.9,11,0,9,0,0,232.53
2023-11-06 10:00:00,13.0,77.2,15.0,11,0,10,0,0,178.2
2023-11-06 11:00:00,14.2,84.5,2.1,11,0,11,0,0,197.52
2023-11-06 12:00:00,14.0,77.3,18.7,11,0,12,0,0,184.69
2023-11-06 13:00:00,15.4,71.7,9.1,11,0,13,0,0,181.11
2023-11-06 14:00:00,14.4,74.4,7.2,11,0,14,0,0,160.04
2023-11-06 15:00:00,9.6,87.4,11.8,11,0,15,0,0,203.22
2023-11-06 16:00:00,8.8,65.2,2.6,11,0,16,0,0,209.73
2023-11-06 17:00:00,9.6,82.4,3.7,11,0,17,0,0,208.18
2023-11-06 18:00:00,12.7,68.6,6.2,11,0,18,0,0,205.37
2023-11-06 19:00:00,6.1,70.2,9.7,11,0,19,0,0,254.79
2023-11-06 20:00:00,6.1,85.1,3.2,11,0,20,0,0,251.92
2023-11-06 21:00:00,4.4,70.7,5.8,11,0,21,0,0,263.25
2023-11-06 22:00:00,3.6,81.2,4.4,11,0,22,0,0,247.15
2023-11-06 23:00:00,4.6,73.8,10.3,11,0,23,0,0,218.37
2023-11-07 00:00:00,6.7,57.8,22.1,11,1,0,0,0,197.25
2023-11-07 01:00:00,5.0,81.3,3.5,11,1,1,0,0,189.69
2023-11-07 02:00:00,2.9,79.5,3.7,11,1,2,0,0,226.53
2023-11-07 03:00:00,10.9,59.3,9.3,11,1,3,0,0,165.45
2023-11-07 04:00:00,6.5,71.1,6.8,11,1,4,0,0,195.62
2023-11-07 05:00:00,6.4,62.3,12.1,11,1,5,0,0,230.18
2023-11-07 06:00:00,11.7,80.0,4.7,11,1,6,0,0,187.1
2023-11-07 07:00:00,9.2,86.5,8.3,11,1,7,0,0,200.52
2023-11-07 08:00:00,14.7,79.4,5.9,11,1,8,0,0,195.61
2023-11-07 09:00:00,10.7,82.6,4.6,11,1,9,0,0,196.08
2023-11-07 10:00:00,16.1,67.8,12.5,11,1,10,0,0,202.86
2023-11-07 11:00:00,14.1,77.3,14.7,11,1,11,0,0,185.28
2023-11-07 12:00:00,16.5,71.7,5.2,11,1,12,0,0,196.38
2023-11-07 13:00:00,17.5,72.7,9.8,11,1,13,0,0,172.78
2023-11-07 14:00:00,10.9,82.2,3.6,11,1,14,0,0,202.3
2023-11-07 15:00:00,,81.9,14.5,11,1,15,0,0,159.44
2023-11-07 16:00:00,8.6,72.6,4.6,11,1,16,0,0,188.17
2023-11-07 17:00:00,8.1,64.7,3.5,11,1,17,0,0,196.71
2023-11-07 18:00:00,7.3,74.9,24.5,11,1,18,0,0,197.95
2023-11-07 19:00:00,8.6,73.9,6.4,11,1,19,0,0,228.46
2023-11-07 20:00:00,6.4,79.1,10.3,11,1,20,0,0,245.25
2023-11-07 21:00:00,5.0,84.2,15.3,11,1,21,0,0,275.25
2023-11-07 22:00:00,4.8,62.3,11.3,11,1,22,0,0,230.38
2023-11-07 23:00:00,5.2,72.0,8.7,11,1,23,0,0,268.44
2023-11-08 00:00:00,5.0,69.8,5.7,11,2,0,0,0,203.41
2023-11-08 01:00:00,6.1,87.0,22.1,11,2,1,0,0,187.77
2023-11-08 02:00:00,8.0,74.3,3.1,11,2,2,0,0,164.74
2023-11-08 03:00:00,5.1,73.3,19.2,11,2,3,0,0,198.73
2023-11-08 04:00:00,5.2,81.7,11.9,11,2,4,0,0,202.25
2023-11-08 05:00:00,8.6,70.9,8.8,11,2,5,0,0,184.06
2023-11-08 06:00:00,6.4,76.7,5.1,11,2,6,0,0,219.77
2023-11-08 07:00:00,8.6,90.2,3.3,11,2,7,0,0,226.78
2023-11-08 08:00:00,13.2,87.7,6.7,11,2,8,0,0,177.06
2023-11-08 09:00:00,12.0,70.7,14.3,11,2,9,0,0,200.66
2023-11-08 10:00:00,10.6,73.2,12.9,11,2,10,0,0,225.64
2023-11-08 11:00:00,10.6,69.8,10.3,11,2,11,0,0,193.56
2023-11-08 12:00:00,13.8,57.7,41.1,11,2,12,0,0,208.19
2023-11-08 13:00:00,15.8,80.4,30.8,11,2,13,0,0,198.2
2023-11-08 14:00:00,15.3,91.7,6.1,11,2,14,0,0,174.08
2023-11-08 15:00:00,,70.2,3.7,11,2,15,0,0,163.4
2023-11-08 16:00:00,15.2,65.9,7.0,11,2,16,0,0,153.81
2023-11-08 17:00:00,9.8,72.9,16.9,11,2,17,0,0,202.23
2023-11-08 18:00:00,8.4,76.5,6.9,11,2,18,0,0,234.37
2023-11-08 19:00:00,2.3,69.8,5.3,11,2,19,0,0,258.17
2023-11-08 20:00:00,5.3,73.7,12.8,11,2,20,0,0,246.1
2023-11-08 21:00:00,6.9,84.7,10.4,11,2,21,0,0,249.8
2023-11-08 22:00:00,7.5,77.3,29.7,11,2,22,0,0,199.02
2023-11-08 23:00:00,2.2,89.1,8.4,11,2,23,0,0,263.87
2023-11-09 00:00:00,4.5,80.7,29.4,11,3,0,0,0,221.34
2023-11-09 01:00:00,5.8,68.4,4.8,11,3,1,0,0,204.14
2023-11-09 02:00:00,4.2,73.3,18.0,11,3,2,0,0,198.23
2023-11-09 03:00:00,0.4,81.8,5.5,11,3,3,0,0,254.39
2023-11-09 04:00:00,6.5,67.8,15.3,11,3,4,0,0,197.76
2023-11-09 05:00:00,8.8,65.6,22.8,11,3,5,0,0,162.4
2023-11-09 06:00:00,6.6,67.1,9.8,11,3,6,0,0,211.9
2023-11-09 07:00:00,9.3,79.5,12.4,11,3,7,0,0,204.67
2023-11-09 08:00:00,8.7,72.7,27.5,11,3,8,0,0,212.19
2023-11-09 09:00:00,6.9,86.0,5.8,11,3,9,0,0,244.84
2023-11-09 10:00:00,14.9,65.4,7.7,11,3,10,0,0,195.16
2023-11-09 11:00:00,13.4,53.7,20.3,11,3,11,0,0,183.73
2023-11-09 12:00:00,16.7,70.6,10.9,11,3,12,0,0,171.35
2023-11-09 13:00:00,15.1,85.6,18.5,11,3,13,0,0,184.04
2023-11-09 14:00:00,12.2,74.2,9.7,11,3,14,0,0,179.67
2023-11-09 15:00:00,11.9,63.1,12.8,11,3,15,0,0,184.09
2023-11-09 16:00:00,12.2,60.9,2.1,11,3,16,0,0,189.9
2023-11-09 17:00:00,11.8,83.7,5.3,11,3,17,0,0,182.57
2023-11-09 18:00:00,9.2,68.9,13.8,11,3,18,0,0,209.33
2023-11-09 19:00:00,9.5,87.6,6.1,11,3,19,0,0,232.04
2023-11-09 20:00:00,5.4,82.5,5.6,11,3,20,0,0,266.79
2023-11-09 21:00:00,3.0,72.3,26.2,11,3,21,0,0,275.47
2023-11-09 22:00:00,4.1,87.3,8.4,11,3,22,0,0,264.18
2023-11-09 23:00:00,4.1,70.5,3.7,11,3,23,0,0,247.83
2023-11-10 00:00:00,1.0,67.9,7.1,11,4,0,0,0,249.33
2023-11-10 01:00:00,0.9,72.6,7.8,11,4,1,0,0,268.17
2023-11-10 02:00:00,4.9,83.7,37.9,11,4,2,0,0,201.48
2023-11-10 03:00:00,4.0,87.1,12.1,11,4,3,0,0,214.19
2023-11-10 04:00:00,5.5,74.1,7.9,11,4,4,0,0,197.82
2023-11-10 05:00:00,6.4,61.9,6.5,11,4,5,0,0,204.81
2023-11-10 06:00:00,11.4,61.8,21.8,11,4,6,0,0,168.67
2023-11-10 07:00:00,12.2,65.4,10.3,11,4,7,0,0,157.67
2023-11-10 08:00:00,8.4,65.4,5.5,11,4,8,0,0,200.56
2023-11-10 09:00:00,10.8,76.7,7.0,11,4,9,0,0,231.43
2023-11-10 10:00:00,14.4,88.3,4.6,11,4,10,0,0,209.11
2023-11-10 11:00:00,14.4,79.2,27.8,11,4,11,0,0,176.1
2023-11-10 12:00:00,13.3,64.3,11.7,11,4,12,0,0,180.02
2023-11-10 13:00:00,,69.0,6.0,11,4,13,0,0,180.23
2023-11-10 14:00:00,11.3,70.3,3.6,11,4,14,0,0,179.33
2023-11-10 15:00:00,10.9,77.7,3.6,11,4,15,0,0,205.89
2023-11-10 16:00:00,11.4,86.9,7.2,11,4,16,0,0,188.42
2023-11-10 17:00:00,13.1,69.7,7.0,11,4,17,0,0,197.84
2023-11-10 18:00:00,7.0,88.8,6.3,11,4,18,0,0,263.39
2023-11-10 19:00:00,5.0,94.3,17.3,11,4,19,0,0,256.02
2023-11-10 20:00:00,5.7,74.4,33.0,11,4,20,0,0,228.15
2023-11-10 21:00:00,,73.5,5.5,11,4,21,0,0,253.07
2023-11-10 22:00:00,1.2,76.5,4.8,11,4,22,0,0,276.17
2023-11-10 23:00:00,6.5,77.3,13.8,11,4,23,0,0,224.71
2023-11-11 00:00:00,2.9,75.7,6.8,11,5,0,1,0,216.83
2023-11-11 01:00:00,1.9,86.1,4.0,11,5,1,1,0,250.41
2023-11-11 02:00:00,0.7,67.3,3.6,11,5,2,1,0,229.17
2023-11-11 03:00:00,6.1,72.7,4.6,11,5,3,1,0,165.96
2023-11-11 04:00:00,5.4,79.9,2.0,11,5,4,1,0,194.16
2023-11-11 05:00:00,7.3,83.3,24.7,11,5,5,1,0,178.36
2023-11-11 06:00:00,6.4,94.4,6.5,11,5,6,1,0,211.43
2023-11-11 07:00:00,8.9,65.3,2.7,11,5,7,1,0,164.51
2023-11-11 08:00:00,9.7,69.9,3.4,11,5,8,1,0,203.5
2023-11-11 09:00:00,11.5,56.1,5.1,11,5,9,1,0,212.11
2023-11-11 10:00:00,11.2,65.5,8.4,11,5,10,1,0,203.56
2023-11-11 11:00:00,10.0,60.9,11.7,11,5,11,1,0,206.76
2023-11-11 12:00:00,18.7,66.5,4.9,11,5,12,1,0,141.93
2023-11-11 13:00:00,10.3,73.0,27.3,11,5,13,1,0,187.55
2023-11-11 14:00:00,12.9,77.3,13.4,11,5,14,1,0,144.5
2023-11-11 15:00:00,8.2,73.5,16.0,11,5,15,1,0,174.12
2023-11-11 16:00:00,6.7,80.4,5.1,11,5,16,1,0,188.7
2023-11-11 17:00:00,9.7,76.1,5.8,11,5,17,1,0,172.03
2023-11-11 18:00:00,8.6,67.5,8.2,11,5,18,1,0,195.47
2023-11-11 19:00:00,9.4,61.8,6.8,11,5,19,1,0,182.54
2023-11-11 20:00:00,6.5,81.4,4.4,11,5,20,1,0,221.86
2023-11-11 21:00:00,4.4,91.0,49.2,11,5,21,1,0,211.01
2023-11-11 22:00:00,2.0,99.3,17.1,11,5,22,1,0,278.66
2023-11-11 23:00:00,6.4,84.3,4.2,11,5,23,1,0,231.45
2023-11-12 00:00:00,4.9,89.2,19.8,11,6,0,1,0,231.51
2023-11-12 01:00:00,0.7,83.3,9.1,11,6,1,1,0,230.38
2023-11-12 02:00:00,3.8,80.5,2.1,11,6,2,1,0,198.69
2023-11-12 03:00:00,4.8,78.5,5.4,11,6,3,1,0,196.36
2023-11-12 04:00:00,4.9,76.7,2.2,11,6,4,1,0,168.84
2023-11-12 05:00:00,8.3,80.7,2.7,11,6,5,1,0,154.23
2023-11-12 06:00:00,9.7,71.0,3.6,11,6,6,1,0,140.81
2023-11-12 07:00:00,9.0,74.3,7.3,11,6,7,1,0,190.68
2023-11-12 08:00:00,10.0,65.6,5.8,11,6,8,1,0,167.18
2023-11-12 09:00:00,14.6,76.5,3.3,11,6,9,1,0,186.31
2023-11-12 10:00:00,14.3,65.2,6.0,11,6,10,1,0,164.59
2023-11-12 11:00:00,13.0,73.8,4.9,11,6,11,1,0,176.31
2023-11-12 12:00:00,9.8,79.1,6.2,11,6,12,1,0,183.48
2023-11-12 13:00:00,13.6,77.9,3.5,11,6,13,1,0,162.04
2023-11-12 14:00:00,13.8,79.3,9.5,11,6,14,1,0,143.07
2023-11-12 15:00:00,6.1,75.3,2.4,11,6,15,1,0,213.4
2023-11-12 16:00:00,11.1,78.4,5.9,11,6,16,1,0,163.69
2023-11-12 17:00:00,8.5,71.8,20.0,11,6,17,1,0,185.5
2023-11-12 18:00:00,7.6,60.4,6.4,11,6,18,1,0,202.59
2023-11-12 19:00:00,4.9,81.8,6.7,11,6,19,1,0,223.99
2023-11-12 20:00:00,5.3,79.8,2.6,11,6,20,1,0,262.93
2023-11-12 21:00:00,7.3,84.5,9.4,11,6,21,1,0,210.12
2023-11-12 22:00:00,2.8,78.4,24.0,11,6,22,1,0,249.72
2023-11-12 23:00:00,5.2,64.6,4.8,11,6,23,1,0,221.83
2023-11-13 00:00:00,1.3,78.6,6.0,11,0,0,0,0,233.84
2023-11-13 01:00:00,4.6,84.8,9.1,11,0,1,0,0,216.84
2023-11-13 02:00:00,3.6,82.0,2.8,11,0,2,0,0,234.13
2023-11-13 03:00:00,5.1,76.3,26.0,11,0,3,0,0,192.25
2023-11-13 04:00:00,5.4,64.0,7.0,11,0,4,0,0,200.19
2023-11-13 05:00:00,7.9,67.8,3.0,11,0,5,0,0,196.07
2023-11-13 06:00:00,2.8,82.4,5.3,11,0,6,0,0,241.5
2023-11-13 07:00:00,6.4,63.5,5.7,11,0,7,0,0,224.74
2023-11-13 08:00:00,11.2,71.8,5.4,11,0,8,0,0,200.77
2023-11-13 09:00:00,7.4,76.6,11.5,11,0,9,0,0,229.21
2023-11-13 10:00:00,11.2,83.6,5.4,11,0,10,0,0,202.1
2023-11-13 11:00:00,12.6,78.6,5.1,11,0,11,0,0,210.55
2023-11-13 12:00:00,11.2,82.1,5.1,11,0,12,0,0,168.05
2023-11-13 13:00:00,11.3,76.7,14.0,11,0,13,0,0,193.13
2023-11-13 14:00:00,12.8,66.8,4.9,11,0,14,0,0,178.58
2023-11-13 15:00:00,13.5,68.4,2.1,11,0,15,0,0,163.58
2023-11-13 16:00:00,8.5,68.3,5.6,11,0,16,0,0,183.23
2023-11-13 17:00:00,8.0,80.7,4.6,11,0,17,0,0,224.91
2023-11-13 18:00:00,6.4,71.2,21.2,11,0,18,0,0,226.87
2023-11-13 19:00:00,1.8,76.0,7.2,11,0,19,0,0,293.92
2023-11-13 20:00:00,5.7,77.3,4.1,11,0,20,0,0,235.11
2023-11-13 21:00:00,6.2,90.0,34.0,11,0,21,0,0,249.59
2023-11-13 22:00:00,5.6,82.5,4.3,11,0,22,0,0,263.15
2023-11-13 23:00:00,1.3,73.2,13.5,11,0,23,0,0,267.68
2023-11-14 00:00:00,0.2,81.1,10.4,11,1,0,0,1,222.47
2023-11-14 01:00:00,3.0,91.7,7.0,11,1,1,0,1,214.0
2023-11-14 02:00:00,5.1,82.4,6.2,11,1,2,0,1,176.3
2023-11-14 03:00:00,4.5,65.0,18.5,11,1,3,0,1,184.6
2023-11-14 04:00:00,5.8,69.8,7.2,11,1,4,0,1,170.71
2023-11-14 05:00:00,8.7,67.7,5.8,11,1,5,0,1,123.43
2023-11-14 06:00:00,6.3,88.4,5.5,11,1,6,0,1,152.93
2023-11-14 07:00:00,8.6,85.7,4.6,11,1,7,0,1,169.66
2023-11-14 08:00:00,13.5,68.2,6.2,11,1,8,0,1,164.45
2023-11-14 09:00:00,10.9,69.4,3.0,11,1,9,0,1,174.01
2023-11-14 10:00:00,9.5,75.6,2.5,11,1,10,0,1,202.51
2023-11-14 11:00:00,11.2,75.0,8.2,11,1,11,0,1,168.84
2023-11-14 12:00:00,10.9,66.9,6.8,11,1,12,0,1,201.72
2023-11-14 13:00:00,13.3,71.4,3.5,11,1,13,0,1,150.59
2023-11-14 14:00:00,10.3,63.2,2.9,11,1,14,0,1,165.34
2023-11-14 15:00:00,11.8,84.3,3.2,11,1,15,0,1,143.22
2023-11-14 16:00:00,8.8,61.5,5.0,11,1,16,0,1,164.11
2023-11-14 17:00:00,4.8,63.4,6.8,11,1,17,0,1,215.05
2023-11-14 18:00:00,8.4,79.3,3.7,11,1,18,0,1,196.99
2023-11-14 19:00:00,6.8,66.7,13.3,11,1,19,0,1,170.06
2023-11-14 20:00:00,6.3,72.8,3.7,11,1,20,0,1,234.2
2023-11-14 21:00:00,2.9,79.1,3.1,11,1,21,0,1,263.11
2023-11-14 22:00:00,1.9,84.5,43.7,11,1,22,0,1,245.09
2023-11-14 23:00:00,3.7,76.4,6.7,11,1,23,0,1,237.5
2023-11-15 00:00:00,5.6,91.4,3.5,11,2,0,0,0,223.79
2023-11-15 01:00:00,2.8,78.6,20.0,11,2,1,0,0,264.57
2023-11-15 02:00:00,4.1,87.5,4.1,11,2,2,0,0,224.94
2023-11-15 03:00:00,3.4,80.5,22.8,11,2,3,0,0,179.54
2023-11-15 04:00:00,,96.0,3.0,11,2,4,0,0,248.17
2023-11-15 05:00:00,8.2,84.3,16.8,11,2,5,0,0,205.22
2023-11-15 06:00:00,9.4,75.6,3.6,11,2,6,0,0,172.33
2023-11-15 07:00:00,10.3,79.9,24.3,11,2,7,0,0,183.9
2023-11-15 08:00:00,9.7,73.0,8.8,11,2,8,0,0,225.58
2023-11-15 09:00:00,12.3,71.7,3.7,11,2,9,0,0,195.8
2023-11-15 10:00:00,13.7,62.7,16.9,11,2,10,0,0,188.88
2023-11-15 11:00:00,15.7,65.7,6.0,11,2,11,0,0,199.91
2023-11-15 12:00:00,14.6,89.2,12.6,11,2,12,0,0,168.22
2023-11-15 13:00:00,12.6,64.1,10.3,11,2,13,0,0,181.02
2023-11-15 14:00:00,9.3,70.1,12.0,11,2,14,0,0,180.15
2023-11-15 15:00:00,11.5,73.5,5.4,11,2,15,0,0,181.24
2023-11-15 16:00:00,10.6,74.2,24.4,11,2,16,0,0,186.77
2023-11-15 17:00:00,10.3,77.9,8.6,11,2,17,0,0,217.17
2023-11-15 18:00:00,10.3,71.1,2.6,11,2,18,0,0,218.11
2023-11-15 19:00:00,6.1,80.5,2.6,11,2,19,0,0,247.74
2023-11-15 20:00:00,9.3,84.5,12.7,11,2,20,0,0,252.22
2023-11-15 21:00:00,0.6,89.9,17.2,11,2,21,0,0,312.92
2023-11-15 22:00:00,4.1,75.8,11.5,11,2,22,0,0,227.11
2023-11-15 23:00:00,1.2,84.3,4.6,11,2,23,0,0,291.93
2023-11-16 00:00:00,-1.4,71.5,4.0,11,3,0,0,0,285.25
2023-11-16 01:00:00,2.2,73.1,8.7,11,3,1,0,0,237.71
2023-11-16 02:00:00,0.2,70.5,3.8,11,3,2,0,0,273.12
2023-11-16 03:00:00,3.6,77.8,5.8,11,3,3,0,0,217.06
2023-11-16 04:00:00,5.0,70.6,9.9,11,3,4,0,0,219.31
2023-11-16 05:00:00,8.4,63.6,4.7,11,3,5,0,0,206.31
2023-11-16 06:00:00,4.4,74.7,5.8,11,3,6,0,0,230.06
2023-11-16 07:00:00,10.6,60.9,5.6,11,3,7,0,0,196.87
2023-11-16 08:00:00,10.2,85.5,6.9,11,3,8,0,0,219.98
2023-11-16 09:00:00,13.1,69.0,11.0,11,3,9,0,0,203.41
2023-11-16 10:00:00,,82.4,14.2,11,3,10,0,0,226.57
2023-11-16 11:00:00,9.6,71.3,10.8,11,3,11,0,0,200.08
2023-11-16 12:00:00,10.0,65.4,2.2,11,3,12,0,0,197.95
2023-11-16 13:00:00,9.7,84.6,20.2,11,3,13,0,0,178.99
2023-11-16 14:00:00,12.7,74.3,9.0,11,3,14,0,0,204.02
2023-11-16 15:00:00,14.0,88.1,22.2,11,3,15,0,0,144.46
2023-11-16 16:00:00,8.8,71.9,28.6,11,3,16,0,0,211.18
2023-11-16 17:00:00,10.0,71.4,7.0,11,3,17,0,0,208.96
2023-11-16 18:00:00,4.4,85.8,21.9,11,3,18,0,0,238.27
2023-11-16 19:00:00,6.5,84.8,5.6,11,3,19,0,0,233.71
2023-11-16 20:00:00,6.3,78.1,4.4,11,3,20,0,0,257.28
2023-11-16 21:00:00,1.0,100.0,2.6,11,3,21,0,0,305.57
2023-11-16 22:00:00,2.7,76.4,6.8,11,3,22,0,0,277.61
2023-11-16 23:00:00,4.1,67.8,11.3,11,3,23,0,0,210.1
2023-11-17 00:00:00,-3.5,73.8,32.1,11,4,0,0,0,294.9
2023-11-17 01:00:00,5.2,75.2,7.9,11,4,1,0,0,199.22
2023-11-17 02:00:00,3.7,90.3,12.6,11,4,2,0,0,241.03
2023-11-17 03:00:00,5.2,75.9,20.1,11,4,3,0,0,204.31
2023-11-17 04:00:00,4.0,90.5,8.3,11,4,4,0,0,214.13
2023-11-17 05:00:00,2.6,82.2,3.5,11,4,5,0,0,262.7
2023-11-17 06:00:00,8.4,84.5,17.1,11,4,6,0,0,189.14
2023-11-17 07:00:00,8.5,78.9,8.8,11,4,7,0,0,205.62
2023-11-17 08:00:00,9.9,78.1,13.4,11,4,8,0,0,209.81
2023-11-17 09:00:00,13.0,79.5,10.6,11,4,9,0,0,213.55
2023-11-17 10:00:00,13.2,68.9,2.5,11,4,10,0,0,204.01
2023-11-17 11:00:00,16.0,67.6,3.5,11,4,11,0,0,210.32
2023-11-17 12:00:00,12.6,76.5,4.7,11,4,12,0,0,189.73
2023-11-17 13:00:00,10.8,90.1,4.7,11,4,13,0,0,186.35
2023-11-17 14:00:00,11.3,62.0,16.6,11,4,14,0,0,202.45
2023-11-17 15:00:00,11.7,57.9,9.3,11,4,15,0,0,172.69
2023-11-17 16:00:00,11.9,72.0,2.7,11,4,16,0,0,195.63
2023-11-17 17:00:00,5.7,85.4,5.9,11,4,17,0,0,248.81
2023-11-17 18:00:00,7.3,76.7,8.5,11,4,18,0,0,263.02
2023-11-17 19:00:00,9.2,66.0,4.3,11,4,19,0,0,224.16
2023-11-17 20:00:00,4.3,78.5,2.3,11,4,20,0,0,283.25
2023-11-17 21:00:00,5.6,63.3,5.8,11,4,21,0,0,241.48
2023-11-17 22:00:00,4.0,83.0,6.9,11,4,22,0,0,254.69
2023-11-17 23:00:00,4.4,75.3,20.8,11,4,23,0,0,226.22
2023-11-18 00:00:00,0.6,79.1,21.1,11,5,0,1,0,244.23
2023-11-18 01:00:00,0.7,83.0,7.6,11,5,1,1,0,245.75
2023-11-18 02:00:00,2.9,80.2,7.1,11,5,2,1,0,209.65
2023-11-18 03:00:00,0.6,75.4,10.2,11,5,3,1,0,210.6
2023-11-18 04:00:00,4.1,86.2,4.4,11,5,4,1,0,186.28
2023-11-18 05:00:00,6.4,83.2,4.7,11,5,5,1,0,172.13
2023-11-18 06:00:00,10.8,60.4,2.0,11,5,6,1,0,161.65
2023-11-18 07:00:00,9.3,73.5,2.7,11,5,7,1,0,154.47
2023-11-18 08:00:00,10.9,65.9,3.6,11,5,8,1,0,169.95
2023-11-18 09:00:00,13.0,63.3,10.2,11,5,9,1,0,150.1
2023-11-18 10:00:00,9.6,79.5,3.9,11,5,10,1,0,207.97
2023-11-18 11:00:00,11.7,70.8,3.1,11,5,11,1,0,167.92
2023-11-18 12:00:00,,70.3,9.7,11,5,12,1,0,180.01
2023-11-18 13:00:00,11.9,68.7,10.4,11,5,13,1,0,176.62
2023-11-18 14:00:00,13.7,76.1,2.5,11,5,14,1,0,151.77
2023-11-18 15:00:00,12.6,79.1,13.9,11,5,15,1,0,157.94
2023-11-18 16:00:00,6.7,94.0,9.5,11,5,16,1,0,204.55
2023-11-18 17:00:00,9.1,74.0,6.0,11,5,17,1,0,169.43
2023-11-18 18:00:00,7.5,64.7,34.7,11,5,18,1,0,207.62
2023-11-18 19:00:00,6.6,72.7,2.1,11,5,19,1,0,224.3
2023-11-18 20:00:00,3.2,85.2,8.3,11,5,20,1,0,248.47
2023-11-18 21:00:00,1.4,73.1,3.4,11,5,21,1,0,279.59
2023-11-18 22:00:00,1.9,67.2,5.2,11,5,22,1,0,235.95
2023-11-18 23:00:00,2.2,72.9,3.1,11,5,23,1,0,251.53
2023-11-19 00:00:00,4.4,73.5,10.8,11,6,0,1,0,202.53
2023-11-19 01:00:00,5.9,68.4,6.1,11,6,1,1,0,170.73
2023-11-19 02:00:00,5.5,79.0,36.3,11,6,2,1,0,180.17
2023-11-19 03:00:00,5.2,76.7,10.5,11,6,3,1,0,188.67
2023-11-19 04:00:00,2.5,85.0,21.9,11,6,4,1,0,197.03
2023-11-19 05:00:00,4.9,74.0,4.2,11,6,5,1,0,200.11
2023-11-19 06:00:00,7.5,80.7,5.1,11,6,6,1,0,162.03
2023-11-19 07:00:00,7.1,72.5,5.6,11,6,7,1,0,199.0
2023-11-19 08:00:00,10.7,65.6,16.6,11,6,8,1,0,148.7
2023-11-19 09:00:00,12.0,69.6,3.9,11,6,9,1,0,181.97
2023-11-19 10:00:00,12.5,60.8,25.5,11,6,10,1,0,178.59
2023-11-19 11:00:00,13.9,87.3,2.4,11,6,11,1,0,182.84
2023-11-19 12:00:00,10.2,76.0,19.6,11,6,12,1,0,199.04
2023-11-19 13:00:00,13.7,66.8,6.8,11,6,13,1,0,141.58
2023-11-19 14:00:00,10.0,72.0,8.0,11,6,14,1,0,174.29
2023-11-19 15:00:00,8.7,56.0,49.6,11,6,15,1,0,117.28
2023-11-19 16:00:00,10.6,86.2,18.3,11,6,16,1,0,157.14
2023-11-19 17:00:00,10.8,85.3,20.7,11,6,17,1,0,165.21
2023-11-19 18:00:00,8.0,76.8,9.0,11,6,18,1,0,225.11
2023-11-19 19:00:00,5.8,79.7,27.1,11,6,19,1,0,220.93
2023-11-19 20:00:00,5.2,67.3,11.3,11,6,20,1,0,249.01
2023-11-19 21:00:00,3.8,68.5,15.7,11,6,21,1,0,227.35
2023-11-19 22:00:00,0.5,66.2,12.2,11,6,22,1,0,258.89
2023-11-19 23:00:00,-0.3,78.8,14.1,11,6,23,1,0,250.91
2023-11-20 00:00:00,1.8,87.6,10.1,11,0,0,0,0,237.16
2023-11-20 01:00:00,2.3,75.8,12.4,11,0,1,0,0,223.02
2023-11-20 02:00:00,2.6,81.5,6.6,11,0,2,0,0,223.23
2023-11-20 03:00:00,4.7,85.5,11.8,11,0,3,0,0,239.9
2023-11-20 04:00:00,4.0,65.0,4.6,11,0,4,0,0,215.07
2023-11-20 05:00:00,6.8,91.4,10.1,11,0,5,0,0,184.37
2023-11-20 06:00:00,6.6,85.9,7.9,11,0,6,0,0,205.54
2023-11-20 07:00:00,11.9,78.2,20.3,11,0,7,0,0,196.26
2023-11-20 08:00:00,9.6,82.6,10.9,11,0,8,0,0,199.63
2023-11-20 09:00:00,15.1,80.2,9.3,11,0,9,0,0,214.76
2023-11-20 10:00:00,12.0,76.4,5.0,11,0,10,0,0,226.02
2023-11-20 11:00:00,11.3,85.8,17.9,11,0,11,0,0,203.82
2023-11-20 12:00:00,10.1,71.3,2.4,11,0,12,0,0,198.79
2023-11-20 13:00:00,8.9,79.3,20.4,11,0,13,0,0,187.25
2023-11-20 14:00:00,9.3,85.9,10.5,11,0,14,0,0,203.44
2023-11-20 15:00:00,8.7,54.1,3.7,11,0,15,0,0,202.91
2023-11-20 16:00:00,10.2,78.4,20.7,11,0,16,0,0,208.76
2023-11-20 17:00:00,,82.2,5.2,11,0,17,0,0,230.5
2023-11-20 18:00:00,7.3,62.7,3.5,11,0,18,0,0,225.09
2023-11-20 19:00:00,8.2,78.2,5.1,11,0,19,0,0,259.48
2023-11-20 20:00:00,4.2,71.5,28.0,11,0,20,0,0,273.54
2023-11-20 21:00:00,7.5,79.4,13.2,11,0,21,0,0,229.44
2023-11-20 22:00:00,0.2,79.1,21.9,11,0,22,0,0,289.15
2023-11-20 23:00:00,1.8,71.5,4.8,11,0,23,0,0,279.01
2023-11-21 00:00:00,0.7,88.5,2.7,11,1,0,0,0,271.49
2023-11-21 01:00:00,3.8,,8.6,11,1,1,0,0,208.28
2023-11-21 02:00:00,-2.0,83.2,7.3,11,1,2,0,0,285.43
2023-11-21 03:00:00,0.4,90.3,12.2,11,1,3,0,0,242.8
2023-11-21 04:00:00,,70.6,8.3,11,1,4,0,0,215.93
2023-11-21 05:00:00,8.6,75.8,6.0,11,1,5,0,0,169.23
2023-11-21 06:00:00,7.3,72.4,2.0,11,1,6,0,0,194.29
2023-11-21 07:00:00,5.4,75.1,7.0,11,1,7,0,0,261.49
2023-11-21 08:00:00,6.9,93.8,3.0,11,1,8,0,0,229.51
2023-11-21 09:00:00,13.7,76.8,22.4,11,1,9,0,0,207.09
2023-11-21 10:00:00,9.9,77.6,22.4,11,1,10,0,0,211.83
2023-11-21 11:00:00,9.7,79.3,15.0,11,1,11,0,0,197.27
2023-11-21 12:00:00,14.8,76.1,3.4,11,1,12,0,0,171.27
2023-11-21 13:00:00,13.7,58.6,3.3,11,1,13,0,0,166.29
2023-11-21 14:00:00,13.7,91.5,8.6,11,1,14,0,0,212.15
2023-11-21 15:00:00,8.4,64.1,12.4,11,1,15,0,0,193.63
2023-11-21 16:00:00,6.2,90.7,20.8,11,1,16,0,0,222.31
2023-11-21 17:00:00,8.4,80.8,20.0,11,1,17,0,0,219.04
2023-11-21 18:00:00,7.5,77.7,3.4,11,1,18,0,0,241.26
2023-11-21 19:00:00,6.2,74.4,45.2,11,1,19,0,0,245.15
2023-11-21 20:00:00,7.3,97.2,3.4,11,1,20,0,0,248.95
2023-11-21 21:00:00,-0.2,84.9,16.7,11,1,21,0,0,292.94
2023-11-21 22:00:00,4.2,78.0,9.1,11,1,22,0,0,243.28
2023-11-21 23:00:00,-0.2,75.8,11.1,11,1,23,0,0,265.69
2023-11-22 00:00:00,3.4,73.1,9.4,11,2,0,0,0,224.5
2023-11-22 01:00:00,0.9,80.0,18.3,11,2,1,0,0,193.12
2023-11-22 02:00:00,0.7,72.2,10.1,11,2,2,0,0,258.03
2023-11-22 03:00:00,1.9,84.5,17.1,11,2,3,0,0,241.2
2023-11-22 04:00:00,1.3,74.2,3.3,11,2,4,0,0,230.89
2023-11-22 05:00:00,5.5,85.3,18.1,11,2,5,0,0,188.41
2023-11-22 06:00:00,5.1,85.3,41.6,11,2,6,0,0,231.37
2023-11-22 07:00:00,9.5,74.8,10.7,11,2,7,0,0,212.41
2023-11-22 08:00:00,10.5,79.4,32.0,11,2,8,0,0,189.6
2023-11-22 09:00:00,13.6,78.2,4.0,11,2,9,0,0,190.28
2023-11-22 10:00:00,11.7,62.4,16.1,11,2,10,0,0,202.49
2023-11-22 11:00:00,12.6,87.6,3.5,11,2,11,0,0,186.71
2023-11-22 12:00:00,14.5,70.7,7.8,11,2,12,0,0,189.06
2023-11-22 13:00:00,10.3,80.4,10.7,11,2,13,0,0,180.06
2023-11-22 14:00:00,8.0,81.8,10.6,11,2,14,0,0,171.63
2023-11-22 15:00:00,10.6,54.8,10.9,11,2,15,0,0,169.26
2023-11-22 16:00:00,6.3,71.6,5.1,11,2,16,0,0,205.8
2023-11-22 17:00:00,12.9,80.3,31.1,11,2,17,0,0,204.47
2023-11-22 18:00:00,9.6,75.7,2.1,11,2,18,0,0,244.58
2023-11-22 19:00:00,9.7,80.7,9.8,11,2,19,0,0,210.61
2023-11-22 20:00:00,4.3,78.6,18.1,11,2,20,0,0,266.32
2023-11-22 21:00:00,4.2,87.7,19.7,11,2,21,0,0,255.71
2023-11-22 22:00:00,1.4,80.2,12.2,11,2,22,0,0,310.57
2023-11-22 23:00:00,3.6,89.6,8.8,11,2,23,0,0,227.64
2023-11-23 00:00:00,-0.9,72.6,6.9,11,3,0,0,0,284.56
2023-11-23 01:00:00,-3.4,80.7,6.8,11,3,1,0,0,323.55
2023-11-23 02:00:00,0.7,74.9,6.4,11,3,2,0,0,242.39
2023-11-23 03:00:00,0.1,83.1,11.6,11,3,3,0,0,254.25
2023-11-23 04:00:00,7.0,74.3,12.5,11,3,4,0,0,205.62
2023-11-23 05:00:00,8.9,73.7,7.8,11,3,5,0,0,168.71
2023-11-23 06:00:00,3.8,72.5,12.8,11,3,6,0,0,240.67
2023-11-23 07:00:00,10.4,71.1,8.0,11,3,7,0,0,169.54
2023-11-23 08:00:00,11.0,74.4,2.8,11,3,8,0,0,179.75
2023-11-23 09:00:00,7.0,60.4,17.3,11,3,9,0,0,240.05
2023-11-23 10:00:00,10.1,56.5,18.4,11,3,10,0,0,193.57
2023-11-23 11:00:00,10.2,75.4,4.5,11,3,11,0,0,219.15
2023-11-23 12:00:00,13.1,51.3,14.4,11,3,12,0,0,163.74
2023-11-23 13:00:00,8.9,74.0,7.7,11,3,13,0,0,210.05
2023-11-23 14:00:00,10.7,71.6,3.1,11,3,14,0,0,166.53
2023-11-23 15:00:00,8.7,80.0,6.1,11,3,15,0,0,222.52
2023-11-23 16:00:00,10.0,69.6,2.6,11,3,16,0,0,208.46
2023-11-23 17:00:00,7.4,88.8,14.4,11,3,17,0,0,211.63
2023-11-23 18:00:00,5.5,84.0,3.7,11,3,18,0,0,222.79
2023-11-23 19:00:00,4.8,65.5,3.4,11,3,19,0,0,258.76
2023-11-23 20:00:00,8.1,73.7,3.9,11,3,20,0,0,237.85
2023-11-23 21:00:00,2.2,91.1,4.1,11,3,21,0,0,285.52
2023-11-23 22:00:00,0.2,74.3,11.0,11,3,22,0,0,311.19
2023-11-23 23:00:00,2.9,78.1,10.1,11,3,23,0,0,275.76
2023-11-24 00:00:00,1.2,90.7,3.1,11,4,0,0,0,269.11
2023-11-24 01:00:00,-1.2,76.3,12.3,11,4,1,0,0,296.64
2023-11-24 02:00:00,6.6,85.7,5.4,11,4,2,0,0,157.73
2023-11-24 03:00:00,2.2,71.6,6.9,11,4,3,0,0,226.46
2023-11-24 04:00:00,3.2,55.3,3.1,11,4,4,0,0,215.88
2023-11-24 05:00:00,5.5,87.1,11.9,11,4,5,0,0,225.28
2023-11-24 06:00:00,9.9,78.6,5.8,11,4,6,0,0,185.01
2023-11-24 07:00:00,4.4,81.8,10.0,11,4,7,0,0,247.5
2023-11-24 08:00:00,9.5,66.5,6.5,11,4,8,0,0,200.87
2023-11-24 09:00:00,14.2,64.8,2.4,11,4,9,0,0,184.75
2023-11-24 10:00:00,11.0,83.7,11.7,11,4,10,0,0,226.26
2023-11-24 11:00:00,8.8,77.5,8.4,11,4,11,0,0,223.99
2023-11-24 12:00:00,10.2,74.0,6.6,11,4,12,0,0,211.46
2023-11-24 13:00:00,11.7,75.9,3.8,11,4,13,0,0,173.66
2023-11-24 14:00:00,13.4,85.3,9.8,11,4,14,0,0,188.67
2023-11-24 15:00:00,9.3,81.1,4.6,11,4,15,0,0,184.25
2023-11-24 16:00:00,10.6,70.9,6.5,11,4,16,0,0,216.94
2023-11-24 17:00:00,,66.3,2.5,11,4,17,0,0,236.21
2023-11-24 18:00:00,3.6,82.9,14.0,11,4,18,0,0,255.93
2023-11-24 19:00:00,4.2,70.5,2.8,11,4,19,0,0,282.76
2023-11-24 20:00:00,6.8,67.1,19.7,11,4,20,0,0,242.07
2023-11-24 21:00:00,3.1,89.0,18.2,11,4,21,0,0,288.43
2023-11-24 22:00:00,2.7,,30.3,11,4,22,0,0,258.42
2023-11-24 23:00:00,2.2,82.0,21.1,11,4,23,0,0,270.97
2023-11-25 00:00:00,3.6,68.3,30.4,11,5,0,1,0,192.65
2023-11-25 01:00:00,0.3,94.2,19.5,11,5,1,1,0,247.21
2023-11-25 02:00:00,3.4,86.5,3.0,11,5,2,1,0,220.71
2023-11-25 03:00:00,1.1,77.0,6.6,11,5,3,1,0,194.84
2023-11-25 04:00:00,7.8,72.0,2.6,11,5,4,1,0,168.68
2023-11-25 05:00:00,3.4,78.9,8.3,11,5,5,1,0,232.21
2023-11-25 06:00:00,4.6,73.9,8.0,11,5,6,1,0,210.88
2023-11-25 07:00:00,8.7,93.3,22.4,11,5,7,1,0,214.39
2023-11-25 08:00:00,9.0,72.4,30.0,11,5,8,1,0,162.38
2023-11-25 09:00:00,10.5,66.2,4.4,11,5,9,1,0,190.67
2023-11-25 10:00:00,11.1,87.1,9.0,11,5,10,1,0,198.49
2023-11-25 11:00:00,9.0,71.0,7.0,11,5,11,1,0,188.67
2023-11-25 12:00:00,14.6,79.0,8.3,11,5,12,1,0,143.02
2023-11-25 13:00:00,13.0,78.9,8.1,11,5,13,1,0,192.46
2023-11-25 14:00:00,13.4,72.8,21.6,11,5,14,1,0,160.91
2023-11-25 15:00:00,8.8,67.8,20.1,11,5,15,1,0,175.16
2023-11-25 16:00:00,9.7,74.8,3.0,11,5,16,1,0,175.36
2023-11-25 17:00:00,8.0,66.6,5.4,11,5,17,1,0,191.24
2023-11-25 18:00:00,8.6,75.5,13.2,11,5,18,1,0,204.67
2023-11-25 19:00:00,7.4,82.5,11.2,11,5,19,1,0,239.61
2023-11-25 20:00:00,4.2,91.6,10.0,11,5,20,1,0,240.86
2023-11-25 21:00:00,-0.2,71.4,42.7,11,5,21,1,0,270.52
2023-11-25 22:00:00,5.6,75.2,5.3,11,5,22,1,0,216.12
2023-11-25 23:00:00,2.6,74.5,7.8,11,5,23,1,0,219.45
2023-11-26 00:00:00,0.0,82.2,33.0,11,6,0,1,0,223.26
2023-11-26 01:00:00,2.2,66.7,11.5,11,6,1,1,0,213.19
2023-11-26 02:00:00,-1.1,73.1,10.4,11,6,2,1,0,238.21
2023-11-26 03:00:00,4.8,64.1,3.3,11,6,3,1,0,181.88
2023-11-26 04:00:00,0.8,68.1,4.3,11,6,4,1,0,234.27
2023-11-26 05:00:00,4.5,72.5,5.8,11,6,5,1,0,211.92
2023-11-26 06:00:00,6.7,90.0,7.0,11,6,6,1,0,229.2
2023-11-26 07:00:00,9.6,78.0,7.5,11,6,7,1,0,186.63
2023-11-26 08:00:00,8.9,76.0,20.6,11,6,8,1,0,173.16
2023-11-26 09:00:00,11.0,85.3,2.9,11,6,9,1,0,206.94
2023-11-26 10:00:00,10.5,77.8,4.3,11,6,10,1,0,189.4
2023-11-26 11:00:00,11.0,78.3,3.2,11,6,11,1,0,178.1
2023-11-26 12:00:00,11.4,70.5,12.6,11,6,12,1,0,180.44
2023-11-26 13:00:00,10.7,69.6,30.2,11,6,13,1,0,178.79
2023-11-26 14:00:00,7.2,65.9,20.0,11,6,14,1,0,170.03
2023-11-26 15:00:00,8.2,71.1,12.3,11,6,15,1,0,180.36
2023-11-26 16:00:00,9.2,73.1,2.2,11,6,16,1,0,184.24
2023-11-26 17:00:00,7.0,79.2,5.4,11,6,17,1,0,185.9
2023-11-26 18:00:00,5.9,76.7,17.9,11,6,18,1,0,191.46
2023-11-26 19:00:00,4.3,74.9,10.5,11,6,19,1,0,219.87
2023-11-26 20:00:00,2.0,71.7,3.9,11,6,20,1,0,288.66
2023-11-26 21:00:00,1.7,82.3,7.0,11,6,21,1,0,262.4
2023-11-26 22:00:00,1.3,75.4,2.7,11,6,22,1,0,253.25
2023-11-26 23:00:00,1.4,82.1,7.9,11,6,23,1,0,254.37
2023-11-27 00:00:00,1.9,63.7,20.5,11,0,0,0,0,257.66
2023-11-27 01:00:00,0.9,82.2,2.3,11,0,1,0,0,239.74
2023-11-27 02:00:00,-0.3,86.1,9.6,11,0,2,0,0,233.87
2023-11-27 03:00:00,-0.2,85.1,4.1,11,0,3,0,0,283.82
2023-11-27 04:00:00,8.8,74.0,39.2,11,0,4,0,0,171.37
2023-11-27 05:00:00,2.6,86.0,2.5,11,0,5,0,0,226.9
2023-11-27 06:00:00,5.1,67.3,9.7,11,0,6,0,0,212.75
2023-11-27 07:00:00,8.5,75.1,4.4,11,0,7,0,0,193.14
2023-11-27 08:00:00,9.4,73.8,19.1,11,0,8,0,0,214.44
2023-11-27 09:00:00,10.7,82.9,3.0,11,0,9,0,0,231.81
2023-11-27 10:00:00,9.6,59.0,6.5,11,0,10,0,0,228.03
2023-11-27 11:00:00,11.4,65.8,3.6,11,0,11,0,0,209.76
2023-11-27 12:00:00,11.3,88.3,14.9,11,0,12,0,0,206.8
2023-11-27 13:00:00,10.3,55.4,5.5,11,0,13,0,0,181.57
2023-11-27 14:00:00,11.0,81.0,3.7,11,0,14,0,0,185.82
2023-11-27 15:00:00,11.8,68.5,12.4,11,0,15,0,0,178.64
2023-11-27 16:00:00,8.6,77.7,15.6,11,0,16,0,0,197.07
2023-11-27 17:00:00,7.4,87.6,7.0,11,0,17,0,0,224.16
2023-11-27 18:00:00,8.3,78.2,5.8,11,0,18,0,0,202.68
2023-11-27 19:00:00,6.8,88.1,10.0,11,0,19,0,0,262.98
2023-11-27 20:00:00,6.8,72.7,10.4,11,0,20,0,0,233.23
2023-11-27 21:00:00,-0.9,77.6,10.6,11,0,21,0,0,287.87
2023-11-27 22:00:00,3.6,84.5,4.6,11,0,22,0,0,256.08
2023-11-27 23:00:00,2.5,75.2,24.7,11,0,23,0,0,249.95
2023-11-28 00:00:00,-0.7,85.1,3.9,11,1,0,0,0,311.54
2023-11-28 01:00:00,1.7,88.6,5.7,11,1,1,0,0,242.14
2023-11-28 02:00:00,3.8,85.0,4.7,11,1,2,0,0,226.39
2023-11-28 03:00:00,0.8,66.9,23.4,11,1,3,0,0,240.14
2023-11-28 04:00:00,4.4,75.1,16.1,11,1,4,0,0,186.65
2023-11-28 05:00:00,6.5,79.0,15.3,11,1,5,0,0,198.8
2023-11-28 06:00:00,3.9,76.1,2.0,11,1,6,0,0,232.34
2023-11-28 07:00:00,7.0,77.1,11.3,11,1,7,0,0,216.67
2023-11-28 08:00:00,9.1,77.8,4.1,11,1,8,0,0,221.29
2023-11-28 09:00:00,8.0,71.8,29.5,11,1,9,0,0,229.94
2023-11-28 10:00:00,8.6,74.1,8.1,11,1,10,0,0,215.14
2023-11-28 11:00:00,10.6,65.3,8.7,11,1,11,0,0,216.46
2023-11-28 12:00:00,12.6,69.9,5.5,11,1,12,0,0,182.37
2023-11-28 13:00:00,12.2,61.7,8.2,11,1,13,0,0,169.83
2023-11-28 14:00:00,8.6,76.6,13.1,11,1,14,0,0,226.81
2023-11-28 15:00:00,10.9,73.0,8.6,11,1,15,0,0,159.4
2023-11-28 16:00:00,6.9,69.2,10.2,11,1,16,0,0,205.92
2023-11-28 17:00:00,4.1,92.2,7.1,11,1,17,0,0,255.48
2023-11-28 18:00:00,5.3,75.4,12.1,11,1,18,0,0,236.54
2023-11-28 19:00:00,7.0,78.8,20.4,11,1,19,0,0,242.32
2023-11-28 20:00:00,4.9,72.5,2.4,11,1,20,0,0,248.91
2023-11-28 21:00:00,2.5,75.4,2.9,11,1,21,0,0,258.86
2023-11-28 22:00:00,0.9,82.2,11.3,11,1,22,0,0,276.72
2023-11-28 23:00:00,0.4,77.1,5.8,11,1,23,0,0,286.83
2023-11-29 00:00:00,1.2,79.4,4.6,11,2,0,0,0,255.98
2023-11-29 01:00:00,-1.0,87.0,3.6,11,2,1,0,0,289.19
2023-11-29 02:00:00,0.9,75.4,8.8,11,2,2,0,0,225.3
2023-11-29 03:00:00,2.0,68.4,5.4,11,2,3,0,0,224.43
2023-11-29 04:00:00,0.7,67.4,7.7,11,2,4,0,0,245.94
2023-11-29 05:00:00,3.0,90.0,27.5,11,2,5,0,0,213.4
2023-11-29 06:00:00,6.8,84.1,13.4,11,2,6,0,0,211.18
2023-11-29 07:00:00,7.3,81.6,14.7,11,2,7,0,0,209.26
2023-11-29 08:00:00,7.8,72.6,3.1,11,2,8,0,0,230.07
2023-11-29 09:00:00,7.7,65.5,5.1,11,2,9,0,0,234.08
2023-11-29 10:00:00,13.4,71.0,2.9,11,2,10,0,0,175.37
2023-11-29 11:00:00,9.1,74.7,29.7,11,2,11,0,0,232.73
2023-11-29 12:00:00,11.4,65.2,11.2,11,2,12,0,0,162.43
2023-11-29 13:00:00,9.8,63.3,2.2,11,2,13,0,0,176.68
2023-11-29 14:00:00,10.3,61.0,7.2,11,2,14,0,0,187.03
2023-11-29 15:00:00,10.4,80.1,4.4,11,2,15,0,0,197.96
2023-11-29 16:00:00,5.7,67.5,8.2,11,2,16,0,0,219.03
2023-11-29 17:00:00,7.2,78.9,3.6,11,2,17,0,0,216.35
2023-11-29 18:00:00,8.3,72.7,2.5,11,2,18,0,0,225.33
2023-11-29 19:00:00,8.2,80.6,5.1,11,2,19,0,0,247.61
2023-11-29 20:00:00,3.2,81.1,4.8,11,2,20,0,0,268.21
2023-11-29 21:00:00,2.5,76.9,12.1,11,2,21,0,0,265.72
2023-11-29 22:00:00,6.0,78.0,7.1,11,2,22,0,0,229.8
2023-11-29 23:00:00,3.4,77.4,4.8,11,2,23,0,0,275.25
2023-11-30 00:00:00,-0.4,75.3,8.8,11,3,0,0,0,277.47
2023-11-30 01:00:00,-0.2,87.9,2.6,11,3,1,0,0,279.85
2023-11-30 02:00:00,3.4,74.9,10.7,11,3,2,0,0,244.45
2023-11-30 03:00:00,0.3,79.2,3.3,11,3,3,0,0,266.7
2023-11-30 04:00:00,5.5,65.9,4.6,11,3,4,0,0,205.27
2023-11-30 05:00:00,5.2,79.6,4.7,11,3,5,0,0,239.39
2023-11-30 06:00:00,6.9,71.7,7.0,11,3,6,0,0,193.03
2023-11-30 07:00:00,6.6,72.9,26.5,11,3,7,0,0,205.66
2023-11-30 08:00:00,7.1,69.7,5.1,11,3,8,0,0,243.52
2023-11-30 09:00:00,12.3,72.8,4.6,11,3,9,0,0,171.31
2023-11-30 10:00:00,9.7,59.1,3.5,11,3,10,0,0,206.85
2023-11-30 11:00:00,9.9,80.5,6.0,11,3,11,0,0,231.29
2023-11-30 12:00:00,10.7,74.3,3.6,11,3,12,0,0,207.24
2023-11-30 13:00:00,11.1,70.7,3.2,11,3,13,0,0,202.0
2023-11-30 14:00:00,8.1,63.6,17.6,11,3,14,0,0,169.15
2023-11-30 15:00:00,8.3,79.3,2.4,11,3,15,0,0,195.21
2023-11-30 16:00:00,7.1,71.4,11.9,11,3,16,0,0,221.27
2023-11-30 17:00:00,8.8,86.0,3.8,11,3,17,0,0,201.7
2023-11-30 18:00:00,4.1,81.8,2.1,11,3,18,0,0,275.37
2023-11-30 19:00:00,1.1,91.8,14.7,11,3,19,0,0,304.49
2023-11-30 20:00:00,-0.6,81.4,11.7,11,3,20,0,0,303.4
2023-11-30 21:00:00,-0.6,88.9,5.3,11,3,21,0,0,327.42
2023-11-30 22:00:00,4.3,81.6,2.7,11,3,22,0,0,272.39
2023-11-30 23:00:00,1.1,75.9,5.6,11,3,23,0,0,282.98
2023-12-01 00:00:00,1.8,80.6,3.6,12,4,0,0,0,261.19
2023-12-01 01:00:00,2.0,72.3,23.6,12,4,1,0,0,206.67
2023-12-01 02:00:00,1.6,95.8,8.0,12,4,2,0,0,280.38
2023-12-01 03:00:00,2.1,78.1,28.6,12,4,3,0,0,265.65
2023-12-01 04:00:00,5.4,77.5,5.5,12,4,4,0,0,228.83
2023-12-01 05:00:00,4.8,80.7,8.5,12,4,5,0,0,220.09
2023-12-01 06:00:00,8.6,67.0,3.7,12,4,6,0,0,189.83
2023-12-01 07:00:00,8.3,86.4,15.2,12,4,7,0,0,201.44
2023-12-01 08:00:00,7.0,68.3,2.3,12,4,8,0,0,239.35
2023-12-01 09:00:00,8.3,65.8,11.5,12,4,9,0,0,238.09
2023-12-01 10:00:00,8.6,74.3,6.0,12,4,10,0,0,219.08
2023-12-01 11:00:00,13.0,63.2,8.9,12,4,11,0,0,195.74
2023-12-01 12:00:00,10.0,87.5,9.2,12,4,12,0,0,229.94
2023-12-01 13:00:00,9.0,73.7,11.9,12,4,13,0,0,201.62
2023-12-01 14:00:00,10.7,48.9,3.8,12,4,14,0,0,185.6
2023-12-01 15:00:00,9.1,77.0,8.1,12,4,15,0,0,219.31
2023-12-01 16:00:00,8.9,80.0,6.5,12,4,16,0,0,222.89
2023-12-01 17:00:00,10.8,71.2,4.7,12,4,17,0,0,210.25
2023-12-01 18:00:00,7.6,65.4,7.5,12,4,18,0,0,210.94
2023-12-01 19:00:00,4.5,76.9,26.3,12,4,19,0,0,240.64
2023-12-01 20:00:00,0.5,75.9,25.8,12,4,20,0,0,289.86
2023-12-01 21:00:00,1.2,71.6,4.6,12,4,21,0,0,289.39
2023-12-01 22:00:00,2.9,70.1,19.2,12,4,22,0,0,265.42
2023-12-01 23:00:00,-1.4,81.9,18.7,12,4,23,0,0,298.66
2023-12-02 00:00:00,5.0,84.7,4.3,12,5,0,1,0,196.8
2023-12-02 01:00:00,0.9,83.2,9.3,12,5,1,1,0,225.69
2023-12-02 02:00:00,1.5,65.4,18.3,12,5,2,1,0,195.12
2023-12-02 03:00:00,0.8,84.5,7.8,12,5,3,1,0,216.69
2023-12-02 04:00:00,4.2,84.1,5.7,12,5,4,1,0,230.88
2023-12-02 05:00:00,2.1,90.1,10.4,12,5,5,1,0,230.65
2023-12-02 06:00:00,10.0,67.4,3.5,12,5,6,1,0,162.18
2023-12-02 07:00:00,9.6,74.7,3.4,12,5,7,1,0,153.54
2023-12-02 08:00:00,10.2,79.5,16.3,12,5,8,1,0,163.17
2023-12-02 09:00:00,6.4,72.6,2.3,12,5,9,1,0,216.67
2023-12-02 10:00:00,10.4,79.2,15.0,12,5,10,1,0,210.03
2023-12-02 11:00:00,12.9,73.3,4.7,12,5,11,1,0,180.04
2023-12-02 12:00:00,11.9,67.3,7.3,12,5,12,1,0,173.59
2023-12-02 13:00:00,8.5,69.6,8.3,12,5,13,1,0,198.66
2023-12-02 14:00:00,8.7,85.6,13.7,12,5,14,1,0,162.86
2023-12-02 15:00:00,8.3,67.9,19.2,12,5,15,1,0,191.66
2023-12-02 16:00:00,7.0,67.2,15.0,12,5,16,1,0,178.96
2023-12-02 17:00:00,10.0,77.7,8.8,12,5,17,1,0,195.07
2023-12-02 18:00:00,1.9,78.8,5.4,12,5,18,1,0,281.74
2023-12-02 19:00:00,5.7,66.7,8.0,12,5,19,1,0,214.02
2023-12-02 20:00:00,0.6,75.5,2.2,12,5,20,1,0,285.92
2023-12-02 21:00:00,0.2,73.3,4.2,12,5,21,1,0,295.43
2023-12-02 22:00:00,-2.7,76.2,5.6,12,5,22,1,0,301.96
2023-12-02 23:00:00,-0.2,100.0,5.1,12,5,23,1,0,270.14
2023-12-03 00:00:00,3.6,75.8,2.8,12,6,0,1,0,203.12
2023-12-03 01:00:00,1.3,72.3,2.4,12,6,1,1,0,197.36
2023-12-03 02:00:00,-1.1,96.7,6.4,12,6,2,1,0,267.55
2023-12-03 03:00:00,4.1,85.0,2.6,12,6,3,1,0,179.07
2023-12-03 04:00:00,5.6,83.0,4.7,12,6,4,1,0,148.29
2023-12-03 05:00:00,4.5,71.1,7.2,12,6,5,1,0,208.91
2023-12-03 06:00:00,9.7,84.7,3.9,12,6,6,1,0,176.19
2023-12-03 07:00:00,8.6,82.3,2.7,12,6,7,1,0,165.79
2023-12-03 08:00:00,9.5,76.4,6.5,12,6,8,1,0,202.44
2023-12-03 09:00:00,7.5,62.5,6.8,12,6,9,1,0,213.82
2023-12-03 10:00:00,11.2,74.2,21.8,12,6,10,1,0,180.48
2023-12-03 11:00:00,10.9,88.4,3.1,12,6,11,1,0,187.09
2023-12-03 12:00:00,11.7,75.9,9.6,12,6,12,1,0,171.07
2023-12-03 13:00:00,9.1,72.4,5.1,12,6,13,1,0,183.85
2023-12-03 14:00:00,10.2,73.1,3.1,12,6,14,1,0,157.85
2023-12-03 15:00:00,7.5,75.0,6.0,12,6,15,1,0,201.75
2023-12-03 16:00:00,3.8,71.7,6.5,12,6,16,1,0,224.94
2023-12-03 17:00:00,8.9,75.2,5.6,12,6,17,1,0,183.62
2023-12-03 18:00:00,2.6,90.2,13.6,12,6,18,1,0,274.63
2023-12-03 19:00:00,4.5,88.4,16.6,12,6,19,1,0,235.19
2023-12-03 20:00:00,3.8,72.1,3.3,12,6,20,1,0,276.16
2023-12-03 21:00:00,2.7,88.8,3.5,12,6,21,1,0,267.37
2023-12-03 22:00:00,0.7,85.7,6.4,12,6,22,1,0,281.33
2023-12-03 23:00:00,1.3,84.4,5.1,12,6,23,1,0,247.05
2023-12-04 00:00:00,1.5,82.7,15.7,12,0,0,0,0,222.59
2023-12-04 01:00:00,2.2,71.5,48.0,12,0,1,0,0,225.63
2023-12-04 02:00:00,4.7,74.4,3.6,12,0,2,0,0,195.02
2023-12-04 03:00:00,2.5,85.4,13.5,12,0,3,0,0,220.0
2023-12-04 04:00:00,3.2,68.8,9.5,12,0,4,0,0,223.29
2023-12-04 05:00:00,2.4,70.5,10.3,12,0,5,0,0,226.21
2023-12-04 06:00:00,6.4,79.2,4.5,12,0,6,0,0,214.32
2023-12-04 07:00:00,8.2,69.6,2.8,12,0,7,0,0,212.27
2023-12-04 08:00:00,7.7,82.8,8.3,12,0,8,0,0,202.28
2023-12-04 09:00:00,10.2,68.9,9.6,12,0,9,0,0,216.2
2023-12-04 10:00:00,9.3,77.3,28.4,12,0,10,0,0,205.01
2023-12-04 11:00:00,11.7,76.8,11.0,12,0,11,0,0,189.4
2023-12-04 12:00:00,12.4,70.0,6.7,12,0,12,0,0,164.0
2023-12-04 13:00:00,12.2,72.0,42.9,12,0,13,0,0,145.78
2023-12-04 14:00:00,10.1,69.5,5.7,12,0,14,0,0,193.17
2023-12-04 15:00:00,7.0,76.3,3.4,12,0,15,0,0,216.13
2023-12-04 16:00:00,6.8,68.9,9.7,12,0,16,0,0,221.92
2023-12-04 17:00:00,8.0,74.2,4.5,12,0,17,0,0,242.58
2023-12-04 18:00:00,,80.8,22.4,12,0,18,0,0,226.0
2023-12-04 19:00:00,3.6,69.1,6.5,12,0,19,0,0,287.63
2023-12-04 20:00:00,4.0,74.1,3.3,12,0,20,0,0,294.75
2023-12-04 21:00:00,0.9,83.7,3.2,12,0,21,0,0,307.81
2023-12-04 22:00:00,-0.7,63.7,10.4,12,0,22,0,0,304.79
2023-12-04 23:00:00,-0.6,95.2,5.6,12,0,23,0,0,324.85
2023-12-05 00:00:00,-3.7,90.2,5.6,12,1,0,0,0,320.92
2023-12-05 01:00:00,3.4,66.0,9.6,12,1,1,0,0,228.33
2023-12-05 02:00:00,-3.3,64.8,4.0,12,1,2,0,0,312.43
2023-12-05 03:00:00,1.4,79.5,3.3,12,1,3,0,0,239.05
2023-12-05 04:00:00,0.6,70.7,10.6,12,1,4,0,0,245.83
2023-12-05 05:00:00,2.4,86.5,2.0,12,1,5,0,0,224.55
2023-12-05 06:00:00,8.2,79.0,21.0,12,1,6,0,0,186.2
2023-12-05 07:00:00,7.2,77.4,3.6,12,1,7,0,0,213.43
2023-12-05 08:00:00,6.1,72.4,6.8,12,1,8,0,0,230.17
2023-12-05 09:00:00,7.8,88.9,3.9,12,1,9,0,0,248.27
2023-12-05 10:00:00,8.3,81.9,4.0,12,1,10,0,0,219.47
2023-12-05 11:00:00,10.2,79.7,16.4,12,1,11,0,0,234.19
2023-12-05 12:00:00,10.8,84.2,9.0,12,1,12,0,0,174.25
2023-12-05 13:00:00,14.1,64.8,5.0,12,1,13,0,0,186.34
2023-12-05 14:00:00,6.0,87.3,4.3,12,1,14,0,0,239.96
2023-12-05 15:00:00,8.9,73.4,3.9,12,1,15,0,0,211.12
2023-12-05 16:00:00,7.3,79.0,8.5,12,1,16,0,0,230.3
2023-12-05 17:00:00,8.7,74.4,12.5,12,1,17,0,0,205.39
2023-12-05 18:00:00,,61.9,4.3,12,1,18,0,0,256.95
2023-12-05 19:00:00,5.4,85.0,5.2,12,1,19,0,0,251.98
2023-12-05 20:00:00,3.7,63.6,12.2,12,1,20,0,0,262.86
2023-12-05 21:00:00,0.1,72.2,12.7,12,1,21,0,0,336.76
2023-12-05 22:00:00,3.6,74.6,3.9,12,1,22,0,0,267.25
2023-12-05 23:00:00,2.2,63.2,5.9,12,1,23,0,0,275.84
2023-12-06 00:00:00,2.2,70.1,18.3,12,2,0,0,0,245.33
2023-12-06 01:00:00,3.1,80.4,12.8,12,2,1,0,0,240.59
2023-12-06 02:00:00,1.9,76.3,3.4,12,2,2,0,0,209.22
2023-12-06 03:00:00,4.8,75.5,5.9,12,2,3,0,0,213.98
2023-12-06 04:00:00,3.7,70.8,31.0,12,2,4,0,0,207.65
2023-12-06 05:00:00,3.7,78.5,8.0,12,2,5,0,0,242.21
2023-12-06 06:00:00,5.4,74.7,12.2,12,2,6,0,0,205.81
2023-12-06 07:00:00,6.7,63.5,2.8,12,2,7,0,0,236.4
2023-12-06 08:00:00,6.9,75.0,16.3,12,2,8,0,0,205.72
2023-12-06 09:00:00,12.2,64.0,9.4,12,2,9,0,0,192.87
2023-12-06 10:00:00,10.3,82.0,3.5,12,2,10,0,0,198.1
2023-12-06 11:00:00,10.4,71.6,5.8,12,2,11,0,0,197.27
2023-12-06 12:00:00,11.2,94.6,2.7,12,2,12,0,0,209.53
2023-12-06 13:00:00,16.2,79.6,14.0,12,2,13,0,0,190.63
2023-12-06 14:00:00,7.5,75.2,12.9,12,2,14,0,0,208.8
2023-12-06 15:00:00,7.3,81.0,7.4,12,2,15,0,0,193.71
2023-12-06 16:00:00,5.2,60.7,6.8,12,2,16,0,0,194.81
2023-12-06 17:00:00,6.2,84.6,7.0,12,2,17,0,0,242.08
2023-12-06 18:00:00,5.9,70.5,2.3,12,2,18,0,0,234.13
2023-12-06 19:00:00,3.2,79.1,5.7,12,2,19,0,0,271.77
2023-12-06 20:00:00,1.8,73.3,3.1,12,2,20,0,0,313.2
2023-12-06 21:00:00,2.2,73.9,3.6,12,2,21,0,0,286.98
2023-12-06 22:00:00,0.1,78.5,28.2,12,2,22,0,0,284.32
2023-12-06 23:00:00,1.2,80.0,4.4,12,2,23,0,0,280.27
2023-12-07 00:00:00,2.6,78.5,7.3,12,3,0,0,0,264.84
2023-12-07 01:00:00,1.9,79.0,19.5,12,3,1,0,0,241.8
2023-12-07 02:00:00,2.8,65.6,6.3,12,3,2,0,0,193.76
2023-12-07 03:00:00,4.0,96.7,8.0,12,3,3,0,0,208.82
2023-12-07 04:00:00,3.4,80.1,3.5,12,3,4,0,0,221.97
2023-12-07 05:00:00,3.7,81.6,4.7,12,3,5,0,0,242.56
2023-12-07 06:00:00,3.8,75.4,7.6,12,3,6,0,0,215.39
2023-12-07 07:00:00,5.9,70.1,5.6,12,3,7,0,0,227.5
2023-12-07 08:00:00,6.8,77.8,2.3,12,3,8,0,0,230.94
2023-12-07 09:00:00,10.4,77.1,6.1,12,3,9,0,0,230.47
2023-12-07 10:00:00,10.4,85.2,15.5,12,3,10,0,0,201.55
2023-12-07 11:00:00,11.6,90.8,3.0,12,3,11,0,0,216.86
2023-12-07 12:00:00,8.0,87.8,2.2,12,3,12,0,0,250.19
2023-12-07 13:00:00,13.1,59.3,3.0,12,3,13,0,0,194.62
2023-12-07 14:00:00,8.8,71.9,11.3,12,3,14,0,0,207.74
2023-12-07 15:00:00,6.7,79.3,14.7,12,3,15,0,0,208.45
2023-12-07 16:00:00,7.0,73.3,2.4,12,3,16,0,0,220.2
2023-12-07 17:00:00,11.6,73.8,19.5,12,3,17,0,0,185.7
2023-12-07 18:00:00,4.6,60.5,9.9,12,3,18,0,0,261.16
2023-12-07 19:00:00,3.4,85.6,7.8,12,3,19,0,0,286.3
2023-12-07 20:00:00,2.5,63.8,4.3,12,3,20,0,0,277.85
2023-12-07 21:00:00,1.5,66.7,5.7,12,3,21,0,0,318.4
2023-12-07 22:00:00,-0.5,72.1,25.5,12,3,22,0,0,313.16
2023-12-07 23:00:00,0.8,78.8,21.4,12,3,23,0,0,260.11
2023-12-08 00:00:00,2.5,65.8,9.9,12,4,0,0,0,233.64
2023-12-08 01:00:00,1.1,71.0,8.9,12,4,1,0,0,246.48
2023-12-08 02:00:00,-1.2,89.8,3.9,12,4,2,0,0,289.7
2023-12-08 03:00:00,1.1,78.6,26.5,12,4,3,0,0,222.64
2023-12-08 04:00:00,1.7,82.6,13.3,12,4,4,0,0,228.79
2023-12-08 05:00:00,4.1,68.1,5.9,12,4,5,0,0,234.8
2023-12-08 06:00:00,8.0,75.6,15.5,12,4,6,0,0,205.09
2023-12-08 07:00:00,6.3,75.8,3.9,12,4,7,0,0,195.19
2023-12-08 08:00:00,7.6,69.8,3.9,12,4,8,0,0,232.8
2023-12-08 09:00:00,12.4,73.4,14.5,12,4,9,0,0,176.95
2023-12-08 10:00:00,11.4,59.2,8.6,12,4,10,0,0,197.06
2023-12-08 11:00:00,11.3,77.9,8.5,12,4,11,0,0,203.82
2023-12-08 12:00:00,14.2,69.7,8.8,12,4,12,0,0,177.79
2023-12-08 13:00:00,,72.4,3.1,12,4,13,0,0,184.88
2023-12-08 14:00:00,5.7,84.0,5.4,12,4,14,0,0,213.14
2023-12-08 15:00:00,10.5,78.2,8.8,12,4,15,0,0,197.84
2023-12-08 16:00:00,4.6,75.1,4.3,12,4,16,0,0,212.46
2023-12-08 17:00:00,7.5,67.3,7.6,12,4,17,0,0,209.0
2023-12-08 18:00:00,1.9,89.7,8.5,12,4,18,0,0,295.01
2023-12-08 19:00:00,3.1,67.7,24.9,12,4,19,0,0,273.65
2023-12-08 20:00:00,2.1,84.0,4.3,12,4,20,0,0,276.52
2023-12-08 21:00:00,0.2,67.1,6.6,12,4,21,0,0,276.66
2023-12-08 22:00:00,0.3,87.2,33.9,12,4,22,0,0,270.08
2023-12-08 23:00:00,2.5,86.8,3.7,12,4,23,0,0,234.19
2023-12-09 00:00:00,-1.2,65.3,14.1,12,5,0,1,0,251.64
2023-12-09 01:00:00,1.5,82.8,3.6,12,5,1,1,0,218.94
2023-12-09 02:00:00,-1.0,83.4,17.2,12,5,2,1,0,235.37
2023-12-09 03:00:00,1.3,85.0,7.4,12,5,3,1,0,226.22
2023-12-09 04:00:00,3.4,81.2,30.7,12,5,4,1,0,201.28
2023-12-09 05:00:00,2.0,71.3,3.5,12,5,5,1,0,222.72
2023-12-09 06:00:00,2.6,76.9,11.3,12,5,6,1,0,215.42
2023-12-09 07:00:00,7.5,89.6,11.5,12,5,7,1,0,179.93
2023-12-09 08:00:00,10.0,66.1,12.2,12,5,8,1,0,171.81
2023-12-09 09:00:00,8.6,78.3,2.9,12,5,9,1,0,206.08
2023-12-09 10:00:00,8.7,84.9,4.7,12,5,10,1,0,221.35
2023-12-09 11:00:00,10.4,66.9,5.3,12,5,11,1,0,166.7
2023-12-09 12:00:00,10.4,63.5,5.1,12,5,12,1,0,161.6
2023-12-09 13:00:00,10.6,64.6,11.0,12,5,13,1,0,166.27
2023-12-09 14:00:00,4.5,80.9,2.5,12,5,14,1,0,182.18
2023-12-09 15:00:00,6.7,66.5,12.5,12,5,15,1,0,189.94
2023-12-09 16:00:00,6.1,75.9,8.0,12,5,16,1,0,213.84
2023-12-09 17:00:00,6.9,87.5,3.5,12,5,17,1,0,240.3
2023-12-09 18:00:00,5.6,76.8,4.1,12,5,18,1,0,223.52
2023-12-09 19:00:00,5.2,71.2,2.8,12,5,19,1,0,248.4
2023-12-09 20:00:00,3.3,79.4,6.9,12,5,20,1,0,258.37
2023-12-09 21:00:00,-0.9,79.9,9.2,12,5,21,1,0,319.83
2023-12-09 22:00:00,3.8,81.7,9.0,12,5,22,1,0,230.58
2023-12-09 23:00:00,3.0,91.5,28.2,12,5,23,1,0,231.78
2023-12-10 00:00:00,-2.3,84.3,4.8,12,6,0,1,0,283.15
2023-12-10 01:00:00,1.0,95.7,13.5,12,6,1,1,0,235.44
2023-12-10 02:00:00,-0.3,83.8,12.3,12,6,2,1,0,224.22
2023-12-10 03:00:00,2.0,72.9,2.5,12,6,3,1,0,190.54
2023-12-10 04:00:00,4.8,95.9,23.3,12,6,4,1,0,198.94
2023-12-10 05:00:00,8.2,74.9,23.4,12,6,5,1,0,161.49
2023-12-10 06:00:00,6.7,68.2,6.0,12,6,6,1,0,184.56
2023-12-10 07:00:00,7.1,95.0,6.3,12,6,7,1,0,211.3
2023-12-10 08:00:00,7.0,70.6,15.7,12,6,8,1,0,209.35
2023-12-10 09:00:00,9.1,69.3,7.5,12,6,9,1,0,200.21
2023-12-10 10:00:00,12.3,69.5,14.8,12,6,10,1,0,186.62
2023-12-10 11:00:00,10.0,76.3,2.3,12,6,11,1,0,186.64
2023-12-10 12:00:00,8.4,83.2,4.3,12,6,12,1,0,205.01
2023-12-10 13:00:00,6.8,55.4,2.8,12,6,13,1,0,169.28
2023-12-10 14:00:00,10.6,82.1,6.8,12,6,14,1,0,168.7
2023-12-10 15:00:00,9.2,70.9,17.4,12,6,15,1,0,177.56
2023-12-10 16:00:00,6.4,73.5,8.7,12,6,16,1,0,183.33
2023-12-10 17:00:00,8.6,89.4,7.9,12,6,17,1,0,193.26
2023-12-10 18:00:00,4.4,79.5,5.6,12,6,18,1,0,237.55
2023-12-10 19:00:00,3.6,81.8,2.5,12,6,19,1,0,239.41
2023-12-10 20:00:00,2.7,78.3,13.6,12,6,20,1,0,276.94
2023-12-10 21:00:00,1.0,85.6,8.8,12,6,21,1,0,281.94
2023-12-10 22:00:00,1.4,92.3,23.4,12,6,22,1,0,231.69
2023-12-10 23:00:00,2.7,58.9,6.5,12,6,23,1,0,232.02
2023-12-11 00:00:00,-2.1,89.7,6.1,12,0,0,0,0,319.57
2023-12-11 01:00:00,1.3,91.7,31.3,12,0,1,0,0,241.62
2023-12-11 02:00:00,1.2,83.4,3.2,12,0,2,0,0,239.34
2023-12-11 03:00:00,1.9,73.6,4.3,12,0,3,0,0,227.4
2023-12-11 04:00:00,4.4,68.6,7.4,12,0,4,0,0,209.5
2023-12-11 05:00:00,4.0,96.9,7.9,12,0,5,0,0,212.34
2023-12-11 06:00:00,6.1,69.7,8.4,12,0,6,0,0,233.29
2023-12-11 07:00:00,7.9,88.2,3.9,12,0,7,0,0,230.13
2023-12-11 08:00:00,6.7,79.8,22.9,12,0,8,0,0,239.77
2023-12-11 09:00:00,9.3,91.7,11.7,12,0,9,0,0,200.65
2023-12-11 10:00:00,9.0,73.0,4.4,12,0,10,0,0,228.84
2023-12-11 11:00:00,9.7,62.3,4.8,12,0,11,0,0,231.54
2023-12-11 12:00:00,9.5,75.3,19.0,12,0,12,0,0,190.99
2023-12-11 13:00:00,10.9,62.6,5.8,12,0,13,0,0,190.19
2023-12-11 14:00:00,9.7,96.6,8.5,12,0,14,0,0,185.79
2023-12-11 15:00:00,9.5,80.3,3.0,12,0,15,0,0,212.25
2023-12-11 16:00:00,7.6,82.4,4.3,12,0,16,0,0,211.68
2023-12-11 17:00:00,3.3,84.6,6.3,12,0,17,0,0,256.73
2023-12-11 18:00:00,5.2,71.8,10.5,12,0,18,0,0,228.91
2023-12-11 19:00:00,4.0,76.9,4.6,12,0,19,0,0,295.26
2023-12-11 20:00:00,3.2,79.3,26.1,12,0,20,0,0,275.29
2023-12-11 21:00:00,0.4,95.3,4.0,12,0,21,0,0,324.91
2023-12-11 22:00:00,-1.6,71.5,14.1,12,0,22,0,0,318.11
2023-12-11 23:00:00,1.6,73.4,5.6,12,0,23,0,0,257.7
2023-12-12 00:00:00,-0.4,77.3,16.3,12,1,0,0,0,244.51
2023-12-12 01:00:00,0.6,74.3,22.5,12,1,1,0,0,245.02
2023-12-12 02:00:00,0.2,68.2,3.7,12,1,2,0,0,270.96
2023-12-12 03:00:00,1.6,57.6,7.4,12,1,3,0,0,203.27
2023-12-12 04:00:00,1.7,64.5,3.3,12,1,4,0,0,267.26
2023-12-12 05:00:00,1.9,87.8,11.8,12,1,5,0,0,258.12
2023-12-12 06:00:00,6.1,76.9,16.3,12,1,6,0,0,213.71
2023-12-12 07:00:00,5.2,84.1,5.9,12,1,7,0,0,232.93
2023-12-12 08:00:00,8.0,71.4,6.0,12,1,8,0,0,232.86
2023-12-12 09:00:00,9.5,74.5,3.8,12,1,9,0,0,202.5
2023-12-12 10:00:00,8.3,88.8,4.9,12,1,10,0,0,242.75
2023-12-12 11:00:00,7.6,88.6,5.1,12,1,11,0,0,242.28
2023-12-12 12:00:00,15.0,80.0,3.4,12,1,12,0,0,214.78
2023-12-12 13:00:00,8.9,77.2,5.0,12,1,13,0,0,202.87
2023-12-12 14:00:00,10.7,78.8,21.0,12,1,14,0,0,185.16
2023-12-12 15:00:00,12.5,76.7,5.1,12,1,15,0,0,179.85
2023-12-12 16:00:00,9.2,74.1,4.6,12,1,16,0,0,193.8
2023-12-12 17:00:00,5.8,73.9,5.9,12,1,17,0,0,254.83
2023-12-12 18:00:00,5.0,86.5,27.8,12,1,18,0,0,228.95
2023-12-12 19:00:00,2.2,68.5,13.6,12,1,19,0,0,259.58
2023-12-12 20:00:00,4.4,89.7,3.8,12,1,20,0,0,281.14
2023-12-12 21:00:00,2.7,76.4,13.2,12,1,21,0,0,268.6
2023-12-12 22:00:00,-0.2,69.6,13.6,12,1,22,0,0,300.64
2023-12-12 23:00:00,-1.8,76.5,26.0,12,1,23,0,0,308.83
2023-12-13 00:00:00,-2.5,74.3,19.7,12,2,0,0,0,293.68
2023-12-13 01:00:00,2.2,74.3,2.8,12,2,1,0,0,241.68
2023-12-13 02:00:00,1.0,74.7,6.8,12,2,2,0,0,215.56
2023-12-13 03:00:00,2.0,73.9,11.7,12,2,3,0,0,239.83
2023-12-13 04:00:00,1.0,77.1,31.0,12,2,4,0,0,238.96
2023-12-13 05:00:00,0.9,79.0,2.7,12,2,5,0,0,286.17
2023-12-13 06:00:00,7.0,82.6,5.7,12,2,6,0,0,227.62
2023-12-13 07:00:00,6.5,74.8,7.4,12,2,7,0,0,198.76
2023-12-13 08:00:00,9.4,77.9,6.3,12,2,8,0,0,228.06
2023-12-13 09:00:00,7.9,76.1,6.9,12,2,9,0,0,211.11
2023-12-13 10:00:00,9.0,79.8,5.7,12,2,10,0,0,241.1
2023-12-13 11:00:00,11.4,74.7,30.2,12,2,11,0,0,218.89
2023-12-13 12:00:00,11.6,69.0,15.0,12,2,12,0,0,221.64
2023-12-13 13:00:00,11.5,66.9,12.7,12,2,13,0,0,180.04
2023-12-13 14:00:00,8.8,77.3,6.2,12,2,14,0,0,213.45
2023-12-13 15:00:00,9.9,85.3,19.1,12,2,15,0,0,206.07
2023-12-13 16:00:00,9.8,73.3,2.8,12,2,16,0,0,205.48
2023-12-13 17:00:00,6.2,71.3,3.2,12,2,17,0,0,205.27
2023-12-13 18:00:00,4.1,75.9,26.6,12,2,18,0,0,251.37
2023-12-13 19:00:00,6.5,72.3,8.7,12,2,19,0,0,256.29
2023-12-13 20:00:00,1.3,74.0,3.4,12,2,20,0,0,302.69
2023-12-13 21:00:00,2.8,67.0,25.8,12,2,21,0,0,256.54
2023-12-13 22:00:00,0.7,77.7,31.5,12,2,22,0,0,277.74
2023-12-13 23:00:00,-3.4,83.6,19.1,12,2,23,0,0,338.49
2023-12-14 00:00:00,2.3,70.2,4.2,12,3,0,0,0,250.09
2023-12-14 01:00:00,-5.3,75.6,4.6,12,3,1,0,0,336.17
2023-12-14 02:00:00,,74.0,6.2,12,3,2,0,0,291.82
2023-12-14 03:00:00,2.6,67.6,8.9,12,3,3,0,0,231.44
2023-12-14 04:00:00,3.6,70.5,40.8,12,3,4,0,0,171.23
2023-12-14 05:00:00,2.5,77.2,27.0,12,3,5,0,0,228.19
2023-12-14 06:00:00,5.4,66.6,22.3,12,3,6,0,0,204.81
2023-12-14 07:00:00,1.3,78.2,2.7,12,3,7,0,0,271.61
2023-12-14 08:00:00,9.0,69.9,13.3,12,3,8,0,0,191.36
2023-12-14 09:00:00,9.1,68.0,18.8,12,3,9,0,0,219.38
2023-12-14 10:00:00,9.3,78.4,5.2,12,3,10,0,0,254.92
2023-12-14 11:00:00,9.9,69.9,4.0,12,3,11,0,0,217.99
2023-12-14 12:00:00,11.1,70.7,13.0,12,3,12,0,0,198.52
2023-12-14 13:00:00,9.8,85.5,2.8,12,3,13,0,0,243.64
2023-12-14 14:00:00,5.7,69.8,24.6,12,3,14,0,0,200.71
2023-12-14 15:00:00,13.0,86.0,3.4,12,3,15,0,0,189.87
2023-12-14 16:00:00,10.0,72.2,6.9,12,3,16,0,0,218.82
2023-12-14 17:00:00,3.8,69.0,34.5,12,3,17,0,0,228.48
2023-12-14 18:00:00,4.4,73.4,37.5,12,3,18,0,0,252.9
2023-12-14 19:00:00,3.3,78.9,14.0,12,3,19,0,0,276.84
2023-12-14 20:00:00,4.7,87.7,16.6,12,3,20,0,0,251.43
2023-12-14 21:00:00,-2.8,87.8,29.3,12,3,21,0,0,333.02
2023-12-14 22:00:00,-0.3,80.6,23.0,12,3,22,0,0,295.3
2023-12-14 23:00:00,-3.3,91.7,9.8,12,3,23,0,0,320.81
2023-12-15 00:00:00,-0.5,65.2,12.6,12,4,0,0,0,244.45
2023-12-15 01:00:00,-0.7,82.4,9.2,12,4,1,0,0,265.9
2023-12-15 02:00:00,0.9,82.0,7.6,12,4,2,0,0,227.24
2023-12-15 03:00:00,0.3,82.4,19.0,12,4,3,0,0,256.08
2023-12-15 04:00:00,1.0,66.6,12.7,12,4,4,0,0,249.29
2023-12-15 05:00:00,5.0,69.4,17.7,12,4,5,0,0,189.31
2023-12-15 06:00:00,6.0,75.7,2.8,12,4,6,0,0,219.42
2023-12-15 07:00:00,7.4,85.2,8.9,12,4,7,0,0,195.94
2023-12-15 08:00:00,7.2,91.7,5.2,12,4,8,0,0,226.59
2023-12-15 09:00:00,7.4,71.0,7.8,12,4,9,0,0,221.61
2023-12-15 10:00:00,9.1,64.9,9.6,12,4,10,0,0,228.18
2023-12-15 11:00:00,10.9,81.1,17.0,12,4,11,0,0,183.93
2023-12-15 12:00:00,5.7,98.1,2.3,12,4,12,0,0,262.7
2023-12-15 13:00:00,10.7,83.5,3.4,12,4,13,0,0,218.69
2023-12-15 14:00:00,10.0,69.0,22.4,12,4,14,0,0,182.88
2023-12-15 15:00:00,8.7,98.5,29.4,12,4,15,0,0,176.93
2023-12-15 16:00:00,7.3,81.9,2.5,12,4,16,0,0,187.06
2023-12-15 17:00:00,1.2,73.1,5.2,12,4,17,0,0,291.82
2023-12-15 18:00:00,4.2,93.4,2.1,12,4,18,0,0,295.48
2023-12-15 19:00:00,7.3,69.4,13.3,12,4,19,0,0,238.87
2023-12-15 20:00:00,2.6,73.7,11.2,12,4,20,0,0,268.42
2023-12-15 21:00:00,0.9,85.4,8.7,12,4,21,0,0,286.46
2023-12-15 22:00:00,0.8,79.4,11.4,12,4,22,0,0,307.96
2023-12-15 23:00:00,0.9,79.8,8.2,12,4,23,0,0,281.37
2023-12-16 00:00:00,1.3,79.6,4.2,12,5,0,1,0,217.38
2023-12-16 01:00:00,-0.3,89.0,13.2,12,5,1,1,0,276.29
2023-12-16 02:00:00,1.6,60.6,14.2,12,5,2,1,0,223.65
2023-12-16 03:00:00,4.8,79.9,17.4,12,5,3,1,0,187.1
2023-12-16 04:00:00,4.5,75.4,26.6,12,5,4,1,0,169.79
2023-12-16 05:00:00,8.4,69.8,13.0,12,5,5,1,0,178.32
2023-12-16 06:00:00,3.7,72.1,2.4,12,5,6,1,0,224.76
2023-12-16 07:00:00,9.7,54.1,2.2,12,5,7,1,0,168.53
2023-12-16 08:00:00,5.9,70.6,12.8,12,5,8,1,0,222.85
2023-12-16 09:00:00,9.3,85.7,2.5,12,5,9,1,0,216.9
2023-12-16 10:00:00,10.8,81.2,5.0,12,5,10,1,0,197.13
2023-12-16 11:00:00,8.8,74.0,3.2,12,5,11,1,0,183.2
2023-12-16 12:00:00,10.2,63.6,29.8,12,5,12,1,0,151.86
2023-12-16 13:00:00,11.7,80.7,5.0,12,5,13,1,0,144.37
2023-12-16 14:00:00,7.9,86.5,2.5,12,5,14,1,0,208.51
2023-12-16 15:00:00,11.9,82.3,25.9,12,5,15,1,0,128.38
2023-12-16 16:00:00,4.8,69.9,9.5,12,5,16,1,0,206.75
2023-12-16 17:00:00,10.2,68.0,2.3,12,5,17,1,0,153.22
2023-12-16 18:00:00,7.0,89.7,16.3,12,5,18,1,0,234.27
2023-12-16 19:00:00,3.6,68.5,3.3,12,5,19,1,0,231.79
2023-12-16 20:00:00,1.7,83.0,15.0,12,5,20,1,0,275.0
2023-12-16 21:00:00,0.5,65.5,9.4,12,5,21,1,0,252.51
2023-12-16 22:00:00,0.4,77.4,3.6,12,5,22,1,0,285.08
2023-12-16 23:00:00,0.1,84.6,13.2,12,5,23,1,0,277.91
2023-12-17 00:00:00,2.5,78.5,6.8,12,6,0,1,0,218.69
2023-12-17 01:00:00,4.1,82.1,10.1,12,6,1,1,0,196.34
2023-12-17 02:00:00,1.1,69.6,18.3,12,6,2,1,0,225.63
2023-12-17 03:00:00,-0.2,73.5,4.4,12,6,3,1,0,224.1
2023-12-17 04:00:00,1.4,83.1,5.6,12,6,4,1,0,236.97
2023-12-17 05:00:00,3.4,83.9,49.2,12,6,5,1,0,191.08
2023-12-17 06:00:00,3.0,80.3,7.7,12,6,6,1,0,194.88
2023-12-17 07:00:00,4.0,85.6,8.5,12,6,7,1,0,247.57
2023-12-17 08:00:00,11.7,60.9,4.7,12,6,8,1,0,172.46
2023-12-17 09:00:00,9.2,71.7,6.3,12,6,9,1,0,190.77
2023-12-17 10:00:00,7.7,90.7,7.6,12,6,10,1,0,217.14
2023-12-17 11:00:00,11.5,84.5,4.4,12,6,11,1,0,176.53
2023-12-17 12:00:00,7.7,81.2,4.2,12,6,12,1,0,199.61
2023-12-17 13:00:00,7.7,74.9,9.3,12,6,13,1,0,200.93
2023-12-17 14:00:00,7.7,84.4,3.6,12,6,14,1,0,199.16
2023-12-17 15:00:00,11.9,77.5,8.4,12,6,15,1,0,167.09
2023-12-17 16:00:00,7.0,64.4,11.8,12,6,16,1,0,176.31
2023-12-17 17:00:00,1.4,87.3,3.8,12,6,17,1,0,240.24
2023-12-17 18:00:00,7.4,69.4,13.0,12,6,18,1,0,207.44
2023-12-17 19:00:00,3.1,84.5,5.6,12,6,19,1,0,268.64
2023-12-17 20:00:00,-1.2,67.7,41.1,12,6,20,1,0,273.09
2023-12-17 21:00:00,0.8,92.4,32.9,12,6,21,1,0,264.98
2023-12-17 22:00:00,1.7,76.9,14.8,12,6,22,1,0,258.55
2023-12-17 23:00:00,1.0,70.6,5.4,12,6,23,1,0,250.36
2023-12-18 00:00:00,3.6,72.7,24.1,12,0,0,0,0,240.21
2023-12-18 01:00:00,-1.5,78.1,50.0,12,0,1,0,0,240.07
2023-12-18 02:00:00,0.8,79.6,7.0,12,0,2,0,0,228.63
2023-12-18 03:00:00,0.1,90.5,9.6,12,0,3,0,0,274.05
2023-12-18 04:00:00,-0.6,80.8,2.0,12,0,4,0,0,277.61
2023-12-18 05:00:00,5.5,59.9,2.4,12,0,5,0,0,210.53
2023-12-18 06:00:00,5.9,67.2,7.6,12,0,6,0,0,208.47
2023-12-18 07:00:00,6.9,98.6,9.5,12,0,7,0,0,231.16
2023-12-18 08:00:00,8.4,76.9,5.0,12,0,8,0,0,222.23
2023-12-18 09:00:00,7.2,84.0,2.8,12,0,9,0,0,244.51
2023-12-18 10:00:00,7.3,73.9,14.2,12,0,10,0,0,232.84
2023-12-18 11:00:00,9.9,67.0,6.3,12,0,11,0,0,222.96
2023-12-18 12:00:00,12.3,70.0,10.4,12,0,12,0,0,206.17
2023-12-18 13:00:00,13.1,74.5,10.4,12,0,13,0,0,195.55
2023-12-18 14:00:00,10.9,70.9,8.3,12,0,14,0,0,194.1
2023-12-18 15:00:00,8.6,91.0,3.6,12,0,15,0,0,208.43
2023-12-18 16:00:00,8.0,71.0,9.7,12,0,16,0,0,212.58
2023-12-18 17:00:00,6.3,68.4,5.1,12,0,17,0,0,245.38
2023-12-18 18:00:00,3.0,85.0,15.7,12,0,18,0,0,265.29
2023-12-18 19:00:00,3.8,85.6,3.7,12,0,19,0,0,273.18
2023-12-18 20:00:00,-0.2,80.3,4.8,12,0,20,0,0,326.92
2023-12-18 21:00:00,1.2,74.6,6.6,12,0,21,0,0,308.34
2023-12-18 22:00:00,3.9,62.8,12.8,12,0,22,0,0,251.67
2023-12-18 23:00:00,1.8,88.9,12.2,12,0,23,0,0,277.08
2023-12-19 00:00:00,-1.8,87.9,5.3,12,1,0,0,0,281.76
2023-12-19 01:00:00,0.0,76.5,7.7,12,1,1,0,0,262.49
2023-12-19 02:00:00,-1.0,81.0,4.1,12,1,2,0,0,295.1
2023-12-19 03:00:00,1.3,77.5,13.8,12,1,3,0,0,247.25
2023-12-19 04:00:00,4.6,90.7,3.8,12,1,4,0,0,209.16
2023-12-19 05:00:00,5.0,69.2,15.7,12,1,5,0,0,201.54
2023-12-19 06:00:00,10.0,70.1,24.1,12,1,6,0,0,159.06
2023-12-19 07:00:00,8.7,69.9,40.3,12,1,7,0,0,211.59
2023-12-19 08:00:00,7.9,78.5,17.6,12,1,8,0,0,201.82
2023-12-19 09:00:00,9.9,75.5,4.0,12,1,9,0,0,180.62
2023-12-19 10:00:00,8.9,77.1,6.3,12,1,10,0,0,206.57
2023-12-19 11:00:00,7.6,69.2,2.7,12,1,11,0,0,233.66
2023-12-19 12:00:00,12.6,85.6,3.4,12,1,12,0,0,188.44
2023-12-19 13:00:00,11.8,70.4,2.4,12,1,13,0,0,192.46
2023-12-19 14:00:00,8.8,85.1,10.2,12,1,14,0,0,208.29
2023-12-19 15:00:00,9.1,100.0,8.1,12,1,15,0,0,196.37
2023-12-19 16:00:00,10.0,68.0,21.9,12,1,16,0,0,172.5
2023-12-19 17:00:00,8.0,78.7,7.0,12,1,17,0,0,230.93
2023-12-19 18:00:00,2.1,77.9,10.2,12,1,18,0,0,281.26
2023-12-19 19:00:00,4.2,94.1,6.1,12,1,19,0,0,234.61
2023-12-19 20:00:00,2.2,76.7,16.2,12,1,20,0,0,265.22
2023-12-19 21:00:00,3.7,80.1,22.9,12,1,21,0,0,239.81
2023-12-19 22:00:00,2.7,80.4,6.5,12,1,22,0,0,270.55
2023-12-19 23:00:00,2.8,77.8,2.7,12,1,23,0,0,265.1
2023-12-20 00:00:00,-2.2,87.2,3.4,12,2,0,0,0,297.21
2023-12-20 01:00:00,-1.4,81.4,12.2,12,2,1,0,0,268.64
2023-12-20 02:00:00,2.9,82.4,5.1,12,2,2,0,0,246.06
2023-12-20 03:00:00,0.3,81.6,14.3,12,2,3,0,0,255.11
2023-12-20 04:00:00,-0.5,75.4,13.1,12,2,4,0,0,247.13
2023-12-20 05:00:00,4.8,75.5,11.5,12,2,5,0,0,202.59
2023-12-20 06:00:00,3.9,82.5,15.5,12,2,6,0,0,220.0
2023-12-20 07:00:00,9.9,79.5,13.3,12,2,7,0,0,190.77
2023-12-20 08:00:00,8.1,85.9,10.0,12,2,8,0,0,221.97
2023-12-20 09:00:00,8.9,90.4,2.0,12,2,9,0,0,236.76
2023-12-20 10:00:00,8.6,71.5,7.8,12,2,10,0,0,215.11
2023-12-20 11:00:00,13.0,74.6,9.2,12,2,11,0,0,179.08
2023-12-20 12:00:00,10.7,73.1,27.9,12,2,12,0,0,198.92
2023-12-20 13:00:00,9.0,66.6,10.4,12,2,13,0,0,214.21
2023-12-20 14:00:00,7.7,80.6,8.9,12,2,14,0,0,235.75
2023-12-20 15:00:00,8.4,82.0,8.2,12,2,15,0,0,210.96
2023-12-20 16:00:00,5.5,68.6,2.9,12,2,16,0,0,216.64
2023-12-20 17:00:00,8.4,72.8,6.5,12,2,17,0,0,222.4
2023-12-20 18:00:00,1.4,75.5,3.2,12,2,18,0,0,284.35
2023-12-20 19:00:00,3.4,66.2,2.4,12,2,19,0,0,255.01
2023-12-20 20:00:00,3.7,,5.2,12,2,20,0,0,278.56
2023-12-20 21:00:00,2.1,69.8,10.3,12,2,21,0,0,288.84
2023-12-20 22:00:00,-0.8,81.7,18.1,12,2,22,0,0,325.75
2023-12-20 23:00:00,1.5,81.4,15.3,12,2,23,0,0,270.98
2023-12-21 00:00:00,-1.8,84.0,4.8,12,3,0,0,0,280.33
2023-12-21 01:00:00,0.1,83.5,2.4,12,3,1,0,0,238.0
2023-12-21 02:00:00,2.0,91.3,6.1,12,3,2,0,0,223.47
2023-12-21 03:00:00,2.4,72.3,5.0,12,3,3,0,0,215.8
2023-12-21 04:00:00,1.2,73.4,5.7,12,3,4,0,0,270.47
2023-12-21 05:00:00,6.1,82.2,8.6,12,3,5,0,0,204.87
2023-12-21 06:00:00,5.2,76.4,2.2,12,3,6,0,0,223.76
2023-12-21 07:00:00,7.8,85.1,5.7,12,3,7,0,0,231.76
2023-12-21 08:00:00,10.6,79.2,8.5,12,3,8,0,0,213.56
2023-12-21 09:00:00,10.8,90.0,6.5,12,3,9,0,0,212.56
2023-12-21 10:00:00,11.6,73.5,10.8,12,3,10,0,0,225.97
2023-12-21 11:00:00,10.2,63.0,3.6,12,3,11,0,0,203.0
2023-12-21 12:00:00,11.6,76.9,3.3,12,3,12,0,0,205.96
2023-12-21 13:00:00,10.3,74.3,4.9,12,3,13,0,0,180.27
2023-12-21 14:00:00,6.9,80.8,2.9,12,3,14,0,0,223.11
2023-12-21 15:00:00,9.1,80.7,4.2,12,3,15,0,0,216.8
2023-12-21 16:00:00,8.0,71.7,2.7,12,3,16,0,0,222.85
2023-12-21 17:00:00,7.5,68.2,6.1,12,3,17,0,0,231.8
2023-12-21 18:00:00,4.7,76.5,11.9,12,3,18,0,0,293.97
2023-12-21 19:00:00,2.2,59.9,4.7,12,3,19,0,0,280.04
2023-12-21 20:00:00,3.8,78.7,2.0,12,3,20,0,0,266.71
2023-12-21 21:00:00,-1.2,77.3,8.5,12,3,21,0,0,330.16
2023-12-21 22:00:00,3.6,85.1,11.4,12,3,22,0,0,250.6
2023-12-21 23:00:00,-0.3,64.3,6.0,12,3,23,0,0,271.48
2023-12-22 00:00:00,0.5,79.8,4.8,12,4,0,0,0,261.79
2023-12-22 01:00:00,1.3,92.0,7.4,12,4,1,0,0,283.6
2023-12-22 02:00:00,1.9,84.5,2.9,12,4,2,0,0,252.99
2023-12-22 03:00:00,-1.3,88.5,10.3,12,4,3,0,0,278.41
2023-12-22 04:00:00,4.2,80.6,12.6,12,4,4,0,0,190.07
2023-12-22 05:00:00,4.3,64.5,11.8,12,4,5,0,0,206.44
2023-12-22 06:00:00,3.7,79.5,5.2,12,4,6,0,0,258.65
2023-12-22 07:00:00,4.8,80.9,16.8,12,4,7,0,0,227.75
2023-12-22 08:00:00,6.8,68.0,25.5,12,4,8,0,0,250.32
2023-12-22 09:00:00,,76.0,4.8,12,4,9,0,0,252.77
2023-12-22 10:00:00,12.8,50.4,4.4,12,4,10,0,0,196.82
2023-12-22 11:00:00,12.8,70.9,11.7,12,4,11,0,0,193.26
2023-12-22 12:00:00,10.9,71.1,11.9,12,4,12,0,0,198.34
2023-12-22 13:00:00,9.4,86.5,7.7,12,4,13,0,0,184.88
2023-12-22 14:00:00,8.9,70.7,22.5,12,4,14,0,0,206.63
2023-12-22 15:00:00,10.1,72.8,3.3,12,4,15,0,0,200.54
2023-12-22 16:00:00,11.0,73.9,7.2,12,4,16,0,0,185.57
2023-12-22 17:00:00,5.2,72.7,2.3,12,4,17,0,0,237.9
2023-12-22 18:00:00,2.8,84.4,2.4,12,4,18,0,0,287.9
2023-12-22 19:00:00,6.8,60.7,2.4,12,4,19,0,0,275.39
2023-12-22 20:00:00,-1.1,89.6,7.4,12,4,20,0,0,354.13
2023-12-22 21:00:00,-0.5,80.2,9.1,12,4,21,0,0,319.61
2023-12-22 22:00:00,0.2,90.3,2.0,12,4,22,0,0,291.95
2023-12-22 23:00:00,-2.9,59.5,10.0,12,4,23,0,0,293.32
2023-12-23 00:00:00,2.2,59.4,7.4,12,5,0,1,0,217.01
2023-12-23 01:00:00,1.9,76.7,4.0,12,5,1,1,0,208.05
2023-12-23 02:00:00,-0.5,84.3,2.1,12,5,2,1,0,244.98
2023-12-23 03:00:00,4.0,73.5,3.4,12,5,3,1,0,195.38
2023-12-23 04:00:00,5.4,82.0,9.3,12,5,4,1,0,192.06
2023-12-23 05:00:00,3.5,86.1,10.6,12,5,5,1,0,187.68
2023-12-23 06:00:00,4.1,83.3,10.3,12,5,6,1,0,193.98
2023-12-23 07:00:00,10.8,75.4,3.3,12,5,7,1,0,164.43
2023-12-23 08:00:00,9.0,76.3,21.4,12,5,8,1,0,185.9
2023-12-23 09:00:00,9.1,70.5,6.2,12,5,9,1,0,199.11
2023-12-23 10:00:00,12.1,73.5,13.7,12,5,10,1,0,218.44
2023-12-23 11:00:00,10.5,66.6,3.5,12,5,11,1,0,154.14
2023-12-23 12:00:00,9.0,69.2,7.1,12,5,12,1,0,204.25
2023-12-23 13:00:00,10.0,79.1,7.9,12,5,13,1,0,191.41
2023-12-23 14:00:00,11.4,70.6,13.8,12,5,14,1,0,142.99
2023-12-23 15:00:00,4.6,71.8,9.8,12,5,15,1,0,198.56
2023-12-23 16:00:00,6.9,80.1,6.1,12,5,16,1,0,219.81
2023-12-23 17:00:00,9.1,78.5,4.7,12,5,17,1,0,176.65
2023-12-23 18:00:00,4.0,76.3,30.9,12,5,18,1,0,213.63
2023-12-23 19:00:00,6.8,75.4,4.7,12,5,19,1,0,224.98
2023-12-23 20:00:00,5.4,80.7,3.1,12,5,20,1,0,249.61
2023-12-23 21:00:00,1.4,87.1,4.9,12,5,21,1,0,290.49
2023-12-23 22:00:00,-0.4,81.8,5.2,12,5,22,1,0,297.77
2023-12-23 23:00:00,-0.4,70.7,3.1,12,5,23,1,0,279.59
2023-12-24 00:00:00,5.4,75.5,11.9,12,6,0,1,0,160.77
2023-12-24 01:00:00,4.0,74.8,9.7,12,6,1,1,0,196.18
2023-12-24 02:00:00,1.0,71.1,5.0,12,6,2,1,0,231.8
2023-12-24 03:00:00,0.3,83.8,41.7,12,6,3,1,0,222.49
2023-12-24 04:00:00,2.8,83.2,10.5,12,6,4,1,0,194.15
2023-12-24 05:00:00,4.2,,11.7,12,6,5,1,0,182.01
2023-12-24 06:00:00,2.6,70.8,8.5,12,6,6,1,0,202.72
2023-12-24 07:00:00,6.5,78.0,8.4,12,6,7,1,0,203.32
2023-12-24 08:00:00,10.2,74.9,2.2,12,6,8,1,0,198.7
2023-12-24 09:00:00,5.0,80.0,13.8,12,6,9,1,0,227.92
2023-12-24 10:00:00,11.0,75.5,21.3,12,6,10,1,0,166.02
2023-12-24 11:00:00,12.6,73.6,3.0,12,6,11,1,0,181.72
2023-12-24 12:00:00,8.9,74.5,14.7,12,6,12,1,0,171.7
2023-12-24 13:00:00,13.3,82.2,8.1,12,6,13,1,0,148.49
2023-12-24 14:00:00,8.0,69.1,4.7,12,6,14,1,0,176.44
2023-12-24 15:00:00,9.5,73.9,22.3,12,6,15,1,0,151.44
2023-12-24 16:00:00,6.9,85.2,2.1,12,6,16,1,0,180.08
2023-12-24 17:00:00,5.7,70.7,4.6,12,6,17,1,0,231.46
2023-12-24 18:00:00,3.8,72.0,19.4,12,6,18,1,0,200.62
2023-12-24 19:00:00,5.1,83.3,7.2,12,6,19,1,0,228.83
2023-12-24 20:00:00,4.2,66.5,9.3,12,6,20,1,0,240.93
2023-12-24 21:00:00,1.4,84.6,13.1,12,6,21,1,0,288.9
2023-12-24 22:00:00,-2.0,77.1,3.3,12,6,22,1,0,304.29
2023-12-24 23:00:00,1.0,82.8,3.9,12,6,23,1,0,251.7
2023-12-25 00:00:00,0.9,69.8,50.0,12,0,0,0,1,194.57
2023-12-25 01:00:00,-0.2,89.6,4.2,12,0,1,0,1,258.1
2023-12-25 02:00:00,4.5,68.0,8.2,12,0,2,0,1,168.43
2023-12-25 03:00:00,-1.6,86.6,4.8,12,0,3,0,1,251.06
2023-12-25 04:00:00,-1.9,71.5,17.3,12,0,4,0,1,240.46
2023-12-25 05:00:00,2.3,93.3,28.1,12,0,5,0,1,212.3
2023-12-25 06:00:00,6.5,76.2,3.2,12,0,6,0,1,207.58
2023-12-25 07:00:00,4.2,93.5,9.3,12,0,7,0,1,224.81
2023-12-25 08:00:00,5.6,70.6,15.4,12,0,8,0,1,201.15
2023-12-25 09:00:00,10.5,71.2,15.9,12,0,9,0,1,202.89
2023-12-25 10:00:00,10.3,84.5,6.6,12,0,10,0,1,214.82
2023-12-25 11:00:00,10.6,63.3,4.0,12,0,11,0,1,197.76
2023-12-25 12:00:00,11.6,68.6,5.9,12,0,12,0,1,171.97
2023-12-25 13:00:00,9.0,79.4,13.1,12,0,13,0,1,162.52
2023-12-25 14:00:00,8.6,67.5,42.6,12,0,14,0,1,117.62
2023-12-25 15:00:00,10.2,79.1,8.5,12,0,15,0,1,165.45
2023-12-25 16:00:00,4.9,78.9,3.7,12,0,16,0,1,217.51
2023-12-25 17:00:00,2.1,66.9,2.3,12,0,17,0,1,216.18
2023-12-25 18:00:00,4.2,85.6,25.0,12,0,18,0,1,227.95
2023-12-25 19:00:00,5.6,67.1,7.3,12,0,19,0,1,217.11
2023-12-25 20:00:00,3.1,84.6,12.1,12,0,20,0,1,261.56
2023-12-25 21:00:00,3.2,79.4,10.6,12,0,21,0,1,237.54
2023-12-25 22:00:00,-3.3,78.0,19.7,12,0,22,0,1,291.95
2023-12-25 23:00:00,0.9,70.7,4.5,12,0,23,0,1,247.75
2023-12-26 00:00:00,1.4,81.9,6.7,12,1,0,0,0,238.26
2023-12-26 01:00:00,-2.4,74.2,21.6,12,1,1,0,0,298.15
2023-12-26 02:00:00,2.5,88.4,9.0,12,1,2,0,0,234.92
2023-12-26 03:00:00,1.3,89.3,2.6,12,1,3,0,0,230.22
2023-12-26 04:00:00,8.7,88.8,3.7,12,1,4,0,0,177.24
2023-12-26 05:00:00,-0.6,82.5,4.2,12,1,5,0,0,282.98
2023-12-26 06:00:00,7.8,72.9,42.6,12,1,6,0,0,178.81
2023-12-26 07:00:00,5.6,74.8,4.0,12,1,7,0,0,240.42
2023-12-26 08:00:00,4.4,74.9,18.3,12,1,8,0,0,228.56
2023-12-26 09:00:00,7.6,78.2,2.7,12,1,9,0,0,231.26
2023-12-26 10:00:00,10.0,78.5,3.6,12,1,10,0,0,221.79
2023-12-26 11:00:00,12.0,83.9,18.4,12,1,11,0,0,235.85
2023-12-26 12:00:00,13.5,73.4,20.3,12,1,12,0,0,172.07
2023-12-26 13:00:00,12.8,62.4,3.6,12,1,13,0,0,192.51
2023-12-26 14:00:00,7.5,73.0,4.1,12,1,14,0,0,219.09
2023-12-26 15:00:00,10.9,87.0,8.0,12,1,15,0,0,217.27
2023-12-26 16:00:00,8.4,63.4,2.4,12,1,16,0,0,225.38
2023-12-26 17:00:00,5.1,83.4,25.2,12,1,17,0,0,225.15
2023-12-26 18:00:00,4.7,74.5,5.6,12,1,18,0,0,238.24
2023-12-26 19:00:00,2.4,71.7,7.4,12,1,19,0,0,263.21
2023-12-26 20:00:00,2.7,81.8,2.9,12,1,20,0,0,295.15
2023-12-26 21:00:00,0.1,92.4,2.3,12,1,21,0,0,332.1
2023-12-26 22:00:00,-1.3,83.4,7.0,12,1,22,0,0,333.62
2023-12-26 23:00:00,1.2,77.3,3.0,12,1,23,0,0,273.74
2023-12-27 00:00:00,1.4,68.9,10.0,12,2,0,0,0,251.23
2023-12-27 01:00:00,-0.1,79.3,14.7,12,2,1,0,0,282.68
2023-12-27 02:00:00,3.5,67.6,2.3,12,2,2,0,0,210.42
2023-12-27 03:00:00,1.1,77.0,9.6,12,2,3,0,0,205.86
2023-12-27 04:00:00,2.0,78.5,15.5,12,2,4,0,0,250.65
2023-12-27 05:00:00,5.1,58.5,6.6,12,2,5,0,0,192.06
2023-12-27 06:00:00,4.9,88.7,27.7,12,2,6,0,0,214.48
2023-12-27 07:00:00,6.6,66.8,2.9,12,2,7,0,0,226.89
2023-12-27 08:00:00,2.6,77.2,5.1,12,2,8,0,0,260.32
2023-12-27 09:00:00,8.7,79.9,4.1,12,2,9,0,0,243.71
2023-12-27 10:00:00,5.8,87.6,46.6,12,2,10,0,0,273.69
2023-12-27 11:00:00,7.5,69.9,4.8,12,2,11,0,0,220.47
2023-12-27 12:00:00,7.4,56.2,5.9,12,2,12,0,0,222.07
2023-12-27 13:00:00,7.9,84.7,17.1,12,2,13,0,0,211.76
2023-12-27 14:00:00,,65.8,23.3,12,2,14,0,0,198.9
2023-12-27 15:00:00,7.7,79.0,24.2,12,2,15,0,0,191.9
2023-12-27 16:00:00,8.9,78.9,8.5,12,2,16,0,0,193.0
2023-12-27 17:00:00,6.9,50.6,10.7,12,2,17,0,0,205.81
2023-12-27 18:00:00,1.3,66.4,5.4,12,2,18,0,0,276.53
2023-12-27 19:00:00,4.0,74.3,9.5,12,2,19,0,0,262.27
2023-12-27 20:00:00,3.3,57.7,4.9,12,2,20,0,0,240.15
2023-12-27 21:00:00,0.9,68.8,13.0,12,2,21,0,0,296.85
2023-12-27 22:00:00,0.7,80.7,4.9,12,2,22,0,0,290.27
2023-12-27 23:00:00,0.7,79.0,18.9,12,2,23,0,0,265.2
2023-12-28 00:00:00,1.7,81.6,3.2,12,3,0,0,0,255.98
2023-12-28 01:00:00,-2.8,85.0,8.8,12,3,1,0,0,298.01
2023-12-28 02:00:00,0.3,66.4,7.9,12,3,2,0,0,244.74
2023-12-28 03:00:00,4.6,67.4,4.4,12,3,3,0,0,208.6
2023-12-28 04:00:00,5.5,83.3,2.2,12,3,4,0,0,201.04
2023-12-28 05:00:00,5.6,89.4,3.3,12,3,5,0,0,199.41
2023-12-28 06:00:00,6.2,69.1,29.5,12,3,6,0,0,230.18
2023-12-28 07:00:00,9.8,77.2,24.7,12,3,7,0,0,182.9
2023-12-28 08:00:00,11.5,80.7,3.0,12,3,8,0,0,206.64
2023-12-28 09:00:00,8.4,77.7,5.8,12,3,9,0,0,266.67
2023-12-28 10:00:00,7.5,74.2,7.0,12,3,10,0,0,229.78
2023-12-28 11:00:00,9.4,70.2,7.2,12,3,11,0,0,225.26
2023-12-28 12:00:00,16.3,87.7,4.8,12,3,12,0,0,220.0
2023-12-28 13:00:00,6.8,77.3,21.5,12,3,13,0,0,189.96
2023-12-28 14:00:00,8.5,78.8,21.1,12,3,14,0,0,217.89
2023-12-28 15:00:00,5.9,79.7,2.2,12,3,15,0,0,229.35
2023-12-28 16:00:00,7.9,69.6,10.4,12,3,16,0,0,198.53
2023-12-28 17:00:00,4.0,78.4,2.6,12,3,17,0,0,251.63
2023-12-28 18:00:00,4.9,75.0,9.3,12,3,18,0,0,244.51
2023-12-28 19:00:00,-0.0,77.3,18.1,12,3,19,0,0,329.55
2023-12-28 20:00:00,3.9,80.6,10.4,12,3,20,0,0,275.77
2023-12-28 21:00:00,4.1,70.6,7.1,12,3,21,0,0,278.89
2023-12-28 22:00:00,0.1,70.3,27.3,12,3,22,0,0,279.18
2023-12-28 23:00:00,0.1,84.0,13.0,12,3,23,0,0,291.52
2023-12-29 00:00:00,-0.1,75.8,4.3,12,4,0,0,0,265.87
2023-12-29 01:00:00,0.7,76.9,5.9,12,4,1,0,0,234.87
2023-12-29 02:00:00,0.8,64.2,13.4,12,4,2,0,0,262.07
2023-12-29 03:00:00,3.2,86.1,2.2,12,4,3,0,0,233.49
2023-12-29 04:00:00,5.2,81.6,2.5,12,4,4,0,0,223.4
2023-12-29 05:00:00,2.3,84.5,17.7,12,4,5,0,0,227.12
2023-12-29 06:00:00,4.6,80.8,2.4,12,4,6,0,0,249.35
2023-12-29 07:00:00,8.3,63.7,11.1,12,4,7,0,0,209.64
2023-12-29 08:00:00,4.8,79.4,5.1,12,4,8,0,0,249.42
2023-12-29 09:00:00,4.8,72.7,16.0,12,4,9,0,0,264.62
2023-12-29 10:00:00,10.0,67.3,17.0,12,4,10,0,0,207.86
2023-12-29 11:00:00,11.0,78.5,26.5,12,4,11,0,0,221.36
2023-12-29 12:00:00,8.7,88.9,2.8,12,4,12,0,0,212.46
2023-12-29 13:00:00,8.9,87.5,6.4,12,4,13,0,0,211.53
2023-12-29 14:00:00,8.0,81.0,8.8,12,4,14,0,0,194.34
2023-12-29 15:00:00,7.0,76.3,21.8,12,4,15,0,0,189.13
2023-12-29 16:00:00,9.1,73.7,4.5,12,4,16,0,0,195.39
2023-12-29 17:00:00,4.1,70.7,2.6,12,4,17,0,0,245.45
2023-12-29 18:00:00,4.7,75.5,3.8,12,4,18,0,0,263.48
2023-12-29 19:00:00,2.1,86.2,7.5,12,4,19,0,0,281.94
2023-12-29 20:00:00,-0.2,94.7,11.1,12,4,20,0,0,330.08
2023-12-29 21:00:00,3.4,71.8,11.4,12,4,21,0,0,267.88
2023-12-29 22:00:00,-0.2,64.1,2.6,12,4,22,0,0,292.77
2023-12-29 23:00:00,0.7,75.4,13.5,12,4,23,0,0,286.34
2023-12-30 00:00:00,-2.8,88.6,10.6,12,5,0,1,0,270.16
2023-12-30 01:00:00,-1.1,97.1,6.2,12,5,1,1,0,284.47
2023-12-30 02:00:00,2.4,89.3,8.8,12,5,2,1,0,217.13
2023-12-30 03:00:00,6.9,86.8,13.7,12,5,3,1,0,145.98
2023-12-30 04:00:00,-1.2,73.8,4.4,12,5,4,1,0,245.61
2023-12-30 05:00:00,3.5,71.7,24.5,12,5,5,1,0,183.95
2023-12-30 06:00:00,6.1,66.4,3.2,12,5,6,1,0,164.81
2023-12-30 07:00:00,5.3,72.0,20.6,12,5,7,1,0,213.98
2023-12-30 08:00:00,9.4,82.6,12.8,12,5,8,1,0,201.4
2023-12-30 09:00:00,7.0,89.5,10.6,12,5,9,1,0,202.89
2023-12-30 10:00:00,9.9,77.8,2.7,12,5,10,1,0,209.4
2023-12-30 11:00:00,9.0,73.4,22.1,12,5,11,1,0,202.74
2023-12-30 12:00:00,12.7,65.1,4.8,12,5,12,1,0,166.91
2023-12-30 13:00:00,8.7,74.7,13.0,12,5,13,1,0,194.22
2023-12-30 14:00:00,8.9,77.2,19.3,12,5,14,1,0,175.61
2023-12-30 15:00:00,10.7,63.0,4.2,12,5,15,1,0,179.18
2023-12-30 16:00:00,5.7,84.5,21.7,12,5,16,1,0,179.29
2023-12-30 17:00:00,6.7,73.3,9.6,12,5,17,1,0,201.26
2023-12-30 18:00:00,1.6,86.1,10.6,12,5,18,1,0,261.98
2023-12-30 19:00:00,1.8,79.0,21.7,12,5,19,1,0,243.21
2023-12-30 20:00:00,3.5,80.6,8.0,12,5,20,1,0,239.87
2023-12-30 21:00:00,-0.3,74.5,6.6,12,5,21,1,0,264.72
2023-12-30 22:00:00,-0.2,77.3,10.0,12,5,22,1,0,276.19
2023-12-30 23:00:00,1.4,84.4,8.5,12,5,23,1,0,243.68
2023-12-31 00:00:00,-0.9,79.4,2.5,12,6,0,1,1,207.56
2023-12-31 01:00:00,2.1,70.1,3.6,12,6,1,1,1,204.4
2023-12-31 02:00:00,1.4,80.2,2.1,12,6,2,1,1,197.65
2023-12-31 03:00:00,2.6,81.8,2.9,12,6,3,1,1,166.21
2023-12-31 04:00:00,5.3,88.4,12.5,12,6,4,1,1,156.04
2023-12-31 05:00:00,4.6,86.9,2.0,12,6,5,1,1,166.14
2023-12-31 06:00:00,8.4,75.3,4.9,12,6,6,1,1,120.8
2023-12-31 07:00:00,8.4,71.4,6.8,12,6,7,1,1,155.44
2023-12-31 08:00:00,6.7,74.8,24.2,12,6,8,1,1,190.51
2023-12-31 09:00:00,11.4,70.1,5.2,12,6,9,1,1,173.96
2023-12-31 10:00:00,10.1,79.0,14.2,12,6,10,1,1,163.26
2023-12-31 11:00:00,9.3,83.7,6.2,12,6,11,1,1,162.12
2023-12-31 12:00:00,10.8,84.5,2.8,12,6,12,1,1,161.74
2023-12-31 13:00:00,12.3,70.5,2.8,12,6,13,1,1,136.92
2023-12-31 14:00:00,10.5,70.6,6.5,12,6,14,1,1,133.3
2023-12-31 15:00:00,12.5,70.4,2.5,12,6,15,1,1,153.61
2023-12-31 16:00:00,10.0,59.6,8.8,12,6,16,1,1,129.56
2023-12-31 17:00:00,7.6,66.6,7.4,12,6,17,1,1,175.35
2023-12-31 18:00:00,3.2,78.1,11.7,12,6,18,1,1,212.11
2023-12-31 19:00:00,3.6,81.2,3.6,12,6,19,1,1,224.47
2023-12-31 20:00:00,2.9,82.5,9.2,12,6,20,1,1,206.36
2023-12-31 21:00:00,3.1,72.2,3.5,12,6,21,1,1,240.65
2023-12-31 22:00:00,2.2,75.0,12.2,12,6,22,1,1,230.94
2023-12-31 23:00:00,0.8,77.4,4.9,12,6,23,1,1,229.04
